{"years":[1970,1971,1972,1973,1974,1975,1976,1977,1978,1979,1980,1981,1982,1983,1984,1985,1986,1987,1988,1989,1990,1991,1992,1993,1994,1995,1996,1997,1998,1999,2000,2001,2002,2003,2004,2005,2006,2007,2008,2009,2010,2011,2012,2013,2014,2015,2016,2017,2018,2019,2020,2021,2022,2023,2024],"materials":{"Coal":[3003.86041,2968.038448,3024.274831,3101.683819,3111.105532,3321.196111,3364.817715,3493.900615,3541.116904,3715.838603,3736.084315,3795.323191,3951.365935,3996.921902,4188.881445,4323.549828,4434.290974,4536.05024,4627.887465,4704.834697,4567.050362,4403.467421,4237.392206,4166.6842129999995,4272.544471,4415.758535,4487.773553,4464.005083,4422.36993,4367.480063,4502.877607,4717.985498,4796.525521,5115.575422,5499.481246,5816.580138,6139.945405,6450.799185,6653.137291,6776.405123,7081.12144,7674.892988,7802.2891389999995,7783.380333,7717.6260950000005,7511.008459,7045.250977,7303.821079,7581.380215,7707.721263,7348.7730870000005,7676.225813,7722.445615,7781.820672000001,7854.69125],"Crop Residues":[2579.8482989999998,2656.46174,2570.462903,2809.901019,2793.1304760000003,2827.99323,3003.407349,3058.430398,3258.176374,3166.720239,3169.237636,3323.587165,3470.870903,3448.212532,3649.533353,3712.508497,3754.767124,3773.595986,3779.047519,3981.2550659999997,4102.946858,4066.962292,4184.842865,4145.651391,4231.945433,4259.473652,4507.833333,4574.853623,4607.442401,4655.3347730000005,4618.032732,4769.733594,4766.2994850000005,4930.254621,5225.763746,5281.395763,5402.448083,5651.181342,6055.6084470000005,5901.664975,6124.079761,6504.270767,6516.96784,6939.852337,7055.109087,7144.581386,7249.022431,7559.308799,7567.517182,7704.981527,7731.676059,7867.344196,7998.179183,8115.380356,8256.605499],"Crops":[3318.792468,3395.464567,3332.094034,3588.690492,3569.962861,3646.082837,3825.134928,3902.088541,4127.172281,4100.658528,4018.126211,4233.503471,4471.912567,4371.684867,4673.963768,4722.351793,4771.32552,4823.230305,4779.609727,5030.282653,5157.392905,5125.167964,5309.371848,5225.977387,5353.746919,5446.52962,5769.158251,5867.845838,5914.771701,6067.847888,6134.660739,6198.501534,6309.380677,6435.058401,6751.427182,6767.821243,6942.6771260000005,7254.582339,7641.298707,7595.273125,7747.809488,8199.050929,8214.91936,8602.222175,8755.051899,8806.296936,8943.207828,9156.089311,9217.537737,9328.420619,9286.587964,9470.850151,9642.102847,9789.17533,9974.859148],"Excavated earthen materials (including soil) nec":[0,0,0,0,0,0,0,0,0,0,0,0,0,0,0,0,0,0,0,0,0,0,0,0,0,0,0,0,0,0,0,0,0,0,0,0,0,0,0,0,0,0,0,0,0,0,0,0,0,0,0,0,0,0,0],"Ferrous ores":[727.694973,733.679133,731.13846,798.189946,830.451988,836.866881,841.181177,792.104754,754.197826,806.158756,833.624003,772.274229,769.99786,719.101725,828.194896,877.540925,917.321112,980.789231,971.513013,1001.5636969999999,983.101879,990.422333,961.892568,981.047507,1050.885009,1078.98565,1022.591841,1045.648576,1047.699291,1012.571979,1070.284443,1032.412529,1061.0965979999999,1198.492308,1339.593733,1497.5309320000001,1803.44834,2027.88941,2186.527794,2232.384263,2505.877366,2954.196642,2938.778331,3070.2576990000002,3388.735955,3262.117334,3211.352765,3321.077798,2914.667574,3009.811857,2957.310803,3112.148009,3207.422024,3312.1388220000003,3429.792848],"Grazed biomass and fodder crops":[5069.903651,5140.414428,5230.921791,5313.925899,5458.662307,5557.4246,5581.178721,5558.873542,5535.398392,5535.760843,5593.768923,5640.498324,5700.245466,5720.402205,5753.251728,5771.876918,5798.157747,5797.394907,5820.32731,5893.469451,5922.31958,5930.197745,5838.224615,5807.506991,5855.043888,5886.47415,5896.219952,5760.194934,5766.336895,5775.590537,5801.734457,5789.368675,5820.620895,5865.190785,5922.946335,5974.794081,6008.07376,6031.7353729999995,6059.128482,6039.498768,6012.98237,6018.218834,5945.241721,5961.107611,5990.502683,6036.762718,6101.261415,6130.56016,6127.154122,6184.50004,6223.149088,6257.393978,6278.605343,6260.825436,6271.977827],"Mixed / complex products nec.":[-0.511799,-0.1902490000000001,-0.15855799999999998,-0.15179299999999998,-0.627408,-0.13371599999999992,-0.324009,-1.612773,0.041187000000000036,-0.14724299999999999,-5.931739,-4.258548,-3.558554,-4.726904,-4.52102,3.586964,5.038361999999999,4.639758,0.8271509999999995,-1.320860999999999,12.49718,23.858102000000002,-2.9860249999999997,16.996966,-2.614373,-15.324175,26.056574,28.245638,30.831644000000004,56.636651,6.788396999999996,-42.530156,-41.915853000000006,-68.37145000000001,-180.180703,-348.31993800000004,-8.764814999999992,-55.863129,-29.128063999999995,-23.234995999999995,-50.222032999999996,-72.285906,-73.040278,-8.184433999999994,2.965230000000005,-205.67209,-159.62791700000002,-276.281704,-324.125366,-458.264052,-472.885199,-466.314993,-453.706055,-444.344136,-437.181142],"Natural Gas":[655.87108,702.403199,737.766091,769.567806,773.429929,777.091745,806.575381,833.905254,877.0354050000001,930.186942,951.083442,976.563752,955.794836,954.967302,1043.190074,1076.649374,1072.602722,1153.60918,1212.994311,1271.334065,1323.547603,1386.3691589999999,1423.385006,1471.921647,1497.072478,1521.861629,1593.311692,1584.5766,1610.759831,1653.820011,1690.013291,1735.921043,1777.127332,1856.8999959999999,1908.934924,1950.512527,2020.232029,2069.383195,2157.836758,2113.743767,2250.551035,2334.97969,2369.076214,2395.427068,2461.131266,2499.993272,2561.42512,2653.826511,2749.9924,2849.621483,2780.299635,2813.024373,2802.265161,2790.6173400000002,2793.422136],"Non-ferrous ores":[1903.7900789999999,1914.8091570000001,2037.236709,2104.833141,2047.7497369999999,1936.256369,2015.772285,1993.615799,2001.6002,2027.458731,2044.22552,2109.338127,2082.925456,2143.343309,2276.142746,2370.89417,2435.1209320000003,2578.363172,2757.640203,2876.174806,2981.723232,2924.79779,3066.836061,3048.511255,3060.854926,3159.247881,3313.186898,3519.53494,3666.8775570000003,3762.917947,3937.814572,4024.143527,4000.46418,4088.7166429999997,4250.173169,4397.394852,4516.323373,4654.017753,4691.763594,4768.159356,5014.135639,5209.97644,5452.422351,5784.195991,5870.188306,6027.56469,6271.886042,6344.433829,6477.158035,6567.939339,6447.631248,6719.911755,6872.0549710000005,7023.654391,7208.515161],"Non-metallic minerals - construction dominant":[8940.016934,9522.240908,9939.290228,10667.999932,10569.184164,10175.960267,10606.964785,11149.207408,12031.334339,12171.179299,11993.782811000001,11641.765388,11489.596622,12078.37247,12508.708858,13221.208895,14001.116925,14880.463485,15744.920984,15735.722854,15830.975059,15747.515927,17170.142717,18196.646715,19178.09611,19942.689786,20263.999071,20906.324332,21553.108682000002,22289.122221,22859.250328,23297.396778,24152.345511,25399.256694,27128.72591,28616.796557,30484.734308,31850.056678,31685.733248,32246.318485,34715.982018999995,37416.536875,39470.63089,41005.346559,41657.852964,41444.896876,42253.869652,41766.740455,42186.245602,43405.645442,43879.754379,45951.803778,47376.82049,48999.623351,50886.555974],"Non-metallic minerals - industrial or agricultural dominant":[645.512146,663.66464,671.047713,722.512515,776.5672519999999,774.870452,843.552381,855.948848,915.049362,927.546844,982.698976,959.141903,886.569765,933.58333,1024.415297,1013.4651,1000.44436,1082.245261,1140.997408,1165.597791,1158.204813,1080.423616,1044.351965,963.192943,930.254576,976.905722,997.328346,1021.916359,1012.184991,1119.885578,1235.019303,1074.7050100000001,1118.146343,1160.328873,1217.842665,1283.529521,1317.269619,1372.009956,1388.892597,1289.5522389999999,1442.220476,1672.623854,1698.495709,1774.711703,1787.234356,1674.634809,1755.980779,1728.007054,2005.656552,1834.507072,1725.805537,1823.250208,1878.5780300000001,1932.8855270000001,2000.591836],