{"snapshotYear":2024,"totals":{"East Asia":{"Metal ores":{"buildings":3319.260264407339,"civil_infrastructure":9180.56806316294,"machinery":4461.9774656179325,"short_lived":432.89847322301046},"Non-metallic minerals":{"buildings":416303.3671569003,"civil_infrastructure":177927.57417864306,"machinery":51.40757800129792,"short_lived":22.602163350540767}},"Europe & Russia":{"Metal ores":{"buildings":2763.3984715729207,"civil_infrastructure":4627.099398905339,"machinery":2375.577510429376,"short_lived":204.029686354856},"Non-metallic minerals":{"buildings":92866.77768084177,"civil_infrastructure":199000.74997860406,"machinery":26.09551137821256,"short_lived":43.812447833288026}},"Latin America":{"Metal ores":{"buildings":677.1492734142091,"civil_infrastructure":1249.965356483902,"machinery":526.8735516155359,"short_lived":65.80505672237928},"Non-metallic minerals":{"buildings":30277.479445347057,"civil_infrastructure":41274.46327249437,"machinery":6.284717738047415,"short_lived":10.457724936363046}},"Middle East & North Africa":{"Metal ores":{"buildings":832.3331001589565,"civil_infrastructure":1103.5453747784509,"machinery":668.0717488202978,"short_lived":74.68121515955697},"Non-metallic minerals":{"buildings":45412.355242316335,"civil_infrastructure":50351.826388693844,"machinery":1.492737215406688,"short_lived":5.90149146382683}},"North America":{"Metal ores":{"buildings":2753.884753432539,"civil_infrastructure":2003.9105486484657,"machinery":1053.2829116383714,"short_lived":95.94404833655258},"Non-metallic minerals":{"buildings":26398.02958439329,"civil_infrastructure":132457.71111465624,"machinery":12.221152397212727,"short_lived":10.528285222860875}},"Oceania":{"Metal ores":{"buildings":216.91386069849216,"civil_infrastructure":117.13915657109818,"machinery":103.02863526661214,"short_lived":14.199933634649987},"Non-metallic minerals":{"buildings":2936.55048942397,"civil_infrastructure":4517.981419143223,"machinery":0.1936912098111268,"short_lived":2.1536156945591878}},"South Asia":{"Metal ores":{"buildings":270.88558822521304,"civil_infrastructure":696.7867239873358,"machinery":735.7044373944005,"short_lived":78.72875821481851},"Non-metallic minerals":{"buildings":60397.477086790066,"civil_infrastructure":36375.21420332653,"machinery":1.4586648575421353,"short_lived":5.607856194250398}},"Sub-Saharan Africa":{"Metal ores":{"buildings":231.940843918581,"civil_infrastructure":363.7485266066719,"machinery":214.78396429264592,"short_lived":29.332144925151148},"Non-metallic minerals":{"buildings":17807.73760262334,"civil_infrastructure":11928.176523435166,"machinery":0.8289750070040726,"short_lived":2.6638151611238587}}}}