adm1_code,admin1,country,crop,production_kt,emissions_total_kt,ef_total_kgCO2e_per_kg
ARG-1309,Entre Ríos,Argentina,barl,18.3,6.99,0.3815
ARG-1309,Entre Ríos,Argentina,maiz,3150.0,373.39,0.1185
ARG-1309,Entre Ríos,Argentina,rape,11.4,47.35,4.1502
ARG-1309,Entre Ríos,Argentina,rice,386.6,322.77,0.8349
ARG-1309,Entre Ríos,Argentina,sorg,269.1,41.26,0.1534
ARG-1309,Entre Ríos,Argentina,soyb,3435.2,662.11,0.1927
ARG-1309,Entre Ríos,Argentina,sugc,1.1,0.76,0.669
ARG-1309,Entre Ríos,Argentina,whea,1405.2,562.23,0.4001
URY-8,Paysandú,Uruguay,barl,31.4,24.14,0.7683
URY-8,Paysandú,Uruguay,maiz,46.6,19.4,0.4159
URY-8,Paysandú,Uruguay,pota,4.0,0.49,0.1245
URY-8,Paysandú,Uruguay,rape,6.0,8.09,1.3514
URY-8,Paysandú,Uruguay,rice,82.0,60.68,0.74
URY-8,Paysandú,Uruguay,sorg,6.3,3.81,0.6022
URY-8,Paysandú,Uruguay,soyb,101.3,17.73,0.175
URY-8,Paysandú,Uruguay,sugc,26.6,1.15,0.0434
URY-8,Paysandú,Uruguay,whea,40.6,26.99,0.6647
IDN-1185,Kalimantan Timur,Indonesia,grou,3.4,4.93,1.4543
IDN-1185,Kalimantan Timur,Indonesia,maiz,2058.6,1683.77,0.8179
IDN-1185,Kalimantan Timur,Indonesia,oilp,15895.8,4566.25,0.2873
IDN-1185,Kalimantan Timur,Indonesia,pota,10.0,2.84,0.2835
IDN-1185,Kalimantan Timur,Indonesia,rice,367.4,292.79,0.797
MYS-1186,Sabah,Malaysia,oilp,23735.8,628.42,0.0265
MYS-1186,Sabah,Malaysia,rice,123.9,16.18,0.1306
BOL-1936,La Paz,Bolivia,barl,16.7,13.52,0.8116
BOL-1936,La Paz,Bolivia,maiz,37.8,15.04,0.3977
BOL-1936,La Paz,Bolivia,pota,376.8,24.87,0.066
BOL-1936,La Paz,Bolivia,rice,18.2,7.29,0.4004
BOL-1936,La Paz,Bolivia,sugc,217.5,4.76,0.0219
BOL-1936,La Paz,Bolivia,whea,4.4,4.98,1.1283
BOL-1937,Oruro,Bolivia,barl,6.3,0.56,0.09
BOL-1937,Oruro,Bolivia,maiz,1.0,0.02,0.0218
BOL-1937,Oruro,Bolivia,pota,141.5,5.14,0.0363
BOL-1937,Oruro,Bolivia,sugc,4.9,0.01,0.003
BOL-1937,Oruro,Bolivia,whea,1.9,0.12,0.0604
BOL-1939,Potosí,Bolivia,barl,12.0,1.37,0.1147
BOL-1939,Potosí,Bolivia,maiz,41.1,1.59,0.0388
BOL-1939,Potosí,Bolivia,pota,210.3,10.83,0.0515
BOL-1939,Potosí,Bolivia,whea,28.4,2.83,0.0999
PER-575,Tacna,Peru,maiz,9.1,0.97,0.1069
PER-575,Tacna,Peru,pota,7.6,0.36,0.0479
PER-575,Tacna,Peru,rice,38.9,49.93,1.2825
ARG-1303,Salta,Argentina,cott,26.4,1.09,0.0414
ARG-1303,Salta,Argentina,grou,12.6,0.49,0.0388
ARG-1303,Salta,Argentina,maiz,2082.0,36.25,0.0174
ARG-1303,Salta,Argentina,pota,24.8,0.17,0.0067
ARG-1303,Salta,Argentina,sorg,79.9,1.96,0.0246
ARG-1303,Salta,Argentina,soyb,1026.7,17.98,0.0175
ARG-1303,Salta,Argentina,sugc,1923.4,11.62,0.006
ARG-1303,Salta,Argentina,whea,222.5,9.87,0.0444
ARG-1301,Jujuy,Argentina,maiz,45.9,1.4,0.0304
ARG-1301,Jujuy,Argentina,pota,26.8,0.51,0.019
ARG-1301,Jujuy,Argentina,sorg,2.3,0.15,0.0642
ARG-1301,Jujuy,Argentina,soyb,21.5,1.34,0.0626
ARG-1301,Jujuy,Argentina,sugc,4957.8,24.59,0.005
ARG-1301,Jujuy,Argentina,whea,10.6,0.78,0.0728
CYP-3463,Larnaca,Cyprus,barl,1.1,0.23,0.2017
CYP-3463,Larnaca,Cyprus,pota,9.6,0.49,0.0505
CYP-3463,Larnaca,Cyprus,whea,1.6,0.29,0.1755
IND-20012,Ladakh,India,barl,26.6,3.81,0.1436
IND-20012,Ladakh,India,pota,6.8,0.38,0.0559
IND-20012,Ladakh,India,rice,1.6,0.91,0.5853
IND-20012,Ladakh,India,whea,13.0,2.56,0.1972
CHN-1756,Xinjiang,China,barl,11.5,3.01,0.2611
CHN-1756,Xinjiang,China,cott,13861.8,2543.18,0.1835
CHN-1756,Xinjiang,China,grou,16.1,2.53,0.1565
CHN-1756,Xinjiang,China,maiz,6213.7,579.43,0.0933
CHN-1756,Xinjiang,China,pota,374.8,13.09,0.0349
CHN-1756,Xinjiang,China,rape,107.2,21.04,0.1964
CHN-1756,Xinjiang,China,rice,509.5,279.47,0.5485
CHN-1756,Xinjiang,China,sorg,36.6,3.52,0.0962
CHN-1756,Xinjiang,China,soyb,77.5,14.52,0.1875
CHN-1756,Xinjiang,China,whea,6228.5,743.64,0.1194
CHN-1662,Xizang,China,barl,1.5,0.45,0.311
CHN-1662,Xizang,China,maiz,32.4,15.46,0.4773
CHN-1662,Xizang,China,pota,37.4,1.5,0.04
CHN-1662,Xizang,China,rape,46.4,11.79,0.2541
CHN-1662,Xizang,China,rice,52.3,18.06,0.3452
CHN-1662,Xizang,China,soyb,1.2,0.13,0.1117
CHN-1662,Xizang,China,sugc,22.9,0.39,0.0169
CHN-1662,Xizang,China,whea,202.6,38.21,0.1886
ISR-3053,HaDarom,Israel,barl,26.2,0.87,0.0332
ISR-3053,HaDarom,Israel,cott,3.4,0.77,0.2238
ISR-3053,HaDarom,Israel,grou,10.7,0.72,0.0672
ISR-3053,HaDarom,Israel,maiz,12.0,1.16,0.0963
ISR-3053,HaDarom,Israel,pota,547.2,10.37,0.019
ISR-3053,HaDarom,Israel,rice,32.4,2.64,0.0816
ISR-3053,HaDarom,Israel,sorg,18.7,0.38,0.0202
ISR-3053,HaDarom,Israel,whea,78.0,8.99,0.1154
ISR-3056,HaZafon,Israel,barl,3.5,0.84,0.2439
ISR-3056,HaZafon,Israel,cott,4.4,2.62,0.595
ISR-3056,HaZafon,Israel,grou,1.3,0.23,0.1733
ISR-3056,HaZafon,Israel,maiz,38.1,2.44,0.064
ISR-3056,HaZafon,Israel,pota,7.5,0.24,0.0319
ISR-3056,HaZafon,Israel,sorg,8.3,0.38,0.0451
ISR-3056,HaZafon,Israel,whea,22.4,11.37,0.5063
WEB+00?,West Bank,West Bank,barl,1.8,0.24,0.1367
WEB+00?,West Bank,West Bank,maiz,2.9,0.24,0.0806
WEB+00?,West Bank,West Bank,sorg,3.6,0.13,0.036
WEB+00?,West Bank,West Bank,whea,38.8,3.79,0.0978
ISR-3055,HaMerkaz,Israel,barl,1.1,0.26,0.2417
ISR-3055,HaMerkaz,Israel,cott,4.3,2.03,0.4763
ISR-3055,HaMerkaz,Israel,grou,1.9,0.25,0.1311
ISR-3055,HaMerkaz,Israel,maiz,12.7,0.7,0.0548
ISR-3055,HaMerkaz,Israel,pota,32.0,1.08,0.0339
ISR-3055,HaMerkaz,Israel,sorg,6.4,0.24,0.0367
ISR-3055,HaMerkaz,Israel,whea,4.8,1.58,0.3321
LBN-3059,An Nabatiyah,Lebanon,barl,4.9,0.64,0.1311
LBN-3059,An Nabatiyah,Lebanon,grou,3.6,0.25,0.0703
LBN-3059,An Nabatiyah,Lebanon,pota,74.2,1.78,0.0239
LBN-3059,An Nabatiyah,Lebanon,whea,22.5,2.67,0.1189
LBN-3060,South Lebanon,Lebanon,whea,1.1,0.36,0.3282
ETH-3129,"Southern Nations, Nationalities and Peoples",Ethiopia,barl,196.2,27.19,0.1385
ETH-3129,"Southern Nations, Nationalities and Peoples",Ethiopia,cott,72.7,23.04,0.3167
ETH-3129,"Southern Nations, Nationalities and Peoples",Ethiopia,grou,10.0,6.99,0.6992
ETH-3129,"Southern Nations, Nationalities and Peoples",Ethiopia,maiz,2491.9,205.31,0.0824
ETH-3129,"Southern Nations, Nationalities and Peoples",Ethiopia,pota,1749.2,44.61,0.0255
ETH-3129,"Southern Nations, Nationalities and Peoples",Ethiopia,rape,3.0,0.9,0.302
ETH-3129,"Southern Nations, Nationalities and Peoples",Ethiopia,rice,30.6,13.57,0.4431
ETH-3129,"Southern Nations, Nationalities and Peoples",Ethiopia,sorg,314.3,75.82,0.2412
ETH-3129,"Southern Nations, Nationalities and Peoples",Ethiopia,soyb,2.8,0.65,0.233
ETH-3129,"Southern Nations, Nationalities and Peoples",Ethiopia,sugc,675.3,18.67,0.0277
ETH-3129,"Southern Nations, Nationalities and Peoples",Ethiopia,whea,421.9,74.64,0.1769
SDS-892,Eastern Equatoria,S. Sudan,grou,17.0,12.86,0.7575
SDS-892,Eastern Equatoria,S. Sudan,maiz,21.7,11.63,0.5364
SDS-892,Eastern Equatoria,S. Sudan,rice,3.6,26.42,7.2375
SDS-892,Eastern Equatoria,S. Sudan,sorg,74.6,30.58,0.4098
ETH-3134,Somali,Ethiopia,grou,3.8,0.24,0.064
ETH-3134,Somali,Ethiopia,maiz,170.3,7.01,0.0412
ETH-3134,Somali,Ethiopia,pota,5.9,0.04,0.007
ETH-3134,Somali,Ethiopia,sorg,169.3,9.64,0.0569
ETH-3134,Somali,Ethiopia,soyb,1.3,0.03,0.0262
ETH-3134,Somali,Ethiopia,whea,11.8,1.82,0.155
SOM-2412,Mudug,Somalia,cott,1.2,0.6,0.4832
SOM-2412,Mudug,Somalia,sugc,60.0,0.33,0.0055
SOM-2408,Galguduud,Somalia,cott,1.1,0.32,0.2875
SOM-2408,Galguduud,Somalia,sugc,50.7,0.22,0.0044
SOM-2409,Hiiraan,Somalia,maiz,1.2,0.23,0.1883
SOM-2409,Hiiraan,Somalia,sorg,4.3,1.84,0.4247
SOM-2312,Bakool,Somalia,sorg,2.9,0.58,0.2017
SOM-2314,Gedo,Somalia,maiz,4.5,0.55,0.1223
SOM-2314,Gedo,Somalia,sorg,4.3,0.45,0.1054
KEN-890,Rift Valley,Kenya,barl,31.1,9.95,0.3204
KEN-890,Rift Valley,Kenya,cott,1.1,0.5,0.442
KEN-890,Rift Valley,Kenya,grou,4.0,1.71,0.4241
KEN-890,Rift Valley,Kenya,maiz,1322.9,285.71,0.216
KEN-890,Rift Valley,Kenya,pota,1032.4,106.79,0.1034
KEN-890,Rift Valley,Kenya,rice,6.6,8.57,1.3059
KEN-890,Rift Valley,Kenya,sorg,28.4,11.59,0.4087
KEN-890,Rift Valley,Kenya,sugc,1792.0,18.39,0.0103
KEN-890,Rift Valley,Kenya,whea,351.2,52.4,0.1492
MWI-1194,Chitipa,Malawi,cott,2.7,5.67,2.1015
MWI-1194,Chitipa,Malawi,grou,4.1,7.78,1.8934
MWI-1194,Chitipa,Malawi,maiz,48.3,38.44,0.7963
MWI-1194,Chitipa,Malawi,pota,15.7,1.97,0.1253
MWI-1194,Chitipa,Malawi,rice,20.4,46.26,2.2722
MWI-1194,Chitipa,Malawi,sugc,340.0,6.54,0.0192
TZA-3335,Mbeya,United Republic of Tanzania,barl,2.7,0.53,0.1923
TZA-3335,Mbeya,United Republic of Tanzania,grou,57.6,13.78,0.2392
TZA-3335,Mbeya,United Republic of Tanzania,maiz,633.0,79.3,0.1253
TZA-3335,Mbeya,United Republic of Tanzania,oilp,16.1,0.2,0.0124
TZA-3335,Mbeya,United Republic of Tanzania,pota,71.5,3.58,0.05
TZA-3335,Mbeya,United Republic of Tanzania,rice,363.4,210.07,0.5781
TZA-3335,Mbeya,United Republic of Tanzania,sorg,39.5,5.09,0.1289
TZA-3335,Mbeya,United Republic of Tanzania,soyb,2.0,0.29,0.1495
TZA-3335,Mbeya,United Republic of Tanzania,sugc,721.4,14.3,0.0198
TZA-3335,Mbeya,United Republic of Tanzania,whea,2.0,0.29,0.1439
TZA-5587,Njombe,United Republic of Tanzania,grou,2.5,1.06,0.4304
TZA-5587,Njombe,United Republic of Tanzania,maiz,261.6,23.96,0.0916
TZA-5587,Njombe,United Republic of Tanzania,pota,38.7,2.48,0.0641
TZA-5587,Njombe,United Republic of Tanzania,rice,19.1,9.06,0.4734
TZA-5587,Njombe,United Republic of Tanzania,sugc,5.0,0.01,0.001
TZA-5587,Njombe,United Republic of Tanzania,whea,2.5,0.57,0.229
TZA-3389,Ruvuma,United Republic of Tanzania,grou,7.2,0.79,0.1109
TZA-3389,Ruvuma,United Republic of Tanzania,maiz,464.4,40.01,0.0862
TZA-3389,Ruvuma,United Republic of Tanzania,pota,11.2,0.52,0.046
TZA-3389,Ruvuma,United Republic of Tanzania,rice,193.0,75.95,0.3935
TZA-3389,Ruvuma,United Republic of Tanzania,sorg,1.1,0.08,0.0675
TZA-3389,Ruvuma,United Republic of Tanzania,soyb,38.4,1.42,0.037
TZA-3389,Ruvuma,United Republic of Tanzania,sugc,3.5,0.0,0.0
TZA-3389,Ruvuma,United Republic of Tanzania,whea,1.3,0.09,0.0708
MWI-1903,Rumphi,Malawi,cott,6.2,3.36,0.5443
MWI-1903,Rumphi,Malawi,grou,3.0,1.12,0.3742
MWI-1903,Rumphi,Malawi,maiz,19.0,4.12,0.2167
MWI-1903,Rumphi,Malawi,pota,11.6,1.06,0.0909
MWI-1903,Rumphi,Malawi,sorg,42.1,12.45,0.2955
MWI-1903,Rumphi,Malawi,soyb,1.6,0.25,0.1567
MWI-1901,Nkhata Bay,Malawi,cott,1.3,1.13,0.853
MWI-1901,Nkhata Bay,Malawi,grou,3.6,1.82,0.5115
MWI-1901,Nkhata Bay,Malawi,maiz,36.0,9.06,0.2519
MWI-1901,Nkhata Bay,Malawi,pota,6.4,0.63,0.0986
MWI-1901,Nkhata Bay,Malawi,rice,4.9,2.51,0.5096
MWI-1901,Nkhata Bay,Malawi,sorg,18.4,5.8,0.3145
MWI-1901,Nkhata Bay,Malawi,sugc,303.0,4.08,0.0135
IND-3299,Arunachal Pradesh,India,grou,1.4,0.15,0.1101
IND-3299,Arunachal Pradesh,India,maiz,133.8,3.98,0.0297
IND-3299,Arunachal Pradesh,India,pota,144.9,1.49,0.0103
IND-3299,Arunachal Pradesh,India,rape,36.2,3.31,0.0915
IND-3299,Arunachal Pradesh,India,rice,598.2,107.62,0.1799
IND-3299,Arunachal Pradesh,India,soyb,2.9,0.36,0.1203
IND-3299,Arunachal Pradesh,India,sugc,113.8,0.46,0.004
IND-3299,Arunachal Pradesh,India,whea,10.8,0.38,0.0355
SYR-5261,UNDOF,Syria,barl,2.8,0.31,0.1126
SYR-5261,UNDOF,Syria,pota,2.2,0.02,0.0102
SYR-5261,UNDOF,Syria,whea,4.8,0.31,0.0657
SOL+00?,Somaliland,Somaliland,maiz,45.2,2.52,0.0558
SOL+00?,Somaliland,Somaliland,sorg,45.1,9.86,0.2187
SOL+00?,Somaliland,Somaliland,sugc,2.6,0.01,0.0051
SOL+00?,Somaliland,Somaliland,whea,1.1,1.05,0.9339
GUY-671,Mahaica-Berbice,Guyana,rice,194.6,272.49,1.4003
GUY-671,Mahaica-Berbice,Guyana,sugc,257.0,38.0,0.1479
KOR-2496,Gangwon,South Korea,maiz,31.1,17.27,0.5548
KOR-2496,Gangwon,South Korea,pota,76.5,7.82,0.1022
KOR-2496,Gangwon,South Korea,rice,73.3,47.81,0.6522
KOR-2496,Gangwon,South Korea,soyb,8.8,11.0,1.2513
PRK-3308,Kangwŏn-do,North Korea,barl,5.3,0.47,0.0879
PRK-3308,Kangwŏn-do,North Korea,cott,2.7,0.65,0.2422
PRK-3308,Kangwŏn-do,North Korea,maiz,313.8,14.91,0.0475
PRK-3308,Kangwŏn-do,North Korea,pota,69.3,4.71,0.0679
PRK-3308,Kangwŏn-do,North Korea,rice,172.6,134.3,0.7782
PRK-3308,Kangwŏn-do,North Korea,sorg,4.5,0.6,0.1328
PRK-3308,Kangwŏn-do,North Korea,soyb,29.2,3.37,0.1155
PRK-3308,Kangwŏn-do,North Korea,whea,6.4,1.38,0.2155
KOR-2498,Gyeonggi,South Korea,grou,1.2,1.04,0.8557
KOR-2498,Gyeonggi,South Korea,maiz,6.0,2.48,0.4166
KOR-2498,Gyeonggi,South Korea,pota,39.7,2.63,0.0662
KOR-2498,Gyeonggi,South Korea,rice,321.1,288.5,0.8983
KOR-2498,Gyeonggi,South Korea,soyb,5.1,9.67,1.8928
PRK-3303,Hwanghae-bukto,North Korea,barl,4.5,0.43,0.0966
PRK-3303,Hwanghae-bukto,North Korea,cott,6.9,1.76,0.2563
PRK-3303,Hwanghae-bukto,North Korea,maiz,231.2,11.01,0.0476
PRK-3303,Hwanghae-bukto,North Korea,pota,51.4,3.47,0.0675
PRK-3303,Hwanghae-bukto,North Korea,rice,228.3,227.49,0.9963
PRK-3303,Hwanghae-bukto,North Korea,sorg,4.1,0.6,0.1486
PRK-3303,Hwanghae-bukto,North Korea,soyb,22.6,3.43,0.1522
PRK-3303,Hwanghae-bukto,North Korea,whea,8.5,2.06,0.2432
MAR-3457,Guelmim - Es-Semara,Morocco,barl,2.4,0.53,0.2228
MAR-3457,Guelmim - Es-Semara,Morocco,grou,1.1,0.18,0.1625
MAR-3457,Guelmim - Es-Semara,Morocco,pota,43.3,0.72,0.0165
MAR-3457,Guelmim - Es-Semara,Morocco,rice,1.3,0.05,0.0368
MAR-3457,Guelmim - Es-Semara,Morocco,sugc,3.0,0.02,0.0071
MAR-3457,Guelmim - Es-Semara,Morocco,whea,6.3,1.26,0.1998
CRI-1333,Alajuela,Costa Rica,maiz,1.5,0.62,0.4046
CRI-1333,Alajuela,Costa Rica,oilp,65.0,3.96,0.0608
CRI-1333,Alajuela,Costa Rica,pota,12.1,1.34,0.1102
CRI-1333,Alajuela,Costa Rica,rice,9.4,11.44,1.2146
CRI-1333,Alajuela,Costa Rica,sugc,746.5,13.83,0.0185
NIC-4800,Rio San Juan,Nicaragua,grou,9.8,1.84,0.189
NIC-4800,Rio San Juan,Nicaragua,maiz,25.9,26.87,1.0365
NIC-4800,Rio San Juan,Nicaragua,oilp,57.7,5.28,0.0915
NIC-4800,Rio San Juan,Nicaragua,pota,4.2,0.28,0.0673
NIC-4800,Rio San Juan,Nicaragua,rice,13.7,2.89,0.211
NIC-4800,Rio San Juan,Nicaragua,sorg,1.9,2.25,1.1544
NIC-4800,Rio San Juan,Nicaragua,sugc,35.0,0.84,0.0239
COG-2838,Likouala,Republic of the Congo,grou,1.2,5.59,4.6975
COG-2838,Likouala,Republic of the Congo,maiz,3.2,18.64,5.8607
COG-2838,Likouala,Republic of the Congo,oilp,3.5,2.05,0.5857
COG-2838,Likouala,Republic of the Congo,rice,2.7,15.06,5.5793
COG-2838,Likouala,Republic of the Congo,sugc,10.1,2.08,0.205
COD-1461,Équateur,Democratic Republic of the Congo,cott,7.8,8.99,1.15
COD-1461,Équateur,Democratic Republic of the Congo,grou,33.2,36.83,1.1095
COD-1461,Équateur,Democratic Republic of the Congo,maiz,120.0,375.57,3.1302
COD-1461,Équateur,Democratic Republic of the Congo,oilp,522.0,44.44,0.0851
COD-1461,Équateur,Democratic Republic of the Congo,pota,1.5,0.27,0.1757
COD-1461,Équateur,Democratic Republic of the Congo,rice,173.4,322.33,1.8589
COD-1461,Équateur,Democratic Republic of the Congo,soyb,2.5,6.27,2.5588
COD-1461,Équateur,Democratic Republic of the Congo,sugc,230.2,5.66,0.0246
COG-3342,Cuvette,Republic of the Congo,grou,1.0,9.72,9.722
COG-3342,Cuvette,Republic of the Congo,maiz,1.1,8.5,8.1
COG-3342,Cuvette,Republic of the Congo,oilp,5.1,1.78,0.346
COG-3342,Cuvette,Republic of the Congo,sugc,14.6,1.73,0.1181
COG-3346,Plateaux,Republic of the Congo,grou,5.1,23.97,4.7366
COG-3346,Plateaux,Republic of the Congo,maiz,3.5,11.91,3.3748
COG-3346,Plateaux,Republic of the Congo,oilp,47.0,8.06,0.1715
COG-3346,Plateaux,Republic of the Congo,pota,1.6,0.45,0.2831
COG-3346,Plateaux,Republic of the Congo,sugc,149.7,8.57,0.0572
COD-1871,Bandundu,Democratic Republic of the Congo,grou,135.0,56.39,0.4178
COD-1871,Bandundu,Democratic Republic of the Congo,maiz,485.3,354.7,0.7309
COD-1871,Bandundu,Democratic Republic of the Congo,oilp,346.6,10.5,0.0303
COD-1871,Bandundu,Democratic Republic of the Congo,rice,43.3,23.38,0.5402
COD-1871,Bandundu,Democratic Republic of the Congo,soyb,1.5,2.53,1.6516
COD-1871,Bandundu,Democratic Republic of the Congo,sugc,13.0,0.03,0.0022
COG-3341,Pool,Republic of the Congo,grou,3.4,4.82,1.4257
COG-3341,Pool,Republic of the Congo,maiz,4.2,1.76,0.4222
COG-3341,Pool,Republic of the Congo,oilp,29.8,1.76,0.059
COG-3341,Pool,Republic of the Congo,pota,1.0,0.1,0.096
COG-3341,Pool,Republic of the Congo,sugc,126.6,3.81,0.0301
COG-4855,Brazzaville,Republic of the Congo,grou,5.9,2.68,0.4585
COG-4855,Brazzaville,Republic of the Congo,maiz,3.1,0.72,0.2323
COG-4855,Brazzaville,Republic of the Congo,oilp,7.5,0.02,0.0028
COG-4855,Brazzaville,Republic of the Congo,pota,1.2,0.04,0.0336
COG-4855,Brazzaville,Republic of the Congo,sugc,203.4,3.17,0.0156
COD-1884,Kinshasa City,Democratic Republic of the Congo,grou,1.1,0.24,0.2107
COD-1884,Kinshasa City,Democratic Republic of the Congo,maiz,17.1,3.83,0.2246
COD-1884,Kinshasa City,Democratic Republic of the Congo,oilp,1.6,0.0,0.0006
COD-1884,Kinshasa City,Democratic Republic of the Congo,sugc,2.1,0.03,0.0147
COD-1883,Bas-Congo,Democratic Republic of the Congo,grou,111.5,19.22,0.1724
COD-1883,Bas-Congo,Democratic Republic of the Congo,maiz,150.2,24.85,0.1655
COD-1883,Bas-Congo,Democratic Republic of the Congo,oilp,38.2,0.02,0.0006
COD-1883,Bas-Congo,Democratic Republic of the Congo,pota,1.5,0.06,0.0373
COD-1883,Bas-Congo,Democratic Republic of the Congo,rice,28.7,95.3,3.3171
COD-1883,Bas-Congo,Democratic Republic of the Congo,sugc,836.7,6.21,0.0074
COG-2626,Bouenza,Republic of the Congo,grou,4.0,1.91,0.4732
COG-2626,Bouenza,Republic of the Congo,maiz,2.4,0.66,0.2743
COG-2626,Bouenza,Republic of the Congo,oilp,21.3,0.1,0.0046
COG-2626,Bouenza,Republic of the Congo,pota,1.1,0.03,0.0297
COG-2626,Bouenza,Republic of the Congo,sugc,63.0,1.13,0.018
COG-3345,Niari,Republic of the Congo,grou,3.1,1.17,0.3777
COG-3345,Niari,Republic of the Congo,maiz,2.2,0.45,0.2032
COG-3345,Niari,Republic of the Congo,oilp,11.2,0.03,0.0029
COG-3345,Niari,Republic of the Congo,sugc,30.6,0.49,0.0161
BTN-2483,Lhuntshi,Bhutan,maiz,1.2,0.11,0.0877
BTN-2480,Bumthang,Bhutan,pota,2.5,0.09,0.0384
UKR-285,Chernihiv,Ukraine,barl,318.1,173.55,0.5455
UKR-285,Chernihiv,Ukraine,maiz,1285.0,433.36,0.3373
UKR-285,Chernihiv,Ukraine,pota,1186.0,156.1,0.1316
UKR-285,Chernihiv,Ukraine,rape,116.3,109.03,0.9376
UKR-285,Chernihiv,Ukraine,sorg,4.3,2.9,0.6782
UKR-285,Chernihiv,Ukraine,soyb,109.2,86.27,0.7901
UKR-285,Chernihiv,Ukraine,whea,1082.1,577.57,0.5338
BLR-2339,Gomel,Belarus,barl,184.7,930.33,5.0356
BLR-2339,Gomel,Belarus,maiz,207.6,639.23,3.0796
BLR-2339,Gomel,Belarus,pota,618.5,554.91,0.8972
BLR-2339,Gomel,Belarus,rape,76.6,643.9,8.406
BLR-2339,Gomel,Belarus,soyb,1.4,4.45,3.275
BLR-2339,Gomel,Belarus,whea,386.9,1627.96,4.208
UKR-318,Volyn,Ukraine,barl,225.6,439.19,1.9471
UKR-318,Volyn,Ukraine,maiz,863.4,838.01,0.9706
UKR-318,Volyn,Ukraine,pota,1272.7,479.02,0.3764
UKR-318,Volyn,Ukraine,rape,89.3,262.39,2.9393
UKR-318,Volyn,Ukraine,sorg,2.6,5.51,2.12
UKR-318,Volyn,Ukraine,soyb,55.6,150.29,2.7007
UKR-318,Volyn,Ukraine,whea,765.5,1251.82,1.6353
BLR-2338,Brest,Belarus,barl,218.2,1070.49,4.9056
BLR-2338,Brest,Belarus,maiz,231.4,734.23,3.1731
BLR-2338,Brest,Belarus,pota,735.7,769.89,1.0465
BLR-2338,Brest,Belarus,rape,113.1,895.46,7.9174
BLR-2338,Brest,Belarus,whea,468.6,1888.99,4.0316
UKR-286,Rivne,Ukraine,barl,172.1,168.41,0.9787
UKR-286,Rivne,Ukraine,maiz,681.7,369.89,0.5426
UKR-286,Rivne,Ukraine,pota,1104.8,225.56,0.2042
UKR-286,Rivne,Ukraine,rape,64.5,94.84,1.4708
UKR-286,Rivne,Ukraine,sorg,2.1,2.52,1.1896
UKR-286,Rivne,Ukraine,soyb,54.0,86.7,1.607
UKR-286,Rivne,Ukraine,whea,617.9,566.72,0.9172
UKR-324,Zhytomyr,Ukraine,barl,276.8,69.38,0.2506
UKR-324,Zhytomyr,Ukraine,maiz,1119.5,177.77,0.1588
UKR-324,Zhytomyr,Ukraine,pota,1577.6,102.16,0.0648
UKR-324,Zhytomyr,Ukraine,rape,105.1,45.39,0.4318
UKR-324,Zhytomyr,Ukraine,sorg,3.6,1.07,0.3017
UKR-324,Zhytomyr,Ukraine,soyb,88.4,32.56,0.3683
UKR-324,Zhytomyr,Ukraine,whea,881.0,229.02,0.2599
UKR-321,Kiev,Ukraine,barl,282.3,51.92,0.1839
UKR-321,Kiev,Ukraine,maiz,1154.8,145.14,0.1257
UKR-321,Kiev,Ukraine,pota,1397.0,77.17,0.0552
UKR-321,Kiev,Ukraine,rape,103.8,36.87,0.3551
UKR-321,Kiev,Ukraine,sorg,3.8,0.77,0.2016
UKR-321,Kiev,Ukraine,soyb,100.1,24.33,0.2431
UKR-321,Kiev,Ukraine,whea,884.0,179.06,0.2025
ZAF-1188,Northern Cape,South Africa,barl,80.9,4.48,0.0554
ZAF-1188,Northern Cape,South Africa,cott,15.3,4.38,0.2856
ZAF-1188,Northern Cape,South Africa,grou,9.1,0.42,0.0463
ZAF-1188,Northern Cape,South Africa,maiz,618.3,111.87,0.1809
ZAF-1188,Northern Cape,South Africa,pota,14.5,0.88,0.0608
ZAF-1188,Northern Cape,South Africa,soyb,3.4,0.21,0.0631
ZAF-1188,Northern Cape,South Africa,whea,242.6,16.39,0.0676
LBN-3022,Beqaa,Lebanon,barl,16.6,2.64,0.1591
LBN-3022,Beqaa,Lebanon,grou,1.0,0.08,0.0822
LBN-3022,Beqaa,Lebanon,maiz,1.9,0.22,0.1162
LBN-3022,Beqaa,Lebanon,pota,404.7,10.14,0.0251
LBN-3022,Beqaa,Lebanon,sorg,2.0,0.03,0.0127
LBN-3022,Beqaa,Lebanon,whea,70.1,9.48,0.1353
LBN-3023,North Lebanon,Lebanon,barl,9.0,1.8,0.201
LBN-3023,North Lebanon,Lebanon,grou,4.5,0.59,0.1335
LBN-3023,North Lebanon,Lebanon,maiz,1.4,0.16,0.1138
LBN-3023,North Lebanon,Lebanon,pota,149.4,4.65,0.0311
LBN-3023,North Lebanon,Lebanon,sorg,1.1,0.02,0.0183
LBN-3023,North Lebanon,Lebanon,whea,41.2,6.62,0.1607
SYR-139,Homs (Hims),Syria,barl,58.9,7.1,0.1206
SYR-139,Homs (Hims),Syria,cott,2.3,0.12,0.0498
SYR-139,Homs (Hims),Syria,grou,1.3,0.07,0.054
SYR-139,Homs (Hims),Syria,maiz,5.8,0.15,0.0266
SYR-139,Homs (Hims),Syria,pota,24.5,0.11,0.0046
SYR-139,Homs (Hims),Syria,whea,80.0,3.74,0.0467
SYR-144,Rif Dimashq,Syria,barl,45.1,7.54,0.167
SYR-144,Rif Dimashq,Syria,cott,4.7,0.28,0.06
SYR-144,Rif Dimashq,Syria,maiz,10.8,0.4,0.037
SYR-144,Rif Dimashq,Syria,pota,6.1,0.08,0.0132
SYR-144,Rif Dimashq,Syria,whea,47.8,4.41,0.0922
OMN-2425,Musandam,Oman,sorg,2.9,0.05,0.0182
ARE-338,Ras Al Khaymah,United Arab Emirates,maiz,2.7,0.33,0.1218
UZB-364,Ferghana,Uzbekistan,barl,12.5,7.15,0.57
UZB-364,Ferghana,Uzbekistan,cott,248.1,137.28,0.5534
UZB-364,Ferghana,Uzbekistan,grou,2.9,0.15,0.0521
UZB-364,Ferghana,Uzbekistan,maiz,45.3,5.67,0.1254
UZB-364,Ferghana,Uzbekistan,pota,255.8,9.6,0.0376
UZB-364,Ferghana,Uzbekistan,rice,20.1,26.58,1.3197
UZB-364,Ferghana,Uzbekistan,sorg,1.6,0.94,0.5962
UZB-364,Ferghana,Uzbekistan,whea,515.5,137.0,0.2658
KAZ-3206,East Kazakhstan,Kazakhstan,barl,165.1,18.99,0.115
KAZ-3206,East Kazakhstan,Kazakhstan,maiz,62.6,3.94,0.063
KAZ-3206,East Kazakhstan,Kazakhstan,pota,214.9,2.8,0.013
KAZ-3206,East Kazakhstan,Kazakhstan,rape,12.4,1.3,0.1047
KAZ-3206,East Kazakhstan,Kazakhstan,rice,3.4,0.07,0.0194
KAZ-3206,East Kazakhstan,Kazakhstan,soyb,14.0,0.53,0.0379
KAZ-3206,East Kazakhstan,Kazakhstan,whea,507.3,27.96,0.0551
KAZ-3207,Almaty,Kazakhstan,barl,286.2,24.98,0.0873
KAZ-3207,Almaty,Kazakhstan,cott,87.1,9.84,0.113
KAZ-3207,Almaty,Kazakhstan,maiz,301.9,7.63,0.0253
KAZ-3207,Almaty,Kazakhstan,pota,452.0,7.05,0.0156
KAZ-3207,Almaty,Kazakhstan,rice,60.6,1.32,0.0218
KAZ-3207,Almaty,Kazakhstan,soyb,197.3,13.95,0.0707
KAZ-3207,Almaty,Kazakhstan,whea,167.4,12.13,0.0725
TJK-369,Leninabad,Tajikistan,barl,48.3,7.9,0.1636
TJK-369,Leninabad,Tajikistan,cott,136.7,52.99,0.3876
TJK-369,Leninabad,Tajikistan,grou,6.2,0.31,0.0502
TJK-369,Leninabad,Tajikistan,maiz,47.1,2.89,0.0614
TJK-369,Leninabad,Tajikistan,pota,346.1,7.99,0.0231
TJK-369,Leninabad,Tajikistan,rice,37.7,3.58,0.0948
TJK-369,Leninabad,Tajikistan,whea,281.4,37.16,0.132
BLR-2341,Vitebsk,Belarus,barl,250.8,1346.98,5.3712
BLR-2341,Vitebsk,Belarus,maiz,70.0,233.68,3.3392
BLR-2341,Vitebsk,Belarus,pota,398.0,385.07,0.9676
BLR-2341,Vitebsk,Belarus,rape,160.7,1415.19,8.8075
BLR-2341,Vitebsk,Belarus,whea,537.9,2382.5,4.4296
LTU-1074,Utenos,Lithuania,barl,35.7,28.03,0.7856
LTU-1074,Utenos,Lithuania,pota,15.3,3.3,0.2157
LTU-1074,Utenos,Lithuania,rape,48.1,47.29,0.9826
LTU-1074,Utenos,Lithuania,whea,248.5,162.83,0.6552
LTU-1075,Vilniaus,Lithuania,barl,27.6,27.88,1.0103
LTU-1075,Vilniaus,Lithuania,maiz,11.4,6.42,0.5607
LTU-1075,Vilniaus,Lithuania,pota,21.9,9.69,0.4436
LTU-1075,Vilniaus,Lithuania,rape,39.9,43.37,1.0881
LTU-1075,Vilniaus,Lithuania,whea,17.5,83.05,4.7592
BLR-2344,Grodno,Belarus,barl,229.9,630.1,2.7403
BLR-2344,Grodno,Belarus,maiz,167.0,277.51,1.6622
BLR-2344,Grodno,Belarus,pota,590.9,429.84,0.7275
BLR-2344,Grodno,Belarus,rape,120.9,524.8,4.3401
BLR-2344,Grodno,Belarus,whea,489.7,1107.74,2.2619
LTU-1067,Alytaus,Lithuania,barl,32.2,19.81,0.6154
LTU-1067,Alytaus,Lithuania,maiz,101.2,31.3,0.3093
LTU-1067,Alytaus,Lithuania,pota,14.0,2.37,0.1694
LTU-1067,Alytaus,Lithuania,rape,47.3,36.49,0.7709
LTU-1067,Alytaus,Lithuania,whea,224.3,112.01,0.4993
BRA-612,Rio Grande do Sul,Brazil,barl,154.0,61.05,0.3965
BRA-612,Rio Grande do Sul,Brazil,grou,7.5,2.62,0.3493
BRA-612,Rio Grande do Sul,Brazil,maiz,4369.3,1590.2,0.3639
BRA-612,Rio Grande do Sul,Brazil,pota,560.4,81.96,0.1462
BRA-612,Rio Grande do Sul,Brazil,rice,5921.1,4753.56,0.8028
BRA-612,Rio Grande do Sul,Brazil,sorg,13.3,8.03,0.6025
BRA-612,Rio Grande do Sul,Brazil,soyb,19479.9,3784.58,0.1943
BRA-612,Rio Grande do Sul,Brazil,sugc,1063.3,35.78,0.0336
BRA-612,Rio Grande do Sul,Brazil,whea,2303.9,1416.8,0.615
URY-6,Artigas,Uruguay,barl,12.8,9.17,0.7188
URY-6,Artigas,Uruguay,maiz,24.0,10.05,0.4192
URY-6,Artigas,Uruguay,pota,2.6,0.31,0.1194
URY-6,Artigas,Uruguay,rape,2.5,3.06,1.2199
URY-6,Artigas,Uruguay,rice,92.2,68.73,0.7453
URY-6,Artigas,Uruguay,sorg,3.1,1.74,0.5655
URY-6,Artigas,Uruguay,soyb,31.2,2.7,0.0865
URY-6,Artigas,Uruguay,sugc,37.1,1.63,0.0439
URY-6,Artigas,Uruguay,whea,16.0,9.83,0.6146
MNG-3332,Dornod,Mongolia,pota,9.3,0.7,0.0753
MNG-3332,Dornod,Mongolia,rape,2.5,5.71,2.2553
MNG-3332,Dornod,Mongolia,whea,39.4,63.21,1.603
CHN-1838,Inner Mongol,China,barl,118.6,82.12,0.6924
CHN-1838,Inner Mongol,China,grou,133.0,22.36,0.1681
CHN-1838,Inner Mongol,China,maiz,23370.3,4612.11,0.1973
CHN-1838,Inner Mongol,China,pota,7977.7,518.05,0.0649
CHN-1838,Inner Mongol,China,rape,589.1,573.82,0.974
CHN-1838,Inner Mongol,China,rice,1236.8,855.11,0.6914
CHN-1838,Inner Mongol,China,sorg,647.7,170.94,0.2639
CHN-1838,Inner Mongol,China,soyb,2423.3,5399.56,2.2281
CHN-1838,Inner Mongol,China,whea,3333.7,913.36,0.274
MNG-3208,Bayan-Ölgiy,Mongolia,pota,6.3,0.26,0.0407
MNG-3320,Hovd,Mongolia,pota,27.9,0.87,0.0314
MNG-3333,Sühbaatar,Mongolia,whea,2.4,1.17,0.4776
MNG-3319,Govi-Altay,Mongolia,whea,2.1,0.43,0.2073
CHN-1150,Gansu,China,barl,67.7,11.93,0.1764
CHN-1150,Gansu,China,cott,112.7,17.23,0.1528
CHN-1150,Gansu,China,grou,2.5,0.19,0.0757
CHN-1150,Gansu,China,maiz,6227.4,415.66,0.0667
CHN-1150,Gansu,China,pota,11035.1,200.89,0.0182
CHN-1150,Gansu,China,rape,390.2,58.01,0.1487
CHN-1150,Gansu,China,rice,27.2,15.3,0.5621
CHN-1150,Gansu,China,sorg,56.0,2.98,0.0533
CHN-1150,Gansu,China,soyb,128.5,10.86,0.0845
CHN-1150,Gansu,China,whea,4266.5,314.95,0.0738
RUS-2400,Gorno-Altay,Russia,pota,35.3,0.25,0.007
RUS-2400,Gorno-Altay,Russia,whea,2.2,0.16,0.0736
CZE-10368,Ústecký,Czech Republic,barl,89.3,10.7,0.1198
CZE-10368,Ústecký,Czech Republic,maiz,20.5,1.4,0.0684
CZE-10368,Ústecký,Czech Republic,pota,40.6,1.09,0.0268
CZE-10368,Ústecký,Czech Republic,rape,66.0,15.98,0.2421
CZE-10368,Ústecký,Czech Republic,soyb,1.0,0.15,0.1423
CZE-10368,Ústecký,Czech Republic,whea,236.6,31.14,0.1316
DEU-1601,Sachsen,Germany,barl,699.7,81.12,0.1159
DEU-1601,Sachsen,Germany,maiz,138.2,6.78,0.0491
DEU-1601,Sachsen,Germany,pota,250.8,4.1,0.0164
DEU-1601,Sachsen,Germany,rape,350.7,81.71,0.233
DEU-1601,Sachsen,Germany,soyb,2.0,0.26,0.1323
DEU-1601,Sachsen,Germany,whea,1295.1,162.41,0.1254
CZE-1597,Liberecký,Czech Republic,barl,35.6,6.16,0.1728
CZE-1597,Liberecký,Czech Republic,maiz,13.9,1.82,0.1304
CZE-1597,Liberecký,Czech Republic,pota,14.6,0.63,0.0434
CZE-1597,Liberecký,Czech Republic,rape,27.8,10.54,0.3797
CZE-1597,Liberecký,Czech Republic,soyb,1.1,0.38,0.3368
CZE-1597,Liberecký,Czech Republic,whea,115.1,24.47,0.2126
CZE-1590,Karlovarský,Czech Republic,barl,43.4,9.66,0.2228
CZE-1590,Karlovarský,Czech Republic,maiz,1.2,0.19,0.1569
CZE-1590,Karlovarský,Czech Republic,pota,15.7,0.74,0.0468
CZE-1590,Karlovarský,Czech Republic,rape,30.0,13.26,0.4417
CZE-1590,Karlovarský,Czech Republic,whea,116.7,27.84,0.2386
DEU-1591,Bayern,Germany,barl,2142.4,567.57,0.2649
DEU-1591,Bayern,Germany,maiz,1184.3,196.82,0.1662
DEU-1591,Bayern,Germany,pota,1765.3,65.3,0.037
DEU-1591,Bayern,Germany,rape,352.4,184.1,0.5225
DEU-1591,Bayern,Germany,soyb,53.4,28.83,0.5395
DEU-1591,Bayern,Germany,whea,3874.2,1140.41,0.2944
CZE-10369,Plzeňský,Czech Republic,barl,142.6,23.19,0.1626
CZE-10369,Plzeňský,Czech Republic,maiz,17.5,1.85,0.1061
CZE-10369,Plzeňský,Czech Republic,pota,68.0,2.55,0.0375
CZE-10369,Plzeňský,Czech Republic,rape,103.4,35.45,0.3427
CZE-10369,Plzeňský,Czech Republic,whea,520.2,98.42,0.1892
CZE-1593,Jihočeský,Czech Republic,barl,192.5,29.48,0.1532
CZE-1593,Jihočeský,Czech Republic,maiz,42.0,3.98,0.0948
CZE-1593,Jihočeský,Czech Republic,pota,84.8,2.77,0.0326
CZE-1593,Jihočeský,Czech Republic,rape,130.2,38.21,0.2934
CZE-1593,Jihočeský,Czech Republic,soyb,2.8,0.65,0.2294
CZE-1593,Jihočeský,Czech Republic,whea,675.6,112.36,0.1663
EST-2350,Viljandi,Estonia,barl,59.3,85.28,1.4392
EST-2350,Viljandi,Estonia,pota,8.7,1.97,0.2276
EST-2350,Viljandi,Estonia,rape,20.8,50.98,2.4531
EST-2350,Viljandi,Estonia,whea,92.9,127.98,1.3778
LVA-5796,Rujienas,Latvia,barl,2.6,3.62,1.3923
LVA-5796,Rujienas,Latvia,pota,1.5,0.37,0.2473
LVA-5796,Rujienas,Latvia,rape,3.7,6.51,1.7453
LVA-5796,Rujienas,Latvia,whea,22.3,23.75,1.0655
LVA-5791,Mazsalacas,Latvia,barl,2.7,5.11,1.8772
LVA-5791,Mazsalacas,Latvia,pota,1.4,0.49,0.3423
LVA-5791,Mazsalacas,Latvia,rape,3.6,8.4,2.3524
LVA-5791,Mazsalacas,Latvia,whea,21.3,30.63,1.4372
EST-2346,Pärnu,Estonia,barl,43.0,135.5,3.1505
EST-2346,Pärnu,Estonia,pota,7.2,3.49,0.487
EST-2346,Pärnu,Estonia,rape,14.7,72.12,4.8959
EST-2346,Pärnu,Estonia,whea,71.7,197.89,2.76
LVA-5755,Alojas,Latvia,barl,2.4,5.74,2.3609
LVA-5755,Alojas,Latvia,pota,1.4,0.58,0.4263
LVA-5755,Alojas,Latvia,rape,3.3,9.73,2.9036
LVA-5755,Alojas,Latvia,whea,20.6,36.25,1.7615
EST-2349,Valga,Estonia,barl,31.7,29.55,0.9311
EST-2349,Valga,Estonia,pota,5.1,0.76,0.148
EST-2349,Valga,Estonia,rape,11.5,18.29,1.5929
EST-2349,Valga,Estonia,whea,55.8,51.97,0.9311
LVA-5792,Nauksenu,Latvia,barl,1.4,2.06,1.4172
LVA-5792,Nauksenu,Latvia,rape,2.1,3.83,1.7921
LVA-5792,Nauksenu,Latvia,whea,12.8,13.86,1.0855
LVA-5774,Salacgrivas,Latvia,rape,1.4,2.82,1.9604
LVA-5774,Salacgrivas,Latvia,whea,8.4,9.97,1.185
EST-2351,Võru,Estonia,barl,13.0,12.88,0.9905
EST-2351,Võru,Estonia,pota,3.1,1.82,0.5896
EST-2351,Võru,Estonia,rape,4.8,9.94,2.0924
EST-2351,Võru,Estonia,whea,22.8,27.28,1.1977
LVA-5782,Apes,Latvia,whea,5.5,5.35,0.9795
LVA-1077,Valkas,Latvia,whea,3.5,3.35,0.9466
LVA-1076,Aluksne,Latvia,barl,4.4,4.87,1.1114
LVA-1076,Aluksne,Latvia,pota,2.4,0.47,0.1979
LVA-1076,Aluksne,Latvia,rape,5.9,8.14,1.3803
LVA-1076,Aluksne,Latvia,whea,33.2,28.11,0.8465
RUS-2335,Pskov,Russia,barl,19.5,83.66,4.2835
RUS-2335,Pskov,Russia,maiz,1.9,4.3,2.2422
RUS-2335,Pskov,Russia,pota,115.8,75.68,0.6537
RUS-2335,Pskov,Russia,rape,22.5,158.07,7.0285
RUS-2335,Pskov,Russia,whea,119.7,406.21,3.3947
LVA-5742,Vilakas,Latvia,barl,2.1,2.16,1.0276
LVA-5742,Vilakas,Latvia,pota,1.0,0.19,0.1842
LVA-5742,Vilakas,Latvia,rape,2.3,2.96,1.2682
LVA-5742,Vilakas,Latvia,whea,13.6,10.48,0.7721
LVA-5743,Baltinavas,Latvia,barl,2.7,4.19,1.5446
LVA-5743,Baltinavas,Latvia,pota,2.8,1.2,0.4308
LVA-5743,Baltinavas,Latvia,rape,3.7,7.09,1.9209
LVA-5743,Baltinavas,Latvia,whea,21.1,23.5,1.1131
LVA-5745,Ciblas,Latvia,barl,2.9,4.39,1.5303
LVA-5745,Ciblas,Latvia,pota,1.6,0.46,0.2827
LVA-5745,Ciblas,Latvia,rape,4.0,7.54,1.8749
LVA-5745,Ciblas,Latvia,whea,23.2,26.35,1.1374
LVA-1065,Ludzas,Latvia,barl,1.2,1.57,1.2584
LVA-1065,Ludzas,Latvia,rape,1.8,2.84,1.5429
LVA-1065,Ludzas,Latvia,whea,10.2,9.39,0.9189
LVA-5746,Zilupes,Latvia,barl,1.4,1.47,1.0404
LVA-5746,Zilupes,Latvia,rape,2.1,2.63,1.2772
LVA-5746,Zilupes,Latvia,whea,11.9,9.23,0.7735
LTU-1071,Panevezio,Lithuania,barl,95.2,67.93,0.7134
LTU-1071,Panevezio,Lithuania,pota,39.1,7.17,0.1833
LTU-1071,Panevezio,Lithuania,rape,129.9,115.96,0.8928
LTU-1071,Panevezio,Lithuania,whea,679.1,369.06,0.5434
LVA-5724,Neretas,Latvia,whea,5.2,11.33,2.1787
LVA-5733,Viesites,Latvia,barl,1.8,3.83,2.1166
LVA-5733,Viesites,Latvia,pota,1.0,0.38,0.3802
LVA-5733,Viesites,Latvia,rape,2.5,6.5,2.602
LVA-5733,Viesites,Latvia,whea,14.9,23.58,1.5859
LVA-5735,Vecumnieku,Latvia,barl,6.7,6.89,1.0351
LVA-5735,Vecumnieku,Latvia,pota,3.8,0.81,0.2132
LVA-5735,Vecumnieku,Latvia,rape,10.0,13.07,1.3049
LVA-5735,Vecumnieku,Latvia,whea,54.6,45.15,0.8267
LTU-936,Telšiai,Lithuania,barl,63.3,58.13,0.9189
LTU-936,Telšiai,Lithuania,pota,24.4,5.67,0.2321
LTU-936,Telšiai,Lithuania,rape,79.3,91.57,1.1554
LTU-936,Telšiai,Lithuania,whea,447.3,317.31,0.7094
LVA-1068,Saldus,Latvia,barl,17.0,24.9,1.4638
LVA-1068,Saldus,Latvia,pota,8.4,2.36,0.2821
LVA-1068,Saldus,Latvia,rape,24.3,43.94,1.8061
LVA-1068,Saldus,Latvia,whea,139.3,157.21,1.1282
LTU-935,Klaipedos,Lithuania,barl,83.0,81.29,0.9794
LTU-935,Klaipedos,Lithuania,maiz,2.3,5.99,2.6276
LTU-935,Klaipedos,Lithuania,pota,31.8,8.93,0.2809
LTU-935,Klaipedos,Lithuania,rape,109.2,140.79,1.2894
LTU-935,Klaipedos,Lithuania,whea,583.3,443.16,0.7598
LVA-5718,Rucavas,Latvia,barl,2.6,7.69,2.9562
LVA-5718,Rucavas,Latvia,pota,1.4,0.83,0.6103
LVA-5718,Rucavas,Latvia,rape,4.2,15.85,3.8094
LVA-5718,Rucavas,Latvia,whea,25.9,58.96,2.2809
LVA-5715,Priekules,Latvia,barl,6.1,2.21,0.3632
LVA-5715,Priekules,Latvia,pota,3.0,0.22,0.0719
LVA-5715,Priekules,Latvia,rape,8.7,4.34,0.5015
LVA-5715,Priekules,Latvia,whea,51.4,16.93,0.3296
LVA-5713,Vainodes,Latvia,barl,5.7,6.24,1.1053
LVA-5713,Vainodes,Latvia,pota,2.5,0.64,0.2506
LVA-5713,Vainodes,Latvia,rape,7.5,10.79,1.4297
LVA-5713,Vainodes,Latvia,whea,43.7,39.02,0.8926
LTU-1072,Šiauliai,Lithuania,barl,118.6,96.12,0.8106
LTU-1072,Šiauliai,Lithuania,pota,48.2,10.06,0.2085
LTU-1072,Šiauliai,Lithuania,rape,160.5,163.58,1.0193
LTU-1072,Šiauliai,Lithuania,whea,858.6,536.06,0.6243
LVA-5740,Auces,Latvia,barl,5.6,3.46,0.6157
LVA-5740,Auces,Latvia,pota,2.7,0.34,0.1253
LVA-5740,Auces,Latvia,rape,7.1,5.68,0.799
LVA-5740,Auces,Latvia,whea,40.1,19.35,0.4828
LVA-1079,Bauska,Latvia,barl,5.8,7.26,1.2608
LVA-1079,Bauska,Latvia,pota,2.9,0.74,0.2573
LVA-1079,Bauska,Latvia,rape,7.7,12.09,1.562
LVA-1079,Bauska,Latvia,whea,42.1,40.0,0.949
LVA-5739,Tervetes,Latvia,barl,7.2,3.63,0.5024
LVA-5739,Tervetes,Latvia,pota,3.5,0.38,0.108
LVA-5739,Tervetes,Latvia,rape,9.3,5.78,0.6239
LVA-5739,Tervetes,Latvia,whea,52.1,19.9,0.3818
LVA-1084,Jelgava,Latvia,barl,14.4,23.57,1.6412
LVA-1084,Jelgava,Latvia,pota,8.1,2.74,0.339
LVA-1084,Jelgava,Latvia,rape,21.4,45.73,2.1418
LVA-1084,Jelgava,Latvia,whea,121.7,156.1,1.283
LVA-5738,Rundales,Latvia,barl,15.8,19.45,1.2307
LVA-5738,Rundales,Latvia,pota,7.8,1.87,0.2405
LVA-5738,Rundales,Latvia,rape,20.4,30.34,1.4857
LVA-5738,Rundales,Latvia,whea,113.5,102.92,0.9064
LVA-5734,Aknistes,Latvia,barl,2.2,3.54,1.5964
LVA-5734,Aknistes,Latvia,pota,1.1,0.35,0.3017
LVA-5734,Aknistes,Latvia,rape,2.9,5.78,1.9856
LVA-5734,Aknistes,Latvia,whea,16.9,20.71,1.2276
LVA-1081,Daugavpils,Latvia,barl,8.5,13.0,1.5275
LVA-1081,Daugavpils,Latvia,pota,5.4,1.48,0.2724
LVA-1081,Daugavpils,Latvia,rape,14.1,25.14,1.7856
LVA-1081,Daugavpils,Latvia,whea,79.3,84.25,1.0626
SWE-190,Norrbotten,Sweden,barl,13.7,22.56,1.6423
SWE-190,Norrbotten,Sweden,pota,5.8,1.4,0.2423
SWE-190,Norrbotten,Sweden,whea,24.3,31.9,1.3109
SWE-192,Västerbotten,Sweden,barl,36.8,54.94,1.4926
SWE-192,Västerbotten,Sweden,pota,16.5,3.69,0.2238
SWE-192,Västerbotten,Sweden,rape,4.3,13.55,3.1366
SWE-192,Västerbotten,Sweden,whea,64.5,76.36,1.1841
SWE-189,Jämtland,Sweden,barl,1.7,2.36,1.3698
SWE-189,Jämtland,Sweden,whea,5.2,5.28,1.0078
NOR-925,Nord-Trøndelag,Norway,barl,149.1,830.84,5.5723
NOR-925,Nord-Trøndelag,Norway,pota,6.1,4.3,0.7079
NOR-911,Sør-Trøndelag,Norway,barl,132.8,686.41,5.1691
NOR-911,Sør-Trøndelag,Norway,pota,4.9,3.02,0.6195
NOR-919,Hedmark,Norway,barl,142.0,720.07,5.0695
NOR-919,Hedmark,Norway,pota,48.3,33.69,0.6971
NOR-919,Hedmark,Norway,rape,4.1,35.79,8.8148
SWE-181,Dalarna,Sweden,barl,28.6,26.83,0.9391
SWE-181,Dalarna,Sweden,pota,9.3,1.07,0.1151
SWE-181,Dalarna,Sweden,rape,1.9,2.75,1.4617
SWE-181,Dalarna,Sweden,whea,122.9,74.92,0.6095
SWE-188,Värmland,Sweden,barl,61.4,65.68,1.0699
SWE-188,Värmland,Sweden,pota,22.9,4.44,0.1935
SWE-188,Värmland,Sweden,rape,4.2,7.69,1.8271
SWE-188,Värmland,Sweden,whea,268.7,202.68,0.7542
NOR-917,Akershus,Norway,barl,13.0,31.42,2.4209
NOR-917,Akershus,Norway,pota,43.2,24.65,0.5708
NOR-917,Akershus,Norway,whea,54.1,259.71,4.8042
NOR-924,Østfold,Norway,barl,14.0,28.42,2.0328
NOR-924,Østfold,Norway,pota,38.2,17.05,0.446
NOR-924,Østfold,Norway,whea,42.2,153.86,3.6418
SWE-3428,Västra Götaland,Sweden,barl,254.7,312.24,1.226
SWE-3428,Västra Götaland,Sweden,pota,96.7,28.85,0.2983
SWE-3428,Västra Götaland,Sweden,rape,47.5,105.31,2.2189
SWE-3428,Västra Götaland,Sweden,whea,689.5,700.73,1.0163
FIN-3176,Lapland,Finland,barl,1.6,7.32,4.5725
FIN-3176,Lapland,Finland,whea,2.1,9.08,4.3879
VNM-486,Kon Tum,Vietnam,grou,1.1,0.21,0.189
VNM-486,Kon Tum,Vietnam,maiz,26.6,11.27,0.4237
VNM-486,Kon Tum,Vietnam,rice,142.5,45.77,0.3212
VNM-486,Kon Tum,Vietnam,sugc,25.0,1.06,0.0427
KHM-1795,Rôtânôkiri,Cambodia,grou,13.2,1.84,0.1396
KHM-1795,Rôtânôkiri,Cambodia,maiz,9.5,0.77,0.0818
KHM-1795,Rôtânôkiri,Cambodia,rice,156.2,47.87,0.3064
KHM-1795,Rôtânôkiri,Cambodia,soyb,32.4,13.45,0.4145
VNM-4835,Đắk Nông,Vietnam,grou,2.5,0.41,0.1625
VNM-4835,Đắk Nông,Vietnam,maiz,180.6,63.95,0.3542
VNM-4835,Đắk Nông,Vietnam,rice,70.6,29.02,0.4109
VNM-4835,Đắk Nông,Vietnam,sugc,97.5,3.92,0.0401
KHM-1794,Môndól Kiri,Cambodia,maiz,16.8,5.45,0.3242
KHM-1794,Môndól Kiri,Cambodia,rice,45.1,15.0,0.3327
KHM-1794,Môndól Kiri,Cambodia,soyb,1.4,0.99,0.6888
KHM-1794,Môndól Kiri,Cambodia,sugc,11.6,0.6,0.0518
VNM-477,Đắk Lắk,Vietnam,grou,8.7,1.59,0.1835
VNM-477,Đắk Lắk,Vietnam,maiz,426.6,156.43,0.3667
VNM-477,Đắk Lắk,Vietnam,rice,578.6,318.13,0.5498
VNM-477,Đắk Lắk,Vietnam,soyb,1.2,0.51,0.4261
VNM-477,Đắk Lắk,Vietnam,sugc,363.0,14.9,0.041
VNM-478,Gia Lai,Vietnam,grou,13.0,2.21,0.1697
VNM-478,Gia Lai,Vietnam,maiz,223.4,80.26,0.3593
VNM-478,Gia Lai,Vietnam,pota,4.0,0.23,0.0569
VNM-478,Gia Lai,Vietnam,rice,452.2,169.97,0.3759
VNM-478,Gia Lai,Vietnam,soyb,4.2,1.84,0.4371
VNM-478,Gia Lai,Vietnam,sugc,495.7,20.26,0.0409
VNM-484,Bình Phước,Vietnam,grou,2.5,0.5,0.2012
VNM-484,Bình Phước,Vietnam,maiz,15.1,5.56,0.3669
VNM-484,Bình Phước,Vietnam,rice,58.2,13.29,0.2282
VNM-484,Bình Phước,Vietnam,sugc,84.3,3.55,0.0421
KHM-1793,Krâchéh,Cambodia,maiz,3.7,0.42,0.1115
KHM-1793,Krâchéh,Cambodia,rice,160.9,62.75,0.3899
VNM-444,Tây Ninh,Vietnam,grou,11.3,2.54,0.2242
VNM-444,Tây Ninh,Vietnam,maiz,24.7,9.14,0.3706
VNM-444,Tây Ninh,Vietnam,oilp,26.4,1.99,0.0754
VNM-444,Tây Ninh,Vietnam,rice,998.1,633.7,0.6349
VNM-444,Tây Ninh,Vietnam,soyb,1.7,0.87,0.5247
VNM-444,Tây Ninh,Vietnam,sugc,231.0,10.45,0.0452
KHM-1784,Kâmpóng Cham,Cambodia,maiz,24.6,5.75,0.234
KHM-1784,Kâmpóng Cham,Cambodia,oilp,6.8,0.78,0.1149
KHM-1784,Kâmpóng Cham,Cambodia,rice,568.9,653.38,1.1486
KHM-1784,Kâmpóng Cham,Cambodia,sugc,140.6,29.06,0.2066
KHM-1801,Svay Rieng,Cambodia,grou,4.0,1.03,0.2558
KHM-1801,Svay Rieng,Cambodia,maiz,2.9,0.95,0.3276
KHM-1801,Svay Rieng,Cambodia,oilp,60.5,6.97,0.1151
KHM-1801,Svay Rieng,Cambodia,rice,1183.5,1431.77,1.2098
KHM-1801,Svay Rieng,Cambodia,sugc,152.8,6.85,0.0448
KHM-1790,Prey Vêng,Cambodia,maiz,7.2,1.68,0.232
KHM-1790,Prey Vêng,Cambodia,oilp,119.8,15.82,0.132
KHM-1790,Prey Vêng,Cambodia,rice,819.7,481.89,0.5879
KHM-1790,Prey Vêng,Cambodia,sugc,8.6,2.41,0.2808
VNM-503,Long An,Vietnam,grou,17.4,4.14,0.2378
VNM-503,Long An,Vietnam,maiz,10.4,4.02,0.3879
VNM-503,Long An,Vietnam,oilp,1.3,0.16,0.1256
VNM-503,Long An,Vietnam,rice,2826.3,4442.56,1.5719
VNM-503,Long An,Vietnam,soyb,3.0,1.57,0.5185
VNM-503,Long An,Vietnam,sugc,322.0,16.31,0.0507
VNM-500,Ðong Tháp,Vietnam,grou,6.3,1.5,0.2363
VNM-500,Ðong Tháp,Vietnam,maiz,9.0,3.53,0.3939
VNM-500,Ðong Tháp,Vietnam,oilp,6.1,0.71,0.1171
VNM-500,Ðong Tháp,Vietnam,rice,1226.5,1755.27,1.4311
VNM-500,Ðong Tháp,Vietnam,soyb,1.1,0.59,0.5167
VNM-500,Ðong Tháp,Vietnam,sugc,166.6,7.11,0.0427
VNM-498,An Giang,Vietnam,grou,7.0,1.58,0.2251
VNM-498,An Giang,Vietnam,maiz,31.2,12.12,0.3887
VNM-498,An Giang,Vietnam,oilp,2.8,0.32,0.1142
VNM-498,An Giang,Vietnam,rice,3527.7,5227.5,1.4819
VNM-498,An Giang,Vietnam,soyb,2.3,1.15,0.4914
VNM-498,An Giang,Vietnam,sugc,147.8,8.21,0.0555
KHM-1786,Kândal,Cambodia,maiz,22.5,4.8,0.2133
KHM-1786,Kândal,Cambodia,oilp,11.9,1.73,0.1454
KHM-1786,Kândal,Cambodia,rice,410.9,888.84,2.163
KHM-1786,Kândal,Cambodia,sugc,77.5,12.2,0.1574
KHM-1802,Takêv,Cambodia,maiz,4.4,0.86,0.1982
KHM-1802,Takêv,Cambodia,rice,715.0,775.83,1.085
KHM-1802,Takêv,Cambodia,sugc,10.1,0.82,0.081
VNM-502,Kiên Giang,Vietnam,grou,30.9,6.55,0.2122
VNM-502,Kiên Giang,Vietnam,maiz,7.9,2.9,0.3686
VNM-502,Kiên Giang,Vietnam,rice,4572.4,6809.42,1.4893
VNM-502,Kiên Giang,Vietnam,soyb,5.2,2.44,0.4694
VNM-502,Kiên Giang,Vietnam,sugc,555.1,24.1,0.0434
KHM-1797,Kâmpôt,Cambodia,grou,2.0,0.31,0.155
KHM-1797,Kâmpôt,Cambodia,maiz,11.8,0.82,0.0692
KHM-1797,Kâmpôt,Cambodia,rice,641.5,515.02,0.8029
KHM-1797,Kâmpôt,Cambodia,sugc,9.0,0.89,0.0981
DEU-1580,Rheinland-Pfalz,Germany,barl,476.2,75.87,0.1594
DEU-1580,Rheinland-Pfalz,Germany,maiz,96.0,6.55,0.0683
DEU-1580,Rheinland-Pfalz,Germany,pota,301.2,6.42,0.0213
DEU-1580,Rheinland-Pfalz,Germany,rape,129.7,45.2,0.3486
DEU-1580,Rheinland-Pfalz,Germany,soyb,1.1,0.18,0.1685
DEU-1580,Rheinland-Pfalz,Germany,whea,41.8,6.76,0.1618
LUX-906,Diekirch,Luxembourg,barl,7.5,3.24,0.4349
LUX-906,Diekirch,Luxembourg,pota,4.2,0.31,0.0751
LUX-906,Diekirch,Luxembourg,rape,1.8,1.13,0.6202
LUX-906,Diekirch,Luxembourg,whea,17.1,10.28,0.6022
LUX-907,Grevenmacher,Luxembourg,barl,27.4,8.84,0.3225
LUX-907,Grevenmacher,Luxembourg,maiz,2.4,0.41,0.1704
LUX-907,Grevenmacher,Luxembourg,pota,14.2,0.75,0.0527
LUX-907,Grevenmacher,Luxembourg,rape,7.8,4.34,0.5604
LUX-907,Grevenmacher,Luxembourg,whea,26.9,14.86,0.5532
DEU-1581,Saarland,Germany,barl,41.4,9.39,0.2269
DEU-1581,Saarland,Germany,maiz,4.5,0.63,0.1406
DEU-1581,Saarland,Germany,pota,5.9,0.14,0.0234
DEU-1581,Saarland,Germany,rape,13.7,6.78,0.4941
DEU-1581,Saarland,Germany,whea,86.8,24.18,0.2784
FRA-5330,Nord,France,barl,100.6,33.78,0.3357
FRA-5330,Nord,France,maiz,102.6,18.73,0.1826
FRA-5330,Nord,France,pota,935.9,27.81,0.0297
FRA-5330,Nord,France,rape,34.0,24.23,0.7127
FRA-5330,Nord,France,whea,548.9,215.64,0.3928
BEL-3479,West Flanders,Belgium,barl,38.1,19.55,0.5128
BEL-3479,West Flanders,Belgium,maiz,175.1,66.56,0.3801
BEL-3479,West Flanders,Belgium,pota,1334.5,119.3,0.0894
BEL-3479,West Flanders,Belgium,rape,3.1,2.72,0.8799
BEL-3479,West Flanders,Belgium,whea,401.8,230.71,0.5742
BEL-2,Hainaut,Belgium,barl,69.7,15.91,0.2281
BEL-2,Hainaut,Belgium,maiz,31.8,5.37,0.1688
BEL-2,Hainaut,Belgium,pota,698.3,34.11,0.0488
BEL-2,Hainaut,Belgium,rape,6.2,4.37,0.7099
BEL-2,Hainaut,Belgium,whea,341.6,97.48,0.2854
FRA-5268,Ardennes,France,barl,306.2,118.43,0.3868
FRA-5268,Ardennes,France,maiz,65.9,15.07,0.2287
FRA-5268,Ardennes,France,pota,214.8,5.73,0.0267
FRA-5268,Ardennes,France,rape,66.6,51.8,0.7773
FRA-5268,Ardennes,France,soyb,1.8,1.58,0.88
FRA-5268,Ardennes,France,whea,479.1,217.52,0.454
BEL-3476,Namur,Belgium,barl,66.6,14.03,0.2106
BEL-3476,Namur,Belgium,maiz,5.7,0.8,0.1392
BEL-3476,Namur,Belgium,pota,276.6,12.8,0.0463
BEL-3476,Namur,Belgium,rape,11.9,7.15,0.5991
BEL-3476,Namur,Belgium,whea,188.4,48.99,0.26
FRA-5263,Aisne,France,barl,249.0,52.56,0.2111
FRA-5263,Aisne,France,maiz,150.9,17.49,0.1158
FRA-5263,Aisne,France,pota,561.8,10.75,0.0191
FRA-5263,Aisne,France,rape,123.7,55.88,0.4518
FRA-5263,Aisne,France,whea,653.8,165.56,0.2532
BEL-3477,Luxembourg,Belgium,barl,16.2,5.34,0.3298
BEL-3477,Luxembourg,Belgium,maiz,2.3,0.49,0.2162
BEL-3477,Luxembourg,Belgium,pota,8.8,0.48,0.0551
BEL-3477,Luxembourg,Belgium,rape,2.6,2.01,0.7746
BEL-3477,Luxembourg,Belgium,whea,39.1,15.21,0.3888
FRA-5326,Meuse,France,barl,272.1,81.84,0.3008
FRA-5326,Meuse,France,maiz,45.1,7.41,0.1644
FRA-5326,Meuse,France,pota,16.9,0.28,0.0167
FRA-5326,Meuse,France,rape,75.1,50.94,0.6779
FRA-5326,Meuse,France,soyb,1.4,0.91,0.6763
FRA-5326,Meuse,France,whea,519.1,206.32,0.3975
FRA-5325,Meurthe-et-Moselle,France,barl,187.6,94.39,0.5033
FRA-5325,Meurthe-et-Moselle,France,maiz,31.6,9.33,0.2954
FRA-5325,Meurthe-et-Moselle,France,pota,5.3,0.23,0.0438
FRA-5325,Meurthe-et-Moselle,France,rape,52.8,54.33,1.03
FRA-5325,Meurthe-et-Moselle,France,whea,360.4,209.14,0.5803
BEL-3481,Liege,Belgium,barl,23.5,4.63,0.1973
BEL-3481,Liege,Belgium,maiz,5.5,0.74,0.135
BEL-3481,Liege,Belgium,pota,257.8,10.06,0.039
BEL-3481,Liege,Belgium,rape,4.1,2.25,0.5476
BEL-3481,Liege,Belgium,whea,101.3,23.39,0.231
LUX-908,Luxembourg,Luxembourg,barl,18.8,5.94,0.3159
LUX-908,Luxembourg,Luxembourg,pota,9.8,0.56,0.0571
LUX-908,Luxembourg,Luxembourg,rape,4.2,2.46,0.588
LUX-908,Luxembourg,Luxembourg,whea,44.1,18.53,0.4204
RUS-2371,Krasnodar,Russia,barl,559.2,127.37,0.2278
RUS-2371,Krasnodar,Russia,maiz,1914.0,192.5,0.1006
RUS-2371,Krasnodar,Russia,pota,590.4,16.69,0.0283
RUS-2371,Krasnodar,Russia,rape,71.0,26.74,0.3763
RUS-2371,Krasnodar,Russia,rice,753.2,574.0,0.7621
RUS-2371,Krasnodar,Russia,soyb,207.9,33.13,0.1594
RUS-2371,Krasnodar,Russia,whea,4801.0,530.78,0.1106
GEO-3015,Abkhazia,Georgia,maiz,9.6,5.66,0.5893
GEO-3015,Abkhazia,Georgia,pota,1.6,0.24,0.151
RUS-2280,Karachay-Cherkess,Russia,barl,21.2,7.32,0.345
RUS-2280,Karachay-Cherkess,Russia,maiz,208.7,27.21,0.1304
RUS-2280,Karachay-Cherkess,Russia,pota,130.4,4.6,0.0352
RUS-2280,Karachay-Cherkess,Russia,rape,1.0,0.36,0.3485
RUS-2280,Karachay-Cherkess,Russia,soyb,2.0,0.23,0.1129
RUS-2280,Karachay-Cherkess,Russia,whea,103.6,13.12,0.1267
RUS-2304,Kabardin-Balkar,Russia,barl,52.8,13.58,0.2573
RUS-2304,Kabardin-Balkar,Russia,maiz,589.6,50.54,0.0857
RUS-2304,Kabardin-Balkar,Russia,pota,131.1,2.58,0.0196
RUS-2304,Kabardin-Balkar,Russia,rape,4.1,1.41,0.3462
RUS-2304,Kabardin-Balkar,Russia,soyb,4.7,0.64,0.134
RUS-2304,Kabardin-Balkar,Russia,whea,175.5,14.86,0.0847
GEO-3029,Samegrelo-Zemo Svaneti,Georgia,maiz,71.0,36.88,0.5196
RUS-2305,North Ossetia,Russia,barl,15.3,4.74,0.3101
RUS-2305,North Ossetia,Russia,maiz,320.9,33.5,0.1044
RUS-2305,North Ossetia,Russia,pota,56.5,1.42,0.0251
RUS-2305,North Ossetia,Russia,rape,5.4,2.4,0.4403
RUS-2305,North Ossetia,Russia,soyb,3.2,0.55,0.1741
RUS-2305,North Ossetia,Russia,whea,83.3,8.92,0.1071
GEO-3039,Shida Kartli,Georgia,barl,8.3,1.58,0.1905
GEO-3039,Shida Kartli,Georgia,maiz,14.8,3.13,0.2114
GEO-3039,Shida Kartli,Georgia,pota,15.0,0.82,0.0544
GEO-3039,Shida Kartli,Georgia,whea,7.7,1.4,0.1821
GEO-3035,Racha-Lechkhumi-Kvemo Svaneti,Georgia,maiz,3.4,1.59,0.4734
RUS-2303,Ingush,Russia,barl,19.5,1.92,0.0987
RUS-2303,Ingush,Russia,maiz,138.5,6.98,0.0504
RUS-2303,Ingush,Russia,pota,49.9,0.54,0.0109
RUS-2303,Ingush,Russia,rape,1.3,0.25,0.1969
RUS-2303,Ingush,Russia,whea,47.2,2.92,0.0619
GEO-3034,Mtskheta-Mtianeti,Georgia,maiz,3.8,0.83,0.2159
GEO-3034,Mtskheta-Mtianeti,Georgia,pota,7.4,0.58,0.0783
RUS-2416,Chechnya,Russia,barl,156.8,11.53,0.0735
RUS-2416,Chechnya,Russia,maiz,99.2,4.95,0.0499
RUS-2416,Chechnya,Russia,pota,112.3,1.06,0.0094
RUS-2416,Chechnya,Russia,rape,25.8,2.96,0.1148
RUS-2416,Chechnya,Russia,rice,24.7,1.03,0.0415
RUS-2416,Chechnya,Russia,whea,361.2,18.2,0.0504
GEO-3033,Kakheti,Georgia,barl,25.3,4.98,0.1971
GEO-3033,Kakheti,Georgia,maiz,42.5,8.26,0.1942
GEO-3033,Kakheti,Georgia,pota,14.3,0.81,0.0565
GEO-3033,Kakheti,Georgia,soyb,1.5,0.11,0.0743
GEO-3033,Kakheti,Georgia,whea,84.6,15.71,0.1857
RUS-2417,Dagestan,Russia,barl,91.9,13.82,0.1504
RUS-2417,Dagestan,Russia,maiz,28.6,1.89,0.0661
RUS-2417,Dagestan,Russia,pota,390.4,8.38,0.0215
RUS-2417,Dagestan,Russia,rape,1.1,0.08,0.0762
RUS-2417,Dagestan,Russia,rice,158.0,5.13,0.0325
RUS-2417,Dagestan,Russia,whea,264.7,31.17,0.1177
MKD-4845,Struga,Macedonia,barl,1.1,0.11,0.0964
MKD-4845,Struga,Macedonia,maiz,2.7,0.2,0.0741
MKD-4845,Struga,Macedonia,pota,2.5,0.06,0.0257
MKD-4845,Struga,Macedonia,whea,2.0,0.4,0.203
ALB-1526,Dibër,Albania,maiz,19.6,2.49,0.127
ALB-1526,Dibër,Albania,pota,13.8,0.6,0.0432
ALB-1526,Dibër,Albania,whea,12.7,5.46,0.4295
ALB-1502,Kukës,Albania,maiz,5.1,0.82,0.1604
ALB-1502,Kukës,Albania,pota,6.0,0.3,0.0513
ALB-1502,Kukës,Albania,whea,5.9,3.12,0.524
ALB-1521,Korçë,Albania,barl,2.8,0.48,0.1714
ALB-1521,Korçë,Albania,maiz,25.6,1.86,0.0724
ALB-1521,Korçë,Albania,pota,23.0,0.61,0.0266
ALB-1521,Korçë,Albania,whea,31.7,7.73,0.244
ALB-1524,Elbasan,Albania,barl,1.2,0.2,0.1647
ALB-1524,Elbasan,Albania,maiz,46.9,3.48,0.0742
ALB-1524,Elbasan,Albania,pota,33.2,0.86,0.0258
ALB-1524,Elbasan,Albania,whea,43.2,10.23,0.237
MKD-2898,Ohrid,Macedonia,maiz,1.1,0.07,0.067
MKD-2898,Ohrid,Macedonia,pota,1.3,0.03,0.0229
MKD-2898,Ohrid,Macedonia,whea,1.1,0.19,0.1652
MKD-2899,Debarca,Macedonia,barl,1.2,0.1,0.0849
MKD-2899,Debarca,Macedonia,maiz,1.1,0.06,0.0556
MKD-2899,Debarca,Macedonia,pota,1.5,0.03,0.0188
MKD-2899,Debarca,Macedonia,whea,1.8,0.23,0.1331
MKD-2894,Resen,Macedonia,barl,1.5,0.11,0.073
MKD-2894,Resen,Macedonia,maiz,1.8,0.19,0.1044
MKD-2894,Resen,Macedonia,pota,1.4,0.03,0.0217
MKD-2894,Resen,Macedonia,whea,6.0,0.38,0.0636
AZE-1684,Qazax,Azerbaijan,barl,4.5,0.77,0.1739
AZE-1684,Qazax,Azerbaijan,maiz,8.2,0.72,0.0878
AZE-1684,Qazax,Azerbaijan,pota,28.1,1.04,0.0369
AZE-1684,Qazax,Azerbaijan,whea,39.5,9.56,0.2419
KOS-5890,Đakovica,Kosovo,maiz,1.5,0.25,0.1671
KOS-5890,Đakovica,Kosovo,pota,1.4,0.09,0.0616
KOS-5890,Đakovica,Kosovo,whea,1.7,0.74,0.432
TUR-4839,Ardahan,Turkey,barl,29.3,6.62,0.2258
TUR-4839,Ardahan,Turkey,whea,51.8,11.13,0.215
GEO-3038,Samtskhe-Javakheti,Georgia,barl,11.1,4.42,0.3966
GEO-3038,Samtskhe-Javakheti,Georgia,maiz,3.0,0.7,0.2305
GEO-3038,Samtskhe-Javakheti,Georgia,pota,15.2,1.7,0.1113
GEO-3038,Samtskhe-Javakheti,Georgia,whea,6.2,1.96,0.317
TUR-2298,Artvin,Turkey,barl,9.4,2.47,0.2612
TUR-2298,Artvin,Turkey,maiz,20.9,3.94,0.1882
TUR-2298,Artvin,Turkey,pota,66.2,5.0,0.0755
TUR-2298,Artvin,Turkey,whea,20.1,5.59,0.2788
GEO-3027,Ajaria,Georgia,maiz,8.1,3.6,0.4423
GEO-3027,Ajaria,Georgia,pota,1.2,0.23,0.1863
FRA-5328,Moselle,France,barl,213.1,75.34,0.3535
FRA-5328,Moselle,France,maiz,35.7,7.17,0.2008
FRA-5328,Moselle,France,pota,9.9,0.3,0.0307
FRA-5328,Moselle,France,rape,62.6,47.5,0.7582
FRA-5328,Moselle,France,soyb,1.0,0.83,0.7962
FRA-5328,Moselle,France,whea,396.3,176.32,0.445
MAR-1445,Tanger - Tétouan,Morocco,barl,21.0,3.78,0.18
MAR-1445,Tanger - Tétouan,Morocco,grou,5.6,1.11,0.1989
MAR-1445,Tanger - Tétouan,Morocco,pota,97.9,2.22,0.0227
MAR-1445,Tanger - Tétouan,Morocco,rice,5.2,4.27,0.8213
MAR-1445,Tanger - Tétouan,Morocco,sugc,111.7,1.53,0.0137
MAR-1445,Tanger - Tétouan,Morocco,whea,136.9,23.74,0.1734
LAO-3291,Phôngsali,Laos,grou,3.5,0.88,0.253
LAO-3291,Phôngsali,Laos,maiz,40.8,10.0,0.2451
LAO-3291,Phôngsali,Laos,pota,6.5,0.38,0.0587
LAO-3291,Phôngsali,Laos,rice,78.4,41.55,0.5297
LAO-3291,Phôngsali,Laos,soyb,1.2,0.46,0.381
LAO-3291,Phôngsali,Laos,sugc,233.2,4.88,0.0209
CHN-1810,Yunnan,China,barl,286.2,95.91,0.3351
CHN-1810,Yunnan,China,grou,163.9,29.15,0.1779
CHN-1810,Yunnan,China,maiz,10870.4,1789.0,0.1646
CHN-1810,Yunnan,China,pota,9506.8,430.84,0.0453
CHN-1810,Yunnan,China,rape,533.5,182.54,0.3422
CHN-1810,Yunnan,China,rice,6022.6,8654.76,1.437
CHN-1810,Yunnan,China,sorg,21.2,2.49,0.1177
CHN-1810,Yunnan,China,soyb,418.2,90.86,0.2172
CHN-1810,Yunnan,China,sugc,18888.3,598.05,0.0317
CHN-1810,Yunnan,China,whea,17.9,2.48,0.1391
LAO-3290,Oudômxai,Laos,grou,1.3,0.21,0.1614
LAO-3290,Oudômxai,Laos,maiz,86.2,13.0,0.1509
LAO-3290,Oudômxai,Laos,rice,78.1,30.95,0.3961
LAO-3290,Oudômxai,Laos,soyb,1.0,0.41,0.413
LAO-3290,Oudômxai,Laos,sugc,22.2,0.2,0.0088
LAO-3272,Louang Namtha,Laos,maiz,20.7,3.45,0.1668
LAO-3272,Louang Namtha,Laos,pota,2.0,0.15,0.0735
LAO-3272,Louang Namtha,Laos,rice,67.3,77.75,1.1553
LAO-3272,Louang Namtha,Laos,sugc,180.3,3.01,0.0167
KGZ-1117,Ysyk-Köl,Kyrgyzstan,barl,75.5,4.31,0.0571
KGZ-1117,Ysyk-Köl,Kyrgyzstan,maiz,41.2,1.11,0.027
KGZ-1117,Ysyk-Köl,Kyrgyzstan,pota,406.7,4.03,0.0099
KGZ-1117,Ysyk-Köl,Kyrgyzstan,whea,135.3,9.48,0.0701
KGZ-1118,Naryn,Kyrgyzstan,barl,42.6,4.75,0.1115
KGZ-1118,Naryn,Kyrgyzstan,maiz,5.8,0.52,0.0889
KGZ-1118,Naryn,Kyrgyzstan,pota,104.1,1.57,0.0151
KGZ-1118,Naryn,Kyrgyzstan,whea,13.9,4.4,0.3171
KGZ-1122,Osh,Kyrgyzstan,barl,48.7,5.91,0.1212
KGZ-1122,Osh,Kyrgyzstan,cott,30.1,6.6,0.2193
KGZ-1122,Osh,Kyrgyzstan,maiz,144.8,7.08,0.0489
KGZ-1122,Osh,Kyrgyzstan,pota,221.4,5.21,0.0236
KGZ-1122,Osh,Kyrgyzstan,rice,12.8,0.95,0.0743
KGZ-1122,Osh,Kyrgyzstan,whea,105.4,14.16,0.1344
ARM-1670,Tavush,Armenia,barl,6.1,1.78,0.2934
ARM-1670,Tavush,Armenia,whea,9.1,3.64,0.3985
GEO-3037,Kvemo Kartli,Georgia,barl,6.6,1.75,0.2651
GEO-3037,Kvemo Kartli,Georgia,maiz,26.4,6.04,0.2285
GEO-3037,Kvemo Kartli,Georgia,pota,155.7,9.91,0.0637
GEO-3037,Kvemo Kartli,Georgia,whea,18.0,4.74,0.2635
ARM-1674,Lori,Armenia,barl,3.5,1.7,0.4908
ARM-1674,Lori,Armenia,whea,18.9,9.83,0.5198
ARM-1555,Shirak,Armenia,barl,18.2,8.33,0.4573
ARM-1555,Shirak,Armenia,whea,18.2,8.82,0.485
KAZ-3252,Zhambyl,Kazakhstan,barl,283.4,16.52,0.0583
KAZ-3252,Zhambyl,Kazakhstan,cott,14.7,0.88,0.0599
KAZ-3252,Zhambyl,Kazakhstan,maiz,120.9,3.48,0.0288
KAZ-3252,Zhambyl,Kazakhstan,pota,166.0,2.12,0.0128
KAZ-3252,Zhambyl,Kazakhstan,soyb,1.2,0.07,0.0612
KAZ-3252,Zhambyl,Kazakhstan,whea,214.8,12.58,0.0586
KGZ-1116,Chuy,Kyrgyzstan,barl,217.0,9.67,0.0446
KGZ-1116,Chuy,Kyrgyzstan,maiz,158.5,4.73,0.0298
KGZ-1116,Chuy,Kyrgyzstan,pota,133.9,1.25,0.0093
KGZ-1116,Chuy,Kyrgyzstan,whea,230.1,13.74,0.0597
KGZ-1121,Talas,Kyrgyzstan,barl,5.5,0.16,0.0294
KGZ-1121,Talas,Kyrgyzstan,maiz,20.8,0.62,0.0297
KGZ-1121,Talas,Kyrgyzstan,pota,184.6,2.21,0.012
KGZ-1121,Talas,Kyrgyzstan,whea,10.8,0.58,0.0541
KAZ-3251,South Kazakhstan,Kazakhstan,barl,53.5,6.31,0.1178
KAZ-3251,South Kazakhstan,Kazakhstan,cott,156.1,16.98,0.1088
KAZ-3251,South Kazakhstan,Kazakhstan,maiz,145.3,4.13,0.0284
KAZ-3251,South Kazakhstan,Kazakhstan,pota,176.2,3.28,0.0186
KAZ-3251,South Kazakhstan,Kazakhstan,rice,16.7,14.68,0.879
KAZ-3251,South Kazakhstan,Kazakhstan,whea,243.8,27.19,0.1115
BRA-670,Roraima,Brazil,maiz,64.6,11.38,0.1762
BRA-670,Roraima,Brazil,oilp,1.7,0.13,0.0812
BRA-670,Roraima,Brazil,rice,69.8,12.9,0.1848
BRA-670,Roraima,Brazil,soyb,142.7,13.37,0.0937
BRA-670,Roraima,Brazil,sugc,14.1,0.16,0.0116
GUY-674,Upper Demerara-Berbice,Guyana,maiz,1.3,0.23,0.1777
GUY-674,Upper Demerara-Berbice,Guyana,rice,3.6,0.5,0.1392
GUY-674,Upper Demerara-Berbice,Guyana,soyb,1.6,0.18,0.112
BRA-594,Pará,Brazil,cott,11.5,4.63,0.4018
BRA-594,Pará,Brazil,maiz,1595.4,223.02,0.1398
BRA-594,Pará,Brazil,oilp,2623.3,119.91,0.0457
BRA-594,Pará,Brazil,rice,252.0,65.04,0.2581
BRA-594,Pará,Brazil,sorg,45.8,8.77,0.1915
BRA-594,Pará,Brazil,soyb,1996.2,160.68,0.0805
BRA-594,Pará,Brazil,sugc,1122.8,11.04,0.0098
DEU-1579,Schleswig-Holstein,Germany,barl,486.9,504.17,1.0355
DEU-1579,Schleswig-Holstein,Germany,maiz,8.1,2.72,0.3372
DEU-1579,Schleswig-Holstein,Germany,pota,298.3,49.45,0.1658
DEU-1579,Schleswig-Holstein,Germany,rape,229.0,406.54,1.7752
DEU-1579,Schleswig-Holstein,Germany,whea,1343.1,1357.7,1.0109
DNK-3417,Syddanmark,Denmark,barl,922.4,740.83,0.8031
DNK-3417,Syddanmark,Denmark,maiz,12.8,10.77,0.8394
DNK-3417,Syddanmark,Denmark,pota,1364.8,286.56,0.21
DNK-3417,Syddanmark,Denmark,rape,117.0,180.09,1.5392
DNK-3417,Syddanmark,Denmark,whea,858.9,702.14,0.8175
PER-572,Madre de Dios,Peru,barl,2.2,0.75,0.3354
PER-572,Madre de Dios,Peru,maiz,20.2,30.06,1.486
PER-572,Madre de Dios,Peru,oilp,161.0,137.57,0.8543
PER-572,Madre de Dios,Peru,rice,17.5,14.98,0.8562
BRA-576,Acre,Brazil,maiz,169.4,23.89,0.141
BRA-576,Acre,Brazil,rice,26.0,14.66,0.5634
BRA-576,Acre,Brazil,soyb,5.6,0.82,0.1457
BRA-576,Acre,Brazil,sugc,34.9,0.66,0.0188
TUN-98,Tataouine,Tunisia,barl,1.7,0.15,0.0916
TUN-98,Tataouine,Tunisia,pota,9.3,0.18,0.0198
TUN-96,Médenine,Tunisia,barl,6.8,1.11,0.1629
TUN-96,Médenine,Tunisia,pota,4.2,0.13,0.0314
TUN-96,Médenine,Tunisia,whea,1.3,0.16,0.1246
LBY-2974,An Nuqat al Khams,Libya,barl,1.5,1.86,1.2331
LBY-2974,An Nuqat al Khams,Libya,pota,3.4,0.1,0.03
LBY-2974,An Nuqat al Khams,Libya,whea,3.1,2.46,0.8056
AZE-1676,Ağstafa,Azerbaijan,maiz,1.1,0.15,0.1402
AZE-1676,Ağstafa,Azerbaijan,pota,1.8,0.07,0.0365
AZE-1676,Ağstafa,Azerbaijan,whea,7.6,1.93,0.2537
AZE-1687,Tovuz,Azerbaijan,barl,6.7,1.75,0.2618
AZE-1687,Tovuz,Azerbaijan,maiz,9.7,0.82,0.0849
AZE-1687,Tovuz,Azerbaijan,pota,126.4,3.78,0.0299
AZE-1687,Tovuz,Azerbaijan,whea,36.2,9.16,0.2532
AZE-1678,Gədəbəy,Azerbaijan,barl,1.8,0.3,0.1636
AZE-1678,Gədəbəy,Azerbaijan,pota,43.0,1.55,0.036
AZE-1678,Gədəbəy,Azerbaijan,whea,2.0,0.49,0.2446
ARM-1672,Gegharkunik,Armenia,barl,18.7,10.93,0.5837
ARM-1672,Gegharkunik,Armenia,pota,404.4,1.43,0.0035
ARM-1672,Gegharkunik,Armenia,whea,22.6,13.25,0.5867
AZE-1677,Daşkəsən,Azerbaijan,barl,1.7,0.61,0.3585
AZE-1677,Daşkəsən,Azerbaijan,pota,15.7,1.0,0.0633
AZE-1677,Daşkəsən,Azerbaijan,whea,2.0,0.8,0.3926
ARM-1733,Vayots Dzor,Armenia,barl,1.6,0.79,0.4859
ARM-1733,Vayots Dzor,Armenia,pota,1.7,0.07,0.0411
ARM-1733,Vayots Dzor,Armenia,whea,1.9,0.76,0.3963
ARM-1732,Syunik,Armenia,barl,7.5,2.94,0.3915
ARM-1732,Syunik,Armenia,pota,40.3,0.18,0.0044
ARM-1732,Syunik,Armenia,whea,19.4,8.26,0.4247
AZE-1735,Lankaran,Azerbaijan,barl,3.0,1.15,0.3777
AZE-1735,Lankaran,Azerbaijan,whea,4.1,2.33,0.5648
AZE-2419,Şərur,Azerbaijan,barl,3.7,0.73,0.2008
AZE-2419,Şərur,Azerbaijan,cott,2.8,1.16,0.4095
AZE-2419,Şərur,Azerbaijan,maiz,5.3,0.46,0.0872
AZE-2419,Şərur,Azerbaijan,pota,14.2,0.53,0.0373
AZE-2419,Şərur,Azerbaijan,whea,13.6,3.28,0.2419
ARM-1671,Ararat,Armenia,barl,5.2,1.05,0.2004
ARM-1671,Ararat,Armenia,maiz,2.0,0.21,0.1039
ARM-1671,Ararat,Armenia,whea,10.3,2.33,0.2255
AZE-5567,Kangarli,Azerbaijan,barl,4.4,0.92,0.2095
AZE-5567,Kangarli,Azerbaijan,maiz,2.8,0.27,0.0964
AZE-5567,Kangarli,Azerbaijan,pota,13.7,0.47,0.0345
AZE-5567,Kangarli,Azerbaijan,whea,10.2,2.18,0.2124
AZE-2420,Babək,Azerbaijan,barl,7.7,2.55,0.332
AZE-2420,Babək,Azerbaijan,maiz,1.0,0.1,0.099
AZE-2420,Babək,Azerbaijan,pota,7.4,0.37,0.0495
AZE-2420,Babək,Azerbaijan,whea,22.3,6.14,0.2759
AZE-2423,Şahbuz,Azerbaijan,barl,1.5,0.45,0.2987
AZE-2423,Şahbuz,Azerbaijan,pota,3.3,0.28,0.0857
AZE-2423,Şahbuz,Azerbaijan,whea,2.1,1.03,0.4791
AZE-2421,Culfa,Azerbaijan,barl,5.5,1.17,0.2135
AZE-2421,Culfa,Azerbaijan,pota,3.9,0.15,0.0395
AZE-2421,Culfa,Azerbaijan,whea,12.2,3.31,0.2711
AZE-2418,Ordubad,Azerbaijan,barl,2.5,0.54,0.213
AZE-2418,Ordubad,Azerbaijan,pota,7.4,0.25,0.0338
AZE-2418,Ordubad,Azerbaijan,whea,5.3,1.06,0.2004
ROU-301,Satu Mare,Romania,barl,23.1,22.12,0.9589
ROU-301,Satu Mare,Romania,maiz,276.4,162.82,0.5891
ROU-301,Satu Mare,Romania,pota,39.5,8.09,0.2048
ROU-301,Satu Mare,Romania,rape,18.3,24.4,1.3334
ROU-301,Satu Mare,Romania,sorg,1.0,0.73,0.7097
ROU-301,Satu Mare,Romania,soyb,11.8,14.68,1.2422
ROU-301,Satu Mare,Romania,whea,176.1,157.57,0.8948
HUN-3169,Szabolcs-Szatmár-Bereg,Hungary,barl,66.8,64.5,0.9657
HUN-3169,Szabolcs-Szatmár-Bereg,Hungary,maiz,609.4,431.53,0.7081
HUN-3169,Szabolcs-Szatmár-Bereg,Hungary,pota,12.0,6.33,0.527
HUN-3169,Szabolcs-Szatmár-Bereg,Hungary,rape,30.5,57.46,1.8827
HUN-3169,Szabolcs-Szatmár-Bereg,Hungary,rice,1.7,2.02,1.1705
HUN-3169,Szabolcs-Szatmár-Bereg,Hungary,sorg,7.4,7.44,1.0017
HUN-3169,Szabolcs-Szatmár-Bereg,Hungary,soyb,2.8,11.14,4.0083
HUN-3169,Szabolcs-Szatmár-Bereg,Hungary,whea,321.5,346.8,1.0787
ROU-276,Arad,Romania,barl,22.5,3.04,0.1354
ROU-276,Arad,Romania,maiz,383.8,41.69,0.1086
ROU-276,Arad,Romania,pota,60.1,1.81,0.0302
ROU-276,Arad,Romania,rape,35.2,8.02,0.228
ROU-276,Arad,Romania,sorg,1.4,0.23,0.161
ROU-276,Arad,Romania,soyb,20.4,2.91,0.1427
ROU-276,Arad,Romania,whea,267.4,37.81,0.1414
HUN-3171,Békés,Hungary,barl,132.0,17.16,0.13
HUN-3171,Békés,Hungary,maiz,644.5,63.1,0.0979
HUN-3171,Békés,Hungary,pota,44.9,2.69,0.06
HUN-3171,Békés,Hungary,rape,55.3,14.26,0.2579
HUN-3171,Békés,Hungary,rice,2.0,0.71,0.3633
HUN-3171,Békés,Hungary,sorg,10.2,1.55,0.1523
HUN-3171,Békés,Hungary,soyb,10.5,2.27,0.2162
HUN-3171,Békés,Hungary,whea,391.0,55.36,0.1416
ROU-277,Bihor,Romania,barl,25.9,4.06,0.1569
ROU-277,Bihor,Romania,maiz,303.4,31.87,0.1051
ROU-277,Bihor,Romania,pota,41.3,1.1,0.0268
ROU-277,Bihor,Romania,rape,19.6,4.67,0.2375
ROU-277,Bihor,Romania,sorg,1.2,0.25,0.2144
ROU-277,Bihor,Romania,soyb,12.1,1.65,0.1361
ROU-277,Bihor,Romania,whea,187.0,25.14,0.1345
HUN-3173,Hajdú-Bihar,Hungary,barl,80.2,13.32,0.1661
HUN-3173,Hajdú-Bihar,Hungary,maiz,703.9,85.37,0.1213
HUN-3173,Hajdú-Bihar,Hungary,pota,20.2,1.26,0.0622
HUN-3173,Hajdú-Bihar,Hungary,rape,34.1,11.03,0.3232
HUN-3173,Hajdú-Bihar,Hungary,rice,2.1,0.46,0.2243
HUN-3173,Hajdú-Bihar,Hungary,sorg,9.3,1.74,0.1869
HUN-3173,Hajdú-Bihar,Hungary,soyb,2.8,0.78,0.2792
HUN-3173,Hajdú-Bihar,Hungary,whea,379.8,68.16,0.1794
HUN-3172,Csongrád,Hungary,barl,61.1,4.88,0.0799
HUN-3172,Csongrád,Hungary,maiz,285.7,16.79,0.0588
HUN-3172,Csongrád,Hungary,pota,23.9,0.78,0.0325
HUN-3172,Csongrád,Hungary,rape,26.7,4.42,0.1658
HUN-3172,Csongrád,Hungary,sorg,4.8,0.42,0.0872
HUN-3172,Csongrád,Hungary,soyb,4.5,0.57,0.1276
HUN-3172,Csongrád,Hungary,whea,171.3,15.37,0.0897
ROU-280,Timis,Romania,barl,49.9,5.86,0.1174
ROU-280,Timis,Romania,maiz,697.6,67.92,0.0974
ROU-280,Timis,Romania,pota,107.0,3.12,0.0292
ROU-280,Timis,Romania,rape,67.2,14.31,0.2128
ROU-280,Timis,Romania,rice,1.5,0.5,0.3397
ROU-280,Timis,Romania,sorg,3.4,0.46,0.1358
ROU-280,Timis,Romania,soyb,44.7,5.68,0.1272
ROU-280,Timis,Romania,whea,504.0,67.12,0.1332
KGZ-1120,Jalal-Abad,Kyrgyzstan,barl,28.5,4.45,0.1564
KGZ-1120,Jalal-Abad,Kyrgyzstan,cott,41.3,13.76,0.3331
KGZ-1120,Jalal-Abad,Kyrgyzstan,maiz,183.6,10.11,0.0551
KGZ-1120,Jalal-Abad,Kyrgyzstan,pota,161.2,3.93,0.0244
KGZ-1120,Jalal-Abad,Kyrgyzstan,rice,18.5,2.61,0.1414
KGZ-1120,Jalal-Abad,Kyrgyzstan,soyb,1.1,0.61,0.5532
KGZ-1120,Jalal-Abad,Kyrgyzstan,whea,96.3,21.38,0.2221
UZB-372,Tashkent,Uzbekistan,barl,16.5,6.14,0.373
UZB-372,Tashkent,Uzbekistan,cott,219.7,108.21,0.4926
UZB-372,Tashkent,Uzbekistan,grou,3.8,0.16,0.0421
UZB-372,Tashkent,Uzbekistan,maiz,40.1,3.26,0.0814
UZB-372,Tashkent,Uzbekistan,pota,335.5,9.48,0.0283
UZB-372,Tashkent,Uzbekistan,rice,17.3,12.62,0.7307
UZB-372,Tashkent,Uzbekistan,sorg,1.2,0.51,0.4073
UZB-372,Tashkent,Uzbekistan,soyb,2.6,1.21,0.4608
UZB-372,Tashkent,Uzbekistan,whea,477.2,113.06,0.2369
UZB-365,Namangan,Uzbekistan,barl,5.9,2.83,0.4803
UZB-365,Namangan,Uzbekistan,cott,184.2,93.7,0.5085
UZB-365,Namangan,Uzbekistan,grou,1.8,0.08,0.0435
UZB-365,Namangan,Uzbekistan,maiz,44.5,5.29,0.1188
UZB-365,Namangan,Uzbekistan,pota,147.3,4.55,0.0309
UZB-365,Namangan,Uzbekistan,rice,12.8,14.56,1.1378
UZB-365,Namangan,Uzbekistan,whea,381.2,93.6,0.2456
UZB-363,Andijon,Uzbekistan,barl,9.7,5.74,0.5921
UZB-363,Andijon,Uzbekistan,cott,223.3,117.11,0.5245
UZB-363,Andijon,Uzbekistan,grou,2.9,0.17,0.0599
UZB-363,Andijon,Uzbekistan,maiz,48.9,5.24,0.1072
UZB-363,Andijon,Uzbekistan,pota,163.1,7.34,0.045
UZB-363,Andijon,Uzbekistan,rice,19.2,18.41,0.9587
UZB-363,Andijon,Uzbekistan,whea,443.3,120.25,0.2713
KGZ-1119,Batken,Kyrgyzstan,barl,32.6,4.4,0.1349
KGZ-1119,Batken,Kyrgyzstan,cott,9.1,4.03,0.4435
KGZ-1119,Batken,Kyrgyzstan,maiz,65.2,3.37,0.0517
KGZ-1119,Batken,Kyrgyzstan,pota,72.7,1.86,0.0256
KGZ-1119,Batken,Kyrgyzstan,rice,12.4,13.31,1.0747
KGZ-1119,Batken,Kyrgyzstan,whea,56.2,10.3,0.1834
SVK-1053,Žilinský,Slovakia,barl,34.3,9.78,0.2851
SVK-1053,Žilinský,Slovakia,maiz,1.3,0.17,0.1336
SVK-1053,Žilinský,Slovakia,pota,14.4,1.34,0.0926
SVK-1053,Žilinský,Slovakia,rape,19.6,11.31,0.5785
SVK-1053,Žilinský,Slovakia,whea,196.7,61.21,0.3111
POL-3146,Silesian,Poland,barl,121.6,19.66,0.1617
POL-3146,Silesian,Poland,maiz,217.0,20.85,0.0961
POL-3146,Silesian,Poland,pota,236.6,4.48,0.0189
POL-3146,Silesian,Poland,rape,86.0,19.43,0.2261
POL-3146,Silesian,Poland,whea,454.4,55.2,0.1215
POL-3170,Lesser Poland,Poland,barl,100.8,11.12,0.1103
POL-3170,Lesser Poland,Poland,maiz,211.5,13.2,0.0624
POL-3170,Lesser Poland,Poland,pota,533.2,6.65,0.0125
POL-3170,Lesser Poland,Poland,rape,43.2,6.86,0.1589
POL-3170,Lesser Poland,Poland,soyb,3.1,0.54,0.175
POL-3170,Lesser Poland,Poland,whea,532.6,42.45,0.0797
SVK-1058,Prešov,Slovakia,barl,56.9,6.58,0.1157
SVK-1058,Prešov,Slovakia,maiz,70.8,3.31,0.0468
SVK-1058,Prešov,Slovakia,pota,22.7,0.99,0.0436
SVK-1058,Prešov,Slovakia,rape,39.7,10.14,0.2556
SVK-1058,Prešov,Slovakia,soyb,21.4,2.22,0.1037
SVK-1058,Prešov,Slovakia,whea,304.2,39.65,0.1303
POL-3152,Subcarpathian,Poland,barl,73.9,8.15,0.1102
POL-3152,Subcarpathian,Poland,maiz,291.9,17.84,0.0611
POL-3152,Subcarpathian,Poland,pota,459.4,6.0,0.0131
POL-3152,Subcarpathian,Poland,rape,76.8,12.09,0.1575
POL-3152,Subcarpathian,Poland,soyb,2.7,0.45,0.1664
POL-3152,Subcarpathian,Poland,whea,493.4,39.61,0.0803
IRL-729,Donegal,Ireland,whea,7.9,28.21,3.5757
GBR-2083,Derry,United Kingdom,barl,4.5,8.45,1.8647
GBR-2083,Derry,United Kingdom,pota,4.0,1.2,0.3048
GBR-2083,Derry,United Kingdom,whea,47.5,107.86,2.2712
GBR-2135,Strabane,United Kingdom,barl,9.9,18.18,1.8403
GBR-2135,Strabane,United Kingdom,pota,10.3,3.29,0.3204
GBR-2135,Strabane,United Kingdom,whea,100.1,224.47,2.2431
GBR-2136,Fermanagh,United Kingdom,barl,14.6,17.46,1.1973
GBR-2136,Fermanagh,United Kingdom,pota,16.2,3.38,0.2084
GBR-2136,Fermanagh,United Kingdom,whea,148.3,223.46,1.5071
IRL-730,Leitrim,Ireland,whea,3.7,8.17,2.1914
IRL-79,Cavan,Ireland,barl,16.5,37.31,2.2638
IRL-79,Cavan,Ireland,pota,12.0,5.57,0.4628
IRL-79,Cavan,Ireland,whea,33.4,72.23,2.162
IRL-3412,Monaghan,Ireland,barl,27.7,41.03,1.4828
IRL-3412,Monaghan,Ireland,pota,18.7,5.84,0.3117
IRL-3412,Monaghan,Ireland,whea,36.3,63.49,1.7482
GBR-2089,Dungannon,United Kingdom,barl,7.0,5.61,0.7983
GBR-2089,Dungannon,United Kingdom,pota,7.8,1.1,0.1411
GBR-2089,Dungannon,United Kingdom,whea,71.7,75.81,1.0573
GBR-2085,Armagh,United Kingdom,barl,5.8,3.08,0.532
GBR-2085,Armagh,United Kingdom,pota,6.1,0.59,0.097
GBR-2085,Armagh,United Kingdom,whea,57.7,43.76,0.7581
GBR-2086,Newry and Mourne,United Kingdom,barl,30.8,15.0,0.4878
GBR-2086,Newry and Mourne,United Kingdom,pota,15.3,2.18,0.1424
GBR-2086,Newry and Mourne,United Kingdom,rape,1.5,1.02,0.6704
GBR-2086,Newry and Mourne,United Kingdom,whea,87.9,128.85,1.4654
IRL-712,Louth,Ireland,barl,31.1,6.89,0.2221
IRL-712,Louth,Ireland,pota,7.5,0.33,0.0448
IRL-712,Louth,Ireland,rape,1.6,0.8,0.4932
IRL-712,Louth,Ireland,whea,4.9,1.9,0.3878
POL-3141,Lower Silesian,Poland,barl,282.4,36.04,0.1276
POL-3141,Lower Silesian,Poland,maiz,687.9,52.64,0.0765
POL-3141,Lower Silesian,Poland,pota,432.5,6.24,0.0144
POL-3141,Lower Silesian,Poland,rape,378.7,75.11,0.1983
POL-3141,Lower Silesian,Poland,soyb,2.4,0.45,0.1871
POL-3141,Lower Silesian,Poland,whea,792.3,76.27,0.0963
CZE-1598,Královéhradecký,Czech Republic,barl,110.6,15.65,0.1415
CZE-1598,Královéhradecký,Czech Republic,maiz,50.3,4.17,0.0829
CZE-1598,Královéhradecký,Czech Republic,pota,57.3,1.87,0.0327
CZE-1598,Královéhradecký,Czech Republic,rape,90.4,27.93,0.3089
CZE-1598,Královéhradecký,Czech Republic,soyb,3.9,0.82,0.2119
CZE-1598,Královéhradecký,Czech Republic,whea,364.6,59.87,0.1642
POL-3167,Opole,Poland,barl,213.5,26.11,0.1223
POL-3167,Opole,Poland,maiz,379.5,28.14,0.0742
POL-3167,Opole,Poland,pota,173.0,2.42,0.014
POL-3167,Opole,Poland,rape,205.4,37.87,0.1844
POL-3167,Opole,Poland,soyb,1.3,0.23,0.1722
POL-3167,Opole,Poland,whea,456.5,40.05,0.0877
CZE-10372,Olomoucký,Czech Republic,barl,160.1,17.32,0.1082
CZE-10372,Olomoucký,Czech Republic,maiz,86.7,5.93,0.0684
CZE-10372,Olomoucký,Czech Republic,pota,40.5,1.0,0.0247
CZE-10372,Olomoucký,Czech Republic,rape,80.0,18.49,0.231
CZE-10372,Olomoucký,Czech Republic,soyb,3.2,0.51,0.1568
CZE-10372,Olomoucký,Czech Republic,whea,287.0,36.24,0.1263
CZE-10373,Pardubický,Czech Republic,barl,89.7,8.19,0.0914
CZE-10373,Pardubický,Czech Republic,maiz,37.3,2.74,0.0733
CZE-10373,Pardubický,Czech Republic,pota,38.5,0.87,0.0226
CZE-10373,Pardubický,Czech Republic,rape,68.7,13.58,0.1976
CZE-10373,Pardubický,Czech Republic,soyb,3.0,0.51,0.1699
CZE-10373,Pardubický,Czech Republic,whea,296.2,31.63,0.1068
CZE-1612,Moravskoslezský,Czech Republic,barl,91.5,10.43,0.114
CZE-1612,Moravskoslezský,Czech Republic,maiz,31.0,2.34,0.0756
CZE-1612,Moravskoslezský,Czech Republic,pota,40.8,1.03,0.0253
CZE-1612,Moravskoslezský,Czech Republic,rape,60.1,14.44,0.2403
CZE-1612,Moravskoslezský,Czech Republic,soyb,4.1,0.77,0.1887
CZE-1612,Moravskoslezský,Czech Republic,whea,319.4,41.59,0.1302
TJK-368,Tadzhikistan Territories,Tajikistan,barl,27.2,5.79,0.2127
TJK-368,Tadzhikistan Territories,Tajikistan,cott,51.9,19.67,0.3788
TJK-368,Tadzhikistan Territories,Tajikistan,grou,2.2,0.19,0.0868
TJK-368,Tadzhikistan Territories,Tajikistan,maiz,31.8,1.86,0.0585
TJK-368,Tadzhikistan Territories,Tajikistan,pota,122.6,3.04,0.0248
TJK-368,Tadzhikistan Territories,Tajikistan,rice,13.6,1.42,0.1039
TJK-368,Tadzhikistan Territories,Tajikistan,whea,157.4,20.59,0.1308
TJK-366,Gorno-Badakhshan,Tajikistan,barl,1.3,0.3,0.2267
TJK-366,Gorno-Badakhshan,Tajikistan,whea,32.5,4.77,0.1469
GRC-2892,Dytiki Makedonia,Greece,barl,56.4,4.82,0.0854
GRC-2892,Dytiki Makedonia,Greece,cott,3.0,0.96,0.3182
GRC-2892,Dytiki Makedonia,Greece,maiz,101.1,10.1,0.0999
GRC-2892,Dytiki Makedonia,Greece,pota,47.9,0.95,0.0198
GRC-2892,Dytiki Makedonia,Greece,whea,248.1,20.11,0.0811
GRC-2949,Ipeiros,Greece,maiz,40.3,16.58,0.4118
GRC-2949,Ipeiros,Greece,pota,8.7,0.84,0.0965
GRC-2949,Ipeiros,Greece,rice,1.1,2.02,1.8364
GRC-2949,Ipeiros,Greece,whea,16.1,9.0,0.5598
ALB-1525,Gjirokastër,Albania,maiz,12.6,0.96,0.076
ALB-1525,Gjirokastër,Albania,pota,7.3,0.19,0.0259
ALB-1525,Gjirokastër,Albania,whea,7.5,1.97,0.2635
ALB-1504,Vlorë,Albania,barl,1.7,0.42,0.2445
ALB-1504,Vlorë,Albania,maiz,45.9,3.42,0.0747
ALB-1504,Vlorë,Albania,pota,23.3,0.68,0.0292
ALB-1504,Vlorë,Albania,whea,19.5,5.95,0.3051
MWI-1873,Chitipa,Malawi,cott,8.4,9.25,1.0967
MWI-1873,Chitipa,Malawi,grou,13.7,7.36,0.5358
MWI-1873,Chitipa,Malawi,maiz,65.1,20.02,0.3073
MWI-1873,Chitipa,Malawi,pota,12.4,1.42,0.1149
MWI-1873,Chitipa,Malawi,rice,25.6,16.51,0.6453
MWI-1873,Chitipa,Malawi,soyb,3.4,0.94,0.2753
ZMB-5511,Muchinga,Zambia,cott,3.0,2.34,0.7716
ZMB-5511,Muchinga,Zambia,grou,11.1,23.1,2.0719
ZMB-5511,Muchinga,Zambia,maiz,225.6,132.79,0.5885
ZMB-5511,Muchinga,Zambia,pota,5.8,0.69,0.1193
ZMB-5511,Muchinga,Zambia,rice,16.1,86.0,5.345
ZMB-5511,Muchinga,Zambia,sorg,1.2,0.36,0.2903
ZMB-5511,Muchinga,Zambia,soyb,6.7,8.29,1.23
ZMB-5511,Muchinga,Zambia,sugc,2200.5,85.95,0.0391
MWI-1900,Mzimba,Malawi,cott,2.4,1.01,0.42
MWI-1900,Mzimba,Malawi,grou,33.4,9.07,0.2714
MWI-1900,Mzimba,Malawi,maiz,284.4,38.32,0.1348
MWI-1900,Mzimba,Malawi,pota,44.9,3.59,0.08
MWI-1900,Mzimba,Malawi,sorg,6.0,0.86,0.1431
MWI-1900,Mzimba,Malawi,soyb,30.2,4.26,0.141
ZMB-518,Eastern,Zambia,cott,19.2,8.47,0.4414
ZMB-518,Eastern,Zambia,grou,47.8,13.86,0.29
ZMB-518,Eastern,Zambia,maiz,804.9,118.29,0.147
ZMB-518,Eastern,Zambia,pota,28.8,0.51,0.0175
ZMB-518,Eastern,Zambia,rice,4.1,7.13,1.739
ZMB-518,Eastern,Zambia,sorg,1.1,0.1,0.0833
ZMB-518,Eastern,Zambia,soyb,80.6,13.26,0.1644
ZMB-518,Eastern,Zambia,sugc,7.9,0.11,0.0144
MWI-1899,Kasungu,Malawi,cott,7.3,3.62,0.4988
MWI-1899,Kasungu,Malawi,grou,28.0,6.81,0.2436
MWI-1899,Kasungu,Malawi,maiz,215.9,27.46,0.1272
MWI-1899,Kasungu,Malawi,pota,19.0,1.22,0.0639
MWI-1899,Kasungu,Malawi,sorg,1.6,0.27,0.166
MWI-1899,Kasungu,Malawi,soyb,35.0,4.42,0.1263
MWI-1911,Mchinji,Malawi,grou,43.8,9.71,0.2219
MWI-1911,Mchinji,Malawi,maiz,193.0,23.6,0.1223
MWI-1911,Mchinji,Malawi,rice,16.3,5.71,0.3502
UKR-293,Transcarpathia,Ukraine,barl,56.2,9.34,0.166
UKR-293,Transcarpathia,Ukraine,maiz,227.1,39.4,0.1735
UKR-293,Transcarpathia,Ukraine,pota,482.0,12.14,0.0252
UKR-293,Transcarpathia,Ukraine,rape,20.4,6.4,0.3135
UKR-293,Transcarpathia,Ukraine,sorg,1.1,0.59,0.5257
UKR-293,Transcarpathia,Ukraine,soyb,12.5,2.36,0.1892
UKR-293,Transcarpathia,Ukraine,whea,213.7,40.08,0.1875
SVK-1057,Košický,Slovakia,barl,76.7,12.15,0.1584
SVK-1057,Košický,Slovakia,maiz,191.6,23.71,0.1238
SVK-1057,Košický,Slovakia,pota,37.2,1.35,0.0363
SVK-1057,Košický,Slovakia,rape,58.2,19.14,0.3286
SVK-1057,Košický,Slovakia,sorg,1.4,0.64,0.455
SVK-1057,Košický,Slovakia,soyb,57.9,14.83,0.2562
SVK-1057,Košický,Slovakia,whea,412.4,69.11,0.1676
SLE-762,Northern,Sierra Leone,grou,38.6,177.33,4.5953
SLE-762,Northern,Sierra Leone,maiz,13.4,21.46,1.5981
SLE-762,Northern,Sierra Leone,oilp,174.2,116.3,0.6675
SLE-762,Northern,Sierra Leone,rice,508.3,1291.77,2.5414
SLE-762,Northern,Sierra Leone,sorg,20.6,87.51,4.244
SLE-762,Northern,Sierra Leone,sugc,72.3,12.25,0.1695
GIN-5636,Faranah,Guinea,cott,1.9,0.25,0.1292
GIN-5636,Faranah,Guinea,grou,51.2,6.54,0.1277
GIN-5636,Faranah,Guinea,maiz,32.4,3.07,0.0948
GIN-5636,Faranah,Guinea,oilp,1.8,0.01,0.0074
GIN-5636,Faranah,Guinea,pota,14.8,0.16,0.0107
GIN-5636,Faranah,Guinea,rice,155.5,65.8,0.423
GIN-5636,Faranah,Guinea,sorg,2.8,0.28,0.0989
GIN-5636,Faranah,Guinea,sugc,16.5,0.1,0.0061
GIN-5643,Kindia,Guinea,grou,46.8,5.1,0.109
GIN-5643,Kindia,Guinea,maiz,23.2,1.96,0.0845
GIN-5643,Kindia,Guinea,oilp,113.4,2.17,0.0191
GIN-5643,Kindia,Guinea,pota,2.5,0.02,0.0079
GIN-5643,Kindia,Guinea,rice,120.3,24.94,0.2072
GIN-5643,Kindia,Guinea,sorg,1.4,0.1,0.0719
GIN-5643,Kindia,Guinea,sugc,7.8,0.05,0.0066
GIN-5653,Mamou,Guinea,grou,24.9,2.93,0.1178
GIN-5653,Mamou,Guinea,maiz,32.2,2.8,0.0871
GIN-5653,Mamou,Guinea,pota,3.3,0.04,0.0107
GIN-5653,Mamou,Guinea,rice,61.4,13.28,0.2161
GIN-5653,Mamou,Guinea,sorg,1.7,0.13,0.077
GIN-5653,Mamou,Guinea,sugc,9.3,0.06,0.0067
GIN-5632,Dabola,Guinea,grou,21.4,2.73,0.1274
GIN-5632,Dabola,Guinea,maiz,13.4,1.29,0.0962
GIN-5632,Dabola,Guinea,pota,2.3,0.03,0.0109
GIN-5632,Dabola,Guinea,rice,53.9,11.81,0.2189
GIN-5632,Dabola,Guinea,sorg,1.1,0.1,0.0901
GIN-5632,Dabola,Guinea,sugc,5.5,0.03,0.0062
GIN-5637,Forécariah,Guinea,grou,19.2,125.19,6.5134
GIN-5637,Forécariah,Guinea,maiz,11.1,45.69,4.135
GIN-5637,Forécariah,Guinea,oilp,81.7,229.28,2.806
GIN-5637,Forécariah,Guinea,pota,21.7,65.06,2.9955
GIN-5637,Forécariah,Guinea,rice,62.5,291.54,4.6654
GIN-5637,Forécariah,Guinea,sorg,1.1,13.32,12.6857
GIN-5637,Forécariah,Guinea,sugc,2.5,1.0,0.402
GIN-5640,Guéckédou,Guinea,grou,5.7,0.82,0.1445
GIN-5640,Guéckédou,Guinea,maiz,9.9,0.93,0.0937
GIN-5640,Guéckédou,Guinea,oilp,29.4,0.11,0.0036
GIN-5640,Guéckédou,Guinea,pota,1.2,0.01,0.0096
GIN-5640,Guéckédou,Guinea,rice,52.3,15.35,0.2933
GIN-5640,Guéckédou,Guinea,sorg,1.4,0.14,0.1036
GIN-5640,Guéckédou,Guinea,sugc,4.6,0.04,0.0082
SLE-790,Eastern,Sierra Leone,grou,5.6,0.85,0.152
SLE-790,Eastern,Sierra Leone,maiz,7.0,0.79,0.1128
SLE-790,Eastern,Sierra Leone,oilp,65.1,0.25,0.0039
SLE-790,Eastern,Sierra Leone,rice,263.8,144.01,0.5459
SLE-790,Eastern,Sierra Leone,sorg,11.9,1.56,0.1311
LBR-786,Grand Cape Mount,Liberia,oilp,16.0,1.48,0.0928
LBR-786,Grand Cape Mount,Liberia,rice,21.7,31.44,1.4481
LBR-786,Grand Cape Mount,Liberia,sugc,15.7,2.06,0.1311
SLE-760,Southern,Sierra Leone,grou,10.2,47.15,4.6266
SLE-760,Southern,Sierra Leone,maiz,6.4,18.67,2.8983
SLE-760,Southern,Sierra Leone,oilp,91.1,95.31,1.0466
SLE-760,Southern,Sierra Leone,rice,234.3,884.33,3.775
SLE-760,Southern,Sierra Leone,sorg,16.8,96.87,5.7556
SLE-760,Southern,Sierra Leone,sugc,13.2,1.59,0.1203
LBR-1459,Gbapolu,Liberia,oilp,8.5,0.01,0.0007
LBR-1459,Gbapolu,Liberia,rice,12.4,2.86,0.2316
LBR-1459,Gbapolu,Liberia,sugc,11.1,0.36,0.0326
LBR-787,Lofa,Liberia,grou,1.1,0.26,0.2319
LBR-787,Lofa,Liberia,maiz,1.4,0.15,0.1117
LBR-787,Lofa,Liberia,oilp,1.1,0.01,0.0094
LBR-787,Lofa,Liberia,rice,18.0,5.78,0.3217
LBR-787,Lofa,Liberia,sugc,5.0,0.2,0.0388
CAF-812,Vakaga,Central African Republic,grou,1.8,0.25,0.135
CAF-812,Vakaga,Central African Republic,sorg,1.3,1.53,1.1808
SDN-5859,Central Darfur,Sudan,grou,69.0,19.48,0.2824
SDN-5859,Central Darfur,Sudan,maiz,2.6,0.45,0.1719
SDN-5859,Central Darfur,Sudan,sorg,35.3,19.14,0.5419
SDN-5859,Central Darfur,Sudan,whea,2.3,0.4,0.1724
SDN-5856,Southern Darfur,Sudan,grou,329.2,44.94,0.1365
SDN-5856,Southern Darfur,Sudan,maiz,1.0,0.29,0.2824
SDN-5856,Southern Darfur,Sudan,sorg,160.3,37.82,0.2359
SDN-5856,Southern Darfur,Sudan,whea,1.3,0.16,0.124
CAF-866,Haute-Kotto,Central African Republic,cott,1.1,0.16,0.1491
CAF-866,Haute-Kotto,Central African Republic,grou,25.9,0.94,0.0365
CAF-866,Haute-Kotto,Central African Republic,maiz,8.5,0.62,0.0731
CAF-866,Haute-Kotto,Central African Republic,rice,6.1,4.88,0.8026
CAF-866,Haute-Kotto,Central African Republic,sugc,5.2,0.06,0.0111
SDS-873,Western Bahr el Ghazal,S. Sudan,grou,3.0,1.72,0.5804
SDS-873,Western Bahr el Ghazal,S. Sudan,maiz,2.9,1.36,0.4732
SDS-873,Western Bahr el Ghazal,S. Sudan,sorg,7.5,3.38,0.4483
CAF-867,Haut-Mbomou,Central African Republic,grou,2.4,0.52,0.2193
CAF-867,Haut-Mbomou,Central African Republic,rice,1.6,2.9,1.8264
SDS-864,Western Equatoria,S. Sudan,grou,6.1,4.8,0.788
SDS-864,Western Equatoria,S. Sudan,maiz,6.7,4.11,0.615
SDS-864,Western Equatoria,S. Sudan,rice,1.2,6.99,5.9271
SDS-864,Western Equatoria,S. Sudan,sorg,11.8,8.54,0.7253
COD-1559,Orientale,Democratic Republic of the Congo,cott,8.9,3.05,0.3438
COD-1559,Orientale,Democratic Republic of the Congo,grou,104.8,31.78,0.3031
COD-1559,Orientale,Democratic Republic of the Congo,maiz,184.7,37.18,0.2013
COD-1559,Orientale,Democratic Republic of the Congo,oilp,92.5,7.21,0.0779
COD-1559,Orientale,Democratic Republic of the Congo,pota,10.3,0.28,0.0271
COD-1559,Orientale,Democratic Republic of the Congo,rice,67.1,34.77,0.5181
COD-1559,Orientale,Democratic Republic of the Congo,sorg,2.0,0.52,0.261
COD-1559,Orientale,Democratic Republic of the Congo,soyb,2.1,1.4,0.653
COD-1559,Orientale,Democratic Republic of the Congo,sugc,1216.2,6.94,0.0057
SDS-865,Central Equatoria,S. Sudan,grou,11.3,12.28,1.0821
SDS-865,Central Equatoria,S. Sudan,maiz,13.4,10.58,0.7893
SDS-865,Central Equatoria,S. Sudan,rice,2.1,15.33,7.2316
SDS-865,Central Equatoria,S. Sudan,sorg,26.7,22.12,0.8275
SDS-865,Central Equatoria,S. Sudan,sugc,4.3,0.02,0.0056
ETH-3111,Afar,Ethiopia,barl,6.8,3.7,0.5399
ETH-3111,Afar,Ethiopia,cott,3.5,0.57,0.1656
ETH-3111,Afar,Ethiopia,maiz,16.3,0.59,0.036
ETH-3111,Afar,Ethiopia,sorg,6.2,0.6,0.0963
ETH-3111,Afar,Ethiopia,whea,5.6,0.5,0.0886
COD-1894,Sud-Kivu,Democratic Republic of the Congo,grou,12.8,1.06,0.0829
COD-1894,Sud-Kivu,Democratic Republic of the Congo,maiz,184.1,16.81,0.0913
COD-1894,Sud-Kivu,Democratic Republic of the Congo,oilp,7.7,0.0,0.0001
COD-1894,Sud-Kivu,Democratic Republic of the Congo,pota,75.1,2.87,0.0382
COD-1894,Sud-Kivu,Democratic Republic of the Congo,rice,117.4,181.78,1.5487
COD-1894,Sud-Kivu,Democratic Republic of the Congo,sorg,1.1,0.08,0.0709
COD-1894,Sud-Kivu,Democratic Republic of the Congo,soyb,2.7,0.34,0.1244
COD-1894,Sud-Kivu,Democratic Republic of the Congo,sugc,223.7,1.32,0.0059
COD-1894,Sud-Kivu,Democratic Republic of the Congo,whea,2.8,0.29,0.1036
TZA-3363,Kigoma,United Republic of Tanzania,cott,3.2,3.28,1.0311
TZA-3363,Kigoma,United Republic of Tanzania,grou,20.0,80.48,4.0323
TZA-3363,Kigoma,United Republic of Tanzania,maiz,359.4,176.01,0.4897
TZA-3363,Kigoma,United Republic of Tanzania,oilp,49.1,8.48,0.1725
TZA-3363,Kigoma,United Republic of Tanzania,pota,6.8,0.51,0.076
TZA-3363,Kigoma,United Republic of Tanzania,rice,83.8,141.6,1.69
TZA-3363,Kigoma,United Republic of Tanzania,sorg,4.8,9.44,1.9587
TZA-3363,Kigoma,United Republic of Tanzania,sugc,29.3,0.49,0.0167
COD-1897,Katanga,Democratic Republic of the Congo,cott,6.0,1.93,0.3202
COD-1897,Katanga,Democratic Republic of the Congo,grou,9.6,8.15,0.8522
COD-1897,Katanga,Democratic Republic of the Congo,maiz,436.5,102.49,0.2348
COD-1897,Katanga,Democratic Republic of the Congo,oilp,3.2,0.0,0.0009
COD-1897,Katanga,Democratic Republic of the Congo,pota,23.0,0.84,0.0364
COD-1897,Katanga,Democratic Republic of the Congo,rice,687.1,166.7,0.2426
COD-1897,Katanga,Democratic Republic of the Congo,soyb,2.9,1.11,0.3888
COD-1897,Katanga,Democratic Republic of the Congo,sugc,70.2,1.48,0.0211
COD-1897,Katanga,Democratic Republic of the Congo,whea,2.1,0.24,0.1163
TZA-5584,Katavi,United Republic of Tanzania,cott,5.4,1.5,0.277
TZA-5584,Katavi,United Republic of Tanzania,grou,23.2,14.62,0.6306
TZA-5584,Katavi,United Republic of Tanzania,maiz,118.6,38.61,0.3255
TZA-5584,Katavi,United Republic of Tanzania,pota,9.8,0.62,0.0634
TZA-5584,Katavi,United Republic of Tanzania,rice,180.8,78.92,0.4365
TZA-5584,Katavi,United Republic of Tanzania,sorg,1.6,0.99,0.6024
TZA-5584,Katavi,United Republic of Tanzania,sugc,6.0,0.03,0.0045
TZA-3336,Rukwa,United Republic of Tanzania,grou,17.3,3.35,0.1939
TZA-3336,Rukwa,United Republic of Tanzania,maiz,391.2,44.38,0.1134
TZA-3336,Rukwa,United Republic of Tanzania,pota,16.0,0.77,0.0478
TZA-3336,Rukwa,United Republic of Tanzania,rice,104.4,36.8,0.3526
TZA-3336,Rukwa,United Republic of Tanzania,sorg,11.5,1.43,0.1243
TZA-3336,Rukwa,United Republic of Tanzania,sugc,63.0,1.56,0.0248
TZA-3336,Rukwa,United Republic of Tanzania,whea,2.8,0.31,0.1097
AUT-2330,Niederösterreich,Austria,barl,434.8,58.84,0.1353
AUT-2330,Niederösterreich,Austria,maiz,831.1,60.61,0.0729
AUT-2330,Niederösterreich,Austria,pota,646.9,12.85,0.0199
AUT-2330,Niederösterreich,Austria,rape,56.9,20.32,0.3573
AUT-2330,Niederösterreich,Austria,sorg,17.1,1.34,0.0787
AUT-2330,Niederösterreich,Austria,soyb,63.2,11.21,0.1775
AUT-2330,Niederösterreich,Austria,whea,532.5,83.76,0.1573
CZE-10370,Jihomoravský,Czech Republic,barl,191.0,17.04,0.0892
CZE-10370,Jihomoravský,Czech Republic,maiz,285.1,20.0,0.0702
CZE-10370,Jihomoravský,Czech Republic,pota,83.9,2.07,0.0247
CZE-10370,Jihomoravský,Czech Republic,rape,106.5,21.03,0.1974
CZE-10370,Jihomoravský,Czech Republic,soyb,4.1,0.57,0.1377
CZE-10370,Jihomoravský,Czech Republic,whea,410.2,43.13,0.1051
AUT-2326,Oberösterreich,Austria,barl,244.7,100.06,0.4089
AUT-2326,Oberösterreich,Austria,maiz,519.6,132.78,0.2555
AUT-2326,Oberösterreich,Austria,pota,58.6,3.66,0.0625
AUT-2326,Oberösterreich,Austria,rape,21.1,21.74,1.0287
AUT-2326,Oberösterreich,Austria,soyb,40.1,29.85,0.7451
AUT-2326,Oberösterreich,Austria,whea,400.8,188.23,0.4696
IRQ-3046,Dihok,Iraq,barl,5.9,0.45,0.0756
IRQ-3046,Dihok,Iraq,cott,2.1,0.42,0.2014
IRQ-3046,Dihok,Iraq,maiz,4.0,0.36,0.091
IRQ-3046,Dihok,Iraq,pota,1.2,0.01,0.0088
IRQ-3046,Dihok,Iraq,rice,7.0,0.69,0.0979
IRQ-3046,Dihok,Iraq,whea,15.8,1.46,0.0927
TUR-3044,Sirnak,Turkey,barl,32.3,5.35,0.1655
TUR-3044,Sirnak,Turkey,cott,37.4,9.28,0.248
TUR-3044,Sirnak,Turkey,maiz,73.4,8.58,0.1169
TUR-3044,Sirnak,Turkey,pota,1.6,0.01,0.0061
TUR-3044,Sirnak,Turkey,rice,1.1,0.12,0.111
TUR-3044,Sirnak,Turkey,soyb,1.0,0.06,0.058
TUR-3044,Sirnak,Turkey,whea,131.0,22.87,0.1747
TUR-3047,Hakkari,Turkey,barl,8.5,1.49,0.1753
TUR-3047,Hakkari,Turkey,pota,9.1,0.26,0.0283
TUR-3047,Hakkari,Turkey,whea,24.7,3.9,0.1579
IRQ-3050,Arbil,Iraq,barl,3.0,0.31,0.1033
IRQ-3050,Arbil,Iraq,maiz,2.2,0.21,0.0972
IRQ-3050,Arbil,Iraq,rice,22.3,4.01,0.1797
IRQ-3050,Arbil,Iraq,whea,19.7,1.1,0.0561
HUN-3156,Gyor-Moson-Sopron,Hungary,barl,84.7,32.89,0.3884
HUN-3156,Gyor-Moson-Sopron,Hungary,maiz,301.5,84.09,0.2789
HUN-3156,Gyor-Moson-Sopron,Hungary,pota,22.8,3.83,0.1682
HUN-3156,Gyor-Moson-Sopron,Hungary,rape,60.4,45.81,0.758
HUN-3156,Gyor-Moson-Sopron,Hungary,sorg,4.9,2.23,0.4544
HUN-3156,Gyor-Moson-Sopron,Hungary,soyb,24.8,25.97,1.0484
HUN-3156,Gyor-Moson-Sopron,Hungary,whea,209.3,85.44,0.4083
AUT-2322,Burgenland,Austria,barl,56.2,18.34,0.3262
AUT-2322,Burgenland,Austria,maiz,269.0,58.12,0.2161
AUT-2322,Burgenland,Austria,pota,54.9,2.19,0.0398
AUT-2322,Burgenland,Austria,rape,16.3,14.76,0.9027
AUT-2322,Burgenland,Austria,sorg,9.1,3.06,0.3353
AUT-2322,Burgenland,Austria,soyb,54.0,50.06,0.9276
AUT-2322,Burgenland,Austria,whea,112.8,44.79,0.3973
HUN-3138,Vas,Hungary,barl,103.7,24.56,0.2367
HUN-3138,Vas,Hungary,maiz,341.6,59.78,0.175
HUN-3138,Vas,Hungary,pota,8.8,0.38,0.0433
HUN-3138,Vas,Hungary,rape,73.4,34.63,0.4718
HUN-3138,Vas,Hungary,sorg,4.7,1.16,0.2453
HUN-3138,Vas,Hungary,soyb,25.0,8.54,0.3413
HUN-3138,Vas,Hungary,whea,242.2,64.27,0.2653
ITA-5442,Aoste,Italy,maiz,1.0,0.27,0.266
ITA-5442,Aoste,Italy,pota,4.2,0.01,0.0031
CHE-165,Valais,Switzerland,barl,8.2,1.18,0.1439
CHE-165,Valais,Switzerland,maiz,2.2,0.18,0.0802
CHE-165,Valais,Switzerland,pota,51.0,1.59,0.0312
CHE-165,Valais,Switzerland,rape,7.5,2.75,0.3689
CHE-165,Valais,Switzerland,whea,23.7,4.26,0.1799
ITA-5451,Varese,Italy,barl,1.8,0.53,0.2989
ITA-5451,Varese,Italy,maiz,17.4,3.8,0.2178
ITA-5451,Varese,Italy,rice,2.8,2.17,0.7806
ITA-5451,Varese,Italy,soyb,3.7,0.96,0.2582
ITA-5451,Varese,Italy,whea,5.1,2.39,0.4741
ITA-5452,Como,Italy,maiz,1.0,0.25,0.2451
CHE-170,Graubünden,Switzerland,barl,1.3,0.19,0.1454
CHE-170,Graubünden,Switzerland,pota,14.5,0.45,0.0311
CHE-170,Graubünden,Switzerland,whea,1.1,0.2,0.1807
ITA-5444,Sondrio,Italy,whea,1.6,0.61,0.38
ITA-5459,Bozen,Italy,pota,8.8,0.26,0.0296
AUT-2320,Vorarlberg,Austria,barl,4.6,2.78,0.607
AUT-2320,Vorarlberg,Austria,maiz,5.8,1.9,0.3294
AUT-2320,Vorarlberg,Austria,pota,7.2,0.82,0.1143
AUT-2320,Vorarlberg,Austria,rape,2.1,2.48,1.2029
AUT-2320,Vorarlberg,Austria,whea,27.7,24.68,0.8915
AUT-2329,Tirol,Austria,barl,1.3,0.06,0.0462
AUT-2329,Tirol,Austria,pota,11.4,0.09,0.0083
AUT-2329,Tirol,Austria,whea,53.8,2.62,0.0487
IRN-3237,West Azarbaijan,Iran,barl,103.8,15.15,0.1459
IRN-3237,West Azarbaijan,Iran,maiz,7.1,0.77,0.108
IRN-3237,West Azarbaijan,Iran,pota,39.0,1.27,0.0326
IRN-3237,West Azarbaijan,Iran,rape,5.0,0.55,0.1094
IRN-3237,West Azarbaijan,Iran,whea,802.0,91.79,0.1145
TUR-4840,Iğdir,Turkey,barl,29.0,6.2,0.2138
TUR-4840,Iğdir,Turkey,cott,3.3,0.58,0.1762
TUR-4840,Iğdir,Turkey,maiz,5.0,0.38,0.0774
TUR-4840,Iğdir,Turkey,whea,52.1,10.54,0.2022
TUR-2307,Agri,Turkey,barl,110.1,14.87,0.1351
TUR-2307,Agri,Turkey,maiz,12.8,0.7,0.0549
TUR-2307,Agri,Turkey,pota,2.4,0.06,0.0247
TUR-2307,Agri,Turkey,whea,205.9,26.61,0.1292
TUR-3048,Van,Turkey,barl,48.0,6.97,0.1452
TUR-3048,Van,Turkey,maiz,2.9,0.17,0.058
TUR-3048,Van,Turkey,pota,45.5,1.08,0.0238
TUR-3048,Van,Turkey,whea,154.3,20.93,0.1357
LTU-1070,Marijampoles,Lithuania,barl,58.8,20.52,0.3493
LTU-1070,Marijampoles,Lithuania,maiz,1.1,0.06,0.0556
LTU-1070,Marijampoles,Lithuania,pota,28.1,2.45,0.0872
LTU-1070,Marijampoles,Lithuania,rape,86.3,37.75,0.4375
LTU-1070,Marijampoles,Lithuania,whea,442.2,116.64,0.2638
POL-3150,Podlachian,Poland,barl,83.6,37.68,0.4506
POL-3150,Podlachian,Poland,maiz,276.3,52.32,0.1894
POL-3150,Podlachian,Poland,pota,369.5,17.43,0.0472
POL-3150,Podlachian,Poland,rape,83.2,43.19,0.5191
POL-3150,Podlachian,Poland,whea,1203.6,282.24,0.2345
POL-3139,Warmian-Masurian,Poland,barl,114.8,34.89,0.3039
POL-3139,Warmian-Masurian,Poland,maiz,255.3,49.38,0.1935
POL-3139,Warmian-Masurian,Poland,pota,233.5,13.99,0.0599
POL-3139,Warmian-Masurian,Poland,rape,252.1,103.83,0.4118
POL-3139,Warmian-Masurian,Poland,whea,1061.9,227.5,0.2142
ZMB-515,Northern,Zambia,grou,10.5,42.3,4.0324
ZMB-515,Northern,Zambia,maiz,205.8,131.89,0.641
ZMB-515,Northern,Zambia,pota,2.0,0.17,0.0837
ZMB-515,Northern,Zambia,rice,9.4,11.51,1.2183
ZMB-515,Northern,Zambia,soyb,4.9,2.75,0.5633
ZMB-515,Northern,Zambia,sugc,508.9,13.91,0.0273
NLD-897,Groningen,Netherlands,barl,51.4,73.69,1.4332
NLD-897,Groningen,Netherlands,maiz,1.8,2.2,1.2291
NLD-897,Groningen,Netherlands,pota,987.3,241.47,0.2446
NLD-897,Groningen,Netherlands,rape,1.9,7.98,4.2892
NLD-897,Groningen,Netherlands,whea,102.8,143.31,1.3939
DEU-1576,Niedersachsen,Germany,barl,1309.8,1229.55,0.9387
DEU-1576,Niedersachsen,Germany,maiz,670.6,226.41,0.3376
DEU-1576,Niedersachsen,Germany,pota,5326.4,776.1,0.1457
DEU-1576,Niedersachsen,Germany,rape,314.3,522.06,1.6612
DEU-1576,Niedersachsen,Germany,soyb,2.5,3.47,1.4126
DEU-1576,Niedersachsen,Germany,whea,3081.1,2735.6,0.8879
NLD-894,Drenthe,Netherlands,barl,30.4,74.53,2.4533
NLD-894,Drenthe,Netherlands,maiz,3.1,5.66,1.8255
NLD-894,Drenthe,Netherlands,pota,698.7,278.29,0.3983
NLD-894,Drenthe,Netherlands,whea,64.6,149.26,2.312
NLD-899,Overijssel,Netherlands,barl,29.9,72.27,2.4172
NLD-899,Overijssel,Netherlands,maiz,13.6,24.46,1.8035
NLD-899,Overijssel,Netherlands,pota,699.6,280.44,0.4009
NLD-899,Overijssel,Netherlands,rape,1.2,5.14,4.1419
NLD-899,Overijssel,Netherlands,whea,152.4,326.9,2.1445
DEU-1572,Nordrhein-Westfalen,Germany,barl,975.3,477.52,0.4896
DEU-1572,Nordrhein-Westfalen,Germany,maiz,749.5,192.74,0.2572
DEU-1572,Nordrhein-Westfalen,Germany,pota,1693.8,120.47,0.0711
DEU-1572,Nordrhein-Westfalen,Germany,rape,155.6,148.21,0.9525
DEU-1572,Nordrhein-Westfalen,Germany,soyb,1.9,1.64,0.8843
DEU-1572,Nordrhein-Westfalen,Germany,whea,1980.2,1022.66,0.5165
NLD-896,Gelderland,Netherlands,barl,21.9,17.42,0.795
NLD-896,Gelderland,Netherlands,maiz,30.0,14.69,0.4894
NLD-896,Gelderland,Netherlands,pota,408.3,74.98,0.1836
NLD-896,Gelderland,Netherlands,rape,1.9,3.39,1.821
NLD-896,Gelderland,Netherlands,whea,131.7,130.67,0.9925
NLD-898,Limburg,Netherlands,barl,18.0,4.79,0.2667
NLD-898,Limburg,Netherlands,maiz,37.3,6.08,0.1628
NLD-898,Limburg,Netherlands,pota,177.4,10.5,0.0592
NLD-898,Limburg,Netherlands,whea,21.2,7.22,0.3406
CIV-3437,Denguélé,Ivory Coast,cott,22.6,2.06,0.091
CIV-3437,Denguélé,Ivory Coast,grou,14.5,0.79,0.0549
CIV-3437,Denguélé,Ivory Coast,maiz,127.6,3.8,0.0298
CIV-3437,Denguélé,Ivory Coast,rice,99.3,11.3,0.1138
CIV-3437,Denguélé,Ivory Coast,sorg,7.3,0.58,0.0789
CIV-3437,Denguélé,Ivory Coast,sugc,38.8,0.08,0.0022
GIN-5641,Kankan,Guinea,cott,3.9,0.45,0.1156
GIN-5641,Kankan,Guinea,grou,29.2,3.59,0.123
GIN-5641,Kankan,Guinea,maiz,28.1,2.56,0.0909
GIN-5641,Kankan,Guinea,pota,20.2,0.21,0.0105
GIN-5641,Kankan,Guinea,rice,103.6,60.34,0.5822
GIN-5641,Kankan,Guinea,sorg,3.2,0.25,0.0772
GIN-5641,Kankan,Guinea,sugc,33.2,0.21,0.0062
GIN-5654,Mandiana,Guinea,cott,4.7,0.93,0.1979
GIN-5654,Mandiana,Guinea,grou,39.2,4.28,0.1091
GIN-5654,Mandiana,Guinea,maiz,46.2,4.7,0.1016
GIN-5654,Mandiana,Guinea,pota,18.3,0.19,0.0105
GIN-5654,Mandiana,Guinea,rice,98.1,40.96,0.4174
GIN-5654,Mandiana,Guinea,sorg,6.3,0.58,0.0931
GIN-5654,Mandiana,Guinea,sugc,30.5,0.16,0.0052
GIN-5627,Beyla,Guinea,cott,3.2,0.43,0.133
GIN-5627,Beyla,Guinea,grou,16.0,2.14,0.1338
GIN-5627,Beyla,Guinea,maiz,34.8,3.14,0.0901
GIN-5627,Beyla,Guinea,oilp,2.7,0.04,0.0169
GIN-5627,Beyla,Guinea,pota,21.6,0.25,0.0116
GIN-5627,Beyla,Guinea,rice,157.3,34.15,0.2171
GIN-5627,Beyla,Guinea,sorg,3.0,0.27,0.0884
GIN-5627,Beyla,Guinea,sugc,33.1,0.22,0.0068
CIV-3440,Bafing,Ivory Coast,cott,2.0,0.2,0.098
CIV-3440,Bafing,Ivory Coast,grou,3.5,0.3,0.0849
CIV-3440,Bafing,Ivory Coast,maiz,26.1,1.14,0.0438
CIV-3440,Bafing,Ivory Coast,rice,25.7,5.15,0.2007
CIV-3440,Bafing,Ivory Coast,sorg,1.9,0.29,0.1521
CIV-3440,Bafing,Ivory Coast,sugc,65.8,0.62,0.0094
CIV-3441,Dix-Huit Montagnes,Ivory Coast,cott,4.8,0.8,0.1667
CIV-3441,Dix-Huit Montagnes,Ivory Coast,grou,5.3,0.52,0.097
CIV-3441,Dix-Huit Montagnes,Ivory Coast,maiz,30.3,1.76,0.058
CIV-3441,Dix-Huit Montagnes,Ivory Coast,oilp,21.9,0.08,0.0038
CIV-3441,Dix-Huit Montagnes,Ivory Coast,rice,40.1,7.27,0.1814
CIV-3441,Dix-Huit Montagnes,Ivory Coast,sorg,2.3,0.41,0.175
CIV-3441,Dix-Huit Montagnes,Ivory Coast,sugc,18.5,0.08,0.0042
GIN-5650,Lola,Guinea,grou,1.6,0.3,0.1851
GIN-5650,Lola,Guinea,maiz,4.7,0.58,0.1245
GIN-5650,Lola,Guinea,rice,22.3,6.57,0.2944
GIN-5650,Lola,Guinea,sugc,1.8,0.02,0.0107
ITA-5369,Imperia,Italy,pota,8.9,0.25,0.0282
FRA-5266,Alpes-Maritimes,France,rice,2.7,0.64,0.2391
ITA-5441,Cuneo,Italy,barl,12.6,4.97,0.3939
ITA-5441,Cuneo,Italy,maiz,330.4,62.57,0.1894
ITA-5441,Cuneo,Italy,pota,11.9,0.84,0.0705
ITA-5441,Cuneo,Italy,rape,1.3,0.61,0.4912
ITA-5441,Cuneo,Italy,rice,247.3,506.37,2.0478
ITA-5441,Cuneo,Italy,sorg,4.8,0.88,0.182
ITA-5441,Cuneo,Italy,soyb,7.6,2.45,0.3205
ITA-5441,Cuneo,Italy,whea,54.2,37.78,0.6968
FRA-5265,Alpes-de-Haute-Provence,France,barl,16.8,2.01,0.1197
FRA-5265,Alpes-de-Haute-Provence,France,maiz,9.0,0.44,0.0489
FRA-5265,Alpes-de-Haute-Provence,France,pota,11.6,0.07,0.0056
FRA-5265,Alpes-de-Haute-Provence,France,rice,7.8,1.88,0.2397
FRA-5265,Alpes-de-Haute-Provence,France,sorg,1.9,0.2,0.1026
FRA-5265,Alpes-de-Haute-Provence,France,whea,60.4,9.5,0.1572
FRA-5304,Hautes-Alpes,France,barl,13.2,2.37,0.18
FRA-5304,Hautes-Alpes,France,maiz,1.4,0.09,0.063
FRA-5304,Hautes-Alpes,France,pota,1.6,0.01,0.0068
FRA-5304,Hautes-Alpes,France,rice,4.1,1.3,0.317
FRA-5304,Hautes-Alpes,France,whea,44.8,10.83,0.2415
ITA-5434,Turin,Italy,barl,23.7,9.66,0.4069
ITA-5434,Turin,Italy,maiz,473.4,92.75,0.1959
ITA-5434,Turin,Italy,pota,9.0,0.76,0.085
ITA-5434,Turin,Italy,rape,2.1,1.0,0.4816
ITA-5434,Turin,Italy,rice,179.9,259.98,1.4454
ITA-5434,Turin,Italy,sorg,7.9,1.42,0.1805
ITA-5434,Turin,Italy,soyb,17.0,5.5,0.3233
ITA-5434,Turin,Italy,whea,111.5,85.85,0.77
FRA-5341,Savoie,France,barl,11.4,1.88,0.165
FRA-5341,Savoie,France,maiz,15.5,1.47,0.0951
FRA-5341,Savoie,France,rape,3.2,1.27,0.3938
FRA-5341,Savoie,France,sorg,1.6,0.29,0.189
FRA-5341,Savoie,France,soyb,1.5,0.56,0.3842
FRA-5341,Savoie,France,whea,61.6,13.19,0.214
FRA-5302,Haute-Savoie,France,barl,16.7,2.84,0.1695
FRA-5302,Haute-Savoie,France,maiz,20.0,1.95,0.0975
FRA-5302,Haute-Savoie,France,rape,4.9,1.95,0.4002
FRA-5302,Haute-Savoie,France,sorg,2.0,0.4,0.1937
FRA-5302,Haute-Savoie,France,soyb,2.0,0.79,0.3901
FRA-5302,Haute-Savoie,France,whea,90.7,19.83,0.2187
RUS-2333,Murmansk,Russia,pota,1.8,2.9,1.5755
RUS-2353,Karelia,Russia,barl,4.4,6.3,1.4164
RUS-2353,Karelia,Russia,pota,19.3,13.14,0.6791
RUS-2353,Karelia,Russia,whea,1.9,3.41,1.8133
FIN-3180,Northern Ostrobothnia,Finland,barl,95.1,507.7,5.3364
FIN-3180,Northern Ostrobothnia,Finland,pota,54.0,32.25,0.5967
FIN-3180,Northern Ostrobothnia,Finland,whea,106.5,587.74,5.5171
FIN-3179,Kainuu,Finland,barl,2.2,16.01,7.4139
FIN-3179,Kainuu,Finland,whea,2.5,18.89,7.5247
FIN-3190,North Karelia,Finland,barl,29.4,115.83,3.9385
FIN-3190,North Karelia,Finland,pota,7.1,3.98,0.5566
FIN-3190,North Karelia,Finland,whea,34.1,141.29,4.1459
FIN-3188,South Karelia,Finland,barl,98.0,189.62,1.9349
FIN-3188,South Karelia,Finland,pota,13.8,3.65,0.2645
FIN-3188,South Karelia,Finland,rape,2.5,16.51,6.6032
FIN-3188,South Karelia,Finland,whea,35.1,74.54,2.1212
RUS-2336,Leningrad,Russia,barl,73.3,304.8,4.1594
RUS-2336,Leningrad,Russia,pota,140.2,91.28,0.651
RUS-2336,Leningrad,Russia,rape,4.8,35.9,7.4946
RUS-2336,Leningrad,Russia,whea,39.0,128.55,3.2961
FIN-3187,Kymenlaakso,Finland,barl,97.7,166.61,1.7051
FIN-3187,Kymenlaakso,Finland,pota,26.9,4.75,0.1766
FIN-3187,Kymenlaakso,Finland,rape,2.5,14.81,5.8526
FIN-3187,Kymenlaakso,Finland,whea,34.3,64.66,1.8861
OMN-2424,Al Batnah North,Oman,maiz,4.4,0.29,0.0647
OMN-2424,Al Batnah North,Oman,pota,7.4,0.21,0.0277
OMN-2424,Al Batnah North,Oman,sorg,42.4,0.47,0.011
ARE-350,Dubay,United Arab Emirates,maiz,1.4,0.13,0.0985
OMN-4836,Al Buraymi,Oman,maiz,7.6,0.43,0.0562
ARE-349,Abu Dhabi,United Arab Emirates,maiz,12.4,0.99,0.0799
OMN-2414,Al Dhahira,Oman,sorg,1.7,0.02,0.0142
AZE-1723,Balakən,Azerbaijan,barl,3.8,0.77,0.2008
AZE-1723,Balakən,Azerbaijan,maiz,5.3,0.44,0.0822
AZE-1723,Balakən,Azerbaijan,pota,8.8,0.4,0.0452
AZE-1723,Balakən,Azerbaijan,whea,9.5,2.42,0.2539
AZE-1731,Zaqatala,Azerbaijan,barl,8.7,1.44,0.1645
AZE-1731,Zaqatala,Azerbaijan,maiz,17.5,1.26,0.072
AZE-1731,Zaqatala,Azerbaijan,pota,31.2,0.72,0.0231
AZE-1731,Zaqatala,Azerbaijan,whea,19.3,3.98,0.2061
AZE-1730,Xaçmaz,Azerbaijan,barl,30.0,4.7,0.1565
AZE-1730,Xaçmaz,Azerbaijan,maiz,6.7,0.51,0.0765
AZE-1730,Xaçmaz,Azerbaijan,pota,50.2,1.31,0.026
AZE-1730,Xaçmaz,Azerbaijan,whea,112.0,23.62,0.2109
AZE-1725,Oğuz,Azerbaijan,barl,4.3,0.49,0.1132
AZE-1725,Oğuz,Azerbaijan,pota,1.5,0.03,0.0211
AZE-1725,Oğuz,Azerbaijan,whea,18.5,2.89,0.1558
AZE-1727,Şəki,Azerbaijan,barl,39.7,6.1,0.1538
AZE-1727,Şəki,Azerbaijan,maiz,13.2,0.81,0.0612
AZE-1727,Şəki,Azerbaijan,pota,15.6,0.46,0.0296
AZE-1727,Şəki,Azerbaijan,whea,80.1,16.0,0.1997
AZE-1726,Qax,Azerbaijan,barl,9.7,1.39,0.1437
AZE-1726,Qax,Azerbaijan,maiz,9.3,0.59,0.0638
AZE-1726,Qax,Azerbaijan,pota,5.1,0.14,0.0268
AZE-1726,Qax,Azerbaijan,whea,21.7,4.27,0.1966
AZE-1724,Qəbələ,Azerbaijan,barl,20.2,3.21,0.159
AZE-1724,Qəbələ,Azerbaijan,maiz,3.2,0.25,0.0769
AZE-1724,Qəbələ,Azerbaijan,pota,16.4,0.53,0.0322
AZE-1724,Qəbələ,Azerbaijan,whea,59.7,13.11,0.2195
BRA-681,Amapá,Brazil,maiz,7.4,6.14,0.8326
BRA-681,Amapá,Brazil,oilp,2.0,0.48,0.2345
BRA-681,Amapá,Brazil,rice,5.0,4.16,0.826
BRA-681,Amapá,Brazil,soyb,62.7,89.43,1.4273
BRA-681,Amapá,Brazil,sugc,20.8,2.57,0.1238
AZE-1686,Samux,Azerbaijan,barl,12.9,2.11,0.1646
AZE-1686,Samux,Azerbaijan,cott,1.1,0.42,0.3852
AZE-1686,Samux,Azerbaijan,maiz,4.0,0.33,0.0815
AZE-1686,Samux,Azerbaijan,pota,13.9,0.47,0.0341
AZE-1686,Samux,Azerbaijan,whea,25.0,5.83,0.233
SRB-274,Severno-Backi,Republic of Serbia,barl,7.1,0.63,0.0893
SRB-274,Severno-Backi,Republic of Serbia,maiz,133.1,7.35,0.0553
SRB-274,Severno-Backi,Republic of Serbia,pota,2.8,0.07,0.0232
SRB-274,Severno-Backi,Republic of Serbia,rape,2.5,0.41,0.1627
SRB-274,Severno-Backi,Republic of Serbia,soyb,17.5,1.43,0.082
SRB-274,Severno-Backi,Republic of Serbia,whea,46.4,6.31,0.136
HUN-3161,Bács-Kiskun,Hungary,barl,144.5,12.43,0.0861
HUN-3161,Bács-Kiskun,Hungary,maiz,713.5,44.2,0.0619
HUN-3161,Bács-Kiskun,Hungary,pota,32.9,1.15,0.0349
HUN-3161,Bács-Kiskun,Hungary,rape,68.4,12.2,0.1784
HUN-3161,Bács-Kiskun,Hungary,rice,1.9,0.2,0.1042
HUN-3161,Bács-Kiskun,Hungary,sorg,11.0,1.02,0.0928
HUN-3161,Bács-Kiskun,Hungary,soyb,14.7,1.7,0.1157
HUN-3161,Bács-Kiskun,Hungary,whea,437.2,42.61,0.0975
SRB-273,Zapadno-Backi,Republic of Serbia,barl,23.9,1.13,0.0475
SRB-273,Zapadno-Backi,Republic of Serbia,maiz,541.1,15.8,0.0292
SRB-273,Zapadno-Backi,Republic of Serbia,pota,11.0,0.14,0.0129
SRB-273,Zapadno-Backi,Republic of Serbia,rape,7.9,0.62,0.0785
SRB-273,Zapadno-Backi,Republic of Serbia,soyb,79.3,2.11,0.0266
SRB-273,Zapadno-Backi,Republic of Serbia,whea,178.3,15.92,0.0893
SRB-275,Severno-Banatski,Republic of Serbia,barl,28.5,1.96,0.0688
SRB-275,Severno-Banatski,Republic of Serbia,maiz,516.5,20.9,0.0405
SRB-275,Severno-Banatski,Republic of Serbia,pota,11.4,0.21,0.0182
SRB-275,Severno-Banatski,Republic of Serbia,rape,10.8,1.38,0.1272
SRB-275,Severno-Banatski,Republic of Serbia,sorg,1.2,0.09,0.0731
SRB-275,Severno-Banatski,Republic of Serbia,soyb,66.3,2.85,0.043
SRB-275,Severno-Banatski,Republic of Serbia,whea,177.4,19.78,0.1115
MLI-2793,Kayes,Mali,cott,15.5,14.38,0.9297
MLI-2793,Kayes,Mali,grou,157.8,26.6,0.1686
MLI-2793,Kayes,Mali,maiz,342.5,32.24,0.0941
MLI-2793,Kayes,Mali,pota,51.0,1.28,0.0252
MLI-2793,Kayes,Mali,rice,52.4,12.12,0.2316
MLI-2793,Kayes,Mali,sorg,507.0,69.38,0.1368
MLI-2793,Kayes,Mali,soyb,2.4,0.78,0.3253
SEN-5515,Kédougou,Senegal,cott,1.3,0.34,0.2541
SEN-5515,Kédougou,Senegal,grou,13.6,1.18,0.0869
SEN-5515,Kédougou,Senegal,maiz,27.7,2.19,0.0792
SEN-5515,Kédougou,Senegal,rice,26.1,26.7,1.0213
SEN-5515,Kédougou,Senegal,sorg,5.9,0.57,0.0965
SEN-779,Tambacounda,Senegal,cott,3.8,0.9,0.2354
SEN-779,Tambacounda,Senegal,grou,177.8,20.75,0.1167
SEN-779,Tambacounda,Senegal,maiz,103.1,9.56,0.0927
SEN-779,Tambacounda,Senegal,rice,23.8,32.53,1.365
SEN-779,Tambacounda,Senegal,sorg,64.9,9.64,0.1484
GIN-5646,Koundara,Guinea,cott,2.3,0.31,0.1338
GIN-5646,Koundara,Guinea,grou,54.1,7.27,0.1343
GIN-5646,Koundara,Guinea,maiz,32.5,3.03,0.0931
GIN-5646,Koundara,Guinea,pota,9.9,0.1,0.0096
GIN-5646,Koundara,Guinea,rice,137.6,59.29,0.4308
GIN-5646,Koundara,Guinea,sorg,4.0,0.4,0.101
GIN-5646,Koundara,Guinea,sugc,5.0,0.02,0.0036
SEN-774,Kolda,Senegal,cott,10.2,1.43,0.1399
SEN-774,Kolda,Senegal,grou,141.0,10.35,0.0734
SEN-774,Kolda,Senegal,maiz,127.4,6.44,0.0505
SEN-774,Kolda,Senegal,oilp,51.6,0.48,0.0093
SEN-774,Kolda,Senegal,pota,112.5,1.28,0.0114
SEN-774,Kolda,Senegal,rice,384.7,767.29,1.9947
SEN-774,Kolda,Senegal,sorg,49.2,2.99,0.0607
GIN-5652,Mali,Guinea,cott,1.5,0.21,0.1426
GIN-5652,Mali,Guinea,grou,26.5,3.7,0.1398
GIN-5652,Mali,Guinea,maiz,72.8,7.25,0.0996
GIN-5652,Mali,Guinea,pota,3.3,0.04,0.0121
GIN-5652,Mali,Guinea,rice,56.1,15.16,0.2702
GIN-5652,Mali,Guinea,sorg,2.9,0.26,0.0874
GIN-5652,Mali,Guinea,sugc,3.1,0.02,0.0072
NGA-2879,Kebbi,Nigeria,cott,18.1,4.6,0.254
NGA-2879,Kebbi,Nigeria,grou,128.4,10.41,0.0811
NGA-2879,Kebbi,Nigeria,maiz,336.7,13.96,0.0414
NGA-2879,Kebbi,Nigeria,oilp,28.6,1.07,0.0373
NGA-2879,Kebbi,Nigeria,pota,9.5,0.21,0.0215
NGA-2879,Kebbi,Nigeria,rice,390.7,232.12,0.594
NGA-2879,Kebbi,Nigeria,sorg,343.7,23.22,0.0676
NGA-2879,Kebbi,Nigeria,soyb,39.1,3.15,0.0805
NGA-2879,Kebbi,Nigeria,sugc,60.5,1.22,0.0201
NGA-2879,Kebbi,Nigeria,whea,6.3,2.21,0.3524
BEN-2170,Alibori,Benin,cott,314.9,120.48,0.3825
BEN-2170,Alibori,Benin,grou,26.5,2.39,0.0902
BEN-2170,Alibori,Benin,maiz,433.3,35.02,0.0808
BEN-2170,Alibori,Benin,pota,3.1,0.06,0.0208
BEN-2170,Alibori,Benin,rice,131.9,105.31,0.7985
BEN-2170,Alibori,Benin,sorg,63.2,5.53,0.0875
BEN-2170,Alibori,Benin,soyb,28.9,2.4,0.083
BEN-2170,Alibori,Benin,sugc,10.7,0.1,0.0098
NGA-2851,Niger,Nigeria,cott,18.6,6.61,0.3563
NGA-2851,Niger,Nigeria,grou,349.7,37.27,0.1066
NGA-2851,Niger,Nigeria,maiz,629.5,33.88,0.0538
NGA-2851,Niger,Nigeria,oilp,66.4,1.25,0.0188
NGA-2851,Niger,Nigeria,pota,133.6,4.15,0.0311
NGA-2851,Niger,Nigeria,rice,559.0,316.6,0.5664
NGA-2851,Niger,Nigeria,sorg,514.8,43.14,0.0838
NGA-2851,Niger,Nigeria,soyb,74.7,8.02,0.1072
BEN-2169,Borgou,Benin,cott,136.4,71.02,0.5205
BEN-2169,Borgou,Benin,grou,15.5,1.53,0.0989
BEN-2169,Borgou,Benin,maiz,196.9,19.4,0.0986
BEN-2169,Borgou,Benin,oilp,2.7,0.02,0.0063
BEN-2169,Borgou,Benin,pota,1.2,0.03,0.0265
BEN-2169,Borgou,Benin,rice,57.2,33.96,0.5938
BEN-2169,Borgou,Benin,sorg,29.5,2.81,0.0951
BEN-2169,Borgou,Benin,soyb,82.4,7.52,0.0912
BEN-2169,Borgou,Benin,sugc,28.7,0.31,0.0108
NGA-2849,Kwara,Nigeria,cott,1.3,0.66,0.5085
NGA-2849,Kwara,Nigeria,grou,133.4,12.95,0.0971
NGA-2849,Kwara,Nigeria,maiz,364.0,17.42,0.0479
NGA-2849,Kwara,Nigeria,oilp,568.0,6.5,0.0114
NGA-2849,Kwara,Nigeria,pota,37.0,1.04,0.0281
NGA-2849,Kwara,Nigeria,rice,395.1,225.37,0.5705
NGA-2849,Kwara,Nigeria,sorg,126.2,9.34,0.074
NGA-2849,Kwara,Nigeria,soyb,78.4,7.12,0.0908
NGA-2852,Ogun,Nigeria,grou,11.9,1.62,0.1362
NGA-2852,Ogun,Nigeria,maiz,343.8,21.71,0.0631
NGA-2852,Ogun,Nigeria,oilp,552.0,5.37,0.0097
NGA-2852,Ogun,Nigeria,rice,113.9,65.27,0.5731
NGA-2852,Ogun,Nigeria,sorg,18.7,2.11,0.1126
NGA-2852,Ogun,Nigeria,soyb,18.4,2.36,0.1282
BEN-2179,Plateau,Benin,cott,5.2,2.97,0.5736
BEN-2179,Plateau,Benin,grou,7.5,2.06,0.2741
BEN-2179,Plateau,Benin,maiz,183.4,44.69,0.2436
BEN-2179,Plateau,Benin,oilp,355.5,2.54,0.0071
BEN-2179,Plateau,Benin,rice,6.4,4.05,0.6327
BEN-2179,Plateau,Benin,soyb,5.7,0.59,0.103
BEN-2171,Collines,Benin,cott,48.3,24.6,0.509
BEN-2171,Collines,Benin,grou,56.7,4.86,0.0857
BEN-2171,Collines,Benin,maiz,241.0,17.98,0.0746
BEN-2171,Collines,Benin,oilp,121.9,1.07,0.0088
BEN-2171,Collines,Benin,rice,83.1,55.46,0.6674
BEN-2171,Collines,Benin,sorg,13.3,1.09,0.0823
BEN-2171,Collines,Benin,soyb,61.5,4.54,0.0738
BEN-2171,Collines,Benin,sugc,32.2,0.35,0.0109
NGA-2856,Oyo,Nigeria,grou,46.1,4.54,0.0986
NGA-2856,Oyo,Nigeria,maiz,355.6,18.27,0.0514
NGA-2856,Oyo,Nigeria,oilp,675.6,6.2,0.0092
NGA-2856,Oyo,Nigeria,pota,1.6,0.03,0.0194
NGA-2856,Oyo,Nigeria,rice,136.7,77.43,0.5666
NGA-2856,Oyo,Nigeria,sorg,56.6,4.54,0.0802
NGA-2856,Oyo,Nigeria,soyb,29.7,2.94,0.0989
NGA-2850,Lagos,Nigeria,grou,1.0,0.21,0.2049
NGA-2850,Lagos,Nigeria,maiz,91.1,8.95,0.0982
NGA-2850,Lagos,Nigeria,oilp,9.2,0.13,0.0142
NGA-2850,Lagos,Nigeria,rice,19.0,17.16,0.9026
NGA-2850,Lagos,Nigeria,soyb,10.3,3.56,0.3456
BEN-2177,Ouémé,Benin,maiz,2.6,20.57,7.8812
BEN-2177,Ouémé,Benin,oilp,21.8,20.18,0.9251
AGO-1885,Cabinda,Angola,grou,15.2,1.81,0.1191
AGO-1885,Cabinda,Angola,maiz,14.6,0.78,0.0533
COG-3343,Kouilou,Republic of the Congo,grou,2.3,1.15,0.5026
COG-3343,Kouilou,Republic of the Congo,maiz,1.8,0.55,0.305
COG-3343,Kouilou,Republic of the Congo,oilp,12.2,0.11,0.0091
COG-3343,Kouilou,Republic of the Congo,sugc,33.7,0.5,0.0148
HUN-3159,Zala,Hungary,barl,50.0,24.49,0.4902
HUN-3159,Zala,Hungary,maiz,177.1,54.93,0.3101
HUN-3159,Zala,Hungary,pota,4.9,0.29,0.0602
HUN-3159,Zala,Hungary,rape,36.3,35.12,0.9686
HUN-3159,Zala,Hungary,sorg,1.8,1.11,0.6266
HUN-3159,Zala,Hungary,soyb,10.2,9.82,0.9615
HUN-3159,Zala,Hungary,whea,120.4,62.27,0.5171
HRV-1609,Medimurska,Croatia,barl,12.5,3.07,0.245
HRV-1609,Medimurska,Croatia,maiz,165.2,31.47,0.1904
HRV-1609,Medimurska,Croatia,pota,17.8,1.47,0.0826
HRV-1609,Medimurska,Croatia,rape,5.8,2.85,0.4895
HRV-1609,Medimurska,Croatia,soyb,4.0,1.66,0.4124
HRV-1609,Medimurska,Croatia,whea,45.3,12.64,0.2791
HUN-3157,Somogy,Hungary,barl,84.9,28.0,0.3299
HUN-3157,Somogy,Hungary,maiz,609.9,135.56,0.2223
HUN-3157,Somogy,Hungary,pota,7.2,0.58,0.0814
HUN-3157,Somogy,Hungary,rape,57.2,37.51,0.656
HUN-3157,Somogy,Hungary,sorg,3.9,1.63,0.4187
HUN-3157,Somogy,Hungary,soyb,20.5,13.95,0.6806
HUN-3157,Somogy,Hungary,whea,276.4,94.52,0.342
HRV-1606,Viroviticko-Podravska,Croatia,barl,29.2,1.48,0.0506
HRV-1606,Viroviticko-Podravska,Croatia,maiz,198.5,11.86,0.0598
HRV-1606,Viroviticko-Podravska,Croatia,pota,4.1,0.09,0.0219
HRV-1606,Viroviticko-Podravska,Croatia,rape,13.0,2.03,0.1561
HRV-1606,Viroviticko-Podravska,Croatia,soyb,23.5,1.69,0.072
HRV-1606,Viroviticko-Podravska,Croatia,whea,70.8,5.99,0.0847
HRV-1608,Koprivničko-Križevačka,Croatia,barl,11.5,0.77,0.0666
HRV-1608,Koprivničko-Križevačka,Croatia,maiz,147.3,11.53,0.0782
HRV-1608,Koprivničko-Križevačka,Croatia,pota,15.3,0.43,0.0283
HRV-1608,Koprivničko-Križevačka,Croatia,rape,5.1,1.03,0.2018
HRV-1608,Koprivničko-Križevačka,Croatia,soyb,4.5,0.47,0.1049
HRV-1608,Koprivničko-Križevačka,Croatia,whea,40.6,4.5,0.1106
HUN-3155,Baranya,Hungary,barl,70.7,6.45,0.0911
HUN-3155,Baranya,Hungary,maiz,494.0,34.27,0.0694
HUN-3155,Baranya,Hungary,pota,6.9,0.25,0.0357
HUN-3155,Baranya,Hungary,rape,45.9,8.81,0.1921
HUN-3155,Baranya,Hungary,sorg,3.1,0.33,0.1051
HUN-3155,Baranya,Hungary,soyb,21.8,2.95,0.1352
HUN-3155,Baranya,Hungary,whea,218.7,22.92,0.1048
HRV-1603,Osjecko-Baranjska,Croatia,barl,69.9,3.04,0.0434
HRV-1603,Osjecko-Baranjska,Croatia,maiz,497.8,27.38,0.055
HRV-1603,Osjecko-Baranjska,Croatia,pota,13.6,0.29,0.0211
HRV-1603,Osjecko-Baranjska,Croatia,rape,27.5,4.16,0.1512
HRV-1603,Osjecko-Baranjska,Croatia,soyb,71.6,4.25,0.0594
HRV-1603,Osjecko-Baranjska,Croatia,whea,165.3,13.76,0.0833
HRV-1592,Istarska,Croatia,barl,1.5,0.22,0.1483
HRV-1592,Istarska,Croatia,maiz,1.6,0.29,0.179
HRV-1592,Istarska,Croatia,pota,4.1,0.26,0.0649
HRV-1592,Istarska,Croatia,whea,9.1,2.43,0.268
SVN-264,Lendava,Slovenia,barl,13.3,6.36,0.4778
SVN-264,Lendava,Slovenia,maiz,45.9,13.7,0.2985
SVN-264,Lendava,Slovenia,pota,5.8,0.56,0.0971
SVN-264,Lendava,Slovenia,rape,2.2,1.32,0.5858
SVN-264,Lendava,Slovenia,whea,15.9,7.26,0.4576
SAU-1098,Ash Sharqiyah,Saudi Arabia,barl,6.0,1.44,0.2408
SAU-1098,Ash Sharqiyah,Saudi Arabia,maiz,1.3,0.29,0.232
SAU-1098,Ash Sharqiyah,Saudi Arabia,pota,7.2,0.35,0.0488
SAU-1098,Ash Sharqiyah,Saudi Arabia,whea,5.8,0.56,0.0965
BWA-2629,North-West,Botswana,maiz,3.8,26.04,6.799
BWA-2629,North-West,Botswana,sorg,14.2,15.28,1.0737
ZWE-526,Matabeleland North,Zimbabwe,barl,1.4,0.02,0.0158
ZWE-526,Matabeleland North,Zimbabwe,cott,9.7,0.65,0.0673
ZWE-526,Matabeleland North,Zimbabwe,grou,4.3,1.07,0.2496
ZWE-526,Matabeleland North,Zimbabwe,maiz,93.7,9.9,0.1056
ZWE-526,Matabeleland North,Zimbabwe,pota,8.6,0.0,0.0
ZWE-526,Matabeleland North,Zimbabwe,sorg,21.1,3.6,0.1708
ZWE-526,Matabeleland North,Zimbabwe,soyb,4.6,0.27,0.0586
ZWE-526,Matabeleland North,Zimbabwe,sugc,71.8,0.04,0.0006
ZWE-526,Matabeleland North,Zimbabwe,whea,4.5,0.16,0.0349
BWA-2630,Central,Botswana,maiz,10.5,3.26,0.3108
BWA-2630,Central,Botswana,sorg,38.8,3.29,0.0848
BWA-2630,Central,Botswana,sugc,1.7,0.0,0.0006
ZWE-530,Matabeleland South,Zimbabwe,barl,1.4,0.03,0.0184
ZWE-530,Matabeleland South,Zimbabwe,cott,16.3,1.35,0.0829
ZWE-530,Matabeleland South,Zimbabwe,grou,6.9,2.18,0.317
ZWE-530,Matabeleland South,Zimbabwe,maiz,61.2,8.19,0.1338
ZWE-530,Matabeleland South,Zimbabwe,pota,22.5,0.01,0.0005
ZWE-530,Matabeleland South,Zimbabwe,sorg,13.2,2.54,0.1921
ZWE-530,Matabeleland South,Zimbabwe,soyb,3.9,0.23,0.0595
ZWE-530,Matabeleland South,Zimbabwe,sugc,228.8,0.32,0.0014
ZWE-530,Matabeleland South,Zimbabwe,whea,7.3,0.31,0.0418
BWA-4853,North-East,Botswana,maiz,6.7,1.86,0.276
BWA-4853,North-East,Botswana,sorg,20.2,1.29,0.0637
BWA-4853,North-East,Botswana,sugc,1.1,0.0,0.0
PAK-1111,Northern Areas,Pakistan,maiz,23.1,3.08,0.1337
PAK-1111,Northern Areas,Pakistan,whea,11.4,5.65,0.4942
BGR-2254,Burgas,Bulgaria,barl,54.4,8.63,0.1585
BGR-2254,Burgas,Bulgaria,maiz,17.6,3.02,0.172
BGR-2254,Burgas,Bulgaria,pota,4.7,0.09,0.0181
BGR-2254,Burgas,Bulgaria,rape,42.6,10.31,0.2417
BGR-2254,Burgas,Bulgaria,rice,2.6,0.6,0.2297
BGR-2254,Burgas,Bulgaria,whea,358.9,50.03,0.1394
TUR-2241,Kirklareli,Turkey,barl,21.7,5.49,0.253
TUR-2241,Kirklareli,Turkey,grou,1.2,0.21,0.1696
TUR-2241,Kirklareli,Turkey,maiz,10.8,1.63,0.1504
TUR-2241,Kirklareli,Turkey,rape,12.5,2.33,0.1868
TUR-2241,Kirklareli,Turkey,rice,135.7,91.36,0.6731
TUR-2241,Kirklareli,Turkey,whea,224.1,58.84,0.2625
BGR-2255,Yambol,Bulgaria,barl,41.4,17.79,0.4292
BGR-2255,Yambol,Bulgaria,maiz,1.7,1.04,0.6291
BGR-2255,Yambol,Bulgaria,pota,3.8,0.29,0.0752
BGR-2255,Yambol,Bulgaria,rape,29.7,24.79,0.835
BGR-2255,Yambol,Bulgaria,whea,284.6,126.13,0.4432
TUR-2240,Edirne,Turkey,barl,20.8,5.38,0.2583
TUR-2240,Edirne,Turkey,cott,18.9,5.19,0.2751
TUR-2240,Edirne,Turkey,grou,1.7,0.28,0.164
TUR-2240,Edirne,Turkey,maiz,33.1,3.63,0.1095
TUR-2240,Edirne,Turkey,pota,6.0,0.14,0.0241
TUR-2240,Edirne,Turkey,rape,13.5,2.67,0.1975
TUR-2240,Edirne,Turkey,rice,163.2,121.28,0.7429
TUR-2240,Edirne,Turkey,whea,278.4,71.96,0.2585
BGR-2232,Haskovo,Bulgaria,barl,20.7,3.31,0.16
BGR-2232,Haskovo,Bulgaria,pota,6.2,0.12,0.019
BGR-2232,Haskovo,Bulgaria,rape,10.7,2.58,0.2421
BGR-2232,Haskovo,Bulgaria,rice,2.5,0.53,0.2079
BGR-2232,Haskovo,Bulgaria,whea,246.0,36.14,0.1469
KHM-1782,Otdar Mean Chey,Cambodia,rice,129.4,67.56,0.5221
KHM-1782,Otdar Mean Chey,Cambodia,sugc,3.6,0.08,0.0219
THA-443,Surin,Thailand,maiz,1.5,0.15,0.0968
THA-443,Surin,Thailand,oilp,13.2,0.43,0.0326
THA-443,Surin,Thailand,rice,1070.6,1091.91,1.0199
THA-443,Surin,Thailand,sugc,1104.8,21.38,0.0193
KHM-1791,Preah Vihéar,Cambodia,maiz,16.0,1.42,0.0887
KHM-1791,Preah Vihéar,Cambodia,oilp,5.8,0.27,0.0461
KHM-1791,Preah Vihéar,Cambodia,rice,293.4,113.03,0.3853
KHM-1791,Preah Vihéar,Cambodia,soyb,4.0,3.2,0.8035
KHM-1791,Preah Vihéar,Cambodia,sugc,10.6,0.22,0.021
THA-425,Si Sa Ket,Thailand,maiz,20.5,2.17,0.1055
THA-425,Si Sa Ket,Thailand,oilp,17.2,0.57,0.033
THA-425,Si Sa Ket,Thailand,rice,618.5,1019.68,1.6486
THA-425,Si Sa Ket,Thailand,sugc,141.5,2.73,0.0193
THA-426,Ubon Ratchathani,Thailand,maiz,57.8,5.94,0.1029
THA-426,Ubon Ratchathani,Thailand,oilp,48.0,1.63,0.034
THA-426,Ubon Ratchathani,Thailand,rice,1325.7,1624.96,1.2257
THA-426,Ubon Ratchathani,Thailand,sugc,85.6,1.56,0.0183
KHM-1781,Siemréab,Cambodia,maiz,5.5,0.63,0.1141
KHM-1781,Siemréab,Cambodia,oilp,136.4,8.28,0.0607
KHM-1781,Siemréab,Cambodia,rice,931.2,922.0,0.9901
KHM-1781,Siemréab,Cambodia,soyb,4.8,4.02,0.8313
KHM-1781,Siemréab,Cambodia,sugc,91.7,12.61,0.1375
KHM-1777,Bântéay Méanchey,Cambodia,maiz,70.0,5.11,0.073
KHM-1777,Bântéay Méanchey,Cambodia,oilp,16.1,1.05,0.0651
KHM-1777,Bântéay Méanchey,Cambodia,rice,1010.9,704.05,0.6965
KHM-1777,Bântéay Méanchey,Cambodia,sugc,21.2,2.58,0.1217
THA-433,Sa Kaeo,Thailand,barl,1.4,0.61,0.4424
THA-433,Sa Kaeo,Thailand,grou,1.4,0.22,0.1571
THA-433,Sa Kaeo,Thailand,maiz,85.5,10.69,0.1251
THA-433,Sa Kaeo,Thailand,oilp,109.6,4.57,0.0417
THA-433,Sa Kaeo,Thailand,rice,374.8,795.75,2.1228
THA-433,Sa Kaeo,Thailand,sorg,1.5,0.77,0.5141
THA-433,Sa Kaeo,Thailand,soyb,1.4,0.12,0.0874
THA-433,Sa Kaeo,Thailand,sugc,2406.9,59.57,0.0247
THA-436,Buri Ram,Thailand,maiz,35.3,3.5,0.099
THA-436,Buri Ram,Thailand,oilp,20.0,0.64,0.0319
THA-436,Buri Ram,Thailand,rice,1262.8,1442.14,1.142
THA-436,Buri Ram,Thailand,sugc,1580.7,30.68,0.0194
KHM-1779,Kaôh Kong,Cambodia,oilp,37.9,1.66,0.0438
KHM-1779,Kaôh Kong,Cambodia,rice,14.4,5.88,0.4088
THA-435,Trat,Thailand,oilp,80.6,3.5,0.0434
THA-435,Trat,Thailand,rice,4.2,17.57,4.2139
THA-435,Trat,Thailand,sugc,202.8,7.39,0.0364
KHM-1780,Pouthisat,Cambodia,grou,1.2,0.5,0.4024
KHM-1780,Pouthisat,Cambodia,maiz,74.4,7.01,0.0942
KHM-1780,Pouthisat,Cambodia,oilp,29.9,1.8,0.0603
KHM-1780,Pouthisat,Cambodia,rice,575.0,1343.4,2.3364
KHM-1780,Pouthisat,Cambodia,sugc,23.9,4.24,0.1774
KHM-1778,Batdâmbâng,Cambodia,maiz,511.0,44.3,0.0867
KHM-1778,Batdâmbâng,Cambodia,oilp,11.2,0.72,0.0644
KHM-1778,Batdâmbâng,Cambodia,rice,1457.5,1525.73,1.0468
KHM-1778,Batdâmbâng,Cambodia,soyb,5.6,4.1,0.7331
KHM-1778,Batdâmbâng,Cambodia,sugc,248.9,10.02,0.0403
KHM-1783,Krong Pailin,Cambodia,maiz,51.6,2.07,0.04
KHM-1783,Krong Pailin,Cambodia,rice,16.5,5.61,0.3395
THA-432,Chanthaburi,Thailand,barl,1.7,0.82,0.4829
THA-432,Chanthaburi,Thailand,grou,1.4,0.29,0.207
THA-432,Chanthaburi,Thailand,maiz,25.4,2.1,0.083
THA-432,Chanthaburi,Thailand,oilp,65.8,2.88,0.0438
THA-432,Chanthaburi,Thailand,rice,23.0,36.87,1.6003
THA-432,Chanthaburi,Thailand,soyb,1.2,0.21,0.1754
THA-432,Chanthaburi,Thailand,sugc,51.9,1.62,0.0313
MAR-1454,Oriental,Morocco,barl,62.6,16.42,0.2622
MAR-1454,Oriental,Morocco,grou,4.5,0.97,0.2148
MAR-1454,Oriental,Morocco,maiz,2.0,1.76,0.8974
MAR-1454,Oriental,Morocco,pota,201.8,3.95,0.0196
MAR-1454,Oriental,Morocco,rice,4.9,0.29,0.0601
MAR-1454,Oriental,Morocco,sugc,9.6,0.12,0.012
MAR-1454,Oriental,Morocco,whea,136.7,29.41,0.2152
IND-3259,Sikkim,India,barl,1.4,0.08,0.0546
IND-3259,Sikkim,India,maiz,108.8,9.69,0.0891
IND-3259,Sikkim,India,pota,358.2,9.33,0.026
IND-3259,Sikkim,India,rape,4.0,0.49,0.1234
IND-3259,Sikkim,India,rice,23.9,10.52,0.4406
IND-3259,Sikkim,India,soyb,3.0,0.35,0.1153
BTN-2438,Samchi,Bhutan,grou,1.0,0.63,0.6196
BTN-2438,Samchi,Bhutan,maiz,16.8,10.16,0.6057
BTN-2438,Samchi,Bhutan,pota,45.0,9.36,0.2077
BTN-2438,Samchi,Bhutan,rice,24.4,15.42,0.6326
IND-3257,West Bengal,India,barl,1.7,1.15,0.6709
IND-3257,West Bengal,India,cott,4.6,3.62,0.7797
IND-3257,West Bengal,India,grou,139.3,130.09,0.934
IND-3257,West Bengal,India,maiz,1155.2,893.7,0.7736
IND-3257,West Bengal,India,pota,10517.0,2508.21,0.2385
IND-3257,West Bengal,India,rape,826.5,1374.89,1.6636
IND-3257,West Bengal,India,rice,20906.8,26762.53,1.2801
IND-3257,West Bengal,India,sugc,1528.6,115.99,0.0759
IND-3257,West Bengal,India,whea,549.5,456.06,0.8299
BTN-2433,Chhukha,Bhutan,maiz,4.3,1.73,0.4035
BTN-2433,Chhukha,Bhutan,pota,44.5,8.98,0.2019
BTN-2433,Chhukha,Bhutan,rice,24.0,13.99,0.5819
BTN-2482,Geylegphug,Bhutan,maiz,1.1,0.14,0.1237
BTN-2482,Geylegphug,Bhutan,pota,4.1,0.29,0.07
BTN-2482,Geylegphug,Bhutan,rice,20.9,5.83,0.278
IND-2477,Assam,India,cott,1.0,1.44,1.44
IND-2477,Assam,India,grou,1.2,0.39,0.3197
IND-2477,Assam,India,maiz,243.2,64.85,0.2667
IND-2477,Assam,India,pota,2657.9,246.37,0.0927
IND-2477,Assam,India,rape,422.5,313.54,0.7421
IND-2477,Assam,India,rice,10432.1,6486.09,0.6217
IND-2477,Assam,India,soyb,3.5,0.42,0.1176
IND-2477,Assam,India,sugc,2418.2,67.02,0.0277
IND-2477,Assam,India,whea,53.5,21.67,0.4052
BTN-2485,Shemgang,Bhutan,maiz,2.1,0.14,0.0676
BTN-2485,Shemgang,Bhutan,pota,4.0,0.13,0.0332
BTN-2492,Samdrup Jongkhar,Bhutan,maiz,3.3,0.4,0.1204
BTN-2492,Samdrup Jongkhar,Bhutan,pota,53.5,3.88,0.0726
BTN-2492,Samdrup Jongkhar,Bhutan,rape,4.1,1.84,0.4455
BTN-2492,Samdrup Jongkhar,Bhutan,rice,91.4,26.4,0.2888
BTN-2492,Samdrup Jongkhar,Bhutan,sugc,13.0,0.32,0.0248
BTN-2493,Tashigang,Bhutan,maiz,2.7,0.34,0.1302
BTN-2493,Tashigang,Bhutan,pota,4.9,0.26,0.0524
BTN-2493,Tashigang,Bhutan,rice,1.1,1.37,1.2106
THA-385,Satun,Thailand,maiz,136.1,23.38,0.1718
THA-385,Satun,Thailand,oilp,193.9,9.96,0.0514
THA-385,Satun,Thailand,rice,32.8,55.33,1.6864
THA-385,Satun,Thailand,sugc,368.3,11.64,0.0316
THA-386,Songkhla,Thailand,maiz,7.5,0.82,0.1086
THA-386,Songkhla,Thailand,oilp,241.7,9.11,0.0377
THA-386,Songkhla,Thailand,rice,86.2,193.06,2.2389
THA-386,Songkhla,Thailand,sugc,1984.8,59.75,0.0301
MYS-1140,Kedah,Malaysia,oilp,3184.6,112.85,0.0354
MYS-1140,Kedah,Malaysia,rice,951.8,2527.93,2.6559
THA-388,Yala,Thailand,maiz,3.6,0.39,0.1074
THA-388,Yala,Thailand,oilp,34.9,1.35,0.0387
THA-388,Yala,Thailand,rice,5.8,22.53,3.8706
THA-388,Yala,Thailand,sugc,2.6,0.05,0.0204
MYS-1144,Kelantan,Malaysia,oilp,2847.1,77.56,0.0272
MYS-1144,Kelantan,Malaysia,rice,251.4,379.98,1.5114
MYS-1144,Kelantan,Malaysia,sugc,326.3,12.67,0.0388
THA-493,Narathiwat,Thailand,maiz,18.3,1.99,0.1087
THA-493,Narathiwat,Thailand,oilp,228.1,8.1,0.0355
THA-493,Narathiwat,Thailand,rice,26.1,96.92,3.7077
THA-493,Narathiwat,Thailand,sugc,1890.5,65.37,0.0346
MYS-1137,Perak,Malaysia,oilp,822.4,33.45,0.0407
MYS-1137,Perak,Malaysia,rice,250.9,221.99,0.8847
ITA-5366,Rimini,Italy,barl,4.5,0.41,0.0899
ITA-5366,Rimini,Italy,maiz,1.6,0.13,0.077
ITA-5366,Rimini,Italy,pota,1.4,0.03,0.0177
ITA-5366,Rimini,Italy,sorg,3.2,0.24,0.0738
ITA-5366,Rimini,Italy,soyb,1.7,0.1,0.0591
ITA-5366,Rimini,Italy,whea,33.8,5.0,0.1478
ITA-5428,Pesaro e Urbino,Italy,barl,18.1,1.48,0.0817
ITA-5428,Pesaro e Urbino,Italy,maiz,6.2,0.39,0.0627
ITA-5428,Pesaro e Urbino,Italy,pota,1.6,0.03,0.0201
ITA-5428,Pesaro e Urbino,Italy,sorg,4.7,0.37,0.0801
ITA-5428,Pesaro e Urbino,Italy,soyb,1.8,0.24,0.1311
ITA-5428,Pesaro e Urbino,Italy,whea,126.5,16.84,0.1332
HTI-1386,Nord-Est,Haiti,grou,2.5,0.69,0.2779
HTI-1386,Nord-Est,Haiti,maiz,6.9,1.05,0.1519
HTI-1386,Nord-Est,Haiti,sugc,32.2,0.13,0.0039
DOM-1964,Monte Cristi,Dominican Republic,maiz,5.1,3.15,0.6166
DOM-1964,Monte Cristi,Dominican Republic,oilp,17.1,3.62,0.2117
DOM-1964,Monte Cristi,Dominican Republic,rice,168.5,188.51,1.1185
DOM-1964,Monte Cristi,Dominican Republic,sugc,293.8,9.68,0.033
DOM-1966,Dajabón,Dominican Republic,maiz,2.9,0.53,0.1802
DOM-1966,Dajabón,Dominican Republic,oilp,2.0,0.47,0.2347
DOM-1966,Dajabón,Dominican Republic,sugc,54.0,2.07,0.0384
HTI-1385,Centre,Haiti,grou,3.7,1.11,0.3022
HTI-1385,Centre,Haiti,maiz,13.4,2.04,0.1521
HTI-1385,Centre,Haiti,pota,1.7,0.03,0.0169
HTI-1385,Centre,Haiti,rice,1.4,4.96,3.4451
HTI-1385,Centre,Haiti,sugc,168.5,1.27,0.0076
DOM-1972,La Estrelleta,Dominican Republic,oilp,1.0,0.22,0.2106
DOM-1972,La Estrelleta,Dominican Republic,rice,3.7,12.7,3.4126
DOM-1972,La Estrelleta,Dominican Republic,sugc,84.6,2.05,0.0243
DOM-1971,Independencia,Dominican Republic,maiz,2.0,0.81,0.4102
DOM-1971,Independencia,Dominican Republic,rice,12.7,2.89,0.2269
DOM-1971,Independencia,Dominican Republic,sugc,153.6,3.49,0.0227
HTI-1388,Ouest,Haiti,grou,1.7,0.58,0.3461
HTI-1388,Ouest,Haiti,maiz,41.2,6.34,0.1539
HTI-1388,Ouest,Haiti,pota,31.9,0.38,0.0118
HTI-1388,Ouest,Haiti,rice,44.6,140.13,3.1433
HTI-1388,Ouest,Haiti,sorg,3.7,0.7,0.1876
HTI-1388,Ouest,Haiti,sugc,362.1,3.07,0.0085
DOM-1973,Pedernales,Dominican Republic,sugc,105.3,2.1,0.02
TCD-1466,Lac,Chad,cott,1.9,0.56,0.3011
TCD-1466,Lac,Chad,maiz,50.0,59.29,1.1851
NGA-2839,Borno,Nigeria,cott,22.9,2.88,0.1258
NGA-2839,Borno,Nigeria,grou,241.1,22.16,0.0919
NGA-2839,Borno,Nigeria,maiz,750.4,33.36,0.0445
NGA-2839,Borno,Nigeria,oilp,20.3,0.35,0.0173
NGA-2839,Borno,Nigeria,pota,1.4,0.02,0.0132
NGA-2839,Borno,Nigeria,rice,223.1,141.8,0.6355
NGA-2839,Borno,Nigeria,sorg,272.6,18.89,0.0693
NGA-2839,Borno,Nigeria,soyb,3.3,0.18,0.055
NGA-2839,Borno,Nigeria,sugc,4.0,0.38,0.0952
NGA-2839,Borno,Nigeria,whea,2.2,0.48,0.2133
KWT-1667,Al Jahrah,Kuwait,barl,1.6,0.44,0.272
KWT-1667,Al Jahrah,Kuwait,maiz,5.9,0.63,0.1069
KWT-1667,Al Jahrah,Kuwait,pota,8.3,0.69,0.0826
IRQ-3222,Al-Basrah,Iraq,barl,5.0,0.89,0.177
IRQ-3222,Al-Basrah,Iraq,maiz,17.9,1.41,0.0789
IRQ-3222,Al-Basrah,Iraq,pota,2.3,0.15,0.0662
IRQ-3222,Al-Basrah,Iraq,rice,7.4,4.13,0.5571
IRQ-3222,Al-Basrah,Iraq,sugc,20.3,0.49,0.024
IRQ-3222,Al-Basrah,Iraq,whea,30.8,2.66,0.0864
IRQ-3223,Al-Muthannia,Iraq,barl,83.5,4.89,0.0586
IRQ-3223,Al-Muthannia,Iraq,sorg,1.8,0.14,0.0765
IRQ-3223,Al-Muthannia,Iraq,whea,145.4,6.36,0.0437
SLV-1343,Ahuachapán,El Salvador,maiz,41.6,8.27,0.199
SLV-1343,Ahuachapán,El Salvador,pota,1.2,0.01,0.0065
SLV-1343,Ahuachapán,El Salvador,sorg,9.8,1.02,0.1045
GTM-1962,Jutiapa,Guatemala,maiz,175.8,50.8,0.289
GTM-1962,Jutiapa,Guatemala,pota,2.0,0.07,0.0365
GTM-1962,Jutiapa,Guatemala,rice,1.9,1.28,0.6772
GTM-1962,Jutiapa,Guatemala,sorg,16.3,3.49,0.2138
GTM-1962,Jutiapa,Guatemala,soyb,2.5,0.26,0.1036
GTM-1962,Jutiapa,Guatemala,sugc,502.3,4.27,0.0085
SLV-1358,Santa Ana,El Salvador,maiz,80.5,17.71,0.2201
SLV-1358,Santa Ana,El Salvador,pota,3.7,0.03,0.0074
SLV-1358,Santa Ana,El Salvador,sorg,10.4,1.35,0.1295
SLV-1358,Santa Ana,El Salvador,sugc,768.1,10.21,0.0133
GTM-1960,Chiquimula,Guatemala,maiz,94.7,28.23,0.298
GTM-1960,Chiquimula,Guatemala,pota,6.4,0.28,0.0435
GTM-1960,Chiquimula,Guatemala,rice,7.0,5.03,0.72
GTM-1960,Chiquimula,Guatemala,sugc,209.9,1.53,0.0073
IDN-1235,Nusa Tenggara Timur,Indonesia,grou,17.2,6.46,0.3765
IDN-1235,Nusa Tenggara Timur,Indonesia,maiz,374.3,259.86,0.6942
IDN-1235,Nusa Tenggara Timur,Indonesia,pota,24.8,2.04,0.0826
IDN-1235,Nusa Tenggara Timur,Indonesia,rice,799.7,475.04,0.5941
IDN-1235,Nusa Tenggara Timur,Indonesia,soyb,2.7,4.14,1.5206
TLS-543,Ambeno,East Timor,maiz,7.9,7.85,0.9961
TLS-543,Ambeno,East Timor,rice,16.8,24.09,1.4316
TLS-547,Bobonaro,East Timor,maiz,8.7,0.93,0.1061
TLS-547,Bobonaro,East Timor,rice,8.4,22.07,2.6406
TLS-548,Cova Lima,East Timor,maiz,5.2,4.73,0.9032
TLS-548,Cova Lima,East Timor,rice,4.0,7.86,1.9402
MYS-1187,Sarawak,Malaysia,oilp,29097.1,816.83,0.0281
MYS-1187,Sarawak,Malaysia,rice,319.2,114.11,0.3575
MYS-1187,Sarawak,Malaysia,sugc,4.9,0.4,0.0808
BRN-1183,Temburong,Brunei,oilp,67.2,6.0,0.0893
BRN-1183,Temburong,Brunei,rice,1.2,0.47,0.3854
IDN-1228,Kalimantan Barat,Indonesia,maiz,54.1,97.73,1.8069
IDN-1228,Kalimantan Barat,Indonesia,oilp,23736.6,13792.63,0.5811
IDN-1228,Kalimantan Barat,Indonesia,pota,11.0,7.44,0.6739
IDN-1228,Kalimantan Barat,Indonesia,rice,1533.1,2304.55,1.5032
AUT-2327,Salzburg,Austria,barl,2.8,1.34,0.4817
AUT-2327,Salzburg,Austria,pota,4.0,0.32,0.0796
AUT-2327,Salzburg,Austria,whea,91.4,48.73,0.533
ITA-5467,Belluno,Italy,barl,1.4,0.37,0.2542
ITA-5467,Belluno,Italy,maiz,4.2,0.61,0.1469
ITA-5467,Belluno,Italy,pota,1.3,0.06,0.046
ITA-5467,Belluno,Italy,soyb,2.4,0.42,0.1723
ITA-5467,Belluno,Italy,whea,6.2,2.48,0.3982
AUT-2325,Kärnten,Austria,barl,32.3,4.06,0.1255
AUT-2325,Kärnten,Austria,maiz,180.8,13.6,0.0752
AUT-2325,Kärnten,Austria,pota,18.3,0.37,0.0203
AUT-2325,Kärnten,Austria,soyb,11.1,1.83,0.1653
AUT-2325,Kärnten,Austria,whea,105.4,14.6,0.1386
ITA-5455,Udine,Italy,barl,18.5,7.06,0.3815
ITA-5455,Udine,Italy,maiz,301.6,75.02,0.2487
ITA-5455,Udine,Italy,pota,4.7,0.32,0.0683
ITA-5455,Udine,Italy,rape,3.0,1.84,0.6147
ITA-5455,Udine,Italy,sorg,5.2,1.59,0.308
ITA-5455,Udine,Italy,soyb,84.2,45.94,0.5457
ITA-5455,Udine,Italy,whea,25.0,13.46,0.5394
MLI-2688,Timbuktu,Mali,maiz,11.6,1.43,0.1236
MLI-2688,Timbuktu,Mali,rice,283.3,197.11,0.6958
MLI-2688,Timbuktu,Mali,sorg,16.5,3.54,0.2142
MLI-2688,Timbuktu,Mali,sugc,11.2,0.15,0.0138
MLI-2688,Timbuktu,Mali,whea,29.4,0.9,0.0305
DZA-2143,Adrar,Algeria,pota,10.6,0.16,0.015
SVN-1028,Kanal,Slovenia,pota,2.0,0.11,0.0557
SVN-1028,Kanal,Slovenia,whea,1.7,0.6,0.3448
SVN-1032,Miren-Kostanjevica,Slovenia,maiz,9.9,1.72,0.1728
SVN-1032,Miren-Kostanjevica,Slovenia,pota,1.2,0.07,0.0537
SVN-1032,Miren-Kostanjevica,Slovenia,soyb,2.2,0.32,0.1436
SVN-1032,Miren-Kostanjevica,Slovenia,whea,1.6,0.55,0.3429
MOZ-1927,Maputo,Mozambique,grou,7.2,75.58,10.4243
MOZ-1927,Maputo,Mozambique,maiz,65.6,231.69,3.534
MOZ-1927,Maputo,Mozambique,pota,9.4,1.26,0.1336
MOZ-1927,Maputo,Mozambique,sugc,1671.9,284.34,0.1701
SWZ-535,Lubombo,Swaziland,maiz,25.1,1.82,0.0726
SWZ-535,Lubombo,Swaziland,pota,1.8,0.17,0.0961
SWZ-535,Lubombo,Swaziland,sugc,2863.2,15.66,0.0055
BDI-2644,Muyinga,Burundi,grou,1.4,0.35,0.2434
BDI-2644,Muyinga,Burundi,maiz,17.0,1.89,0.1114
BDI-2644,Muyinga,Burundi,oilp,1.7,0.01,0.0029
BDI-2644,Muyinga,Burundi,pota,45.2,1.79,0.0396
BDI-2644,Muyinga,Burundi,sorg,3.1,0.68,0.2218
RWA-3493,Eastern,Rwanda,grou,10.9,89.22,8.1556
RWA-3493,Eastern,Rwanda,maiz,239.5,259.41,1.0831
RWA-3493,Eastern,Rwanda,oilp,3.8,0.55,0.1442
RWA-3493,Eastern,Rwanda,pota,145.1,19.78,0.1363
RWA-3493,Eastern,Rwanda,rice,45.3,49.95,1.1031
RWA-3493,Eastern,Rwanda,sorg,92.2,139.35,1.5117
RWA-3493,Eastern,Rwanda,soyb,4.5,10.33,2.3207
RWA-3493,Eastern,Rwanda,sugc,48.0,4.1,0.0854
RWA-3493,Eastern,Rwanda,whea,1.0,0.86,0.835
BDI-2643,Kirundo,Burundi,maiz,7.0,5.17,0.735
BDI-2643,Kirundo,Burundi,oilp,14.9,2.28,0.1527
BDI-2643,Kirundo,Burundi,pota,12.7,2.67,0.2096
BDI-2643,Kirundo,Burundi,rice,1.1,1.18,1.1248
BDI-2643,Kirundo,Burundi,sorg,4.2,10.4,2.4521
RWA-3491,Southern,Rwanda,grou,4.0,33.73,8.3695
RWA-3491,Southern,Rwanda,maiz,73.4,60.39,0.8225
RWA-3491,Southern,Rwanda,oilp,4.9,3.57,0.7263
RWA-3491,Southern,Rwanda,pota,224.2,15.2,0.0678
RWA-3491,Southern,Rwanda,rice,69.1,106.84,1.5462
RWA-3491,Southern,Rwanda,sorg,35.6,53.55,1.5064
RWA-3491,Southern,Rwanda,soyb,13.5,25.82,1.9067
RWA-3491,Southern,Rwanda,sugc,10.5,1.32,0.1259
RWA-3491,Southern,Rwanda,whea,1.8,0.44,0.2478
BDI-2642,Ngozi,Burundi,maiz,3.5,6.37,1.8137
BDI-2642,Ngozi,Burundi,pota,44.0,15.51,0.3526
BDI-2638,Cibitoke,Burundi,maiz,18.7,1.43,0.0763
BDI-2638,Cibitoke,Burundi,oilp,4.9,0.03,0.0068
BDI-2638,Cibitoke,Burundi,pota,8.2,0.32,0.0394
BDI-2638,Cibitoke,Burundi,rice,10.3,57.98,5.6404
BDI-2638,Cibitoke,Burundi,sorg,1.2,0.16,0.1308
BDI-2638,Cibitoke,Burundi,sugc,203.6,1.86,0.0092
RWA-3492,Western,Rwanda,maiz,67.2,7.25,0.1079
RWA-3492,Western,Rwanda,pota,273.8,10.62,0.0388
RWA-3492,Western,Rwanda,sorg,5.9,0.72,0.1224
RWA-3492,Western,Rwanda,soyb,3.0,0.74,0.244
RWA-3492,Western,Rwanda,sugc,5.9,0.14,0.0239
RWA-3492,Western,Rwanda,whea,6.0,1.09,0.1813
BDI-2640,Kayanza,Burundi,maiz,6.7,2.28,0.3405
BDI-2640,Kayanza,Burundi,pota,16.0,0.86,0.0539
BDI-2640,Kayanza,Burundi,sorg,1.4,0.74,0.5153
MMR-3273,Rakhine,Myanmar,cott,3.0,1.33,0.4507
MMR-3273,Rakhine,Myanmar,grou,46.2,19.41,0.4205
MMR-3273,Rakhine,Myanmar,pota,17.1,3.08,0.1799
MMR-3273,Rakhine,Myanmar,rice,1172.2,564.03,0.4812
MMR-3273,Rakhine,Myanmar,sorg,1.7,1.96,1.1795
MMR-3273,Rakhine,Myanmar,soyb,22.8,16.94,0.7415
MMR-3273,Rakhine,Myanmar,sugc,21.5,0.42,0.0196
BGD-2476,Chittagong,Bangladesh,cott,44.1,11.26,0.2554
BGD-2476,Chittagong,Bangladesh,grou,11.3,14.8,1.3086
BGD-2476,Chittagong,Bangladesh,maiz,122.6,35.46,0.2891
BGD-2476,Chittagong,Bangladesh,pota,578.4,105.75,0.1828
BGD-2476,Chittagong,Bangladesh,rape,16.9,27.38,1.6209
BGD-2476,Chittagong,Bangladesh,rice,6862.4,4992.27,0.7275
BGD-2476,Chittagong,Bangladesh,soyb,89.3,121.57,1.3612
BGD-2476,Chittagong,Bangladesh,sugc,123.1,6.45,0.0524
BGD-2476,Chittagong,Bangladesh,whea,6.5,4.06,0.6254
MMR-3274,Chin,Myanmar,cott,1.8,0.26,0.1436
MMR-3274,Chin,Myanmar,grou,3.3,1.01,0.3024
MMR-3274,Chin,Myanmar,maiz,65.9,13.03,0.1977
MMR-3274,Chin,Myanmar,pota,35.0,3.92,0.112
MMR-3274,Chin,Myanmar,rice,129.8,42.55,0.328
MMR-3274,Chin,Myanmar,sugc,19.7,0.22,0.0111
FRA-5336,Pyrénées-Atlantiques,France,barl,47.1,13.31,0.2825
FRA-5336,Pyrénées-Atlantiques,France,maiz,256.9,47.19,0.1837
FRA-5336,Pyrénées-Atlantiques,France,pota,3.8,0.09,0.0229
FRA-5336,Pyrénées-Atlantiques,France,rape,8.5,6.18,0.7267
FRA-5336,Pyrénées-Atlantiques,France,sorg,11.2,4.01,0.3578
FRA-5336,Pyrénées-Atlantiques,France,soyb,19.6,14.42,0.734
FRA-5336,Pyrénées-Atlantiques,France,whea,204.7,80.78,0.3946
ESP-5837,Navarra,Spain,barl,300.0,63.61,0.212
ESP-5837,Navarra,Spain,maiz,176.3,21.0,0.1191
ESP-5837,Navarra,Spain,pota,15.0,0.8,0.0533
ESP-5837,Navarra,Spain,rape,14.7,6.12,0.4156
ESP-5837,Navarra,Spain,rice,12.5,17.5,1.402
ESP-5837,Navarra,Spain,whea,110.3,29.68,0.2689
ESP-5823,Gipuzkoa,Spain,barl,2.9,1.41,0.4878
ESP-5823,Gipuzkoa,Spain,pota,4.4,0.69,0.1554
ESP-5825,Huesca,Spain,barl,482.6,97.15,0.2013
ESP-5825,Huesca,Spain,maiz,469.4,59.1,0.1259
ESP-5825,Huesca,Spain,pota,5.9,0.25,0.0431
ESP-5825,Huesca,Spain,rape,3.0,1.12,0.3747
ESP-5825,Huesca,Spain,rice,14.7,25.13,1.7082
ESP-5825,Huesca,Spain,whea,158.5,38.03,0.2399
FRA-5298,Haute-Garonne,France,barl,66.7,7.04,0.1056
FRA-5298,Haute-Garonne,France,maiz,210.6,12.44,0.0591
FRA-5298,Haute-Garonne,France,pota,4.0,0.03,0.007
FRA-5298,Haute-Garonne,France,rape,12.7,3.13,0.2464
FRA-5298,Haute-Garonne,France,sorg,19.2,2.26,0.1177
FRA-5298,Haute-Garonne,France,soyb,19.9,4.62,0.2327
FRA-5298,Haute-Garonne,France,whea,225.2,30.77,0.1366
ESP-5831,Lérida,Spain,barl,347.1,71.44,0.2058
ESP-5831,Lérida,Spain,maiz,401.4,54.2,0.135
ESP-5831,Lérida,Spain,pota,21.6,0.99,0.0461
ESP-5831,Lérida,Spain,rape,14.2,4.65,0.3282
ESP-5831,Lérida,Spain,rice,119.0,257.22,2.1609
ESP-5831,Lérida,Spain,sorg,1.5,0.33,0.2223
ESP-5831,Lérida,Spain,whea,155.2,34.09,0.2196
FRA-5305,Hautes-Pyrénées,France,barl,16.1,3.76,0.2335
FRA-5305,Hautes-Pyrénées,France,maiz,105.1,10.51,0.1
FRA-5305,Hautes-Pyrénées,France,pota,1.3,0.01,0.0112
FRA-5305,Hautes-Pyrénées,France,rape,3.1,1.74,0.5649
FRA-5305,Hautes-Pyrénées,France,sorg,4.1,1.01,0.2442
FRA-5305,Hautes-Pyrénées,France,soyb,5.9,3.02,0.5147
FRA-5305,Hautes-Pyrénées,France,whea,60.7,18.09,0.2979
FRA-5269,Ariège,France,barl,16.2,2.53,0.156
FRA-5269,Ariège,France,maiz,69.4,4.38,0.0632
FRA-5269,Ariège,France,pota,1.1,0.01,0.0096
FRA-5269,Ariège,France,rape,2.8,0.76,0.2696
FRA-5269,Ariège,France,sorg,4.2,0.52,0.1242
FRA-5269,Ariège,France,soyb,4.5,1.12,0.2479
FRA-5269,Ariège,France,whea,51.2,7.8,0.1522
FRA-5337,Pyrénées-Orientales,France,barl,4.9,0.64,0.1309
FRA-5337,Pyrénées-Orientales,France,rice,4.3,0.88,0.2066
FRA-5337,Pyrénées-Orientales,France,whea,18.6,2.88,0.1553
ESP-5820,Gerona,Spain,barl,118.4,29.53,0.2495
ESP-5820,Gerona,Spain,maiz,35.6,5.53,0.1555
ESP-5820,Gerona,Spain,pota,2.7,0.13,0.0478
ESP-5820,Gerona,Spain,rape,6.0,2.61,0.4327
ESP-5820,Gerona,Spain,rice,9.4,22.62,2.3986
ESP-5820,Gerona,Spain,whea,62.6,17.32,0.2766
AFG-1760,Badakhshan,Afghanistan,barl,7.0,0.52,0.0743
AFG-1760,Badakhshan,Afghanistan,pota,25.3,0.4,0.0156
AFG-1760,Badakhshan,Afghanistan,rice,9.6,0.19,0.0196
AFG-1760,Badakhshan,Afghanistan,whea,181.9,12.33,0.0678
GRC-2991,Kentriki Makedonia,Greece,barl,104.0,10.34,0.0995
GRC-2991,Kentriki Makedonia,Greece,cott,236.1,71.03,0.3008
GRC-2991,Kentriki Makedonia,Greece,maiz,346.4,45.57,0.1316
GRC-2991,Kentriki Makedonia,Greece,pota,34.1,0.93,0.0272
GRC-2991,Kentriki Makedonia,Greece,rape,6.9,1.1,0.1601
GRC-2991,Kentriki Makedonia,Greece,rice,221.2,188.44,0.8518
GRC-2991,Kentriki Makedonia,Greece,sorg,1.8,0.3,0.1657
GRC-2991,Kentriki Makedonia,Greece,whea,329.0,30.91,0.0939
MKD-2999,Novo Selo,Macedonia,barl,4.1,0.42,0.1012
MKD-2999,Novo Selo,Macedonia,cott,5.0,1.41,0.2845
MKD-2999,Novo Selo,Macedonia,maiz,3.2,0.23,0.0717
MKD-2999,Novo Selo,Macedonia,pota,4.2,0.1,0.0242
MKD-2999,Novo Selo,Macedonia,whea,7.3,0.96,0.1322
MKD-2994,Valandovo,Macedonia,barl,1.3,0.09,0.0701
MKD-2994,Valandovo,Macedonia,maiz,1.6,0.08,0.047
MKD-2994,Valandovo,Macedonia,pota,1.7,0.03,0.0163
MKD-2994,Valandovo,Macedonia,whea,1.9,0.23,0.1201
MKD-2993,Strumitsa,Macedonia,barl,5.7,0.46,0.0794
MKD-2993,Strumitsa,Macedonia,maiz,5.9,0.32,0.0547
MKD-2993,Strumitsa,Macedonia,pota,7.9,0.15,0.0195
MKD-2993,Strumitsa,Macedonia,whea,8.9,1.18,0.1322
MKD-2936,Kavadartsi,Macedonia,barl,1.3,0.1,0.0806
MKD-2936,Kavadartsi,Macedonia,maiz,1.6,0.1,0.0585
MKD-2936,Kavadartsi,Macedonia,pota,1.7,0.03,0.0188
MKD-2936,Kavadartsi,Macedonia,whea,2.3,0.32,0.1412
MKD-2947,Novaci,Macedonia,barl,4.8,0.33,0.0691
MKD-2947,Novaci,Macedonia,maiz,4.2,0.2,0.0492
MKD-2947,Novaci,Macedonia,pota,6.2,0.1,0.0155
MKD-2947,Novaci,Macedonia,whea,7.9,0.9,0.1134
MKD-2903,Prilep,Macedonia,barl,3.5,0.32,0.0903
MKD-2903,Prilep,Macedonia,maiz,3.2,0.21,0.0641
MKD-2903,Prilep,Macedonia,pota,3.7,0.07,0.0198
MKD-2903,Prilep,Macedonia,whea,7.9,1.02,0.1287
MKD-2896,Bitola,Macedonia,barl,1.2,0.1,0.0871
MKD-2896,Bitola,Macedonia,maiz,2.0,0.1,0.0518
MKD-2896,Bitola,Macedonia,pota,1.6,0.03,0.0206
MKD-2896,Bitola,Macedonia,whea,1.7,0.25,0.1439
MKD-2920,Lipkovo,Macedonia,barl,9.3,0.86,0.0925
MKD-2920,Lipkovo,Macedonia,maiz,11.5,0.74,0.0648
MKD-2920,Lipkovo,Macedonia,pota,13.0,0.28,0.0218
MKD-2920,Lipkovo,Macedonia,rice,1.4,0.52,0.3739
MKD-2920,Lipkovo,Macedonia,whea,15.3,2.29,0.1503
MKD-2926,Čučer Sandevo,Macedonia,barl,2.3,0.28,0.1185
MKD-2926,Čučer Sandevo,Macedonia,maiz,2.1,0.18,0.0836
MKD-2926,Čučer Sandevo,Macedonia,pota,2.8,0.07,0.0252
MKD-2926,Čučer Sandevo,Macedonia,whea,4.0,0.69,0.17
MKD-2963,Jegunovce,Macedonia,barl,2.0,0.28,0.1365
MKD-2963,Jegunovce,Macedonia,maiz,2.6,0.24,0.0928
MKD-2963,Jegunovce,Macedonia,pota,3.0,0.09,0.0293
MKD-2963,Jegunovce,Macedonia,whea,2.9,0.57,0.1946
MKD-2959,Vrapcište,Macedonia,barl,5.2,0.75,0.1445
MKD-2959,Vrapcište,Macedonia,maiz,4.1,0.4,0.098
MKD-2959,Vrapcište,Macedonia,pota,6.7,0.19,0.0284
MKD-2959,Vrapcište,Macedonia,whea,8.1,1.7,0.2096
SRB-841,Pcinjski,Republic of Serbia,barl,7.2,0.45,0.0628
SRB-841,Pcinjski,Republic of Serbia,maiz,72.6,2.69,0.0371
SRB-841,Pcinjski,Republic of Serbia,pota,15.0,0.23,0.015
SRB-841,Pcinjski,Republic of Serbia,whea,38.4,4.18,0.1088
MKD-4846,Rankovce,Macedonia,barl,1.1,0.18,0.1673
MKD-4846,Rankovce,Macedonia,maiz,1.4,0.17,0.122
MKD-4846,Rankovce,Macedonia,pota,1.8,0.06,0.0339
MKD-4846,Rankovce,Macedonia,whea,1.7,0.39,0.2265
MKD-2910,Staro Nagoričane,Macedonia,barl,8.2,0.71,0.0864
MKD-2910,Staro Nagoričane,Macedonia,maiz,7.7,0.46,0.0599
MKD-2910,Staro Nagoričane,Macedonia,pota,10.9,0.22,0.0204
MKD-2910,Staro Nagoričane,Macedonia,whea,14.2,1.97,0.139
BGR-2253,Vidin,Bulgaria,barl,17.5,3.47,0.1981
BGR-2253,Vidin,Bulgaria,maiz,193.4,25.39,0.1313
BGR-2253,Vidin,Bulgaria,pota,13.5,0.31,0.0231
BGR-2253,Vidin,Bulgaria,rape,4.4,1.66,0.3747
BGR-2253,Vidin,Bulgaria,whea,135.7,30.58,0.2253
SRB-125,Borski,Republic of Serbia,barl,4.0,0.42,0.104
SRB-125,Borski,Republic of Serbia,maiz,49.4,3.09,0.0627
SRB-125,Borski,Republic of Serbia,pota,7.9,0.18,0.0224
SRB-125,Borski,Republic of Serbia,whea,20.7,3.29,0.1594
SRB-844,Zajecarski,Republic of Serbia,barl,10.6,0.67,0.0633
SRB-844,Zajecarski,Republic of Serbia,maiz,133.1,5.15,0.0387
SRB-844,Zajecarski,Republic of Serbia,pota,22.3,0.36,0.0162
SRB-844,Zajecarski,Republic of Serbia,whea,55.6,6.35,0.1141
SRB-121,Pirotski,Republic of Serbia,barl,3.7,0.34,0.0906
SRB-121,Pirotski,Republic of Serbia,maiz,44.6,2.54,0.0569
SRB-121,Pirotski,Republic of Serbia,pota,7.6,0.15,0.0197
SRB-121,Pirotski,Republic of Serbia,whea,20.8,3.31,0.1588
BGR-2245,Pernik,Bulgaria,barl,5.2,0.67,0.1283
BGR-2245,Pernik,Bulgaria,maiz,33.2,3.59,0.1082
BGR-2245,Pernik,Bulgaria,pota,23.1,0.37,0.0159
BGR-2245,Pernik,Bulgaria,whea,68.2,7.94,0.1164
BGR-2244,Sofia,Bulgaria,barl,15.1,2.31,0.1529
BGR-2244,Sofia,Bulgaria,maiz,26.6,2.56,0.0964
BGR-2244,Sofia,Bulgaria,pota,43.0,0.75,0.0174
BGR-2244,Sofia,Bulgaria,rape,1.9,0.45,0.233
BGR-2244,Sofia,Bulgaria,whea,177.3,23.69,0.1336
BGR-2250,Montana,Bulgaria,barl,17.2,6.02,0.3506
BGR-2250,Montana,Bulgaria,maiz,227.3,85.66,0.3768
BGR-2250,Montana,Bulgaria,pota,8.1,0.37,0.0452
BGR-2250,Montana,Bulgaria,rape,6.0,3.82,0.6416
BGR-2250,Montana,Bulgaria,whea,134.5,52.04,0.3868
SRB-843,Jablanicki,Republic of Serbia,barl,13.0,0.89,0.0686
SRB-843,Jablanicki,Republic of Serbia,maiz,166.7,7.06,0.0424
SRB-843,Jablanicki,Republic of Serbia,pota,26.6,0.46,0.0171
SRB-843,Jablanicki,Republic of Serbia,whea,68.9,8.64,0.1254
BGR-2252,Kyustendil,Bulgaria,barl,4.4,0.74,0.1701
BGR-2252,Kyustendil,Bulgaria,maiz,20.1,2.33,0.1158
BGR-2252,Kyustendil,Bulgaria,pota,14.0,0.28,0.0203
BGR-2252,Kyustendil,Bulgaria,whea,47.8,7.12,0.1491
MKD-3005,Delčevo,Macedonia,maiz,1.5,0.18,0.126
MKD-3005,Delčevo,Macedonia,pota,1.3,0.04,0.0295
MKD-3005,Delčevo,Macedonia,whea,1.9,0.41,0.2109
BGR-3002,Blagoevgrad,Bulgaria,barl,6.6,1.54,0.234
BGR-3002,Blagoevgrad,Bulgaria,maiz,6.1,1.34,0.2189
BGR-3002,Blagoevgrad,Bulgaria,pota,12.5,0.61,0.0484
BGR-3002,Blagoevgrad,Bulgaria,whea,33.3,9.16,0.2754
MKD-3004,Berovo,Macedonia,maiz,1.0,0.1,0.0942
BIH-2228,Herzegovina-Neretva,Bosnia and Herzegovina,maiz,6.3,0.74,0.1164
BIH-2228,Herzegovina-Neretva,Bosnia and Herzegovina,pota,3.6,0.23,0.0619
BIH-2228,Herzegovina-Neretva,Bosnia and Herzegovina,whea,5.0,1.36,0.2723
BIH-4808,Trebinje,Bosnia and Herzegovina,barl,2.5,0.57,0.2301
BIH-4808,Trebinje,Bosnia and Herzegovina,maiz,32.8,4.23,0.1291
BIH-4808,Trebinje,Bosnia and Herzegovina,pota,12.4,0.97,0.0782
BIH-4808,Trebinje,Bosnia and Herzegovina,whea,8.9,3.85,0.4323
UGA-3372,Ntungamo,Uganda,maiz,15.0,8.84,0.5899
UGA-3372,Ntungamo,Uganda,pota,13.5,3.1,0.23
UGA-3372,Ntungamo,Uganda,sorg,2.0,2.67,1.3167
UGA-3372,Ntungamo,Uganda,sugc,46.3,1.46,0.0316
UGA-3372,Ntungamo,Uganda,whea,1.4,1.37,0.9479
UGA-3370,Isingiro,Uganda,cott,1.7,7.0,4.145
UGA-3370,Isingiro,Uganda,maiz,14.9,7.08,0.475
UGA-3370,Isingiro,Uganda,pota,4.3,0.63,0.1484
UGA-3370,Isingiro,Uganda,sugc,53.3,2.66,0.05
UGA-3370,Isingiro,Uganda,whea,1.3,1.12,0.8742
RWA-3494,Northern,Rwanda,maiz,36.0,8.69,0.2414
RWA-3494,Northern,Rwanda,pota,110.7,5.93,0.0536
RWA-3494,Northern,Rwanda,sorg,21.0,4.12,0.1967
RWA-3494,Northern,Rwanda,sugc,13.1,0.67,0.0511
RWA-3494,Northern,Rwanda,whea,1.6,0.73,0.4597
UGA-3375,Kabale,Uganda,maiz,15.1,38.15,2.5181
UGA-3375,Kabale,Uganda,pota,37.8,20.03,0.53
UGA-3375,Kabale,Uganda,sorg,4.6,20.88,4.5011
UGA-3375,Kabale,Uganda,sugc,3.6,1.7,0.4778
UGA-3375,Kabale,Uganda,whea,1.9,7.43,3.9291
UGA-3376,Kisoro,Uganda,maiz,57.8,4.45,0.077
UGA-3376,Kisoro,Uganda,pota,50.3,2.31,0.0461
UGA-3376,Kisoro,Uganda,sorg,2.8,0.82,0.2989
UGA-3376,Kisoro,Uganda,sugc,4.7,0.09,0.0192
UGA-3376,Kisoro,Uganda,whea,1.7,0.34,0.2042
CUB-1365,Guantánamo,Cuba,maiz,4.9,0.95,0.1933
CUB-1365,Guantánamo,Cuba,pota,4.1,0.23,0.0543
CUB-1365,Guantánamo,Cuba,rice,2.9,2.2,0.7495
CUB-1365,Guantánamo,Cuba,sugc,204.9,3.02,0.0147
IND-3254,Uttarakhand,India,barl,60.9,9.54,0.1568
IND-3254,Uttarakhand,India,grou,2.7,0.36,0.1348
IND-3254,Uttarakhand,India,maiz,89.0,15.63,0.1755
IND-3254,Uttarakhand,India,pota,352.3,14.25,0.0405
IND-3254,Uttarakhand,India,rape,20.5,7.84,0.3819
IND-3254,Uttarakhand,India,rice,1057.4,684.8,0.6476
IND-3254,Uttarakhand,India,soyb,10.9,2.58,0.2382
IND-3254,Uttarakhand,India,sugc,7158.3,111.92,0.0156
IND-3254,Uttarakhand,India,whea,1027.8,184.86,0.1799
SRB-834,Raški,Republic of Serbia,barl,4.5,0.43,0.0964
SRB-834,Raški,Republic of Serbia,maiz,49.7,2.81,0.0565
SRB-834,Raški,Republic of Serbia,pota,9.7,0.22,0.0228
SRB-834,Raški,Republic of Serbia,soyb,1.4,0.13,0.0928
SRB-834,Raški,Republic of Serbia,whea,19.9,3.02,0.1519
SRB-833,Pomoravski,Republic of Serbia,barl,14.2,0.96,0.0678
SRB-833,Pomoravski,Republic of Serbia,maiz,171.5,6.49,0.0378
SRB-833,Pomoravski,Republic of Serbia,pota,31.6,0.53,0.0168
SRB-833,Pomoravski,Republic of Serbia,soyb,4.4,0.22,0.0489
SRB-833,Pomoravski,Republic of Serbia,whea,65.0,7.84,0.1206
SRB-835,Toplicki,Republic of Serbia,barl,8.2,0.46,0.0558
SRB-835,Toplicki,Republic of Serbia,maiz,103.5,3.55,0.0343
SRB-835,Toplicki,Republic of Serbia,pota,17.4,0.24,0.0139
SRB-835,Toplicki,Republic of Serbia,whea,42.5,4.33,0.1019
SRB-1505,Zlatiborski,Republic of Serbia,barl,13.8,2.06,0.1492
SRB-1505,Zlatiborski,Republic of Serbia,maiz,112.9,9.69,0.0859
SRB-1505,Zlatiborski,Republic of Serbia,pota,27.8,1.03,0.0371
SRB-1505,Zlatiborski,Republic of Serbia,soyb,3.7,0.42,0.1145
SRB-1505,Zlatiborski,Republic of Serbia,whea,64.7,17.2,0.266
HND-653,Ocotepeque,Honduras,maiz,4.5,1.48,0.3244
HND-653,Ocotepeque,Honduras,sugc,6.8,0.14,0.0206
SLV-1357,Chalatenango,El Salvador,maiz,62.2,14.63,0.2352
SLV-1357,Chalatenango,El Salvador,pota,5.6,0.27,0.0478
SLV-1357,Chalatenango,El Salvador,rice,9.0,10.35,1.1491
SLV-1357,Chalatenango,El Salvador,sorg,11.4,1.88,0.1641
SLV-1357,Chalatenango,El Salvador,sugc,1663.0,25.12,0.0151
HND-652,Lempira,Honduras,maiz,27.8,9.09,0.3276
HND-652,Lempira,Honduras,sorg,1.3,0.41,0.3189
HND-652,Lempira,Honduras,sugc,167.7,3.22,0.0192
SLV-1344,Cabañas,El Salvador,maiz,58.0,13.39,0.231
SLV-1344,Cabañas,El Salvador,sorg,15.8,2.46,0.155
SLV-1344,Cabañas,El Salvador,sugc,310.3,4.2,0.0135
HND-648,Intibucá,Honduras,maiz,15.2,4.61,0.3044
HND-648,Intibucá,Honduras,oilp,3.5,0.32,0.0907
HND-648,Intibucá,Honduras,sugc,61.9,1.25,0.0203
SLV-1351,Morazán,El Salvador,maiz,42.9,9.12,0.2125
SLV-1351,Morazán,El Salvador,sorg,2.1,0.26,0.1258
SLV-1351,Morazán,El Salvador,sugc,342.3,4.28,0.0125
HND-649,La Paz,Honduras,maiz,16.4,5.34,0.3256
HND-649,La Paz,Honduras,sugc,52.5,1.04,0.0198
SLV-1352,San Miguel,El Salvador,maiz,40.9,9.37,0.2292
SLV-1352,San Miguel,El Salvador,sorg,1.7,0.26,0.1538
SLV-1352,San Miguel,El Salvador,sugc,144.3,1.96,0.0136
SLV-1350,La Unión,El Salvador,maiz,57.9,12.92,0.223
SLV-1350,La Unión,El Salvador,sorg,7.8,1.19,0.1515
SLV-1350,La Unión,El Salvador,sugc,766.5,10.41,0.0136
HND-645,Valle,Honduras,maiz,11.2,3.29,0.2945
HND-645,Valle,Honduras,sugc,59.3,1.12,0.0189
NIC-657,Atlántico Norte,Nicaragua,grou,5.0,0.96,0.1907
NIC-657,Atlántico Norte,Nicaragua,maiz,15.5,21.8,1.4089
NIC-657,Atlántico Norte,Nicaragua,oilp,63.2,22.97,0.3634
NIC-657,Atlántico Norte,Nicaragua,pota,2.6,0.17,0.0657
NIC-657,Atlántico Norte,Nicaragua,rice,7.4,1.55,0.2092
NIC-657,Atlántico Norte,Nicaragua,sugc,14.5,2.05,0.1419
HND-642,Olancho,Honduras,maiz,117.0,34.99,0.2991
HND-642,Olancho,Honduras,oilp,563.8,45.91,0.0814
HND-642,Olancho,Honduras,rice,5.3,2.26,0.4215
HND-642,Olancho,Honduras,sorg,4.2,1.33,0.3171
HND-642,Olancho,Honduras,sugc,927.8,18.56,0.02
HND-640,Gracias a Dios,Honduras,maiz,17.5,138.05,7.8793
HND-640,Gracias a Dios,Honduras,oilp,223.5,277.97,1.2439
HND-640,Gracias a Dios,Honduras,sugc,149.2,28.59,0.1916
NIC-656,Jinotega,Nicaragua,oilp,13.4,1.0,0.0747
NIC-656,Jinotega,Nicaragua,sugc,10.8,0.21,0.0191
HND-662,El Paraíso,Honduras,maiz,56.1,18.75,0.3339
HND-662,El Paraíso,Honduras,oilp,5.4,0.44,0.0814
HND-662,El Paraíso,Honduras,rice,2.0,0.94,0.4724
HND-662,El Paraíso,Honduras,sorg,2.1,0.79,0.3712
HND-662,El Paraíso,Honduras,sugc,299.2,6.15,0.0206
NIC-667,Nueva Segovia,Nicaragua,maiz,3.8,1.3,0.3423
NIC-667,Nueva Segovia,Nicaragua,sugc,15.7,0.33,0.0213
NIC-663,Chinandega,Nicaragua,grou,18.3,5.61,0.3066
NIC-663,Chinandega,Nicaragua,maiz,37.7,37.39,0.9913
NIC-663,Chinandega,Nicaragua,pota,6.9,0.64,0.0925
NIC-663,Chinandega,Nicaragua,rice,104.3,132.07,1.2656
NIC-663,Chinandega,Nicaragua,sorg,7.7,6.85,0.8939
NIC-663,Chinandega,Nicaragua,sugc,1980.0,47.93,0.0242
HND-661,Choluteca,Honduras,cott,3.3,0.04,0.0119
HND-661,Choluteca,Honduras,maiz,101.2,170.31,1.6821
HND-661,Choluteca,Honduras,pota,10.6,3.88,0.365
HND-661,Choluteca,Honduras,rice,20.7,56.82,2.7473
HND-661,Choluteca,Honduras,sorg,2.6,6.02,2.35
HND-661,Choluteca,Honduras,sugc,749.0,39.93,0.0533
ECU-1335,Esmeraldas,Ecuador,maiz,158.3,43.75,0.2764
ECU-1335,Esmeraldas,Ecuador,oilp,548.9,24.9,0.0454
ECU-1335,Esmeraldas,Ecuador,rice,162.9,50.53,0.3101
ECU-1335,Esmeraldas,Ecuador,soyb,2.0,0.21,0.1061
ECU-1335,Esmeraldas,Ecuador,sugc,13.3,0.12,0.0088
COL-1406,Nariño,Colombia,grou,1.9,0.91,0.4914
COL-1406,Nariño,Colombia,maiz,28.3,4.99,0.1766
COL-1406,Nariño,Colombia,oilp,234.4,14.93,0.0637
COL-1406,Nariño,Colombia,pota,636.8,37.05,0.0582
COL-1406,Nariño,Colombia,rice,4.9,4.07,0.8316
COL-1406,Nariño,Colombia,sugc,1573.6,21.7,0.0138
COL-1406,Nariño,Colombia,whea,2.0,1.03,0.5124
ECU-1409,Carchi,Ecuador,barl,2.2,0.66,0.3032
ECU-1409,Carchi,Ecuador,maiz,21.0,6.22,0.2961
ECU-1409,Carchi,Ecuador,pota,53.1,6.08,0.1146
ECU-1409,Carchi,Ecuador,rice,1.2,0.19,0.1549
ECU-1409,Carchi,Ecuador,sugc,27.6,0.27,0.0098
ECU-1409,Carchi,Ecuador,whea,4.9,0.41,0.0835
ECU-1411,Sucumbios,Ecuador,maiz,57.6,46.76,0.8119
ECU-1411,Sucumbios,Ecuador,oilp,690.7,313.73,0.4542
ECU-1411,Sucumbios,Ecuador,pota,13.8,1.15,0.0827
ECU-1411,Sucumbios,Ecuador,rice,18.6,45.9,2.4665
ECU-1411,Sucumbios,Ecuador,sugc,45.9,1.17,0.0255
COL-1407,Putumayo,Colombia,maiz,15.8,4.42,0.2794
COL-1407,Putumayo,Colombia,oilp,20.7,20.45,0.9867
COL-1407,Putumayo,Colombia,rice,12.2,22.62,1.8465
COL-1407,Putumayo,Colombia,sugc,104.4,1.76,0.0169
SUR-37,Nickerie,Suriname,rice,147.7,1076.54,7.2882
SUR-37,Nickerie,Suriname,sugc,50.9,32.83,0.6452
BOL-1941,Tarija,Bolivia,grou,11.5,1.4,0.1208
BOL-1941,Tarija,Bolivia,maiz,116.8,9.19,0.0787
BOL-1941,Tarija,Bolivia,pota,67.2,5.27,0.0785
BOL-1941,Tarija,Bolivia,sorg,7.6,1.05,0.1385
BOL-1941,Tarija,Bolivia,soyb,24.0,1.72,0.0716
BOL-1941,Tarija,Bolivia,sugc,529.4,2.9,0.0055
BOL-1941,Tarija,Bolivia,whea,11.1,1.73,0.1553
PRY-598,Boquerón,Paraguay,cott,11.8,0.68,0.0576
PRY-598,Boquerón,Paraguay,grou,8.2,1.41,0.1719
PRY-598,Boquerón,Paraguay,maiz,2265.0,56.9,0.0251
PRY-598,Boquerón,Paraguay,rape,17.0,1.01,0.059
PRY-598,Boquerón,Paraguay,sorg,38.2,5.68,0.1488
PRY-598,Boquerón,Paraguay,soyb,4167.5,68.73,0.0165
PRY-598,Boquerón,Paraguay,sugc,962.2,3.13,0.0033
PRY-598,Boquerón,Paraguay,whea,430.3,14.7,0.0342
ARG-1307,Formosa,Argentina,cott,16.0,8.27,0.5156
ARG-1307,Formosa,Argentina,maiz,109.5,31.59,0.2884
ARG-1307,Formosa,Argentina,pota,1.8,0.02,0.0097
ARG-1307,Formosa,Argentina,rice,64.5,38.32,0.5939
ARG-1307,Formosa,Argentina,sorg,8.6,3.64,0.4234
ARG-1307,Formosa,Argentina,soyb,36.2,24.53,0.6779
ARG-1307,Formosa,Argentina,sugc,5.4,0.39,0.0718
ARG-1307,Formosa,Argentina,whea,5.4,1.14,0.2106
PRY-605,Presidente Hayes,Paraguay,cott,2.1,0.52,0.2427
PRY-605,Presidente Hayes,Paraguay,grou,1.6,1.37,0.8763
PRY-605,Presidente Hayes,Paraguay,maiz,401.0,54.14,0.135
PRY-605,Presidente Hayes,Paraguay,oilp,29.8,24.34,0.817
PRY-605,Presidente Hayes,Paraguay,rape,4.6,2.45,0.531
PRY-605,Presidente Hayes,Paraguay,sorg,8.6,4.87,0.5631
PRY-605,Presidente Hayes,Paraguay,soyb,752.9,125.33,0.1665
PRY-605,Presidente Hayes,Paraguay,sugc,122.7,1.37,0.0112
PRY-605,Presidente Hayes,Paraguay,whea,93.4,22.88,0.2449
PRY-607,Central,Paraguay,maiz,6.4,2.27,0.3571
PRY-607,Central,Paraguay,soyb,11.4,6.26,0.5475
PRY-607,Central,Paraguay,sugc,2.0,0.06,0.0296
PRY-607,Central,Paraguay,whea,1.6,1.07,0.6577
PRY-616,Alto Paraná,Paraguay,cott,1.8,0.29,0.1646
PRY-616,Alto Paraná,Paraguay,grou,2.1,1.08,0.5075
PRY-616,Alto Paraná,Paraguay,maiz,517.9,41.28,0.0797
PRY-616,Alto Paraná,Paraguay,pota,1.3,0.0,0.0
PRY-616,Alto Paraná,Paraguay,rape,8.8,1.5,0.1706
PRY-616,Alto Paraná,Paraguay,rice,15.8,9.63,0.6092
PRY-616,Alto Paraná,Paraguay,sorg,8.2,4.0,0.4886
PRY-616,Alto Paraná,Paraguay,soyb,1043.2,37.24,0.0357
PRY-616,Alto Paraná,Paraguay,sugc,278.3,2.68,0.0096
PRY-616,Alto Paraná,Paraguay,whea,126.4,12.41,0.0982
ARG-1312,Misiones,Argentina,maiz,299.5,41.91,0.1399
ARG-1312,Misiones,Argentina,rice,17.8,11.95,0.6704
ARG-1312,Misiones,Argentina,soyb,188.3,19.48,0.1035
ARG-1312,Misiones,Argentina,sugc,235.2,6.04,0.0257
ARG-1312,Misiones,Argentina,whea,29.6,13.26,0.4475
PRY-620,Itapúa,Paraguay,cott,1.1,0.47,0.4425
PRY-620,Itapúa,Paraguay,grou,1.5,1.3,0.8993
PRY-620,Itapúa,Paraguay,maiz,252.1,45.72,0.1813
PRY-620,Itapúa,Paraguay,pota,2.7,0.0,0.0
PRY-620,Itapúa,Paraguay,rape,5.5,2.54,0.4658
PRY-620,Itapúa,Paraguay,rice,356.2,218.45,0.6133
PRY-620,Itapúa,Paraguay,sorg,5.4,3.34,0.6237
PRY-620,Itapúa,Paraguay,soyb,516.4,107.76,0.2087
PRY-620,Itapúa,Paraguay,sugc,1578.0,19.28,0.0122
PRY-620,Itapúa,Paraguay,whea,71.4,18.3,0.2563
PRY-610,Ñeembucú,Paraguay,maiz,17.0,17.95,1.0556
PRY-610,Ñeembucú,Paraguay,rice,8.4,25.42,3.0264
PRY-610,Ñeembucú,Paraguay,soyb,33.4,56.66,1.694
PRY-610,Ñeembucú,Paraguay,sugc,4.8,0.38,0.0806
PRY-610,Ñeembucú,Paraguay,whea,4.4,7.7,1.7454
ARG-1306,Chaco,Argentina,cott,417.9,25.74,0.0616
ARG-1306,Chaco,Argentina,maiz,1682.1,84.16,0.05
ARG-1306,Chaco,Argentina,rice,25.1,10.47,0.4174
ARG-1306,Chaco,Argentina,sorg,176.7,6.99,0.0396
ARG-1306,Chaco,Argentina,soyb,1644.4,45.84,0.0279
ARG-1306,Chaco,Argentina,sugc,12.7,0.51,0.04
ARG-1306,Chaco,Argentina,whea,321.4,54.22,0.1687
ARG-1308,Corrientes,Argentina,barl,1.6,1.13,0.7224
ARG-1308,Corrientes,Argentina,maiz,69.5,86.34,1.2421
ARG-1308,Corrientes,Argentina,pota,1.9,0.18,0.0958
ARG-1308,Corrientes,Argentina,rice,806.0,839.45,1.0415
ARG-1308,Corrientes,Argentina,sorg,10.9,12.87,1.1763
ARG-1308,Corrientes,Argentina,soyb,49.8,84.5,1.6967
ARG-1308,Corrientes,Argentina,sugc,6.5,1.54,0.238
ARG-1308,Corrientes,Argentina,whea,9.9,5.16,0.523
PRY-609,Misiones,Paraguay,maiz,93.9,69.76,0.7433
PRY-609,Misiones,Paraguay,rape,1.9,5.19,2.7016
PRY-609,Misiones,Paraguay,rice,16.5,12.27,0.7446
PRY-609,Misiones,Paraguay,sorg,2.2,3.52,1.5991
PRY-609,Misiones,Paraguay,soyb,168.5,206.21,1.2235
PRY-609,Misiones,Paraguay,sugc,92.3,2.29,0.0249
PRY-609,Misiones,Paraguay,whea,22.3,31.92,1.431
BOL-1940,Santa Cruz,Bolivia,cott,31.7,11.53,0.3636
BOL-1940,Santa Cruz,Bolivia,grou,8.3,0.76,0.091
BOL-1940,Santa Cruz,Bolivia,maiz,522.7,39.77,0.0761
BOL-1940,Santa Cruz,Bolivia,pota,66.6,3.61,0.0542
BOL-1940,Santa Cruz,Bolivia,rice,353.5,77.91,0.2204
BOL-1940,Santa Cruz,Bolivia,sorg,1005.8,116.16,0.1155
BOL-1940,Santa Cruz,Bolivia,soyb,2806.3,168.28,0.06
BOL-1940,Santa Cruz,Bolivia,sugc,9244.1,52.92,0.0057
BOL-1940,Santa Cruz,Bolivia,whea,209.5,28.56,0.1364
BRA-600,Mato Grosso do Sul,Brazil,cott,150.8,84.2,0.5583
BRA-600,Mato Grosso do Sul,Brazil,grou,8.2,1.51,0.1854
BRA-600,Mato Grosso do Sul,Brazil,maiz,11692.5,1831.94,0.1567
BRA-600,Mato Grosso do Sul,Brazil,oilp,9.1,2.23,0.2448
BRA-600,Mato Grosso do Sul,Brazil,rice,73.7,27.93,0.3788
BRA-600,Mato Grosso do Sul,Brazil,sorg,31.6,12.16,0.3845
BRA-600,Mato Grosso do Sul,Brazil,soyb,9830.3,1192.19,0.1213
BRA-600,Mato Grosso do Sul,Brazil,sugc,53596.5,881.01,0.0164
BRA-600,Mato Grosso do Sul,Brazil,whea,96.0,26.38,0.2747
PRY-597,Alto Paraguay,Paraguay,cott,6.1,1.25,0.2047
PRY-597,Alto Paraguay,Paraguay,grou,4.0,2.1,0.524
PRY-597,Alto Paraguay,Paraguay,maiz,1101.8,107.05,0.0972
PRY-597,Alto Paraguay,Paraguay,oilp,93.0,36.6,0.3937
PRY-597,Alto Paraguay,Paraguay,rape,3.8,1.86,0.4947
PRY-597,Alto Paraguay,Paraguay,sorg,19.8,9.84,0.4981
PRY-597,Alto Paraguay,Paraguay,soyb,1993.6,243.34,0.1221
PRY-597,Alto Paraguay,Paraguay,sugc,365.4,4.03,0.011
PRY-597,Alto Paraguay,Paraguay,whea,209.7,37.71,0.1798
PRY-603,Concepción,Paraguay,maiz,39.4,4.38,0.1114
PRY-603,Concepción,Paraguay,oilp,12.6,3.51,0.2782
PRY-603,Concepción,Paraguay,soyb,85.2,8.62,0.1012
PRY-603,Concepción,Paraguay,sugc,13.9,0.14,0.0101
PRY-603,Concepción,Paraguay,whea,11.5,1.97,0.1707
PRY-615,Amambay,Paraguay,maiz,172.9,16.67,0.0964
PRY-615,Amambay,Paraguay,oilp,4.0,1.07,0.2683
PRY-615,Amambay,Paraguay,rape,1.9,0.36,0.1916
PRY-615,Amambay,Paraguay,sorg,2.0,1.01,0.498
PRY-615,Amambay,Paraguay,soyb,244.0,11.84,0.0485
PRY-615,Amambay,Paraguay,sugc,36.5,0.31,0.0085
PRY-615,Amambay,Paraguay,whea,31.0,3.58,0.1155
PRY-619,Canindeyú,Paraguay,cott,1.9,0.39,0.2005
PRY-619,Canindeyú,Paraguay,grou,1.9,1.12,0.5793
PRY-619,Canindeyú,Paraguay,maiz,559.7,67.56,0.1207
PRY-619,Canindeyú,Paraguay,rape,7.8,1.68,0.2153
PRY-619,Canindeyú,Paraguay,sorg,7.5,3.81,0.5102
PRY-619,Canindeyú,Paraguay,soyb,918.1,70.12,0.0764
PRY-619,Canindeyú,Paraguay,sugc,162.9,1.58,0.0097
PRY-619,Canindeyú,Paraguay,whea,125.8,15.65,0.1243
BRA-613,Paraná,Brazil,barl,219.3,60.13,0.2742
BRA-613,Paraná,Brazil,cott,1.4,1.09,0.7752
BRA-613,Paraná,Brazil,grou,7.6,1.76,0.2295
BRA-613,Paraná,Brazil,maiz,15057.7,3058.27,0.2031
BRA-613,Paraná,Brazil,pota,860.6,84.32,0.098
BRA-613,Paraná,Brazil,rice,145.7,54.66,0.3751
BRA-613,Paraná,Brazil,sorg,6.9,3.26,0.4745
BRA-613,Paraná,Brazil,soyb,18161.5,2589.29,0.1426
BRA-613,Paraná,Brazil,sugc,45487.0,878.9,0.0193
BRA-613,Paraná,Brazil,whea,3064.5,1161.32,0.379
BRA-614,Santa Catarina,Brazil,barl,3.1,1.95,0.6237
BRA-614,Santa Catarina,Brazil,maiz,2061.6,742.71,0.3603
BRA-614,Santa Catarina,Brazil,pota,192.2,26.29,0.1368
BRA-614,Santa Catarina,Brazil,rice,856.5,581.48,0.6789
BRA-614,Santa Catarina,Brazil,soyb,2464.5,475.95,0.1931
BRA-614,Santa Catarina,Brazil,sugc,338.1,10.41,0.0308
BRA-614,Santa Catarina,Brazil,whea,175.1,107.34,0.613
NLD-903,Zeeland,Netherlands,barl,9.9,1.83,0.1842
NLD-903,Zeeland,Netherlands,maiz,13.2,1.14,0.086
NLD-903,Zeeland,Netherlands,pota,364.8,12.57,0.0345
NLD-903,Zeeland,Netherlands,whea,48.9,16.33,0.3336
BEL-3478,East Flanders,Belgium,barl,19.4,15.07,0.7764
BEL-3478,East Flanders,Belgium,maiz,78.4,18.1,0.2309
BEL-3478,East Flanders,Belgium,pota,373.2,25.57,0.0685
BEL-3478,East Flanders,Belgium,whea,197.2,151.06,0.7659
NLD-3483,Noord-Brabant,Netherlands,barl,22.1,16.48,0.7469
NLD-3483,Noord-Brabant,Netherlands,maiz,90.1,71.72,0.7955
NLD-3483,Noord-Brabant,Netherlands,pota,918.6,129.48,0.1409
NLD-3483,Noord-Brabant,Netherlands,whea,63.2,37.68,0.5965
BEL-3480,Antwerp,Belgium,barl,7.1,8.29,1.1744
BEL-3480,Antwerp,Belgium,maiz,49.4,53.85,1.091
BEL-3480,Antwerp,Belgium,pota,241.1,54.29,0.2252
BEL-3480,Antwerp,Belgium,whea,107.3,121.74,1.1347
BEL-3,Limburg,Belgium,barl,19.8,17.89,0.9015
BEL-3,Limburg,Belgium,pota,52.6,9.23,0.1755
BEL-3,Limburg,Belgium,whea,79.1,68.73,0.8691
DEU-1573,Baden-Württemberg,Germany,barl,928.4,254.5,0.2741
DEU-1573,Baden-Württemberg,Germany,maiz,674.2,106.86,0.1585
DEU-1573,Baden-Württemberg,Germany,pota,286.2,10.86,0.0379
DEU-1573,Baden-Württemberg,Germany,rape,153.2,89.84,0.5862
DEU-1573,Baden-Württemberg,Germany,soyb,21.2,8.03,0.3787
DEU-1573,Baden-Württemberg,Germany,whea,1655.1,527.54,0.3187
CHE-174,Thurgau,Switzerland,barl,23.9,5.58,0.2338
CHE-174,Thurgau,Switzerland,maiz,34.1,3.66,0.1072
CHE-174,Thurgau,Switzerland,pota,48.3,2.13,0.044
CHE-174,Thurgau,Switzerland,rape,9.3,4.89,0.5241
CHE-174,Thurgau,Switzerland,whea,60.7,16.14,0.2658
CHE-176,Zürich,Switzerland,barl,13.5,5.9,0.4351
CHE-176,Zürich,Switzerland,maiz,20.0,4.1,0.2045
CHE-176,Zürich,Switzerland,pota,29.8,2.07,0.0694
CHE-176,Zürich,Switzerland,rape,5.7,4.76,0.8354
CHE-176,Zürich,Switzerland,whea,25.0,11.14,0.4456
CHE-162,Aargau,Switzerland,barl,16.2,8.05,0.4964
CHE-162,Aargau,Switzerland,maiz,16.9,4.06,0.2406
CHE-162,Aargau,Switzerland,pota,17.3,1.45,0.0839
CHE-162,Aargau,Switzerland,rape,6.9,7.04,1.0154
CHE-162,Aargau,Switzerland,whea,2.6,1.4,0.5336
FRA-5273,Bas-Rhin,France,barl,36.9,16.83,0.4567
FRA-5273,Bas-Rhin,France,maiz,501.6,154.75,0.3085
FRA-5273,Bas-Rhin,France,pota,8.1,0.84,0.1047
FRA-5273,Bas-Rhin,France,rape,17.1,16.16,0.9448
FRA-5273,Bas-Rhin,France,soyb,9.8,10.69,1.0906
FRA-5273,Bas-Rhin,France,whea,246.3,135.42,0.5499
FRA-5296,Haute-Rhin,France,barl,10.8,3.6,0.3325
FRA-5296,Haute-Rhin,France,maiz,366.4,77.75,0.2122
FRA-5296,Haute-Rhin,France,pota,26.5,0.83,0.0312
FRA-5296,Haute-Rhin,France,rape,6.2,4.64,0.7428
FRA-5296,Haute-Rhin,France,soyb,4.2,3.33,0.7868
FRA-5296,Haute-Rhin,France,whea,101.7,44.26,0.4353
CHE-160,Jura,Switzerland,barl,3.6,0.73,0.2019
CHE-160,Jura,Switzerland,maiz,15.2,2.09,0.1377
CHE-160,Jura,Switzerland,pota,5.9,0.22,0.0368
CHE-160,Jura,Switzerland,rape,1.3,0.66,0.4932
CHE-160,Jura,Switzerland,whea,13.2,3.96,0.2989
FRA-5348,Territoire de Belfort,France,barl,4.1,0.73,0.1792
FRA-5348,Territoire de Belfort,France,maiz,6.0,0.59,0.099
FRA-5348,Territoire de Belfort,France,rape,1.8,0.72,0.4108
FRA-5348,Territoire de Belfort,France,whea,17.2,3.86,0.2238
FRA-5287,Doubs,France,barl,58.4,15.46,0.2648
FRA-5287,Doubs,France,maiz,37.1,4.26,0.1149
FRA-5287,Doubs,France,rape,27.2,15.44,0.5683
FRA-5287,Doubs,France,soyb,5.9,2.68,0.4575
FRA-5287,Doubs,France,whea,244.9,73.64,0.3007
FRA-5262,Ain,France,barl,42.4,8.44,0.1992
FRA-5262,Ain,France,maiz,105.6,16.9,0.1601
FRA-5262,Ain,France,pota,6.7,0.25,0.0379
FRA-5262,Ain,France,rape,11.6,5.19,0.4493
FRA-5262,Ain,France,sorg,6.9,1.58,0.231
FRA-5262,Ain,France,soyb,6.3,2.91,0.4635
FRA-5262,Ain,France,whea,225.4,55.85,0.2478
CHE-3422,Vaud,Switzerland,barl,18.2,5.33,0.2929
CHE-3422,Vaud,Switzerland,maiz,35.3,5.06,0.1434
CHE-3422,Vaud,Switzerland,pota,14.7,0.78,0.0529
CHE-3422,Vaud,Switzerland,rape,15.4,9.84,0.637
CHE-3422,Vaud,Switzerland,soyb,1.9,0.99,0.5306
CHE-3422,Vaud,Switzerland,whea,111.0,37.62,0.3389
FRA-5312,Jura,France,barl,30.7,5.62,0.1827
FRA-5312,Jura,France,maiz,40.8,4.21,0.1032
FRA-5312,Jura,France,rape,12.5,5.14,0.4115
FRA-5312,Jura,France,soyb,5.7,2.31,0.4053
FRA-5312,Jura,France,whea,130.6,29.62,0.2267
CHE-161,Neuchâtel,Switzerland,barl,1.7,1.54,0.8965
CHE-161,Neuchâtel,Switzerland,whea,7.2,6.31,0.8749
ESP-5807,Badajoz,Spain,barl,127.1,10.9,0.0858
ESP-5807,Badajoz,Spain,maiz,186.4,8.96,0.0481
ESP-5807,Badajoz,Spain,pota,11.5,0.23,0.0197
ESP-5807,Badajoz,Spain,rape,1.9,0.32,0.1667
ESP-5807,Badajoz,Spain,rice,61.6,55.73,0.9054
ESP-5807,Badajoz,Spain,whea,565.9,59.29,0.1048
PRT-744,Évora,Portugal,barl,15.6,4.16,0.2674
PRT-744,Évora,Portugal,maiz,43.9,7.05,0.1605
PRT-744,Évora,Portugal,pota,25.1,1.48,0.0587
PRT-744,Évora,Portugal,rice,12.7,15.34,1.2096
PRT-744,Évora,Portugal,whea,19.4,5.24,0.2696
PRT-747,Portalegre,Portugal,barl,13.3,5.21,0.3917
PRT-747,Portalegre,Portugal,maiz,43.1,6.55,0.152
PRT-747,Portalegre,Portugal,pota,11.6,0.81,0.0695
PRT-747,Portalegre,Portugal,rice,12.3,17.81,1.4482
PRT-747,Portalegre,Portugal,whea,17.3,6.71,0.3876
AUT-2323,Steiermark,Austria,barl,48.7,17.24,0.3538
AUT-2323,Steiermark,Austria,maiz,412.1,103.64,0.2515
AUT-2323,Steiermark,Austria,pota,26.9,1.6,0.0597
AUT-2323,Steiermark,Austria,sorg,8.2,1.96,0.2391
AUT-2323,Steiermark,Austria,soyb,13.3,7.05,0.5303
AUT-2323,Steiermark,Austria,whea,254.9,111.6,0.4379
SVN-959,Kungota,Slovenia,barl,3.9,1.27,0.3251
SVN-959,Kungota,Slovenia,maiz,31.8,7.91,0.2491
SVN-959,Kungota,Slovenia,pota,1.8,0.13,0.0723
SVN-959,Kungota,Slovenia,whea,6.9,3.21,0.4666
SVN-974,Muta,Slovenia,barl,1.2,0.32,0.2681
SVN-974,Muta,Slovenia,maiz,6.8,1.47,0.2157
SVN-974,Muta,Slovenia,whea,1.7,0.72,0.4241
SVN-214,Podvelka,Slovenia,maiz,17.1,4.74,0.2772
SVN-214,Podvelka,Slovenia,whea,3.0,1.64,0.5532
SVN-1019,Tržič,Slovenia,barl,1.3,0.28,0.2162
SVN-1019,Tržič,Slovenia,maiz,1.0,0.18,0.181
SVN-1019,Tržič,Slovenia,pota,2.9,0.16,0.0556
SVN-1019,Tržič,Slovenia,whea,3.2,0.99,0.3093
MNE-1515,Plužine,Montenegro,maiz,7.4,0.95,0.1286
MNE-1515,Plužine,Montenegro,pota,2.7,0.21,0.0773
MNE-1515,Plužine,Montenegro,whea,2.0,0.87,0.4348
HRV-1587,Sisacko-Moslavacka,Croatia,barl,32.4,2.64,0.0815
HRV-1587,Sisacko-Moslavacka,Croatia,maiz,239.4,28.87,0.1206
HRV-1587,Sisacko-Moslavacka,Croatia,pota,17.0,0.88,0.052
HRV-1587,Sisacko-Moslavacka,Croatia,rape,11.7,3.5,0.2978
HRV-1587,Sisacko-Moslavacka,Croatia,soyb,27.9,3.42,0.1226
HRV-1587,Sisacko-Moslavacka,Croatia,whea,80.0,14.05,0.1757
BIH-4802,Banja Luka,Bosnia and Herzegovina,barl,36.1,5.09,0.141
BIH-4802,Banja Luka,Bosnia and Herzegovina,maiz,471.3,48.19,0.1022
BIH-4802,Banja Luka,Bosnia and Herzegovina,pota,127.5,8.8,0.069
BIH-4802,Banja Luka,Bosnia and Herzegovina,rape,6.6,1.3,0.1965
BIH-4802,Banja Luka,Bosnia and Herzegovina,soyb,20.3,1.59,0.0786
BIH-4802,Banja Luka,Bosnia and Herzegovina,whea,112.3,33.87,0.3015
HRV-1602,Brodsko-Posavska,Croatia,barl,21.9,1.09,0.0495
HRV-1602,Brodsko-Posavska,Croatia,maiz,177.6,9.33,0.0525
HRV-1602,Brodsko-Posavska,Croatia,pota,19.5,0.47,0.0239
HRV-1602,Brodsko-Posavska,Croatia,rape,7.4,1.08,0.1462
HRV-1602,Brodsko-Posavska,Croatia,soyb,20.1,1.29,0.064
HRV-1602,Brodsko-Posavska,Croatia,whea,52.0,5.02,0.0965
BIH-2225,Una-Sana,Bosnia and Herzegovina,barl,11.1,2.3,0.2074
BIH-2225,Una-Sana,Bosnia and Herzegovina,maiz,150.7,17.85,0.1184
BIH-2225,Una-Sana,Bosnia and Herzegovina,pota,53.9,4.04,0.0748
BIH-2225,Una-Sana,Bosnia and Herzegovina,rape,1.2,0.33,0.2675
BIH-2225,Una-Sana,Bosnia and Herzegovina,soyb,4.0,0.43,0.1076
BIH-2225,Una-Sana,Bosnia and Herzegovina,whea,39.1,15.64,0.4001
HRV-1583,Karlovacka,Croatia,barl,6.7,0.94,0.1405
HRV-1583,Karlovacka,Croatia,maiz,35.4,6.19,0.1748
HRV-1583,Karlovacka,Croatia,pota,1.6,0.1,0.0642
HRV-1583,Karlovacka,Croatia,rape,1.9,0.89,0.4559
HRV-1583,Karlovacka,Croatia,soyb,5.2,0.99,0.1905
HRV-1583,Karlovacka,Croatia,whea,14.0,3.58,0.2561
HRV-1493,Zadarska,Croatia,barl,3.6,0.46,0.1285
HRV-1493,Zadarska,Croatia,maiz,3.3,0.53,0.1596
HRV-1493,Zadarska,Croatia,pota,8.3,0.44,0.0536
HRV-1493,Zadarska,Croatia,whea,21.4,5.23,0.2449
BIH-4801,Doboj,Bosnia and Herzegovina,barl,9.4,0.76,0.0806
BIH-4801,Doboj,Bosnia and Herzegovina,maiz,161.4,7.36,0.0456
BIH-4801,Doboj,Bosnia and Herzegovina,pota,50.8,1.5,0.0295
BIH-4801,Doboj,Bosnia and Herzegovina,soyb,3.4,0.13,0.0383
BIH-4801,Doboj,Bosnia and Herzegovina,whea,33.7,5.02,0.1489
HRV-1605,Vukovarsko-Srijemska,Croatia,barl,36.1,1.63,0.0453
HRV-1605,Vukovarsko-Srijemska,Croatia,maiz,272.9,14.81,0.0543
HRV-1605,Vukovarsko-Srijemska,Croatia,pota,22.9,0.55,0.024
HRV-1605,Vukovarsko-Srijemska,Croatia,rape,13.3,1.97,0.1477
HRV-1605,Vukovarsko-Srijemska,Croatia,soyb,35.1,2.28,0.0649
HRV-1605,Vukovarsko-Srijemska,Croatia,whea,82.0,7.27,0.0887
BIH-4804,Bijeljina,Bosnia and Herzegovina,barl,18.9,1.58,0.0835
BIH-4804,Bijeljina,Bosnia and Herzegovina,maiz,315.0,14.41,0.0457
BIH-4804,Bijeljina,Bosnia and Herzegovina,pota,60.4,1.53,0.0254
BIH-4804,Bijeljina,Bosnia and Herzegovina,rape,2.7,0.28,0.1052
BIH-4804,Bijeljina,Bosnia and Herzegovina,soyb,20.6,0.91,0.0441
BIH-4804,Bijeljina,Bosnia and Herzegovina,whea,88.9,12.48,0.1404
BIH-2224,West Bosnia,Bosnia and Herzegovina,barl,1.1,2.25,1.9728
BIH-2224,West Bosnia,Bosnia and Herzegovina,maiz,16.7,18.63,1.1135
BIH-2224,West Bosnia,Bosnia and Herzegovina,pota,5.9,3.68,0.6262
BIH-2224,West Bosnia,Bosnia and Herzegovina,whea,4.2,8.15,1.9643
HRV-1492,Splitsko-Dalmatinska,Croatia,barl,5.2,1.82,0.3536
HRV-1492,Splitsko-Dalmatinska,Croatia,maiz,21.7,12.14,0.5605
HRV-1492,Splitsko-Dalmatinska,Croatia,pota,16.8,2.69,0.1602
HRV-1492,Splitsko-Dalmatinska,Croatia,whea,30.8,10.22,0.3313
BIH-2227,West Herzegovina,Bosnia and Herzegovina,barl,1.1,0.39,0.3648
BIH-2227,West Herzegovina,Bosnia and Herzegovina,maiz,12.5,1.57,0.1258
BIH-2227,West Herzegovina,Bosnia and Herzegovina,pota,4.8,0.52,0.1081
BIH-2227,West Herzegovina,Bosnia and Herzegovina,whea,4.3,2.77,0.6376
SRB-281,Sremski,Republic of Serbia,barl,33.7,2.22,0.0658
SRB-281,Sremski,Republic of Serbia,maiz,610.8,26.48,0.0434
SRB-281,Sremski,Republic of Serbia,pota,14.0,0.24,0.017
SRB-281,Sremski,Republic of Serbia,rape,10.3,1.26,0.1218
SRB-281,Sremski,Republic of Serbia,soyb,95.1,4.3,0.0452
SRB-281,Sremski,Republic of Serbia,whea,208.9,26.15,0.1252
SRB-838,Macvanski,Republic of Serbia,barl,36.8,3.34,0.0906
SRB-838,Macvanski,Republic of Serbia,maiz,479.2,25.04,0.0522
SRB-838,Macvanski,Republic of Serbia,pota,76.0,1.72,0.0226
SRB-838,Macvanski,Republic of Serbia,rape,1.9,0.25,0.1302
SRB-838,Macvanski,Republic of Serbia,soyb,22.8,1.26,0.0555
SRB-838,Macvanski,Republic of Serbia,whea,175.9,26.81,0.1524
BIH-4805,Vlasenica,Bosnia and Herzegovina,barl,1.1,0.12,0.1044
BIH-4805,Vlasenica,Bosnia and Herzegovina,maiz,17.2,0.95,0.0551
BIH-4805,Vlasenica,Bosnia and Herzegovina,pota,5.1,0.15,0.0298
BIH-4805,Vlasenica,Bosnia and Herzegovina,whea,4.4,0.75,0.1714
SRB-1059,Južno-Backi,Republic of Serbia,barl,53.4,2.7,0.0506
SRB-1059,Južno-Backi,Republic of Serbia,maiz,1197.7,36.52,0.0305
SRB-1059,Južno-Backi,Republic of Serbia,pota,24.5,0.31,0.0129
SRB-1059,Južno-Backi,Republic of Serbia,rape,16.9,1.43,0.0845
SRB-1059,Južno-Backi,Republic of Serbia,sorg,1.1,0.06,0.0561
SRB-1059,Južno-Backi,Republic of Serbia,soyb,184.1,5.38,0.0292
SRB-1059,Južno-Backi,Republic of Serbia,whea,393.5,36.87,0.0937
SVK-1051,Bratislavský,Slovakia,barl,43.7,11.26,0.2579
SVK-1051,Bratislavský,Slovakia,maiz,148.3,27.15,0.1831
SVK-1051,Bratislavský,Slovakia,pota,51.0,2.79,0.0546
SVK-1051,Bratislavský,Slovakia,rape,25.8,14.8,0.5738
SVK-1051,Bratislavský,Slovakia,sorg,1.5,0.7,0.4519
SVK-1051,Bratislavský,Slovakia,soyb,6.1,2.59,0.423
SVK-1051,Bratislavský,Slovakia,whea,103.0,33.3,0.3234
SVK-1056,Trnavský,Slovakia,barl,140.6,32.24,0.2294
SVK-1056,Trnavský,Slovakia,maiz,386.6,63.41,0.164
SVK-1056,Trnavský,Slovakia,pota,24.6,1.86,0.0755
SVK-1056,Trnavský,Slovakia,rape,91.0,41.18,0.4525
SVK-1056,Trnavský,Slovakia,sorg,1.4,0.54,0.3703
SVK-1056,Trnavský,Slovakia,soyb,8.5,3.67,0.4337
SVK-1056,Trnavský,Slovakia,whea,292.0,71.16,0.2436
SVK-1055,Trenciansky,Slovakia,barl,57.2,6.66,0.1165
SVK-1055,Trenciansky,Slovakia,maiz,119.8,8.43,0.0704
SVK-1055,Trenciansky,Slovakia,pota,6.7,0.3,0.0446
SVK-1055,Trenciansky,Slovakia,rape,36.2,9.24,0.2552
SVK-1055,Trenciansky,Slovakia,soyb,2.9,0.44,0.1515
SVK-1055,Trenciansky,Slovakia,whea,100.2,13.15,0.1312
CZE-10371,Zlínský,Czech Republic,barl,95.7,9.38,0.098
CZE-10371,Zlínský,Czech Republic,maiz,58.9,4.25,0.0721
CZE-10371,Zlínský,Czech Republic,pota,22.3,0.55,0.0245
CZE-10371,Zlínský,Czech Republic,rape,47.5,10.28,0.2164
CZE-10371,Zlínský,Czech Republic,soyb,2.9,0.46,0.16
CZE-10371,Zlínský,Czech Republic,whea,168.2,19.66,0.1169
HUN-3168,Borsod-Abaúj-Zemplén,Hungary,barl,63.8,10.58,0.1658
HUN-3168,Borsod-Abaúj-Zemplén,Hungary,maiz,289.9,41.09,0.1418
HUN-3168,Borsod-Abaúj-Zemplén,Hungary,pota,14.7,0.51,0.0344
HUN-3168,Borsod-Abaúj-Zemplén,Hungary,rape,54.5,15.64,0.2871
HUN-3168,Borsod-Abaúj-Zemplén,Hungary,sorg,8.4,1.41,0.1681
HUN-3168,Borsod-Abaúj-Zemplén,Hungary,soyb,8.1,3.54,0.4387
HUN-3168,Borsod-Abaúj-Zemplén,Hungary,whea,335.7,58.81,0.1752
SVK-1052,Banskobystrický,Slovakia,barl,56.1,5.76,0.1028
SVK-1052,Banskobystrický,Slovakia,maiz,115.3,8.12,0.0704
SVK-1052,Banskobystrický,Slovakia,pota,20.0,0.73,0.0365
SVK-1052,Banskobystrický,Slovakia,rape,37.5,8.5,0.2269
SVK-1052,Banskobystrický,Slovakia,sorg,1.6,0.29,0.1744
SVK-1052,Banskobystrický,Slovakia,soyb,22.9,2.95,0.1285
SVK-1052,Banskobystrický,Slovakia,whea,306.1,34.66,0.1133
HUN-3166,Nógrád,Hungary,barl,14.8,1.85,0.1255
HUN-3166,Nógrád,Hungary,maiz,65.0,5.74,0.0884
HUN-3166,Nógrád,Hungary,pota,3.0,0.1,0.0339
HUN-3166,Nógrád,Hungary,rape,12.8,3.34,0.2598
HUN-3166,Nógrád,Hungary,sorg,1.8,0.28,0.1503
HUN-3166,Nógrád,Hungary,soyb,1.3,0.29,0.2165
HUN-3166,Nógrád,Hungary,whea,75.5,10.55,0.1397
HUN-4921,Salgótarján,Hungary,barl,1.5,0.12,0.0772
HUN-4921,Salgótarján,Hungary,maiz,5.9,0.31,0.0527
HUN-4921,Salgótarján,Hungary,rape,1.2,0.2,0.1628
HUN-4921,Salgótarján,Hungary,whea,8.3,0.71,0.085
SVK-1054,Nitriansky,Slovakia,barl,218.1,20.69,0.0949
SVK-1054,Nitriansky,Slovakia,maiz,641.7,43.77,0.0682
SVK-1054,Nitriansky,Slovakia,pota,32.5,1.34,0.0414
SVK-1054,Nitriansky,Slovakia,rape,138.4,29.61,0.2139
SVK-1054,Nitriansky,Slovakia,sorg,1.7,0.25,0.1482
SVK-1054,Nitriansky,Slovakia,soyb,12.2,1.72,0.1411
SVK-1054,Nitriansky,Slovakia,whea,441.3,47.68,0.108
HUN-3163,Komárom-Esztergom,Hungary,barl,26.3,2.23,0.0847
HUN-3163,Komárom-Esztergom,Hungary,maiz,161.9,9.99,0.0617
HUN-3163,Komárom-Esztergom,Hungary,pota,1.6,0.05,0.0315
HUN-3163,Komárom-Esztergom,Hungary,rape,15.1,2.64,0.1743
HUN-3163,Komárom-Esztergom,Hungary,sorg,1.3,0.12,0.0918
HUN-3163,Komárom-Esztergom,Hungary,whea,88.5,8.42,0.0951
HUN-3164,Pest,Hungary,barl,69.3,5.83,0.084
HUN-3164,Pest,Hungary,maiz,427.7,26.47,0.0619
HUN-3164,Pest,Hungary,pota,39.2,1.26,0.0321
HUN-3164,Pest,Hungary,rape,43.4,7.55,0.174
HUN-3164,Pest,Hungary,sorg,4.6,0.43,0.0954
HUN-3164,Pest,Hungary,soyb,1.4,0.22,0.1561
HUN-3164,Pest,Hungary,whea,289.1,27.96,0.0967
POL-3143,Lubusz,Poland,barl,104.0,28.41,0.2731
POL-3143,Lubusz,Poland,maiz,175.2,25.5,0.1456
POL-3143,Lubusz,Poland,pota,121.8,4.03,0.0331
POL-3143,Lubusz,Poland,rape,81.7,29.28,0.3586
POL-3143,Lubusz,Poland,whea,215.1,43.12,0.2005
DEU-3487,Brandenburg,Germany,barl,698.9,222.3,0.3181
DEU-3487,Brandenburg,Germany,maiz,220.7,47.29,0.2143
DEU-3487,Brandenburg,Germany,pota,496.1,24.35,0.0491
DEU-3487,Brandenburg,Germany,rape,314.3,176.57,0.5618
DEU-3487,Brandenburg,Germany,soyb,2.0,1.34,0.6715
DEU-3487,Brandenburg,Germany,whea,1191.1,341.58,0.2868
POL-3142,West Pomeranian,Poland,barl,196.2,69.71,0.3553
POL-3142,West Pomeranian,Poland,maiz,257.2,54.06,0.2102
POL-3142,West Pomeranian,Poland,pota,369.7,15.78,0.0427
POL-3142,West Pomeranian,Poland,rape,263.2,122.27,0.4645
POL-3142,West Pomeranian,Poland,whea,537.5,138.14,0.257
DEU-3488,Mecklenburg-Vorpommern,Germany,barl,882.8,364.08,0.4124
DEU-3488,Mecklenburg-Vorpommern,Germany,maiz,75.5,22.86,0.3026
DEU-3488,Mecklenburg-Vorpommern,Germany,pota,567.9,36.0,0.0634
DEU-3488,Mecklenburg-Vorpommern,Germany,rape,603.5,447.94,0.7422
DEU-3488,Mecklenburg-Vorpommern,Germany,whea,2238.9,849.03,0.3792
ROU-124,Mehedinti,Romania,barl,18.6,3.12,0.1679
ROU-124,Mehedinti,Romania,maiz,149.7,19.77,0.1321
ROU-124,Mehedinti,Romania,pota,24.3,0.87,0.0357
ROU-124,Mehedinti,Romania,rape,8.6,2.42,0.2819
ROU-124,Mehedinti,Romania,whea,86.3,15.54,0.1801
ROU-122,Dolj,Romania,barl,52.3,25.98,0.4963
ROU-122,Dolj,Romania,maiz,539.2,157.01,0.2912
ROU-122,Dolj,Romania,pota,85.7,6.98,0.0814
ROU-122,Dolj,Romania,rape,24.2,17.9,0.7401
ROU-122,Dolj,Romania,sorg,1.9,0.78,0.4122
ROU-122,Dolj,Romania,soyb,5.7,1.1,0.1935
ROU-122,Dolj,Romania,whea,257.2,118.66,0.4614
BGR-2261,Silistra,Bulgaria,barl,29.7,3.85,0.1295
BGR-2261,Silistra,Bulgaria,maiz,264.0,22.81,0.0864
BGR-2261,Silistra,Bulgaria,pota,5.5,0.13,0.0235
BGR-2261,Silistra,Bulgaria,rape,17.4,3.4,0.1956
BGR-2261,Silistra,Bulgaria,whea,246.4,27.86,0.1131
ROU-129,Calarasi,Romania,barl,60.6,6.55,0.1081
ROU-129,Calarasi,Romania,maiz,325.1,26.78,0.0824
ROU-129,Calarasi,Romania,pota,53.0,1.23,0.0231
ROU-129,Calarasi,Romania,rape,52.2,9.02,0.1727
ROU-129,Calarasi,Romania,sorg,1.4,0.18,0.1276
ROU-129,Calarasi,Romania,whea,255.7,28.2,0.1103
BGR-2262,Ruse,Bulgaria,barl,23.3,4.05,0.1738
BGR-2262,Ruse,Bulgaria,maiz,190.6,22.14,0.1161
BGR-2262,Ruse,Bulgaria,pota,3.5,0.09,0.0255
BGR-2262,Ruse,Bulgaria,rape,12.1,3.16,0.2599
BGR-2262,Ruse,Bulgaria,whea,207.6,33.95,0.1635
ROU-127,Teleorman,Romania,barl,63.7,6.78,0.1065
ROU-127,Teleorman,Romania,maiz,513.8,44.12,0.0859
ROU-127,Teleorman,Romania,pota,88.5,2.14,0.0242
ROU-127,Teleorman,Romania,rape,53.7,9.08,0.169
ROU-127,Teleorman,Romania,rice,1.2,0.13,0.1145
ROU-127,Teleorman,Romania,sorg,2.0,0.26,0.1311
ROU-127,Teleorman,Romania,soyb,96.8,13.27,0.1371
ROU-127,Teleorman,Romania,whea,258.7,28.18,0.1089
ROU-131,Giurgiu,Romania,barl,36.4,4.52,0.1242
ROU-131,Giurgiu,Romania,maiz,255.6,23.02,0.0901
ROU-131,Giurgiu,Romania,pota,33.7,0.84,0.0249
ROU-131,Giurgiu,Romania,rape,31.7,6.15,0.1939
ROU-131,Giurgiu,Romania,whea,152.4,18.82,0.1235
ROU-133,Constanta,Romania,barl,123.2,7.33,0.0595
ROU-133,Constanta,Romania,maiz,518.4,22.28,0.043
ROU-133,Constanta,Romania,pota,80.4,0.99,0.0122
ROU-133,Constanta,Romania,rape,48.1,4.42,0.0919
ROU-133,Constanta,Romania,rice,1.2,0.08,0.0678
ROU-133,Constanta,Romania,sorg,2.2,0.15,0.0662
ROU-133,Constanta,Romania,whea,402.3,24.01,0.0597
BGR-2259,Dobrich,Bulgaria,barl,45.7,6.24,0.1365
BGR-2259,Dobrich,Bulgaria,maiz,325.3,28.86,0.0887
BGR-2259,Dobrich,Bulgaria,pota,2.3,0.03,0.0136
BGR-2259,Dobrich,Bulgaria,rape,16.7,3.46,0.2072
BGR-2259,Dobrich,Bulgaria,whea,378.9,45.31,0.1196
BGR-2251,Vratsa,Bulgaria,barl,23.1,6.71,0.2913
BGR-2251,Vratsa,Bulgaria,maiz,348.6,93.64,0.2686
BGR-2251,Vratsa,Bulgaria,pota,4.2,0.25,0.0582
BGR-2251,Vratsa,Bulgaria,rape,6.6,3.27,0.498
BGR-2251,Vratsa,Bulgaria,whea,212.3,64.52,0.3039
ROU-126,Olt,Romania,barl,52.3,7.51,0.1437
ROU-126,Olt,Romania,maiz,383.1,47.3,0.1235
ROU-126,Olt,Romania,pota,67.7,2.25,0.0332
ROU-126,Olt,Romania,rape,24.6,5.92,0.2408
ROU-126,Olt,Romania,sorg,1.6,0.29,0.1846
ROU-126,Olt,Romania,soyb,5.0,0.77,0.1559
ROU-126,Olt,Romania,whea,230.3,35.13,0.1526
BGR-2248,Pleven,Bulgaria,barl,37.6,20.09,0.5345
BGR-2248,Pleven,Bulgaria,maiz,351.1,111.82,0.3185
BGR-2248,Pleven,Bulgaria,pota,7.2,2.05,0.2863
BGR-2248,Pleven,Bulgaria,rape,11.4,15.5,1.3631
BGR-2248,Pleven,Bulgaria,whea,348.0,136.12,0.3911
BGR-2249,Veliko Tarnovo,Bulgaria,barl,31.9,25.56,0.8001
BGR-2249,Veliko Tarnovo,Bulgaria,maiz,262.1,112.72,0.43
BGR-2249,Veliko Tarnovo,Bulgaria,pota,3.5,3.22,0.9244
BGR-2249,Veliko Tarnovo,Bulgaria,rape,17.2,26.5,1.5423
BGR-2249,Veliko Tarnovo,Bulgaria,whea,262.0,130.55,0.4982
SRB-1061,Srednje-Banatski,Republic of Serbia,barl,32.6,1.94,0.0595
SRB-1061,Srednje-Banatski,Republic of Serbia,maiz,751.1,25.94,0.0345
SRB-1061,Srednje-Banatski,Republic of Serbia,pota,17.6,0.27,0.015
SRB-1061,Srednje-Banatski,Republic of Serbia,rape,11.0,1.18,0.107
SRB-1061,Srednje-Banatski,Republic of Serbia,soyb,107.3,3.46,0.0323
SRB-1061,Srednje-Banatski,Republic of Serbia,whea,251.0,26.38,0.1051
SRB-1060,Južno-Banatski,Republic of Serbia,barl,28.9,2.12,0.0733
SRB-1060,Južno-Banatski,Republic of Serbia,maiz,617.8,27.79,0.045
SRB-1060,Južno-Banatski,Republic of Serbia,pota,15.8,0.31,0.0193
SRB-1060,Južno-Banatski,Republic of Serbia,rape,8.9,1.15,0.1292
SRB-1060,Južno-Banatski,Republic of Serbia,soyb,94.1,4.4,0.0467
SRB-1060,Južno-Banatski,Republic of Serbia,whea,211.6,28.05,0.1326
ROU-278,Caras-Severin,Romania,barl,4.7,0.73,0.157
ROU-278,Caras-Severin,Romania,maiz,102.4,12.61,0.1232
ROU-278,Caras-Severin,Romania,pota,13.5,0.43,0.032
ROU-278,Caras-Severin,Romania,rape,8.1,2.07,0.2544
ROU-278,Caras-Severin,Romania,soyb,4.8,0.74,0.154
ROU-278,Caras-Severin,Romania,whea,57.8,9.19,0.159
SRB-279,Branicevski,Republic of Serbia,barl,34.8,2.29,0.0656
SRB-279,Branicevski,Republic of Serbia,maiz,460.0,17.0,0.037
SRB-279,Branicevski,Republic of Serbia,pota,70.1,1.05,0.0149
SRB-279,Branicevski,Republic of Serbia,rape,1.8,0.18,0.1017
SRB-279,Branicevski,Republic of Serbia,soyb,1.8,0.07,0.0398
SRB-279,Branicevski,Republic of Serbia,whea,178.2,20.4,0.1145
GRC-3001,Anatoliki Makedonia kai Thraki,Greece,barl,36.3,5.72,0.1579
GRC-3001,Anatoliki Makedonia kai Thraki,Greece,cott,182.6,66.52,0.3642
GRC-3001,Anatoliki Makedonia kai Thraki,Greece,maiz,229.1,26.66,0.1164
GRC-3001,Anatoliki Makedonia kai Thraki,Greece,pota,63.3,1.79,0.0283
GRC-3001,Anatoliki Makedonia kai Thraki,Greece,rape,5.0,0.98,0.1954
GRC-3001,Anatoliki Makedonia kai Thraki,Greece,rice,63.2,48.65,0.7703
GRC-3001,Anatoliki Makedonia kai Thraki,Greece,sorg,1.2,0.25,0.1992
GRC-3001,Anatoliki Makedonia kai Thraki,Greece,soyb,1.4,0.34,0.2511
GRC-3001,Anatoliki Makedonia kai Thraki,Greece,whea,100.6,17.09,0.1698
BGR-2237,Kardzhali,Bulgaria,barl,5.7,1.3,0.2272
BGR-2237,Kardzhali,Bulgaria,cott,4.3,1.33,0.3071
BGR-2237,Kardzhali,Bulgaria,maiz,6.7,0.7,0.1039
BGR-2237,Kardzhali,Bulgaria,pota,3.8,0.11,0.029
BGR-2237,Kardzhali,Bulgaria,rape,3.3,1.04,0.3154
BGR-2237,Kardzhali,Bulgaria,whea,31.6,6.11,0.1934
BGR-2236,Smolyan,Bulgaria,barl,1.7,0.28,0.1632
BGR-2236,Smolyan,Bulgaria,pota,1.5,0.04,0.0279
BGR-2236,Smolyan,Bulgaria,whea,7.2,1.09,0.1503
ALB-1498,Shkodër,Albania,maiz,19.2,11.35,0.5905
ALB-1498,Shkodër,Albania,pota,26.2,4.05,0.1545
ALB-1498,Shkodër,Albania,whea,11.4,21.61,1.8872
MNE-1517,Podgorica,Montenegro,maiz,3.5,0.58,0.1652
MNE-1517,Podgorica,Montenegro,pota,30.6,1.34,0.0439
MNE-1517,Podgorica,Montenegro,whea,3.4,1.51,0.4513
ROU-287,Botosani,Romania,barl,18.5,1.58,0.0851
ROU-287,Botosani,Romania,maiz,400.9,24.07,0.0601
ROU-287,Botosani,Romania,pota,67.1,1.15,0.0171
ROU-287,Botosani,Romania,rape,16.8,2.1,0.1253
ROU-287,Botosani,Romania,sorg,1.3,0.12,0.0929
ROU-287,Botosani,Romania,soyb,5.7,0.45,0.0791
ROU-287,Botosani,Romania,whea,236.8,18.94,0.08
MDA-1613,Briceni,Moldova,barl,4.9,0.49,0.101
MDA-1613,Briceni,Moldova,maiz,32.4,1.07,0.0329
MDA-1613,Briceni,Moldova,pota,20.9,0.32,0.0152
MDA-1613,Briceni,Moldova,rape,2.0,0.3,0.1497
MDA-1613,Briceni,Moldova,soyb,2.1,0.15,0.0688
MDA-1613,Briceni,Moldova,whea,19.9,1.09,0.0551
MDA-1615,Edineţ,Moldova,barl,3.4,1.16,0.3395
MDA-1615,Edineţ,Moldova,maiz,33.8,2.21,0.0654
MDA-1615,Edineţ,Moldova,pota,18.3,0.63,0.0346
MDA-1615,Edineţ,Moldova,rape,1.9,0.59,0.3199
MDA-1615,Edineţ,Moldova,soyb,1.4,0.17,0.1201
MDA-1615,Edineţ,Moldova,whea,21.8,1.85,0.0849
MDA-1617,Rîşcani,Moldova,barl,5.7,2.01,0.3525
MDA-1617,Rîşcani,Moldova,maiz,47.6,3.06,0.0642
MDA-1617,Rîşcani,Moldova,pota,1.9,0.07,0.0358
MDA-1617,Rîşcani,Moldova,rape,2.5,0.87,0.3425
MDA-1617,Rîşcani,Moldova,soyb,2.0,0.24,0.1218
MDA-1617,Rîşcani,Moldova,whea,30.9,2.62,0.0845
MDA-1621,Glodeni,Moldova,barl,1.4,0.38,0.2653
MDA-1621,Glodeni,Moldova,maiz,20.6,1.25,0.0607
MDA-1621,Glodeni,Moldova,pota,1.6,0.03,0.0194
MDA-1621,Glodeni,Moldova,whea,12.9,1.03,0.0796
MDA-1620,Făleşti,Moldova,barl,3.3,1.16,0.3521
MDA-1620,Făleşti,Moldova,maiz,28.0,1.8,0.0642
MDA-1620,Făleşti,Moldova,rape,1.4,0.49,0.3415
MDA-1620,Făleşti,Moldova,soyb,1.1,0.14,0.1214
MDA-1620,Făleşti,Moldova,whea,18.5,1.56,0.0842
ROU-308,Iasi,Romania,barl,12.5,1.06,0.0853
ROU-308,Iasi,Romania,maiz,368.7,23.19,0.0629
ROU-308,Iasi,Romania,pota,42.2,0.77,0.0182
ROU-308,Iasi,Romania,rape,12.5,1.59,0.1278
ROU-308,Iasi,Romania,soyb,3.6,0.31,0.0866
ROU-308,Iasi,Romania,whea,186.0,15.59,0.0838
MDA-1623,Ungheni,Moldova,barl,4.5,2.6,0.5757
MDA-1623,Ungheni,Moldova,maiz,62.7,16.19,0.2582
MDA-1623,Ungheni,Moldova,pota,3.9,0.08,0.0197
MDA-1623,Ungheni,Moldova,rape,2.6,1.53,0.5821
MDA-1623,Ungheni,Moldova,soyb,1.3,1.03,0.7774
MDA-1623,Ungheni,Moldova,whea,36.5,13.48,0.3689
MDA-1642,Nisporeni,Moldova,maiz,7.7,32.9,4.2832
MDA-1642,Nisporeni,Moldova,whea,5.2,24.69,4.7841
MDA-1639,Hîncesti,Moldova,barl,5.3,1.72,0.3239
MDA-1639,Hîncesti,Moldova,maiz,50.8,3.31,0.0652
MDA-1639,Hîncesti,Moldova,pota,3.5,0.08,0.0231
MDA-1639,Hîncesti,Moldova,rape,2.6,0.76,0.2946
MDA-1639,Hîncesti,Moldova,soyb,1.6,0.19,0.1239
MDA-1639,Hîncesti,Moldova,whea,36.1,3.1,0.0859
ROU-316,Vaslui,Romania,barl,18.8,1.39,0.0737
ROU-316,Vaslui,Romania,maiz,325.2,17.94,0.0552
ROU-316,Vaslui,Romania,pota,45.7,0.74,0.0162
ROU-316,Vaslui,Romania,rape,14.2,1.61,0.1131
ROU-316,Vaslui,Romania,sorg,1.2,0.1,0.0853
ROU-316,Vaslui,Romania,soyb,3.3,0.26,0.0776
ROU-316,Vaslui,Romania,whea,198.0,14.5,0.0732
MDA-1631,Cantemir,Moldova,barl,5.5,1.51,0.2724
MDA-1631,Cantemir,Moldova,maiz,45.9,2.89,0.0629
MDA-1631,Cantemir,Moldova,pota,3.4,0.07,0.0196
MDA-1631,Cantemir,Moldova,rape,2.6,0.68,0.2567
MDA-1631,Cantemir,Moldova,soyb,1.6,0.19,0.121
MDA-1631,Cantemir,Moldova,whea,35.7,2.96,0.083
MDA-1624,Cahul,Moldova,barl,9.8,1.95,0.1999
MDA-1624,Cahul,Moldova,maiz,56.7,3.16,0.0557
MDA-1624,Cahul,Moldova,pota,3.1,0.04,0.0135
MDA-1624,Cahul,Moldova,rape,3.9,0.83,0.2161
MDA-1624,Cahul,Moldova,soyb,1.5,0.18,0.1199
MDA-1624,Cahul,Moldova,whea,40.5,3.1,0.0766
ROU-315,Galati,Romania,barl,46.3,2.92,0.0631
ROU-315,Galati,Romania,maiz,228.2,9.34,0.0409
ROU-315,Galati,Romania,pota,32.3,0.39,0.0122
ROU-315,Galati,Romania,rape,18.1,1.65,0.0911
ROU-315,Galati,Romania,whea,151.4,8.6,0.0568
UKR-288,Chernivtsi,Ukraine,barl,91.9,6.59,0.0717
UKR-288,Chernivtsi,Ukraine,maiz,329.5,14.88,0.0451
UKR-288,Chernivtsi,Ukraine,pota,498.3,10.97,0.022
UKR-288,Chernivtsi,Ukraine,rape,32.3,4.43,0.137
UKR-288,Chernivtsi,Ukraine,sorg,1.1,0.1,0.0866
UKR-288,Chernivtsi,Ukraine,soyb,28.6,2.73,0.0955
UKR-288,Chernivtsi,Ukraine,whea,317.1,25.62,0.0808
ROU-311,Suceava,Romania,barl,18.4,12.96,0.7039
ROU-311,Suceava,Romania,maiz,321.6,19.97,0.0621
ROU-311,Suceava,Romania,pota,64.7,7.12,0.11
ROU-311,Suceava,Romania,rape,17.4,14.65,0.8431
ROU-311,Suceava,Romania,soyb,4.0,0.31,0.0769
ROU-311,Suceava,Romania,whea,224.5,131.54,0.5858
ROU-298,Maramures,Romania,barl,5.0,0.86,0.1743
ROU-298,Maramures,Romania,maiz,72.0,8.49,0.118
ROU-298,Maramures,Romania,pota,11.6,0.49,0.0424
ROU-298,Maramures,Romania,rape,3.7,1.04,0.2798
ROU-298,Maramures,Romania,soyb,2.0,0.27,0.1359
ROU-298,Maramures,Romania,whea,35.8,6.29,0.1756
UKR-289,Ivano-Frankivs'k,Ukraine,barl,152.2,15.27,0.1003
UKR-289,Ivano-Frankivs'k,Ukraine,maiz,412.2,29.83,0.0724
UKR-289,Ivano-Frankivs'k,Ukraine,pota,809.9,31.28,0.0386
UKR-289,Ivano-Frankivs'k,Ukraine,rape,51.0,11.46,0.2249
UKR-289,Ivano-Frankivs'k,Ukraine,sorg,1.2,0.13,0.1058
UKR-289,Ivano-Frankivs'k,Ukraine,soyb,27.8,3.66,0.1315
UKR-289,Ivano-Frankivs'k,Ukraine,whea,450.6,55.17,0.1224
UKR-322,Odessa,Ukraine,barl,421.3,73.99,0.1756
UKR-322,Odessa,Ukraine,maiz,1785.3,211.22,0.1183
UKR-322,Odessa,Ukraine,pota,468.5,22.98,0.0491
UKR-322,Odessa,Ukraine,rape,139.0,47.53,0.3418
UKR-322,Odessa,Ukraine,rice,6.3,5.83,0.9277
UKR-322,Odessa,Ukraine,sorg,6.8,1.26,0.1851
UKR-322,Odessa,Ukraine,soyb,191.8,22.84,0.1191
UKR-322,Odessa,Ukraine,whea,1377.0,269.01,0.1954
ROU-4847,Tulcea,Romania,barl,53.9,174.19,3.2299
ROU-4847,Tulcea,Romania,maiz,218.7,307.47,1.4057
ROU-4847,Tulcea,Romania,pota,41.1,23.67,0.5754
ROU-4847,Tulcea,Romania,rape,21.8,88.76,4.0792
ROU-4847,Tulcea,Romania,sorg,1.1,2.71,2.5346
ROU-4847,Tulcea,Romania,soyb,4.2,0.99,0.2365
ROU-4847,Tulcea,Romania,whea,165.1,437.72,2.6511
MDA-1616,Ocniţa,Moldova,barl,9.7,1.57,0.1622
MDA-1616,Ocniţa,Moldova,maiz,49.7,3.03,0.0609
MDA-1616,Ocniţa,Moldova,pota,40.0,1.21,0.0303
MDA-1616,Ocniţa,Moldova,rape,4.0,0.97,0.2423
MDA-1616,Ocniţa,Moldova,soyb,4.0,0.37,0.0918
MDA-1616,Ocniţa,Moldova,whea,39.8,3.49,0.0876
UKR-323,Vinnytsya,Ukraine,barl,350.6,22.52,0.0642
UKR-323,Vinnytsya,Ukraine,maiz,1446.1,97.39,0.0673
UKR-323,Vinnytsya,Ukraine,pota,1678.3,59.63,0.0355
UKR-323,Vinnytsya,Ukraine,rape,127.5,25.0,0.196
UKR-323,Vinnytsya,Ukraine,sorg,4.8,0.34,0.0715
UKR-323,Vinnytsya,Ukraine,soyb,151.5,13.49,0.089
UKR-323,Vinnytsya,Ukraine,whea,1259.0,130.35,0.1035
MDA-1614,Donduseni,Moldova,barl,1.8,0.64,0.3561
MDA-1614,Donduseni,Moldova,maiz,14.9,1.01,0.0678
MDA-1614,Donduseni,Moldova,whea,9.9,0.89,0.0895
MDA-1653,Soroca,Moldova,barl,4.7,1.06,0.2244
MDA-1653,Soroca,Moldova,maiz,28.1,1.89,0.0672
MDA-1653,Soroca,Moldova,pota,11.8,0.48,0.0404
MDA-1653,Soroca,Moldova,rape,1.9,0.57,0.2918
MDA-1653,Soroca,Moldova,soyb,2.2,0.23,0.1054
MDA-1653,Soroca,Moldova,whea,24.1,2.27,0.0943
MDA-1652,Camenca,Moldova,barl,4.2,0.92,0.2207
MDA-1652,Camenca,Moldova,maiz,25.5,1.81,0.0707
MDA-1652,Camenca,Moldova,pota,9.6,0.34,0.0354
MDA-1652,Camenca,Moldova,rape,1.7,0.49,0.2889
MDA-1652,Camenca,Moldova,soyb,1.7,0.19,0.1098
MDA-1652,Camenca,Moldova,whea,19.7,1.89,0.0963
MDA-1645,Rezina,Moldova,barl,5.1,1.19,0.2343
MDA-1645,Rezina,Moldova,maiz,33.8,2.37,0.07
MDA-1645,Rezina,Moldova,pota,21.7,0.8,0.0367
MDA-1645,Rezina,Moldova,rape,2.1,0.61,0.2966
MDA-1645,Rezina,Moldova,soyb,1.7,0.2,0.1181
MDA-1645,Rezina,Moldova,whea,24.0,2.38,0.0994
MDA-1628,Stîngă Nistrului,Moldova,barl,3.6,1.05,0.2927
MDA-1628,Stîngă Nistrului,Moldova,maiz,23.8,1.65,0.0694
MDA-1628,Stîngă Nistrului,Moldova,pota,16.8,0.63,0.0374
MDA-1628,Stîngă Nistrului,Moldova,rape,1.4,0.45,0.3207
MDA-1628,Stîngă Nistrului,Moldova,whea,16.3,1.51,0.0929
MDA-1637,Grigoriopol,Moldova,barl,1.7,0.6,0.3614
MDA-1637,Grigoriopol,Moldova,maiz,12.5,0.91,0.0732
MDA-1637,Grigoriopol,Moldova,pota,17.1,0.64,0.0373
MDA-1637,Grigoriopol,Moldova,whea,8.3,0.8,0.0954
MDA-1650,Bender,Moldova,barl,5.2,1.29,0.2489
MDA-1650,Bender,Moldova,maiz,24.8,2.09,0.0842
MDA-1650,Bender,Moldova,pota,35.9,1.53,0.0425
MDA-1650,Bender,Moldova,rape,2.0,0.66,0.3274
MDA-1650,Bender,Moldova,soyb,1.6,0.2,0.121
MDA-1650,Bender,Moldova,whea,20.9,2.42,0.1161
MDA-1651,Ștefan Vodă,Moldova,barl,13.7,1.85,0.1351
MDA-1651,Ștefan Vodă,Moldova,maiz,58.3,3.76,0.0645
MDA-1651,Ștefan Vodă,Moldova,pota,12.0,0.4,0.0329
MDA-1651,Ștefan Vodă,Moldova,rape,4.7,1.09,0.233
MDA-1651,Ștefan Vodă,Moldova,soyb,4.3,0.36,0.0843
MDA-1651,Ștefan Vodă,Moldova,whea,50.3,4.68,0.0932
MDA-1649,Causeni,Moldova,barl,4.7,1.54,0.3238
MDA-1649,Causeni,Moldova,maiz,30.4,2.18,0.0716
MDA-1649,Causeni,Moldova,pota,5.8,0.22,0.0379
MDA-1649,Causeni,Moldova,rape,1.9,0.64,0.3379
MDA-1649,Causeni,Moldova,soyb,1.2,0.16,0.1248
MDA-1649,Causeni,Moldova,whea,23.1,2.16,0.0938
MDA-1633,Cimişlia,Moldova,barl,3.5,1.25,0.3534
MDA-1633,Cimişlia,Moldova,maiz,25.8,1.67,0.0646
MDA-1633,Cimişlia,Moldova,pota,1.2,0.04,0.0356
MDA-1633,Cimişlia,Moldova,rape,1.5,0.51,0.3466
MDA-1633,Cimişlia,Moldova,soyb,1.1,0.14,0.1236
MDA-1633,Cimişlia,Moldova,whea,19.4,1.68,0.0867
MDA-1630,Basarabeasca,Moldova,barl,3.5,0.74,0.2099
MDA-1630,Basarabeasca,Moldova,maiz,21.2,1.14,0.054
MDA-1630,Basarabeasca,Moldova,pota,3.0,0.1,0.0339
MDA-1630,Basarabeasca,Moldova,rape,1.4,0.38,0.2759
MDA-1630,Basarabeasca,Moldova,soyb,1.0,0.1,0.098
MDA-1630,Basarabeasca,Moldova,whea,15.8,1.37,0.0866
MDA-1625,Taraclia,Moldova,barl,2.1,0.69,0.3274
MDA-1625,Taraclia,Moldova,maiz,18.1,0.92,0.0511
MDA-1625,Taraclia,Moldova,whea,11.6,0.88,0.076
MDA-1626,Comrat,Moldova,barl,6.6,2.33,0.3528
MDA-1626,Comrat,Moldova,maiz,44.6,2.85,0.0638
MDA-1626,Comrat,Moldova,rape,2.8,0.95,0.3419
MDA-1626,Comrat,Moldova,soyb,1.8,0.22,0.12
MDA-1626,Comrat,Moldova,whea,35.3,2.99,0.0848
POL-3151,Lublin,Poland,barl,282.5,64.76,0.2292
POL-3151,Lublin,Poland,maiz,339.9,46.5,0.1368
POL-3151,Lublin,Poland,pota,444.8,15.42,0.0347
POL-3151,Lublin,Poland,rape,368.0,109.37,0.2972
POL-3151,Lublin,Poland,soyb,2.6,2.09,0.8152
POL-3151,Lublin,Poland,whea,1239.2,204.86,0.1653
UKR-291,L'viv,Ukraine,barl,383.9,62.62,0.1631
UKR-291,L'viv,Ukraine,maiz,1229.8,138.63,0.1127
UKR-291,L'viv,Ukraine,pota,1591.3,73.57,0.0462
UKR-291,L'viv,Ukraine,rape,136.7,40.04,0.2929
UKR-291,L'viv,Ukraine,sorg,3.6,0.84,0.232
UKR-291,L'viv,Ukraine,soyb,79.6,18.52,0.2327
UKR-291,L'viv,Ukraine,whea,1233.5,204.3,0.1656
LVA-5747,Dagdas,Latvia,barl,2.2,4.18,1.9078
LVA-5747,Dagdas,Latvia,pota,1.5,0.77,0.5039
LVA-5747,Dagdas,Latvia,rape,3.1,6.82,2.1923
LVA-5747,Dagdas,Latvia,whea,17.5,21.46,1.2282
LVA-1064,Kraslavas,Latvia,barl,3.6,17.95,4.9867
LVA-1064,Kraslavas,Latvia,pota,1.9,1.95,0.9979
LVA-1064,Kraslavas,Latvia,rape,3.7,19.52,5.2892
LVA-1064,Kraslavas,Latvia,whea,17.4,37.45,2.1547
RUS-2324,Kaliningrad,Russia,barl,34.4,101.87,2.9605
RUS-2324,Kaliningrad,Russia,maiz,84.7,142.43,1.6814
RUS-2324,Kaliningrad,Russia,pota,82.7,37.86,0.4577
RUS-2324,Kaliningrad,Russia,rape,69.4,341.74,4.9228
RUS-2324,Kaliningrad,Russia,soyb,4.4,23.6,5.3879
RUS-2324,Kaliningrad,Russia,whea,314.0,719.14,2.2904
LTU-1073,Taurages,Lithuania,barl,56.1,40.8,0.7271
LTU-1073,Taurages,Lithuania,pota,22.1,4.15,0.188
LTU-1073,Taurages,Lithuania,rape,76.7,69.82,0.9106
LTU-1073,Taurages,Lithuania,whea,399.4,221.3,0.554
RUS-2343,Smolensk,Russia,barl,69.6,152.47,2.1904
RUS-2343,Smolensk,Russia,maiz,8.5,4.8,0.5649
RUS-2343,Smolensk,Russia,pota,131.4,43.77,0.3331
RUS-2343,Smolensk,Russia,rape,23.7,82.78,3.4971
RUS-2343,Smolensk,Russia,whea,214.8,375.95,1.7501
BLR-2340,Mogilev,Belarus,barl,177.2,495.28,2.7956
BLR-2340,Mogilev,Belarus,maiz,157.8,287.37,1.8208
BLR-2340,Mogilev,Belarus,pota,467.3,388.69,0.8319
BLR-2340,Mogilev,Belarus,rape,89.4,411.16,4.5981
BLR-2340,Mogilev,Belarus,whea,371.8,857.79,2.3074
RUS-2342,Bryansk,Russia,barl,72.9,64.64,0.8863
RUS-2342,Bryansk,Russia,maiz,533.0,224.58,0.4214
RUS-2342,Bryansk,Russia,pota,915.6,115.63,0.1263
RUS-2342,Bryansk,Russia,rape,81.5,125.48,1.5402
RUS-2342,Bryansk,Russia,soyb,26.2,21.7,0.8298
RUS-2342,Bryansk,Russia,whea,556.0,348.85,0.6275
UKR-325,Sumy,Ukraine,barl,275.4,29.69,0.1078
UKR-325,Sumy,Ukraine,maiz,1082.7,105.71,0.0976
UKR-325,Sumy,Ukraine,pota,885.0,43.52,0.0492
UKR-325,Sumy,Ukraine,rape,95.5,27.16,0.2845
UKR-325,Sumy,Ukraine,sorg,3.7,0.45,0.1232
UKR-325,Sumy,Ukraine,soyb,104.6,15.31,0.1464
UKR-325,Sumy,Ukraine,whea,951.3,142.48,0.1498
RUS-2362,Kursk,Russia,barl,429.5,112.48,0.2619
RUS-2362,Kursk,Russia,maiz,920.2,87.57,0.0952
RUS-2362,Kursk,Russia,pota,360.6,7.54,0.0209
RUS-2362,Kursk,Russia,rape,55.8,21.15,0.3792
RUS-2362,Kursk,Russia,soyb,374.9,43.32,0.1156
RUS-2362,Kursk,Russia,whea,1620.9,127.59,0.0787
RUS-2370,Belgorod,Russia,barl,284.9,80.37,0.2821
RUS-2370,Belgorod,Russia,maiz,727.2,80.84,0.1112
RUS-2370,Belgorod,Russia,pota,559.2,14.8,0.0265
RUS-2370,Belgorod,Russia,rape,9.9,2.36,0.2385
RUS-2370,Belgorod,Russia,soyb,428.9,76.06,0.1773
RUS-2370,Belgorod,Russia,whea,1335.2,143.85,0.1077
UKR-328,Kharkiv,Ukraine,barl,450.9,24.21,0.0537
UKR-328,Kharkiv,Ukraine,maiz,1785.2,94.24,0.0528
UKR-328,Kharkiv,Ukraine,pota,931.0,24.77,0.0266
UKR-328,Kharkiv,Ukraine,rape,147.8,21.95,0.1485
UKR-328,Kharkiv,Ukraine,rice,1.7,0.13,0.0759
UKR-328,Kharkiv,Ukraine,sorg,6.4,0.37,0.0575
UKR-328,Kharkiv,Ukraine,soyb,163.9,12.88,0.0786
UKR-328,Kharkiv,Ukraine,whea,1468.8,118.23,0.0805
UKR-329,Luhans'k,Ukraine,barl,324.4,18.71,0.0577
UKR-329,Luhans'k,Ukraine,maiz,1213.2,57.19,0.0471
UKR-329,Luhans'k,Ukraine,pota,173.7,3.87,0.0223
UKR-329,Luhans'k,Ukraine,rape,96.1,12.7,0.1322
UKR-329,Luhans'k,Ukraine,sorg,4.6,0.28,0.0609
UKR-329,Luhans'k,Ukraine,soyb,96.1,6.52,0.0679
UKR-329,Luhans'k,Ukraine,whea,1073.2,77.96,0.0726
RUS-2377,Voronezh,Russia,barl,1004.7,133.45,0.1328
RUS-2377,Voronezh,Russia,maiz,1287.6,78.86,0.0612
RUS-2377,Voronezh,Russia,pota,671.0,13.54,0.0202
RUS-2377,Voronezh,Russia,rape,5.7,2.82,0.4913
RUS-2377,Voronezh,Russia,sorg,1.0,0.39,0.394
RUS-2377,Voronezh,Russia,soyb,274.1,55.24,0.2016
RUS-2377,Voronezh,Russia,whea,1957.0,216.19,0.1105
RUS-2367,Rostov,Russia,barl,895.7,187.97,0.2099
RUS-2367,Rostov,Russia,maiz,830.8,55.49,0.0668
RUS-2367,Rostov,Russia,pota,381.0,5.66,0.0149
RUS-2367,Rostov,Russia,rape,10.8,2.23,0.2066
RUS-2367,Rostov,Russia,rice,86.4,76.43,0.8847
RUS-2367,Rostov,Russia,soyb,22.2,1.6,0.0722
RUS-2367,Rostov,Russia,whea,8707.6,519.99,0.0597
UKR-327,Donets'k,Ukraine,barl,381.9,20.46,0.0536
UKR-327,Donets'k,Ukraine,maiz,1556.4,80.63,0.0518
UKR-327,Donets'k,Ukraine,pota,533.3,13.24,0.0248
UKR-327,Donets'k,Ukraine,rape,116.8,17.15,0.1468
UKR-327,Donets'k,Ukraine,rice,2.6,0.14,0.056
UKR-327,Donets'k,Ukraine,sorg,5.7,0.36,0.0629
UKR-327,Donets'k,Ukraine,soyb,121.5,9.34,0.0769
UKR-327,Donets'k,Ukraine,whea,1211.0,97.22,0.0803
IRN-3238,East Azarbaijan,Iran,barl,203.1,28.18,0.1388
IRN-3238,East Azarbaijan,Iran,maiz,1.1,0.12,0.1131
IRN-3238,East Azarbaijan,Iran,pota,189.9,6.64,0.0349
IRN-3238,East Azarbaijan,Iran,rape,6.2,0.69,0.1123
IRN-3238,East Azarbaijan,Iran,rice,27.0,1.23,0.0457
IRN-3238,East Azarbaijan,Iran,whea,1107.4,121.21,0.1095
TUR-3040,Kars,Turkey,barl,140.3,21.65,0.1543
TUR-3040,Kars,Turkey,maiz,5.0,0.31,0.0612
TUR-3040,Kars,Turkey,whea,252.9,35.56,0.1406
ARM-1553,Aragatsotn,Armenia,barl,28.4,10.1,0.3554
ARM-1553,Aragatsotn,Armenia,maiz,2.5,0.51,0.2056
ARM-1553,Aragatsotn,Armenia,whea,17.8,6.42,0.3608
ARM-1554,Armavir,Armenia,barl,6.1,1.82,0.2988
ARM-1554,Armavir,Armenia,maiz,4.3,0.96,0.2212
ARM-1554,Armavir,Armenia,whea,25.5,10.74,0.422
IRN-3230,Ardebil,Iran,barl,220.2,39.29,0.1784
IRN-3230,Ardebil,Iran,cott,14.6,6.39,0.4385
IRN-3230,Ardebil,Iran,maiz,2.2,0.32,0.145
IRN-3230,Ardebil,Iran,pota,432.5,22.58,0.0522
IRN-3230,Ardebil,Iran,rape,11.2,1.59,0.1421
IRN-3230,Ardebil,Iran,rice,15.6,1.08,0.069
IRN-3230,Ardebil,Iran,soyb,56.6,3.88,0.0685
IRN-3230,Ardebil,Iran,whea,681.7,97.92,0.1436
AZE-1704,İmişli,Azerbaijan,barl,26.0,4.77,0.1834
AZE-1704,İmişli,Azerbaijan,cott,30.4,12.55,0.4127
AZE-1704,İmişli,Azerbaijan,maiz,4.5,0.39,0.0865
AZE-1704,İmişli,Azerbaijan,pota,4.5,0.17,0.037
AZE-1704,İmişli,Azerbaijan,whea,65.6,16.76,0.2556
AZE-1698,Biləsuvar,Azerbaijan,barl,43.9,8.38,0.1906
AZE-1698,Biləsuvar,Azerbaijan,cott,36.7,14.86,0.405
AZE-1698,Biləsuvar,Azerbaijan,maiz,5.4,0.49,0.0899
AZE-1698,Biləsuvar,Azerbaijan,pota,91.3,4.12,0.0451
AZE-1698,Biləsuvar,Azerbaijan,rice,2.4,1.81,0.7686
AZE-1698,Biləsuvar,Azerbaijan,soyb,5.0,0.39,0.0781
AZE-1698,Biləsuvar,Azerbaijan,whea,65.0,15.49,0.2383
AZE-1700,Cəlilabad,Azerbaijan,barl,11.8,2.21,0.1877
AZE-1700,Cəlilabad,Azerbaijan,cott,2.5,1.22,0.4955
AZE-1700,Cəlilabad,Azerbaijan,maiz,21.3,1.23,0.0578
AZE-1700,Cəlilabad,Azerbaijan,pota,57.4,2.06,0.0358
AZE-1700,Cəlilabad,Azerbaijan,whea,50.7,12.68,0.2502
AZE-1720,Yardımlı,Azerbaijan,barl,4.7,0.57,0.1226
AZE-1720,Yardımlı,Azerbaijan,cott,33.9,8.81,0.2595
AZE-1720,Yardımlı,Azerbaijan,maiz,65.0,3.32,0.0512
AZE-1720,Yardımlı,Azerbaijan,pota,45.1,1.18,0.0262
AZE-1720,Yardımlı,Azerbaijan,whea,28.0,3.68,0.1312
AZE-1709,Lerik,Azerbaijan,barl,5.6,0.82,0.1457
AZE-1709,Lerik,Azerbaijan,whea,14.3,1.57,0.1099
AZE-1699,Cəbrayıl,Azerbaijan,barl,1.5,0.45,0.3027
AZE-1699,Cəbrayıl,Azerbaijan,pota,1.1,0.05,0.0404
AZE-1699,Cəbrayıl,Azerbaijan,whea,5.4,1.92,0.3556
AZE-1702,Füzuli,Azerbaijan,barl,13.0,2.41,0.1858
AZE-1702,Füzuli,Azerbaijan,cott,3.2,1.77,0.5577
AZE-1702,Füzuli,Azerbaijan,maiz,2.3,0.19,0.0843
AZE-1702,Füzuli,Azerbaijan,pota,1.6,0.06,0.0342
AZE-1702,Füzuli,Azerbaijan,whea,26.8,6.82,0.2541
AZE-1697,Beyləqan,Azerbaijan,barl,16.4,2.88,0.1763
AZE-1697,Beyləqan,Azerbaijan,cott,21.7,9.0,0.4148
AZE-1697,Beyləqan,Azerbaijan,maiz,8.1,0.7,0.0863
AZE-1697,Beyləqan,Azerbaijan,pota,29.3,1.46,0.0497
AZE-1697,Beyləqan,Azerbaijan,soyb,2.7,0.2,0.0731
AZE-1697,Beyləqan,Azerbaijan,whea,101.8,24.97,0.2452
IRN-3240,Gilan,Iran,barl,26.0,28.19,1.0831
IRN-3240,Gilan,Iran,maiz,2.6,1.02,0.3848
IRN-3240,Gilan,Iran,pota,36.3,3.88,0.1068
IRN-3240,Gilan,Iran,rape,1.3,1.29,1.0102
IRN-3240,Gilan,Iran,rice,1242.1,1140.25,0.918
IRN-3240,Gilan,Iran,soyb,3.0,0.35,0.1176
IRN-3240,Gilan,Iran,sugc,266.0,19.85,0.0746
IRN-3240,Gilan,Iran,whea,63.3,40.76,0.6439
RUS-2606,Buryat,Russia,barl,19.5,6.16,0.3154
RUS-2606,Buryat,Russia,pota,104.6,5.04,0.0482
RUS-2606,Buryat,Russia,whea,104.9,24.29,0.2316
MNG-3321,Hövsgöl,Mongolia,pota,1.5,0.83,0.548
MNG-3321,Hövsgöl,Mongolia,whea,20.6,64.22,3.122
RUS-2605,Tuva,Russia,barl,4.5,0.13,0.0293
RUS-2605,Tuva,Russia,pota,37.3,0.15,0.0039
RUS-2605,Tuva,Russia,whea,21.8,0.64,0.0295
MNG-3323,Bulgan,Mongolia,pota,39.2,1.92,0.0491
MNG-3323,Bulgan,Mongolia,rape,1.8,32.62,18.2257
MNG-3323,Bulgan,Mongolia,whea,56.1,226.63,4.0383
MNG-3322,Uvs,Mongolia,pota,13.9,0.67,0.0482
MNG-3322,Uvs,Mongolia,whea,21.4,4.96,0.2321
MNG-3326,Selenge,Mongolia,barl,2.8,0.48,0.1684
MNG-3326,Selenge,Mongolia,pota,60.2,1.72,0.0285
MNG-3326,Selenge,Mongolia,rape,9.6,22.99,2.3896
MNG-3326,Selenge,Mongolia,whea,166.7,86.84,0.521
RUS-2610,Chita,Russia,barl,7.7,0.36,0.0468
RUS-2610,Chita,Russia,maiz,1.1,0.21,0.1935
RUS-2610,Chita,Russia,pota,152.8,1.1,0.0072
RUS-2610,Chita,Russia,rape,40.4,4.51,0.1117
RUS-2610,Chita,Russia,whea,227.5,16.15,0.071
MNG-3318,Dzavhan,Mongolia,whea,1.7,0.59,0.3536
MNG-3315,Hentiy,Mongolia,pota,1.5,0.06,0.0401
MNG-3315,Hentiy,Mongolia,rape,1.1,39.67,34.4922
MNG-3315,Hentiy,Mongolia,whea,15.4,237.95,15.4111
CHN-1839,Heilongjiang,China,barl,3.1,10.92,3.5106
CHN-1839,Heilongjiang,China,grou,78.3,80.58,1.0292
CHN-1839,Heilongjiang,China,maiz,36764.1,24556.4,0.6679
CHN-1839,Heilongjiang,China,pota,3077.3,636.29,0.2068
CHN-1839,Heilongjiang,China,rape,2.2,5.92,2.6543
CHN-1839,Heilongjiang,China,rice,26178.8,41601.63,1.5891
CHN-1839,Heilongjiang,China,sorg,274.3,196.35,0.7159
CHN-1839,Heilongjiang,China,soyb,8592.2,19314.0,2.2478
CHN-1839,Heilongjiang,China,whea,490.2,347.49,0.7089
RUS-2609,Amur,Russia,barl,112.2,145.8,1.2995
RUS-2609,Amur,Russia,maiz,220.7,150.64,0.6824
RUS-2609,Amur,Russia,pota,181.3,36.68,0.2024
RUS-2609,Amur,Russia,rape,1.3,2.16,1.6496
RUS-2609,Amur,Russia,rice,5.3,2.58,0.4826
RUS-2609,Amur,Russia,soyb,1154.2,2139.19,1.8535
RUS-2609,Amur,Russia,whea,299.7,309.96,1.0344
RUS-2613,Yevrey,Russia,barl,1.6,4.52,2.7382
RUS-2613,Yevrey,Russia,maiz,22.5,27.48,1.2195
RUS-2613,Yevrey,Russia,pota,20.4,8.38,0.4106
RUS-2613,Yevrey,Russia,rice,52.0,60.73,1.1672
RUS-2613,Yevrey,Russia,soyb,127.3,482.49,3.7902
RUS-2613,Yevrey,Russia,whea,3.0,6.62,2.1993
RUS-2614,Khabarovsk,Russia,barl,1.8,12.83,7.1261
RUS-2614,Khabarovsk,Russia,maiz,33.7,103.66,3.0787
RUS-2614,Khabarovsk,Russia,pota,65.9,70.47,1.0701
RUS-2614,Khabarovsk,Russia,soyb,44.1,465.93,10.5724
RUS-2614,Khabarovsk,Russia,whea,5.5,29.27,5.2737
RUS-2611,Primor'ye,Russia,barl,15.1,9.01,0.5968
RUS-2611,Primor'ye,Russia,grou,1.2,2.71,2.1847
RUS-2611,Primor'ye,Russia,maiz,492.1,593.01,1.2051
RUS-2611,Primor'ye,Russia,pota,235.9,28.97,0.1228
RUS-2611,Primor'ye,Russia,rice,88.6,208.76,2.3565
RUS-2611,Primor'ye,Russia,sorg,1.6,4.82,3.0682
RUS-2611,Primor'ye,Russia,soyb,415.3,371.67,0.8951
RUS-2611,Primor'ye,Russia,whea,30.4,21.37,0.7043
CHN-1828,Jilin,China,barl,1.7,0.7,0.4198
CHN-1828,Jilin,China,grou,1036.7,297.2,0.2867
CHN-1828,Jilin,China,maiz,25945.9,4578.6,0.1765
CHN-1828,Jilin,China,pota,1062.6,52.24,0.0492
CHN-1828,Jilin,China,rape,2.1,1.56,0.729
CHN-1828,Jilin,China,rice,6091.6,4388.23,0.7204
CHN-1828,Jilin,China,sorg,599.3,121.37,0.2025
CHN-1828,Jilin,China,soyb,603.2,187.22,0.3104
CHN-1828,Jilin,China,whea,37.7,8.89,0.2359
PRK-3307,Hamgyŏng-bukto,North Korea,barl,8.2,6.39,0.7832
PRK-3307,Hamgyŏng-bukto,North Korea,grou,1.4,0.26,0.18
PRK-3307,Hamgyŏng-bukto,North Korea,maiz,266.0,12.38,0.0465
PRK-3307,Hamgyŏng-bukto,North Korea,pota,86.4,18.76,0.2171
PRK-3307,Hamgyŏng-bukto,North Korea,rice,147.0,122.34,0.8321
PRK-3307,Hamgyŏng-bukto,North Korea,sorg,5.3,0.48,0.0909
PRK-3307,Hamgyŏng-bukto,North Korea,soyb,25.6,1.86,0.0728
PRK-3307,Hamgyŏng-bukto,North Korea,whea,9.2,1.34,0.1454
PRK-5495,Rasŏn,North Korea,maiz,18.9,0.73,0.0385
PRK-5495,Rasŏn,North Korea,pota,4.5,0.19,0.0412
PRK-5495,Rasŏn,North Korea,rice,12.3,10.79,0.8747
PRK-5495,Rasŏn,North Korea,soyb,1.3,0.2,0.1538
PRK-3314,Ryanggang,North Korea,barl,11.5,3.95,0.3441
PRK-3314,Ryanggang,North Korea,grou,1.1,0.22,0.2047
PRK-3314,Ryanggang,North Korea,maiz,50.8,3.51,0.0692
PRK-3314,Ryanggang,North Korea,pota,61.0,8.93,0.1463
PRK-3314,Ryanggang,North Korea,rice,3.7,1.4,0.374
PRK-3314,Ryanggang,North Korea,soyb,3.9,0.65,0.1652
PRK-3310,Chagang-do,North Korea,barl,6.8,4.2,0.6198
PRK-3310,Chagang-do,North Korea,maiz,354.0,16.44,0.0464
PRK-3310,Chagang-do,North Korea,pota,55.0,10.66,0.1937
PRK-3310,Chagang-do,North Korea,rice,51.1,23.59,0.4618
PRK-3310,Chagang-do,North Korea,sorg,5.3,0.62,0.116
PRK-3310,Chagang-do,North Korea,soyb,32.6,2.9,0.089
CHN-1813,Liaoning,China,grou,1056.6,318.13,0.3011
CHN-1813,Liaoning,China,maiz,16448.0,2304.91,0.1401
CHN-1813,Liaoning,China,pota,1153.4,56.75,0.0492
CHN-1813,Liaoning,China,rape,2.4,0.56,0.2314
CHN-1813,Liaoning,China,rice,3366.1,3102.37,0.9217
CHN-1813,Liaoning,China,sorg,201.4,21.53,0.1069
CHN-1813,Liaoning,China,soyb,171.8,68.56,0.3992
CHN-1813,Liaoning,China,whea,28.2,3.85,0.1366
PRK-3312,P'yŏngan-bukto,North Korea,barl,4.2,0.43,0.1026
PRK-3312,P'yŏngan-bukto,North Korea,cott,1.3,0.35,0.2619
PRK-3312,P'yŏngan-bukto,North Korea,maiz,283.2,16.95,0.0598
PRK-3312,P'yŏngan-bukto,North Korea,pota,68.8,4.48,0.0652
PRK-3312,P'yŏngan-bukto,North Korea,rice,294.4,285.5,0.9696
PRK-3312,P'yŏngan-bukto,North Korea,sorg,4.5,0.66,0.1453
PRK-3312,P'yŏngan-bukto,North Korea,soyb,26.6,2.75,0.1034
PRK-3312,P'yŏngan-bukto,North Korea,whea,11.1,2.59,0.2321
UZB-371,Sirdaryo,Uzbekistan,barl,10.6,4.43,0.4203
UZB-371,Sirdaryo,Uzbekistan,cott,53.6,25.83,0.482
UZB-371,Sirdaryo,Uzbekistan,grou,1.9,0.09,0.0468
UZB-371,Sirdaryo,Uzbekistan,maiz,8.9,1.02,0.1151
UZB-371,Sirdaryo,Uzbekistan,pota,191.9,6.34,0.033
UZB-371,Sirdaryo,Uzbekistan,rice,10.8,6.83,0.6357
UZB-371,Sirdaryo,Uzbekistan,whea,78.9,22.12,0.2805
UZB-370,Jizzakh,Uzbekistan,barl,36.0,11.46,0.3181
UZB-370,Jizzakh,Uzbekistan,cott,106.0,48.48,0.4573
UZB-370,Jizzakh,Uzbekistan,grou,6.5,0.22,0.0335
UZB-370,Jizzakh,Uzbekistan,maiz,7.5,0.61,0.0806
UZB-370,Jizzakh,Uzbekistan,pota,651.1,16.27,0.025
UZB-370,Jizzakh,Uzbekistan,rice,17.2,6.31,0.3658
UZB-370,Jizzakh,Uzbekistan,sorg,2.3,0.81,0.3537
UZB-370,Jizzakh,Uzbekistan,whea,303.9,64.7,0.2129
UZB-358,Samarkand,Uzbekistan,barl,19.9,8.07,0.4058
UZB-358,Samarkand,Uzbekistan,cott,293.5,137.83,0.4697
UZB-358,Samarkand,Uzbekistan,grou,2.9,0.12,0.0395
UZB-358,Samarkand,Uzbekistan,maiz,25.5,4.06,0.1593
UZB-358,Samarkand,Uzbekistan,pota,401.1,11.38,0.0284
UZB-358,Samarkand,Uzbekistan,rice,24.5,18.94,0.7722
UZB-358,Samarkand,Uzbekistan,sorg,1.9,0.8,0.4274
UZB-358,Samarkand,Uzbekistan,whea,592.9,132.89,0.2241
UZB-361,Kashkadarya,Uzbekistan,barl,34.3,12.51,0.3649
UZB-361,Kashkadarya,Uzbekistan,cott,512.6,215.01,0.4195
UZB-361,Kashkadarya,Uzbekistan,grou,3.9,0.12,0.0312
UZB-361,Kashkadarya,Uzbekistan,maiz,57.0,7.88,0.1381
UZB-361,Kashkadarya,Uzbekistan,pota,651.8,17.22,0.0264
UZB-361,Kashkadarya,Uzbekistan,rice,39.7,34.86,0.8772
UZB-361,Kashkadarya,Uzbekistan,sorg,3.3,1.24,0.3749
UZB-361,Kashkadarya,Uzbekistan,soyb,1.4,0.75,0.5159
UZB-361,Kashkadarya,Uzbekistan,whea,1036.1,205.3,0.1982
UZB-362,Surkhandarya,Uzbekistan,barl,12.2,6.08,0.4994
UZB-362,Surkhandarya,Uzbekistan,cott,257.0,127.75,0.497
UZB-362,Surkhandarya,Uzbekistan,grou,2.2,0.1,0.0439
UZB-362,Surkhandarya,Uzbekistan,maiz,26.8,4.27,0.1591
UZB-362,Surkhandarya,Uzbekistan,pota,215.4,7.4,0.0344
UZB-362,Surkhandarya,Uzbekistan,rice,17.9,16.43,0.9199
UZB-362,Surkhandarya,Uzbekistan,sorg,1.0,0.49,0.4802
UZB-362,Surkhandarya,Uzbekistan,whea,494.5,116.42,0.2354
TJK-367,Khatlon,Tajikistan,barl,73.2,9.98,0.1363
TJK-367,Khatlon,Tajikistan,cott,217.1,77.56,0.3573
TJK-367,Khatlon,Tajikistan,grou,7.6,0.57,0.0754
TJK-367,Khatlon,Tajikistan,maiz,96.5,4.76,0.0493
TJK-367,Khatlon,Tajikistan,pota,548.1,11.21,0.0205
TJK-367,Khatlon,Tajikistan,rice,96.0,57.82,0.6024
TJK-367,Khatlon,Tajikistan,whea,435.5,34.53,0.0793
AFG-1765,Takhar,Afghanistan,barl,9.4,0.55,0.0583
AFG-1765,Takhar,Afghanistan,cott,5.2,1.14,0.218
AFG-1765,Takhar,Afghanistan,maiz,1.5,0.06,0.0387
AFG-1765,Takhar,Afghanistan,pota,38.3,0.37,0.0096
AFG-1765,Takhar,Afghanistan,rice,90.2,5.23,0.0579
AFG-1765,Takhar,Afghanistan,whea,446.1,20.45,0.0458
AFG-1763,Kunduz,Afghanistan,barl,12.8,0.9,0.0701
AFG-1763,Kunduz,Afghanistan,cott,13.4,3.22,0.2402
AFG-1763,Kunduz,Afghanistan,maiz,11.4,0.41,0.0355
AFG-1763,Kunduz,Afghanistan,pota,19.8,0.4,0.0202
AFG-1763,Kunduz,Afghanistan,rice,200.8,188.63,0.9392
AFG-1763,Kunduz,Afghanistan,whea,285.2,15.03,0.0527
AFG-1744,Balkh,Afghanistan,barl,8.5,0.92,0.1083
AFG-1744,Balkh,Afghanistan,cott,26.1,3.33,0.1276
AFG-1744,Balkh,Afghanistan,maiz,4.6,0.14,0.03
AFG-1744,Balkh,Afghanistan,pota,106.7,1.09,0.0102
AFG-1744,Balkh,Afghanistan,rice,25.2,0.38,0.0151
AFG-1744,Balkh,Afghanistan,whea,207.2,11.43,0.0552
TKM-359,Chardzhou,Turkmenistan,barl,2.1,1.11,0.525
TKM-359,Chardzhou,Turkmenistan,cott,141.5,147.67,1.0436
TKM-359,Chardzhou,Turkmenistan,maiz,2.9,0.52,0.1822
TKM-359,Chardzhou,Turkmenistan,pota,42.8,2.67,0.0623
TKM-359,Chardzhou,Turkmenistan,rice,14.7,12.17,0.8256
TKM-359,Chardzhou,Turkmenistan,whea,39.6,12.02,0.3035
AFG-1746,Jawzjan,Afghanistan,barl,10.4,1.01,0.0969
AFG-1746,Jawzjan,Afghanistan,cott,3.2,0.49,0.1546
AFG-1746,Jawzjan,Afghanistan,pota,53.5,0.68,0.0127
AFG-1746,Jawzjan,Afghanistan,whea,215.9,13.07,0.0605
AFG-1745,Faryab,Afghanistan,barl,11.0,1.32,0.119
AFG-1745,Faryab,Afghanistan,pota,25.6,0.25,0.0099
AFG-1745,Faryab,Afghanistan,whea,281.6,17.15,0.0609
TKM-360,Mary,Turkmenistan,barl,4.9,2.01,0.4065
TKM-360,Mary,Turkmenistan,cott,390.3,422.83,1.0835
TKM-360,Mary,Turkmenistan,maiz,6.4,1.31,0.205
TKM-360,Mary,Turkmenistan,pota,93.5,5.66,0.0605
TKM-360,Mary,Turkmenistan,rice,22.8,6.73,0.295
TKM-360,Mary,Turkmenistan,whea,128.8,35.0,0.2717
AFG-1741,Badghis,Afghanistan,barl,2.6,0.26,0.0977
AFG-1741,Badghis,Afghanistan,pota,19.5,0.27,0.0139
AFG-1741,Badghis,Afghanistan,rice,2.6,0.12,0.0473
AFG-1741,Badghis,Afghanistan,whea,305.1,16.07,0.0527
AFG-1742,Hirat,Afghanistan,barl,10.8,1.06,0.0977
AFG-1742,Hirat,Afghanistan,pota,68.0,0.66,0.0097
AFG-1742,Hirat,Afghanistan,rice,37.2,34.81,0.9366
AFG-1742,Hirat,Afghanistan,sugc,12.1,0.13,0.0105
AFG-1742,Hirat,Afghanistan,whea,480.9,26.82,0.0558
TKM-352,Ahal,Turkmenistan,barl,8.9,3.84,0.4327
TKM-352,Ahal,Turkmenistan,cott,361.7,320.29,0.8856
TKM-352,Ahal,Turkmenistan,pota,271.3,15.79,0.0582
TKM-352,Ahal,Turkmenistan,rice,19.6,4.79,0.2447
TKM-352,Ahal,Turkmenistan,whea,861.4,188.83,0.2192
SYR-141,Hasaka (Al Haksa),Syria,barl,605.4,22.03,0.0364
SYR-141,Hasaka (Al Haksa),Syria,cott,36.7,3.69,0.1005
SYR-141,Hasaka (Al Haksa),Syria,grou,4.6,0.24,0.0528
SYR-141,Hasaka (Al Haksa),Syria,maiz,87.0,3.89,0.0447
SYR-141,Hasaka (Al Haksa),Syria,pota,185.8,0.63,0.0034
SYR-141,Hasaka (Al Haksa),Syria,rice,3.4,0.14,0.0406
SYR-141,Hasaka (Al Haksa),Syria,soyb,2.3,0.09,0.0405
SYR-141,Hasaka (Al Haksa),Syria,whea,1092.1,36.28,0.0332
TUR-3041,Mardin,Turkey,barl,107.7,17.73,0.1647
TUR-3041,Mardin,Turkey,cott,142.0,35.3,0.2485
TUR-3041,Mardin,Turkey,grou,2.5,0.33,0.1327
TUR-3041,Mardin,Turkey,maiz,287.7,31.53,0.1096
TUR-3041,Mardin,Turkey,pota,3.0,0.02,0.0063
TUR-3041,Mardin,Turkey,soyb,1.4,0.08,0.0587
TUR-3041,Mardin,Turkey,whea,518.8,86.37,0.1665
SYR-136,Ar Raqqah,Syria,barl,454.7,18.73,0.0412
SYR-136,Ar Raqqah,Syria,cott,31.2,5.97,0.1915
SYR-136,Ar Raqqah,Syria,maiz,69.0,5.53,0.0802
SYR-136,Ar Raqqah,Syria,pota,131.4,0.4,0.0031
SYR-136,Ar Raqqah,Syria,whea,473.4,19.75,0.0417
TUR-3017,Sanliurfa,Turkey,barl,318.4,71.09,0.2232
TUR-3017,Sanliurfa,Turkey,cott,367.1,125.37,0.3415
TUR-3017,Sanliurfa,Turkey,grou,5.5,0.91,0.1644
TUR-3017,Sanliurfa,Turkey,maiz,698.1,105.45,0.151
TUR-3017,Sanliurfa,Turkey,pota,2.2,0.01,0.0046
TUR-3017,Sanliurfa,Turkey,rice,7.5,4.02,0.534
TUR-3017,Sanliurfa,Turkey,soyb,1.5,0.12,0.0789
TUR-3017,Sanliurfa,Turkey,whea,1100.8,269.36,0.2447
SYR-137,Aleppo,Syria,barl,459.2,21.69,0.0472
SYR-137,Aleppo,Syria,cott,36.0,7.63,0.2117
SYR-137,Aleppo,Syria,grou,7.0,0.52,0.0736
SYR-137,Aleppo,Syria,maiz,72.1,7.59,0.1052
SYR-137,Aleppo,Syria,pota,127.5,0.76,0.006
SYR-137,Aleppo,Syria,soyb,1.6,0.12,0.073
SYR-137,Aleppo,Syria,whea,693.9,31.68,0.0457
TUR-4841,Kilis,Turkey,barl,9.4,1.23,0.1301
TUR-4841,Kilis,Turkey,cott,8.2,1.49,0.181
TUR-4841,Kilis,Turkey,maiz,4.3,0.36,0.0832
TUR-4841,Kilis,Turkey,whea,14.6,2.05,0.1401
TUR-3016,Gaziantep,Turkey,barl,102.2,13.76,0.1346
TUR-3016,Gaziantep,Turkey,cott,91.2,18.8,0.2061
TUR-3016,Gaziantep,Turkey,grou,2.1,0.29,0.1415
TUR-3016,Gaziantep,Turkey,maiz,57.4,6.57,0.1145
TUR-3016,Gaziantep,Turkey,pota,2.7,0.11,0.0424
TUR-3016,Gaziantep,Turkey,whea,223.9,33.52,0.1497
TUR-2289,Hatay,Turkey,barl,31.8,6.01,0.1891
TUR-2289,Hatay,Turkey,cott,57.1,16.27,0.2851
TUR-2289,Hatay,Turkey,grou,6.9,1.16,0.1681
TUR-2289,Hatay,Turkey,maiz,179.9,23.3,0.1296
TUR-2289,Hatay,Turkey,pota,27.7,1.52,0.0548
TUR-2289,Hatay,Turkey,soyb,6.0,0.44,0.0737
TUR-2289,Hatay,Turkey,whea,142.9,29.46,0.2063
SYR-140,Idlib,Syria,barl,26.4,2.17,0.0824
SYR-140,Idlib,Syria,cott,14.8,3.94,0.2664
SYR-140,Idlib,Syria,grou,4.9,0.42,0.0867
SYR-140,Idlib,Syria,maiz,38.5,5.34,0.1386
SYR-140,Idlib,Syria,pota,27.7,0.37,0.0135
SYR-140,Idlib,Syria,soyb,1.9,0.14,0.0773
SYR-140,Idlib,Syria,whea,97.5,9.65,0.099
SYR-134,Lattakia,Syria,barl,1.5,0.29,0.198
SYR-134,Lattakia,Syria,maiz,1.1,0.03,0.0301
IRQ-3242,As-Sulaymaniyah,Iraq,barl,2.6,0.47,0.1803
IRQ-3242,As-Sulaymaniyah,Iraq,rice,4.1,1.61,0.3906
IRQ-3242,As-Sulaymaniyah,Iraq,whea,10.5,1.24,0.1181
IRN-3241,Kordestan,Iran,barl,86.6,10.25,0.1183
IRN-3241,Kordestan,Iran,maiz,6.8,0.88,0.1292
IRN-3241,Kordestan,Iran,pota,191.1,6.42,0.0336
IRN-3241,Kordestan,Iran,rape,3.6,0.31,0.0861
IRN-3241,Kordestan,Iran,whea,1447.8,119.26,0.0824
IRN-3239,Kermanshah,Iran,barl,378.7,56.02,0.1479
IRN-3239,Kermanshah,Iran,maiz,83.6,13.28,0.1588
IRN-3239,Kermanshah,Iran,pota,162.5,7.36,0.0453
IRN-3239,Kermanshah,Iran,rape,9.0,1.04,0.1164
IRN-3239,Kermanshah,Iran,rice,8.8,0.49,0.0557
IRN-3239,Kermanshah,Iran,sugc,70.0,0.65,0.0093
IRN-3239,Kermanshah,Iran,whea,827.0,93.5,0.1131
IRQ-3243,Diyala,Iraq,barl,33.9,3.63,0.1072
IRQ-3243,Diyala,Iraq,maiz,31.3,2.46,0.0785
IRQ-3243,Diyala,Iraq,pota,96.8,1.59,0.0164
IRQ-3243,Diyala,Iraq,rice,41.0,5.74,0.1399
IRQ-3243,Diyala,Iraq,sugc,11.0,0.11,0.0098
IRQ-3243,Diyala,Iraq,whea,540.0,35.02,0.0648
IRN-3221,Ilam,Iran,barl,113.6,15.98,0.1407
IRN-3221,Ilam,Iran,maiz,19.7,2.81,0.1429
IRN-3221,Ilam,Iran,pota,5.1,0.2,0.0386
IRN-3221,Ilam,Iran,rape,13.1,1.38,0.1057
IRN-3221,Ilam,Iran,rice,21.4,1.03,0.0481
IRN-3221,Ilam,Iran,sugc,141.1,1.25,0.0089
IRN-3221,Ilam,Iran,whea,321.8,35.56,0.1105
IRQ-3227,Wasit,Iraq,barl,31.4,2.22,0.0708
IRQ-3227,Wasit,Iraq,maiz,62.7,3.99,0.0636
IRQ-3227,Wasit,Iraq,pota,74.9,1.04,0.0139
IRQ-3227,Wasit,Iraq,rice,27.2,4.65,0.1709
IRQ-3227,Wasit,Iraq,whea,1799.9,97.37,0.0541
IRQ-3226,Maysan,Iraq,barl,167.0,11.28,0.0675
IRQ-3226,Maysan,Iraq,maiz,18.3,1.39,0.0756
IRQ-3226,Maysan,Iraq,rice,7.7,0.48,0.0617
IRQ-3226,Maysan,Iraq,sugc,4.3,0.04,0.0105
IRQ-3226,Maysan,Iraq,whea,252.6,14.59,0.0578
IRN-3219,Khuzestan,Iran,barl,217.2,88.84,0.409
IRN-3219,Khuzestan,Iran,grou,1.3,0.12,0.092
IRN-3219,Khuzestan,Iran,maiz,229.7,76.26,0.332
IRN-3219,Khuzestan,Iran,rape,43.6,12.52,0.2874
IRN-3219,Khuzestan,Iran,rice,873.9,399.58,0.4573
IRN-3219,Khuzestan,Iran,sugc,2697.9,50.87,0.0189
IRN-3219,Khuzestan,Iran,whea,842.8,253.87,0.3012
JOR-854,Irbid,Jordan,barl,5.8,0.89,0.1527
JOR-854,Irbid,Jordan,cott,1.0,0.32,0.3147
JOR-854,Irbid,Jordan,maiz,9.1,0.57,0.0625
JOR-854,Irbid,Jordan,pota,47.1,1.56,0.0331
JOR-854,Irbid,Jordan,sorg,2.2,0.07,0.0303
JOR-854,Irbid,Jordan,whea,16.6,2.9,0.1741
JOR-858,Madaba,Jordan,barl,1.0,0.3,0.2923
JOR-859,Karak,Jordan,barl,16.3,1.42,0.0874
JOR-859,Karak,Jordan,pota,2.1,0.06,0.0286
JOR-859,Karak,Jordan,whea,5.0,0.66,0.1304
JOR-852,Tafilah,Jordan,barl,12.1,1.09,0.0902
JOR-852,Tafilah,Jordan,whea,3.3,0.38,0.1128
JOR-849,Aqaba,Jordan,pota,23.2,0.7,0.0302
JOR-857,Balqa,Jordan,barl,1.2,0.3,0.2547
JOR-857,Balqa,Jordan,pota,44.8,1.51,0.0338
NPL-1126,Karnali,Nepal,barl,8.0,3.13,0.394
NPL-1126,Karnali,Nepal,maiz,25.4,1.67,0.0659
NPL-1126,Karnali,Nepal,pota,73.8,5.28,0.0716
NPL-1126,Karnali,Nepal,rice,38.5,5.8,0.1509
NPL-1126,Karnali,Nepal,sugc,790.6,17.0,0.0215
NPL-1126,Karnali,Nepal,whea,14.2,1.42,0.1004
NPL-1128,Mahakali,Nepal,barl,2.2,1.1,0.4959
NPL-1128,Mahakali,Nepal,maiz,56.9,4.84,0.0851
NPL-1128,Mahakali,Nepal,pota,73.8,5.86,0.0794
NPL-1128,Mahakali,Nepal,rice,167.2,77.61,0.464
NPL-1128,Mahakali,Nepal,soyb,3.1,0.99,0.3193
NPL-1128,Mahakali,Nepal,sugc,229.0,6.15,0.0268
NPL-1128,Mahakali,Nepal,whea,238.2,24.75,0.1039
NPL-1129,Seti,Nepal,barl,7.3,3.13,0.4268
NPL-1129,Seti,Nepal,maiz,61.9,4.99,0.0807
NPL-1129,Seti,Nepal,pota,154.4,12.61,0.0817
NPL-1129,Seti,Nepal,rice,274.2,59.21,0.2159
NPL-1129,Seti,Nepal,soyb,4.9,1.65,0.3376
NPL-1129,Seti,Nepal,sugc,53.5,1.36,0.0254
NPL-1129,Seti,Nepal,whea,410.2,39.66,0.0967
NPL-1125,Dhawalagiri,Nepal,barl,1.8,0.76,0.4215
NPL-1125,Dhawalagiri,Nepal,maiz,73.4,7.5,0.1021
NPL-1125,Dhawalagiri,Nepal,pota,98.6,8.35,0.0847
NPL-1125,Dhawalagiri,Nepal,rice,58.9,14.87,0.2523
NPL-1125,Dhawalagiri,Nepal,soyb,1.4,0.52,0.3572
NPL-1125,Dhawalagiri,Nepal,sugc,2.0,0.06,0.0313
NPL-1125,Dhawalagiri,Nepal,whea,14.3,2.29,0.16
NPL-1095,Gandaki,Nepal,maiz,76.6,11.93,0.1558
NPL-1095,Gandaki,Nepal,pota,175.0,17.1,0.0977
NPL-1095,Gandaki,Nepal,rice,554.0,160.5,0.2897
NPL-1095,Gandaki,Nepal,soyb,2.7,1.29,0.4838
NPL-1095,Gandaki,Nepal,sugc,18.7,0.61,0.0324
NPL-1095,Gandaki,Nepal,whea,8.7,1.37,0.1571
NPL-1130,Bagmati,Nepal,barl,1.5,0.78,0.5151
NPL-1130,Bagmati,Nepal,maiz,38.4,6.12,0.1594
NPL-1130,Bagmati,Nepal,pota,963.3,92.45,0.096
NPL-1130,Bagmati,Nepal,rice,544.5,138.28,0.254
NPL-1130,Bagmati,Nepal,soyb,4.9,2.34,0.4791
NPL-1130,Bagmati,Nepal,sugc,166.1,5.31,0.032
NPL-1130,Bagmati,Nepal,whea,5.4,0.92,0.1688
NPL-1131,Janakpur,Nepal,maiz,495.4,39.58,0.0799
NPL-1131,Janakpur,Nepal,pota,286.9,26.93,0.0939
NPL-1131,Janakpur,Nepal,rice,409.9,287.91,0.7024
NPL-1131,Janakpur,Nepal,soyb,2.1,1.04,0.501
NPL-1131,Janakpur,Nepal,sugc,983.0,32.09,0.0326
NPL-1131,Janakpur,Nepal,whea,565.1,116.45,0.2061
NPL-1133,Sagarmatha,Nepal,maiz,129.6,12.14,0.0936
NPL-1133,Sagarmatha,Nepal,pota,277.7,24.38,0.0878
NPL-1133,Sagarmatha,Nepal,rice,861.4,595.58,0.6914
NPL-1133,Sagarmatha,Nepal,soyb,2.5,0.95,0.3755
NPL-1133,Sagarmatha,Nepal,sugc,122.5,3.65,0.0298
NPL-1133,Sagarmatha,Nepal,whea,91.2,12.17,0.1335
NPL-1134,Bhojpur,Nepal,maiz,464.3,91.02,0.196
NPL-1134,Bhojpur,Nepal,pota,164.4,15.07,0.0917
NPL-1134,Bhojpur,Nepal,rice,531.0,280.96,0.5291
NPL-1134,Bhojpur,Nepal,soyb,2.4,0.99,0.4173
NPL-1134,Bhojpur,Nepal,sugc,213.3,8.06,0.0378
NPL-1134,Bhojpur,Nepal,whea,67.2,14.62,0.2175
NPL-1135,Mechi,Nepal,maiz,296.3,102.96,0.3475
NPL-1135,Mechi,Nepal,pota,231.8,26.44,0.1141
NPL-1135,Mechi,Nepal,rice,295.0,77.16,0.2616
NPL-1135,Mechi,Nepal,soyb,1.1,0.64,0.5844
NPL-1135,Mechi,Nepal,sugc,10.3,0.42,0.0403
NPL-1135,Mechi,Nepal,whea,21.4,7.0,0.3274
MMR-3296,Kachin,Myanmar,grou,17.4,5.3,0.3036
MMR-3296,Kachin,Myanmar,maiz,95.6,19.32,0.202
MMR-3296,Kachin,Myanmar,pota,32.7,3.37,0.1032
MMR-3296,Kachin,Myanmar,rice,399.3,152.38,0.3816
MMR-3296,Kachin,Myanmar,soyb,5.9,3.82,0.6459
MMR-3296,Kachin,Myanmar,sugc,116.2,2.79,0.024
MMR-3302,Sagaing,Myanmar,cott,37.9,8.4,0.2218
MMR-3302,Sagaing,Myanmar,grou,529.3,76.64,0.1448
MMR-3302,Sagaing,Myanmar,maiz,374.7,35.12,0.0937
MMR-3302,Sagaing,Myanmar,pota,46.3,2.24,0.0483
MMR-3302,Sagaing,Myanmar,rape,1.6,0.23,0.1432
MMR-3302,Sagaing,Myanmar,rice,3669.5,789.65,0.2152
MMR-3302,Sagaing,Myanmar,sorg,11.8,6.64,0.5629
MMR-3302,Sagaing,Myanmar,soyb,13.7,4.22,0.307
MMR-3302,Sagaing,Myanmar,sugc,4339.7,47.19,0.0109
MMR-3302,Sagaing,Myanmar,whea,1.3,0.38,0.2992
IND-2479,Nagaland,India,barl,1.3,0.04,0.0285
IND-2479,Nagaland,India,grou,2.1,0.14,0.0684
IND-2479,Nagaland,India,maiz,182.8,4.86,0.0266
IND-2479,Nagaland,India,pota,176.6,0.93,0.0052
IND-2479,Nagaland,India,rape,33.2,3.03,0.091
IND-2479,Nagaland,India,rice,755.1,324.6,0.4299
IND-2479,Nagaland,India,soyb,24.6,2.23,0.0908
IND-2479,Nagaland,India,sugc,259.5,0.88,0.0034
IND-2479,Nagaland,India,whea,11.0,0.31,0.0281
IND-2478,Manipur,India,grou,11.2,2.0,0.179
IND-2478,Manipur,India,maiz,59.6,8.51,0.1427
IND-2478,Manipur,India,pota,258.2,8.91,0.0345
IND-2478,Manipur,India,rape,40.3,13.5,0.3353
IND-2478,Manipur,India,rice,817.4,462.27,0.5655
IND-2478,Manipur,India,soyb,5.2,2.26,0.4303
IND-2478,Manipur,India,sugc,431.7,6.45,0.0149
IND-2478,Manipur,India,whea,7.4,1.31,0.1774
IND-3300,Mizoram,India,cott,1.6,0.25,0.1527
IND-3300,Mizoram,India,maiz,22.4,1.72,0.0768
IND-3300,Mizoram,India,pota,9.4,0.47,0.0505
IND-3300,Mizoram,India,rice,160.9,34.31,0.2133
IND-3300,Mizoram,India,soyb,2.6,1.72,0.6548
IND-3300,Mizoram,India,sugc,106.4,0.54,0.0051
THA-389,Chiang Rai,Thailand,maiz,203.5,16.07,0.079
THA-389,Chiang Rai,Thailand,oilp,23.7,0.57,0.0242
THA-389,Chiang Rai,Thailand,rice,604.3,1568.92,2.5964
THA-389,Chiang Rai,Thailand,sugc,559.3,8.97,0.016
MMR-3277,Shan,Myanmar,cott,1.2,0.23,0.1899
MMR-3277,Shan,Myanmar,grou,93.2,17.52,0.188
MMR-3277,Shan,Myanmar,maiz,1085.6,145.27,0.1338
MMR-3277,Shan,Myanmar,pota,295.8,30.66,0.1037
MMR-3277,Shan,Myanmar,rape,1.0,0.64,0.6115
MMR-3277,Shan,Myanmar,rice,1319.6,592.11,0.4487
MMR-3277,Shan,Myanmar,sorg,3.3,2.66,0.8033
MMR-3277,Shan,Myanmar,soyb,73.0,30.0,0.4108
MMR-3277,Shan,Myanmar,sugc,3673.4,55.76,0.0152
MMR-3277,Shan,Myanmar,whea,17.9,10.33,0.5758
THA-390,Chiang Mai,Thailand,barl,1.9,0.51,0.2734
THA-390,Chiang Mai,Thailand,maiz,167.4,12.83,0.0766
THA-390,Chiang Mai,Thailand,oilp,2.1,0.05,0.0231
THA-390,Chiang Mai,Thailand,pota,3.5,0.19,0.0554
THA-390,Chiang Mai,Thailand,rice,1144.8,4360.44,3.8088
THA-390,Chiang Mai,Thailand,sugc,9557.8,157.61,0.0165
THA-374,Mae Hong Son,Thailand,barl,2.1,0.58,0.2761
THA-374,Mae Hong Son,Thailand,maiz,85.2,6.63,0.0779
THA-374,Mae Hong Son,Thailand,rice,94.6,302.73,3.2011
THA-374,Mae Hong Son,Thailand,sugc,1292.3,20.19,0.0156
MMR-2473,Kayah,Myanmar,grou,5.8,1.01,0.1748
MMR-2473,Kayah,Myanmar,maiz,84.1,10.28,0.1222
MMR-2473,Kayah,Myanmar,pota,2.8,0.26,0.0915
MMR-2473,Kayah,Myanmar,rice,118.1,41.35,0.3501
MMR-2473,Kayah,Myanmar,sugc,20.4,0.27,0.0131
MMR-3266,Kayin,Myanmar,barl,1.1,0.31,0.273
MMR-3266,Kayin,Myanmar,cott,3.3,1.15,0.3528
MMR-3266,Kayin,Myanmar,grou,19.5,4.75,0.2432
MMR-3266,Kayin,Myanmar,maiz,107.3,15.84,0.1477
MMR-3266,Kayin,Myanmar,pota,29.4,2.74,0.0931
MMR-3266,Kayin,Myanmar,rice,862.9,579.1,0.6711
MMR-3266,Kayin,Myanmar,sorg,2.3,1.83,0.8018
MMR-3266,Kayin,Myanmar,soyb,4.7,2.26,0.4843
MMR-3266,Kayin,Myanmar,sugc,181.5,2.97,0.0164
THA-404,Tak,Thailand,barl,24.6,6.98,0.2837
THA-404,Tak,Thailand,grou,3.0,0.35,0.1145
THA-404,Tak,Thailand,maiz,332.5,26.18,0.0787
THA-404,Tak,Thailand,oilp,3.5,0.08,0.0244
THA-404,Tak,Thailand,pota,23.2,1.28,0.0552
THA-404,Tak,Thailand,rice,646.1,2084.43,3.2259
THA-404,Tak,Thailand,sorg,5.1,1.6,0.3172
THA-404,Tak,Thailand,soyb,1.2,0.12,0.0976
THA-404,Tak,Thailand,sugc,427.7,6.59,0.0154
THA-399,Kanchanaburi,Thailand,maiz,57.0,8.13,0.1425
THA-399,Kanchanaburi,Thailand,oilp,44.2,1.93,0.0437
THA-399,Kanchanaburi,Thailand,rice,600.9,2385.1,3.9691
MMR-3270,Mon,Myanmar,grou,9.1,2.56,0.2811
MMR-3270,Mon,Myanmar,maiz,29.6,4.84,0.1633
MMR-3270,Mon,Myanmar,rice,898.8,390.82,0.4348
MMR-3270,Mon,Myanmar,sugc,19.4,0.27,0.0141
MMR-3279,Tanintharyi,Myanmar,cott,1.5,0.6,0.3987
MMR-3279,Tanintharyi,Myanmar,oilp,160.7,6.8,0.0423
MMR-3279,Tanintharyi,Myanmar,rice,244.1,100.83,0.4131
MMR-3279,Tanintharyi,Myanmar,sugc,2.8,0.02,0.0087
THA-420,Prachuap Khiri Khan,Thailand,barl,17.6,6.73,0.3833
THA-420,Prachuap Khiri Khan,Thailand,grou,2.0,0.32,0.1602
THA-420,Prachuap Khiri Khan,Thailand,maiz,1.2,0.1,0.0858
THA-420,Prachuap Khiri Khan,Thailand,oilp,315.3,11.79,0.0374
THA-420,Prachuap Khiri Khan,Thailand,rice,11.5,43.34,3.7558
THA-420,Prachuap Khiri Khan,Thailand,sorg,4.3,1.93,0.4445
THA-420,Prachuap Khiri Khan,Thailand,soyb,3.5,0.24,0.0688
THA-420,Prachuap Khiri Khan,Thailand,sugc,399.8,9.46,0.0237
THA-419,Phetchaburi,Thailand,barl,5.0,1.61,0.3218
THA-419,Phetchaburi,Thailand,maiz,2.6,0.24,0.0949
THA-419,Phetchaburi,Thailand,oilp,39.9,1.23,0.0309
THA-419,Phetchaburi,Thailand,rice,181.7,712.03,3.9198
THA-419,Phetchaburi,Thailand,sorg,1.2,0.45,0.3839
THA-419,Phetchaburi,Thailand,sugc,165.0,2.78,0.0168
THA-421,Ratchaburi,Thailand,barl,5.0,2.9,0.5767
THA-421,Ratchaburi,Thailand,grou,1.1,0.34,0.3196
THA-421,Ratchaburi,Thailand,maiz,1.7,0.31,0.1809
THA-421,Ratchaburi,Thailand,oilp,30.0,1.55,0.0517
THA-421,Ratchaburi,Thailand,rice,237.3,1253.77,5.2844
THA-421,Ratchaburi,Thailand,sorg,1.8,1.2,0.6676
THA-421,Ratchaburi,Thailand,soyb,1.4,0.5,0.3619
THA-421,Ratchaburi,Thailand,sugc,1224.9,38.67,0.0316
THA-375,Chumphon,Thailand,oilp,2129.8,82.2,0.0386
THA-375,Chumphon,Thailand,sugc,2745.9,97.4,0.0355
THA-379,Ranong,Thailand,oilp,714.7,27.07,0.0379
THA-379,Ranong,Thailand,rice,5.0,10.84,2.1847
THA-379,Ranong,Thailand,sugc,270.5,8.37,0.0309
LAO-3271,Bokeo,Laos,maiz,32.9,3.57,0.1086
LAO-3271,Bokeo,Laos,oilp,11.1,0.28,0.0249
LAO-3271,Bokeo,Laos,rice,113.7,211.21,1.8577
LAO-3271,Bokeo,Laos,sugc,75.9,1.11,0.0146
LAO-3278,Xaignabouri,Laos,grou,12.8,1.27,0.0988
LAO-3278,Xaignabouri,Laos,maiz,266.7,25.86,0.097
LAO-3278,Xaignabouri,Laos,oilp,2.5,0.06,0.0248
LAO-3278,Xaignabouri,Laos,rice,168.2,123.61,0.7348
LAO-3278,Xaignabouri,Laos,sugc,622.4,9.43,0.0151
THA-394,Phayao,Thailand,maiz,133.2,10.3,0.0773
THA-394,Phayao,Thailand,oilp,8.8,0.21,0.0241
THA-394,Phayao,Thailand,rice,363.5,1147.77,3.1572
THA-394,Phayao,Thailand,sugc,1112.1,17.6,0.0158
THA-393,Nan,Thailand,maiz,344.0,26.41,0.0768
THA-393,Nan,Thailand,oilp,6.4,0.15,0.0239
THA-393,Nan,Thailand,pota,1.7,0.09,0.0539
THA-393,Nan,Thailand,rice,567.1,2016.66,3.5563
THA-393,Nan,Thailand,sugc,2078.0,33.7,0.0162
THA-398,Uttaradit,Thailand,barl,12.5,3.53,0.2823
THA-398,Uttaradit,Thailand,grou,1.6,0.17,0.1083
THA-398,Uttaradit,Thailand,maiz,90.4,7.48,0.0828
THA-398,Uttaradit,Thailand,oilp,7.9,0.19,0.0242
THA-398,Uttaradit,Thailand,pota,5.3,0.29,0.0548
THA-398,Uttaradit,Thailand,rice,405.6,1360.62,3.355
THA-398,Uttaradit,Thailand,sorg,2.7,0.85,0.3143
THA-398,Uttaradit,Thailand,sugc,478.8,8.32,0.0174
THA-396,Phitsanulok,Thailand,barl,13.8,3.88,0.2819
THA-396,Phitsanulok,Thailand,grou,3.3,0.36,0.1096
THA-396,Phitsanulok,Thailand,maiz,239.0,19.24,0.0805
THA-396,Phitsanulok,Thailand,oilp,33.1,0.8,0.0241
THA-396,Phitsanulok,Thailand,pota,25.3,1.63,0.0646
THA-396,Phitsanulok,Thailand,rice,1489.8,2735.76,1.8363
THA-396,Phitsanulok,Thailand,sorg,6.1,1.95,0.3176
THA-396,Phitsanulok,Thailand,sugc,1100.0,18.14,0.0165
THA-445,Loei,Thailand,barl,19.9,6.47,0.3254
THA-445,Loei,Thailand,grou,4.0,0.43,0.1093
THA-445,Loei,Thailand,maiz,317.9,28.65,0.0901
THA-445,Loei,Thailand,oilp,50.5,1.47,0.0292
THA-445,Loei,Thailand,pota,48.9,3.17,0.0649
THA-445,Loei,Thailand,rice,391.2,990.02,2.5307
THA-445,Loei,Thailand,sorg,6.5,2.37,0.3647
THA-445,Loei,Thailand,sugc,1785.7,32.86,0.0184
THA-5499,Bueng Kan,Thailand,oilp,82.3,2.47,0.03
THA-5499,Bueng Kan,Thailand,rice,166.7,470.77,2.8247
THA-5499,Bueng Kan,Thailand,sugc,18.0,0.29,0.016
LAO-3292,Bolikhamxai,Laos,grou,1.2,0.16,0.1322
LAO-3292,Bolikhamxai,Laos,maiz,6.0,0.78,0.1284
LAO-3292,Bolikhamxai,Laos,oilp,7.3,0.21,0.0296
LAO-3292,Bolikhamxai,Laos,rice,117.0,244.54,2.0906
LAO-3292,Bolikhamxai,Laos,sugc,17.7,0.17,0.0095
THA-446,Nong Khai,Thailand,maiz,2.3,0.26,0.1168
THA-446,Nong Khai,Thailand,oilp,55.7,1.68,0.0302
THA-446,Nong Khai,Thailand,pota,4.7,0.31,0.0655
THA-446,Nong Khai,Thailand,rice,202.4,476.09,2.352
THA-446,Nong Khai,Thailand,sugc,241.7,4.54,0.0188
THA-472,Nakhon Phanom,Thailand,oilp,15.9,0.54,0.0336
THA-472,Nakhon Phanom,Thailand,rice,342.8,531.44,1.5501
THA-472,Nakhon Phanom,Thailand,sugc,269.9,5.15,0.0191
LAO-3293,Khammouan,Laos,maiz,8.2,1.07,0.1293
LAO-3293,Khammouan,Laos,oilp,1.6,0.06,0.035
LAO-3293,Khammouan,Laos,rice,351.4,336.32,0.957
LAO-3293,Khammouan,Laos,sugc,52.2,0.64,0.0123
LAO-3282,Savannakhét,Laos,grou,1.6,0.29,0.1885
LAO-3282,Savannakhét,Laos,maiz,15.5,2.27,0.1469
LAO-3282,Savannakhét,Laos,rice,731.4,827.84,1.1318
LAO-3282,Savannakhét,Laos,sugc,276.3,3.47,0.0126
THA-473,Mukdahan,Thailand,oilp,7.5,0.23,0.0301
THA-473,Mukdahan,Thailand,rice,246.8,418.07,1.6942
THA-473,Mukdahan,Thailand,sugc,1171.4,22.0,0.0188
THA-427,Amnat Charoen,Thailand,maiz,2.7,0.26,0.0949
THA-427,Amnat Charoen,Thailand,oilp,14.5,0.45,0.0308
THA-427,Amnat Charoen,Thailand,rice,280.8,381.92,1.3602
THA-427,Amnat Charoen,Thailand,sugc,607.0,11.44,0.0189
LAO-3281,Saravan,Laos,grou,2.8,0.72,0.2584
LAO-3281,Saravan,Laos,maiz,20.5,3.1,0.1514
LAO-3281,Saravan,Laos,rice,294.5,255.86,0.8689
LAO-3281,Saravan,Laos,sugc,7.0,0.1,0.0145
LAO-3283,Vientiane [prefecture],Laos,maiz,6.4,0.94,0.1469
LAO-3283,Vientiane [prefecture],Laos,rice,261.7,791.83,3.0263
LAO-3283,Vientiane [prefecture],Laos,sugc,26.0,0.27,0.0105
LAO-3284,Vientiane,Laos,grou,4.4,0.82,0.1879
LAO-3284,Vientiane,Laos,maiz,39.9,6.96,0.1746
LAO-3284,Vientiane,Laos,rice,292.3,645.7,2.2093
LAO-3284,Vientiane,Laos,sugc,15.4,0.14,0.009
LAO-3280,Champasak,Laos,grou,3.2,0.57,0.1781
LAO-3280,Champasak,Laos,maiz,24.4,3.66,0.15
LAO-3280,Champasak,Laos,rice,470.4,998.62,2.1229
LAO-3280,Champasak,Laos,sugc,34.7,0.34,0.0099
VNM-450,Điện Biên,Vietnam,grou,11.1,2.0,0.1797
VNM-450,Điện Biên,Vietnam,maiz,167.9,59.86,0.3564
VNM-450,Điện Biên,Vietnam,pota,22.0,1.22,0.0552
VNM-450,Điện Biên,Vietnam,rice,317.4,73.16,0.2305
VNM-450,Điện Biên,Vietnam,soyb,1.5,0.63,0.4301
VNM-450,Điện Biên,Vietnam,sugc,389.9,16.18,0.0415
LAO-3289,Louangphrabang,Laos,grou,2.8,0.52,0.1871
LAO-3289,Louangphrabang,Laos,maiz,50.2,8.04,0.1601
LAO-3289,Louangphrabang,Laos,rice,146.0,52.45,0.3593
LAO-3289,Louangphrabang,Laos,sugc,48.2,0.61,0.0126
LAO-3288,Houaphan,Laos,grou,1.1,0.2,0.1829
LAO-3288,Houaphan,Laos,maiz,46.1,8.93,0.1934
LAO-3288,Houaphan,Laos,rice,92.2,34.44,0.3735
LAO-3288,Houaphan,Laos,soyb,1.5,0.86,0.5727
LAO-3288,Houaphan,Laos,sugc,32.8,0.56,0.0169
VNM-455,Son La,Vietnam,grou,16.0,2.86,0.1789
VNM-455,Son La,Vietnam,maiz,466.5,166.54,0.357
VNM-455,Son La,Vietnam,pota,31.6,1.77,0.0561
VNM-455,Son La,Vietnam,rice,284.4,67.05,0.2358
VNM-455,Son La,Vietnam,soyb,2.3,0.95,0.4131
VNM-455,Son La,Vietnam,sugc,540.3,21.92,0.0406
VNM-456,Thanh Hóa,Vietnam,grou,6.6,1.63,0.2479
VNM-456,Thanh Hóa,Vietnam,maiz,234.0,92.28,0.3944
VNM-456,Thanh Hóa,Vietnam,pota,12.2,0.81,0.0669
VNM-456,Thanh Hóa,Vietnam,rice,1559.8,3341.71,2.1423
VNM-456,Thanh Hóa,Vietnam,soyb,1.6,0.83,0.5374
VNM-456,Thanh Hóa,Vietnam,sugc,191.4,8.33,0.0435
VNM-475,Nghệ An,Vietnam,grou,3.9,1.09,0.2793
VNM-475,Nghệ An,Vietnam,maiz,221.2,93.04,0.4206
VNM-475,Nghệ An,Vietnam,rice,1125.8,2061.99,1.8316
VNM-475,Nghệ An,Vietnam,sugc,152.6,6.97,0.0457
LAO-3286,Xiangkhoang,Laos,grou,1.1,0.22,0.1921
LAO-3286,Xiangkhoang,Laos,maiz,97.3,15.86,0.1631
LAO-3286,Xiangkhoang,Laos,rice,105.5,113.25,1.073
LAO-3286,Xiangkhoang,Laos,sugc,8.0,0.06,0.0077
VNM-474,Ha Tinh,Vietnam,grou,1.6,0.42,0.2673
VNM-474,Ha Tinh,Vietnam,maiz,25.9,10.49,0.4051
VNM-474,Ha Tinh,Vietnam,rice,298.7,571.66,1.9137
VNM-474,Ha Tinh,Vietnam,sugc,68.1,3.06,0.0449
VNM-476,Quảng Bình,Vietnam,maiz,21.1,10.67,0.5053
VNM-476,Quảng Bình,Vietnam,rice,317.1,154.42,0.4869
VNM-476,Quảng Bình,Vietnam,sugc,21.3,0.93,0.0437
VNM-489,Quảng Trị,Vietnam,maiz,12.8,5.12,0.4
VNM-489,Quảng Trị,Vietnam,rice,179.2,192.77,1.076
VNM-489,Quảng Trị,Vietnam,sugc,37.0,1.63,0.0441
VNM-490,Thừa Thiên - Huế,Vietnam,grou,3.2,0.61,0.1912
VNM-490,Thừa Thiên - Huế,Vietnam,maiz,7.5,2.78,0.3701
VNM-490,Thừa Thiên - Huế,Vietnam,rice,283.6,479.78,1.6917
VNM-490,Thừa Thiên - Huế,Vietnam,sugc,126.6,5.33,0.0421
LAO-3295,Xékong,Laos,grou,1.5,0.2,0.1407
LAO-3295,Xékong,Laos,maiz,6.4,0.82,0.1273
LAO-3295,Xékong,Laos,rice,33.2,9.98,0.3011
LAO-3295,Xékong,Laos,sugc,7.9,0.06,0.0081
VNM-487,Quàng Nam,Vietnam,grou,9.3,2.14,0.2298
VNM-487,Quàng Nam,Vietnam,maiz,53.8,21.49,0.3996
VNM-487,Quàng Nam,Vietnam,rice,517.3,426.91,0.8253
VNM-487,Quàng Nam,Vietnam,soyb,1.3,0.69,0.5133
VNM-487,Quàng Nam,Vietnam,sugc,382.1,16.87,0.0442
LAO-3294,Attapu,Laos,maiz,3.3,0.4,0.1198
LAO-3294,Attapu,Laos,rice,86.4,22.06,0.2554
LAO-3294,Attapu,Laos,sugc,184.3,1.42,0.0077
ZAF-1216,KwaZulu-Natal,South Africa,cott,11.1,6.1,0.5481
ZAF-1216,KwaZulu-Natal,South Africa,maiz,631.5,201.59,0.3192
ZAF-1216,KwaZulu-Natal,South Africa,pota,329.7,23.84,0.0723
ZAF-1216,KwaZulu-Natal,South Africa,rice,1.1,1.19,1.054
ZAF-1216,KwaZulu-Natal,South Africa,soyb,168.6,92.12,0.5465
ZAF-1216,KwaZulu-Natal,South Africa,sugc,16118.3,450.28,0.0279
ZAF-1216,KwaZulu-Natal,South Africa,whea,38.3,10.89,0.2844
LSO-1213,Mokhotlong,Lesotho,maiz,1.8,1.8,1.0101
ZAF-1206,Free State,South Africa,barl,9.9,0.46,0.0461
ZAF-1206,Free State,South Africa,cott,1.5,0.47,0.3052
ZAF-1206,Free State,South Africa,grou,21.4,1.24,0.0579
ZAF-1206,Free State,South Africa,maiz,6116.7,590.4,0.0965
ZAF-1206,Free State,South Africa,pota,163.5,4.87,0.0298
ZAF-1206,Free State,South Africa,sorg,81.1,7.63,0.0941
ZAF-1206,Free State,South Africa,soyb,294.7,20.88,0.0709
ZAF-1206,Free State,South Africa,sugc,25.8,3.6,0.1396
ZAF-1206,Free State,South Africa,whea,654.5,33.43,0.0511
LSO-1212,Leribe,Lesotho,maiz,10.1,1.85,0.183
LSO-1212,Leribe,Lesotho,whea,1.0,0.1,0.099
ZAF-1926,Eastern Cape,South Africa,barl,3.3,0.21,0.0653
ZAF-1926,Eastern Cape,South Africa,maiz,120.8,20.26,0.1677
ZAF-1926,Eastern Cape,South Africa,pota,190.8,10.84,0.0568
ZAF-1926,Eastern Cape,South Africa,soyb,3.9,0.42,0.1085
ZAF-1926,Eastern Cape,South Africa,sugc,17.9,0.45,0.0252
ZAF-1926,Eastern Cape,South Africa,whea,21.2,1.74,0.0822
LSO-1214,Qacha's Nek,Lesotho,maiz,1.2,0.6,0.5025
LSO-1215,Thaba-Tseka,Lesotho,maiz,1.8,1.49,0.8153
LSO-1215,Thaba-Tseka,Lesotho,pota,1.8,0.06,0.0344
LSO-1202,Berea,Lesotho,maiz,30.2,3.85,0.1275
LSO-1202,Berea,Lesotho,pota,66.9,1.34,0.0201
LSO-1202,Berea,Lesotho,soyb,1.1,0.1,0.0852
LSO-1202,Berea,Lesotho,whea,3.9,0.23,0.0589
LSO-1203,Maseru,Lesotho,maiz,3.8,2.3,0.6144
LSO-1203,Maseru,Lesotho,pota,34.8,0.88,0.0253
LSO-1203,Maseru,Lesotho,sorg,1.8,1.78,0.9856
LSO-3453,Mafeteng,Lesotho,maiz,5.1,1.7,0.335
LSO-3453,Mafeteng,Lesotho,pota,18.1,0.47,0.0259
LSO-3453,Mafeteng,Lesotho,soyb,1.0,0.05,0.05
LSO-3453,Mafeteng,Lesotho,whea,1.5,0.09,0.0588
LSO-1204,Mohale's Hoek,Lesotho,maiz,1.4,0.91,0.6642
LSO-1204,Mohale's Hoek,Lesotho,pota,6.7,0.17,0.0259
LSO-1205,Quthing,Lesotho,pota,1.8,0.06,0.0307
ZAF-1210,Limpopo,South Africa,cott,23.0,1.99,0.0865
ZAF-1210,Limpopo,South Africa,grou,2.6,0.19,0.0727
ZAF-1210,Limpopo,South Africa,maiz,274.3,19.8,0.0722
ZAF-1210,Limpopo,South Africa,pota,5.2,0.11,0.0211
ZAF-1210,Limpopo,South Africa,sorg,13.6,1.04,0.0761
ZAF-1210,Limpopo,South Africa,soyb,100.6,6.16,0.0613
ZAF-1210,Limpopo,South Africa,whea,107.9,4.98,0.0461
BWA-2646,Kgatleng,Botswana,maiz,2.6,0.58,0.2255
ZAF-1201,North West,South Africa,barl,35.4,1.68,0.0475
ZAF-1201,North West,South Africa,cott,5.1,1.01,0.198
ZAF-1201,North West,South Africa,grou,15.5,0.92,0.0595
ZAF-1201,North West,South Africa,maiz,3885.3,371.64,0.0957
ZAF-1201,North West,South Africa,pota,213.3,5.87,0.0275
ZAF-1201,North West,South Africa,sorg,11.7,0.95,0.0816
ZAF-1201,North West,South Africa,soyb,76.7,3.55,0.0462
ZAF-1201,North West,South Africa,whea,196.0,12.85,0.0656
BWA-2649,Southern,Botswana,maiz,20.1,6.44,0.3213
BWA-2649,Southern,Botswana,sorg,3.9,0.36,0.0906
ZWE-532,Masvingo,Zimbabwe,barl,4.1,0.11,0.0268
ZWE-532,Masvingo,Zimbabwe,cott,32.6,2.49,0.0762
ZWE-532,Masvingo,Zimbabwe,grou,14.1,3.57,0.2533
ZWE-532,Masvingo,Zimbabwe,maiz,120.4,13.0,0.1079
ZWE-532,Masvingo,Zimbabwe,pota,181.3,0.1,0.0006
ZWE-532,Masvingo,Zimbabwe,sorg,24.4,4.04,0.1656
ZWE-532,Masvingo,Zimbabwe,soyb,12.2,0.64,0.0527
ZWE-532,Masvingo,Zimbabwe,sugc,2147.8,4.15,0.0019
ZWE-532,Masvingo,Zimbabwe,whea,70.8,2.92,0.0413
ZMB-520,Lusaka,Zambia,barl,2.1,0.05,0.0237
ZMB-520,Lusaka,Zambia,grou,2.3,0.54,0.2308
ZMB-520,Lusaka,Zambia,maiz,98.1,4.77,0.0486
ZMB-520,Lusaka,Zambia,pota,16.0,0.16,0.0098
ZMB-520,Lusaka,Zambia,soyb,18.6,1.81,0.0971
ZMB-520,Lusaka,Zambia,whea,34.5,0.88,0.0256
ZWE-533,Mashonaland West,Zimbabwe,barl,2.1,0.04,0.0173
ZWE-533,Mashonaland West,Zimbabwe,cott,15.5,1.07,0.0688
ZWE-533,Mashonaland West,Zimbabwe,grou,4.0,0.88,0.223
ZWE-533,Mashonaland West,Zimbabwe,maiz,238.8,23.42,0.0981
ZWE-533,Mashonaland West,Zimbabwe,pota,47.6,0.01,0.0003
ZWE-533,Mashonaland West,Zimbabwe,sorg,8.2,1.51,0.1842
ZWE-533,Mashonaland West,Zimbabwe,soyb,8.0,0.42,0.052
ZWE-533,Mashonaland West,Zimbabwe,sugc,424.8,0.82,0.0019
ZWE-533,Mashonaland West,Zimbabwe,whea,16.7,0.7,0.0418
ZWE-524,Mashonaland Central,Zimbabwe,barl,17.8,0.88,0.0496
ZWE-524,Mashonaland Central,Zimbabwe,cott,11.0,0.8,0.0724
ZWE-524,Mashonaland Central,Zimbabwe,grou,7.5,1.83,0.243
ZWE-524,Mashonaland Central,Zimbabwe,maiz,168.8,17.61,0.1043
ZWE-524,Mashonaland Central,Zimbabwe,pota,56.9,0.04,0.0008
ZWE-524,Mashonaland Central,Zimbabwe,sorg,24.2,4.77,0.1968
ZWE-524,Mashonaland Central,Zimbabwe,soyb,5.4,0.25,0.0466
ZWE-524,Mashonaland Central,Zimbabwe,sugc,415.4,0.84,0.002
ZWE-524,Mashonaland Central,Zimbabwe,whea,16.4,0.72,0.0441
ZMB-522,Southern,Zambia,barl,3.7,0.18,0.0499
ZMB-522,Southern,Zambia,cott,5.6,2.92,0.5209
ZMB-522,Southern,Zambia,grou,15.8,7.59,0.4811
ZMB-522,Southern,Zambia,maiz,681.8,109.52,0.1606
ZMB-522,Southern,Zambia,pota,7.0,0.46,0.0657
ZMB-522,Southern,Zambia,sorg,7.9,2.77,0.3518
ZMB-522,Southern,Zambia,soyb,17.3,3.88,0.2241
ZMB-522,Southern,Zambia,sugc,124.7,1.5,0.012
ZMB-522,Southern,Zambia,whea,22.7,1.72,0.076
CAF-808,Kémo,Central African Republic,grou,23.6,0.74,0.0314
CAF-808,Kémo,Central African Republic,maiz,13.8,1.03,0.0749
CAF-808,Kémo,Central African Republic,rice,4.9,1.09,0.224
CAF-808,Kémo,Central African Republic,sugc,3.2,0.03,0.0103
CAF-809,Ouaka,Central African Republic,cott,2.8,0.51,0.1819
CAF-809,Ouaka,Central African Republic,grou,26.3,0.9,0.0343
CAF-809,Ouaka,Central African Republic,maiz,11.6,0.82,0.0707
CAF-809,Ouaka,Central African Republic,rice,3.2,0.77,0.2384
CAF-809,Ouaka,Central African Republic,sugc,15.1,0.21,0.0136
CAF-794,Basse-Kotto,Central African Republic,cott,1.6,0.43,0.2715
CAF-794,Basse-Kotto,Central African Republic,grou,34.9,1.48,0.0423
CAF-794,Basse-Kotto,Central African Republic,maiz,19.3,1.75,0.091
CAF-794,Basse-Kotto,Central African Republic,oilp,3.3,0.01,0.0043
CAF-794,Basse-Kotto,Central African Republic,rice,6.5,1.26,0.1935
CAF-794,Basse-Kotto,Central African Republic,sugc,10.7,0.16,0.0151
CAF-868,Mbomou,Central African Republic,grou,23.2,0.82,0.0354
CAF-868,Mbomou,Central African Republic,maiz,11.3,0.85,0.075
CAF-868,Mbomou,Central African Republic,rice,9.1,6.07,0.6668
CAF-868,Mbomou,Central African Republic,sugc,4.3,0.04,0.0087
CAF-4856,Ombella-M'Poko,Central African Republic,grou,35.2,2.03,0.0577
CAF-4856,Ombella-M'Poko,Central African Republic,maiz,53.5,6.49,0.1213
CAF-4856,Ombella-M'Poko,Central African Republic,rice,6.1,3.31,0.54
CAF-795,Lobaye,Central African Republic,grou,21.7,0.94,0.0433
CAF-795,Lobaye,Central African Republic,maiz,25.0,2.62,0.1048
CAF-795,Lobaye,Central African Republic,rice,3.3,0.87,0.2653
CAF-795,Lobaye,Central African Republic,sugc,5.1,0.06,0.0122
TZA-3360,Kagera,United Republic of Tanzania,grou,13.1,64.06,4.8823
TZA-3360,Kagera,United Republic of Tanzania,maiz,150.8,225.11,1.4925
TZA-3360,Kagera,United Republic of Tanzania,pota,16.1,2.64,0.1642
TZA-3360,Kagera,United Republic of Tanzania,rice,29.5,24.91,0.8432
TZA-3360,Kagera,United Republic of Tanzania,sorg,15.0,46.92,3.1363
TZA-3360,Kagera,United Republic of Tanzania,sugc,12.3,1.7,0.1373
BDI-2632,Cankuzo,Burundi,maiz,20.6,8.92,0.4338
BDI-2632,Cankuzo,Burundi,oilp,3.9,0.44,0.1117
BDI-2632,Cankuzo,Burundi,pota,9.7,0.36,0.0369
BDI-2632,Cankuzo,Burundi,sorg,3.1,3.9,1.246
BDI-2635,Ruyigi,Burundi,grou,1.4,1.56,1.1223
BDI-2635,Ruyigi,Burundi,maiz,49.7,11.78,0.2372
BDI-2635,Ruyigi,Burundi,oilp,14.0,0.48,0.0345
BDI-2635,Ruyigi,Burundi,pota,5.2,0.21,0.0413
BDI-2635,Ruyigi,Burundi,sorg,2.9,1.25,0.4368
BDI-2634,Rutana,Burundi,maiz,8.3,2.06,0.2484
BDI-2634,Rutana,Burundi,oilp,2.0,0.26,0.131
BDI-2634,Rutana,Burundi,pota,3.3,0.12,0.0357
BDI-2634,Rutana,Burundi,sorg,1.2,1.37,1.1205
BDI-2641,Makamba,Burundi,maiz,36.0,2.51,0.0698
BDI-2641,Makamba,Burundi,oilp,1.3,0.06,0.045
BDI-2641,Makamba,Burundi,pota,4.4,0.16,0.0359
BDI-2636,Bubanza,Burundi,maiz,1.4,0.1,0.0703
BDI-2636,Bubanza,Burundi,oilp,5.8,0.02,0.0034
BDI-2636,Bubanza,Burundi,rice,120.5,76.07,0.6314
BDI-4854,Bujumbura Rural,Burundi,maiz,3.9,0.33,0.0851
BDI-4854,Bujumbura Rural,Burundi,pota,26.6,1.07,0.0403
BDI-3364,Bujumbura Mairie,Burundi,maiz,4.5,0.66,0.1464
BDI-3364,Bujumbura Mairie,Burundi,oilp,3.4,0.01,0.0045
BDI-2637,Bururi,Burundi,maiz,123.9,17.94,0.1448
BDI-2637,Bururi,Burundi,oilp,15.4,0.49,0.0321
BDI-2637,Bururi,Burundi,pota,60.6,2.84,0.0469
COD-1898,Nord-Kivu,Democratic Republic of the Congo,grou,1.9,0.57,0.2912
COD-1898,Nord-Kivu,Democratic Republic of the Congo,maiz,243.3,61.1,0.2511
COD-1898,Nord-Kivu,Democratic Republic of the Congo,rice,1.5,0.22,0.1444
COD-1898,Nord-Kivu,Democratic Republic of the Congo,sugc,2.8,0.01,0.0036
ETH-3109,Amhara,Ethiopia,barl,1004.3,103.66,0.1032
ETH-3109,Amhara,Ethiopia,cott,59.7,21.7,0.3633
ETH-3109,Amhara,Ethiopia,grou,45.1,16.54,0.3662
ETH-3109,Amhara,Ethiopia,maiz,2079.2,163.57,0.0787
ETH-3109,Amhara,Ethiopia,pota,842.2,18.72,0.0222
ETH-3109,Amhara,Ethiopia,rape,14.5,3.7,0.256
ETH-3109,Amhara,Ethiopia,rice,146.2,71.16,0.4866
ETH-3109,Amhara,Ethiopia,sorg,1893.9,143.66,0.0759
ETH-3109,Amhara,Ethiopia,soyb,45.2,7.48,0.1656
ETH-3109,Amhara,Ethiopia,sugc,275.1,8.22,0.0299
ETH-3109,Amhara,Ethiopia,whea,1832.8,225.75,0.1232
SDN-876,Gedarif,Sudan,barl,2.0,0.16,0.0804
SDN-876,Gedarif,Sudan,cott,65.7,11.23,0.171
SDN-876,Gedarif,Sudan,grou,71.0,5.96,0.084
SDN-876,Gedarif,Sudan,maiz,9.4,0.38,0.0398
SDN-876,Gedarif,Sudan,pota,2.7,0.02,0.0074
SDN-876,Gedarif,Sudan,rice,1.4,0.03,0.0172
SDN-876,Gedarif,Sudan,sorg,1493.2,148.67,0.0996
SDN-876,Gedarif,Sudan,sugc,96.3,0.61,0.0063
SDN-876,Gedarif,Sudan,whea,8.5,1.3,0.1535
ETH-3110,Tigray,Ethiopia,barl,197.8,12.23,0.0618
ETH-3110,Tigray,Ethiopia,cott,12.2,1.4,0.1144
ETH-3110,Tigray,Ethiopia,grou,2.6,0.88,0.3385
ETH-3110,Tigray,Ethiopia,maiz,262.8,11.61,0.0442
ETH-3110,Tigray,Ethiopia,pota,12.1,0.24,0.0197
ETH-3110,Tigray,Ethiopia,sorg,745.6,34.46,0.0462
ETH-3110,Tigray,Ethiopia,sugc,1.3,0.01,0.0068
ETH-3110,Tigray,Ethiopia,whea,293.7,21.23,0.0723
ETH-3132,Benshangul-Gumaz,Ethiopia,barl,2.1,0.28,0.1316
ETH-3132,Benshangul-Gumaz,Ethiopia,grou,40.9,5.21,0.1273
ETH-3132,Benshangul-Gumaz,Ethiopia,maiz,266.3,18.6,0.0698
ETH-3132,Benshangul-Gumaz,Ethiopia,pota,23.1,0.55,0.024
ETH-3132,Benshangul-Gumaz,Ethiopia,rice,54.3,18.93,0.3486
ETH-3132,Benshangul-Gumaz,Ethiopia,sorg,109.6,7.66,0.0699
ETH-3132,Benshangul-Gumaz,Ethiopia,soyb,107.1,9.8,0.0915
ETH-3132,Benshangul-Gumaz,Ethiopia,sugc,8.6,0.19,0.0223
ETH-3132,Benshangul-Gumaz,Ethiopia,whea,4.6,0.74,0.1624
SDN-148,Blue Nile,Sudan,grou,12.8,1.69,0.1319
SDN-148,Blue Nile,Sudan,maiz,1.6,0.29,0.1878
SDN-148,Blue Nile,Sudan,rice,1.3,0.78,0.6078
SDN-148,Blue Nile,Sudan,sorg,216.6,41.86,0.1933
SDN-880,Sennar,Sudan,cott,46.9,9.94,0.2119
SDN-880,Sennar,Sudan,grou,18.9,2.81,0.149
SDN-880,Sennar,Sudan,maiz,1.8,1.66,0.9155
SDN-880,Sennar,Sudan,pota,14.6,0.14,0.0099
SDN-880,Sennar,Sudan,rice,4.6,0.11,0.023
SDN-880,Sennar,Sudan,sorg,74.9,26.02,0.3475
SDN-880,Sennar,Sudan,sugc,697.6,4.57,0.0066
SDN-880,Sennar,Sudan,whea,25.0,4.19,0.1676
ETH-3130,Gambela Peoples,Ethiopia,maiz,16.7,103.98,6.2151
ETH-3130,Gambela Peoples,Ethiopia,sorg,1.2,1.81,1.4573
SDS-869,Upper Nile,S. Sudan,grou,67.2,87.38,1.3002
SDS-869,Upper Nile,S. Sudan,maiz,61.2,69.73,1.1397
SDS-869,Upper Nile,S. Sudan,rice,15.7,43.14,2.7427
SDS-869,Upper Nile,S. Sudan,sorg,293.5,296.69,1.0109
ETH-3131,Oromiya,Ethiopia,barl,1211.5,129.02,0.1065
ETH-3131,Oromiya,Ethiopia,cott,12.8,49.66,3.8887
ETH-3131,Oromiya,Ethiopia,grou,98.1,12.6,0.1285
ETH-3131,Oromiya,Ethiopia,maiz,5568.0,393.55,0.0707
ETH-3131,Oromiya,Ethiopia,pota,1208.2,19.44,0.0161
ETH-3131,Oromiya,Ethiopia,rape,31.1,8.57,0.2751
ETH-3131,Oromiya,Ethiopia,rice,34.4,9.2,0.2676
ETH-3131,Oromiya,Ethiopia,sorg,2230.5,151.35,0.0679
ETH-3131,Oromiya,Ethiopia,soyb,50.4,3.79,0.0752
ETH-3131,Oromiya,Ethiopia,sugc,383.6,11.32,0.0295
ETH-3131,Oromiya,Ethiopia,whea,3237.8,327.35,0.1011
SDS-870,Jonglei,S. Sudan,grou,18.7,95.58,5.0978
SDS-870,Jonglei,S. Sudan,maiz,21.1,86.64,4.1102
SDS-870,Jonglei,S. Sudan,rice,4.6,48.22,10.4368
SDS-870,Jonglei,S. Sudan,sorg,55.6,219.67,3.953
TCD-5582,Sila,Chad,cott,2.6,0.59,0.2253
TCD-5582,Sila,Chad,grou,127.1,15.91,0.1252
TCD-5582,Sila,Chad,maiz,67.0,7.98,0.1192
TCD-5582,Sila,Chad,pota,2.6,0.04,0.0156
TCD-5582,Sila,Chad,sorg,108.3,15.76,0.1456
TCD-1489,Salamat,Chad,cott,8.0,22.64,2.8122
TCD-1489,Salamat,Chad,grou,14.3,18.37,1.2835
TCD-1489,Salamat,Chad,maiz,37.9,59.2,1.5619
TCD-1489,Salamat,Chad,pota,2.7,0.49,0.185
TCD-1489,Salamat,Chad,rice,8.6,16.86,1.9515
TCD-1489,Salamat,Chad,sorg,146.1,281.96,1.9299
TCD-1489,Salamat,Chad,sugc,6.1,0.14,0.0236
CAF-806,Bamingui-Bangoran,Central African Republic,cott,1.3,1.46,1.091
CAF-806,Bamingui-Bangoran,Central African Republic,grou,6.4,1.53,0.2378
CAF-806,Bamingui-Bangoran,Central African Republic,sugc,4.1,0.28,0.0685
TCD-5583,Moyen-Chari,Chad,cott,4.1,5.62,1.3803
TCD-5583,Moyen-Chari,Chad,grou,41.7,53.89,1.2935
TCD-5583,Moyen-Chari,Chad,maiz,16.3,22.04,1.3488
TCD-5583,Moyen-Chari,Chad,pota,1.9,0.73,0.3946
TCD-5583,Moyen-Chari,Chad,rice,6.9,11.74,1.6915
TCD-5583,Moyen-Chari,Chad,sorg,36.6,54.35,1.4854
TCD-5583,Moyen-Chari,Chad,sugc,13.0,0.4,0.0307
CAF-810,Ouham,Central African Republic,cott,8.2,2.48,0.3012
CAF-810,Ouham,Central African Republic,grou,36.9,2.07,0.0562
CAF-810,Ouham,Central African Republic,maiz,23.6,2.71,0.115
CAF-810,Ouham,Central African Republic,rice,1.7,0.37,0.2179
CAF-810,Ouham,Central African Republic,sorg,5.6,2.45,0.4343
CAF-810,Ouham,Central African Republic,sugc,30.0,0.61,0.0203
TCD-1488,Mandoul,Chad,cott,8.1,2.15,0.266
TCD-1488,Mandoul,Chad,grou,69.5,24.89,0.3579
TCD-1488,Mandoul,Chad,maiz,17.1,5.01,0.2926
TCD-1488,Mandoul,Chad,pota,2.0,0.16,0.0791
TCD-1488,Mandoul,Chad,rice,28.7,33.79,1.1791
TCD-1488,Mandoul,Chad,sorg,53.3,20.08,0.3765
TCD-1488,Mandoul,Chad,sugc,68.9,0.48,0.007
TCD-1485,Logone Oriental,Chad,cott,9.9,4.32,0.4357
TCD-1485,Logone Oriental,Chad,grou,54.6,13.54,0.2481
TCD-1485,Logone Oriental,Chad,maiz,22.4,5.13,0.2284
TCD-1485,Logone Oriental,Chad,oilp,15.5,0.03,0.0017
TCD-1485,Logone Oriental,Chad,pota,2.3,0.08,0.0335
TCD-1485,Logone Oriental,Chad,rice,27.2,50.9,1.875
TCD-1485,Logone Oriental,Chad,sorg,35.4,11.07,0.3124
TCD-1485,Logone Oriental,Chad,sugc,81.9,0.96,0.0117
CAF-805,Ouham-Pendé,Central African Republic,cott,4.8,0.92,0.1943
CAF-805,Ouham-Pendé,Central African Republic,grou,223.9,7.84,0.035
CAF-805,Ouham-Pendé,Central African Republic,maiz,4.5,0.45,0.1007
CAF-805,Ouham-Pendé,Central African Republic,rice,1.8,0.61,0.3416
CAF-805,Ouham-Pendé,Central African Republic,sorg,6.9,2.45,0.3532
CAF-805,Ouham-Pendé,Central African Republic,sugc,18.3,0.29,0.0156
CMR-803,Sud,Cameroon,grou,30.3,2.42,0.0798
CMR-803,Sud,Cameroon,maiz,86.6,5.8,0.0669
CMR-803,Sud,Cameroon,rice,2.3,0.59,0.2539
GAB-2187,Wouleu-Ntem,Gabon,grou,6.7,0.62,0.0921
GAB-2187,Wouleu-Ntem,Gabon,maiz,13.3,1.25,0.0936
GAB-2187,Wouleu-Ntem,Gabon,oilp,31.2,0.06,0.0018
GAB-2187,Wouleu-Ntem,Gabon,soyb,1.0,0.07,0.0725
GAB-2187,Wouleu-Ntem,Gabon,sugc,96.4,0.58,0.006
COG-2880,Sangha,Republic of the Congo,grou,2.3,4.02,1.747
COG-2880,Sangha,Republic of the Congo,maiz,1.7,2.02,1.1929
COG-2880,Sangha,Republic of the Congo,oilp,3.5,0.95,0.2734
COG-2880,Sangha,Republic of the Congo,sugc,15.9,1.16,0.073
GAB-2186,Ogooué-Ivindo,Gabon,grou,5.6,0.81,0.1453
GAB-2186,Ogooué-Ivindo,Gabon,maiz,3.2,0.42,0.1325
GAB-2186,Ogooué-Ivindo,Gabon,oilp,9.5,0.01,0.0012
GAB-2186,Ogooué-Ivindo,Gabon,sugc,11.8,0.07,0.006
COG-2185,Cuvette-Ouest,Republic of the Congo,oilp,2.0,0.0,0.0
COG-2185,Cuvette-Ouest,Republic of the Congo,sugc,6.4,0.08,0.0132
GAB-2627,Haut-Ogooué,Gabon,grou,7.0,1.41,0.2001
GAB-2627,Haut-Ogooué,Gabon,maiz,7.1,1.15,0.1631
GAB-2627,Haut-Ogooué,Gabon,oilp,55.1,0.1,0.0019
GAB-2627,Haut-Ogooué,Gabon,rice,1.5,2.98,1.9599
GAB-2627,Haut-Ogooué,Gabon,sugc,42.5,0.46,0.0109
GAB-2628,Ogooué-Lolo,Gabon,grou,1.0,0.19,0.1854
GAB-2628,Ogooué-Lolo,Gabon,maiz,1.5,0.27,0.1745
GAB-2628,Ogooué-Lolo,Gabon,oilp,8.1,0.02,0.0024
GAB-2628,Ogooué-Lolo,Gabon,sugc,6.7,0.05,0.0075
GAB-2622,Ngounié,Gabon,grou,4.3,0.62,0.1434
GAB-2622,Ngounié,Gabon,maiz,10.6,1.35,0.1274
GAB-2622,Ngounié,Gabon,oilp,109.0,0.19,0.0017
GAB-2622,Ngounié,Gabon,soyb,1.1,0.18,0.1566
GAB-2622,Ngounié,Gabon,sugc,59.1,0.56,0.0095
COG-3344,Lékoumou,Republic of the Congo,grou,1.1,0.42,0.3743
COG-3344,Lékoumou,Republic of the Congo,oilp,4.7,0.0,0.0006
COG-3344,Lékoumou,Republic of the Congo,sugc,20.3,0.31,0.0154
GAB-2623,Nyanga,Gabon,grou,4.6,1.23,0.271
GAB-2623,Nyanga,Gabon,maiz,3.1,0.61,0.1958
GAB-2623,Nyanga,Gabon,oilp,19.3,0.05,0.0024
GAB-2623,Nyanga,Gabon,sugc,13.9,0.16,0.0116
TCD-1464,Hadjer-Lamis,Chad,cott,8.5,2.22,0.2621
TCD-1464,Hadjer-Lamis,Chad,grou,56.3,10.88,0.1933
TCD-1464,Hadjer-Lamis,Chad,maiz,44.7,10.89,0.2437
TCD-1464,Hadjer-Lamis,Chad,oilp,4.6,0.03,0.0065
TCD-1464,Hadjer-Lamis,Chad,pota,2.4,0.06,0.0256
TCD-1464,Hadjer-Lamis,Chad,rice,5.3,4.08,0.7751
TCD-1464,Hadjer-Lamis,Chad,sorg,57.2,12.26,0.2144
CMR-1462,Extrême-Nord,Cameroon,cott,492.7,70.93,0.144
CMR-1462,Extrême-Nord,Cameroon,grou,206.6,27.16,0.1315
CMR-1462,Extrême-Nord,Cameroon,maiz,313.9,43.25,0.1378
CMR-1462,Extrême-Nord,Cameroon,oilp,1008.1,24.83,0.0246
CMR-1462,Extrême-Nord,Cameroon,pota,22.1,0.97,0.0437
CMR-1462,Extrême-Nord,Cameroon,rice,112.3,482.78,4.3002
CMR-1462,Extrême-Nord,Cameroon,sorg,705.1,117.22,0.1662
CMR-1462,Extrême-Nord,Cameroon,soyb,21.9,1.18,0.0539
CMR-1462,Extrême-Nord,Cameroon,sugc,71.0,1.18,0.0165
TCD-5580,Chari-Baguirmi,Chad,cott,30.4,21.05,0.6913
TCD-5580,Chari-Baguirmi,Chad,grou,67.1,16.61,0.2476
TCD-5580,Chari-Baguirmi,Chad,maiz,51.1,15.58,0.3051
TCD-5580,Chari-Baguirmi,Chad,oilp,23.9,4.67,0.1954
TCD-5580,Chari-Baguirmi,Chad,pota,6.5,0.3,0.0461
TCD-5580,Chari-Baguirmi,Chad,rice,24.5,19.12,0.7812
TCD-5580,Chari-Baguirmi,Chad,sorg,118.6,50.76,0.4279
TCD-1486,Mayo-Kebbi Est,Chad,cott,24.0,5.83,0.2426
TCD-1486,Mayo-Kebbi Est,Chad,grou,40.0,10.97,0.2742
TCD-1486,Mayo-Kebbi Est,Chad,maiz,25.0,5.66,0.2257
TCD-1486,Mayo-Kebbi Est,Chad,oilp,22.3,0.05,0.0024
TCD-1486,Mayo-Kebbi Est,Chad,pota,2.8,0.13,0.0445
TCD-1486,Mayo-Kebbi Est,Chad,rice,68.0,165.29,2.4322
TCD-1486,Mayo-Kebbi Est,Chad,sorg,87.0,28.09,0.3227
TCD-4858,Mayo-Kebbi Ouest,Chad,cott,11.3,2.42,0.2139
TCD-4858,Mayo-Kebbi Ouest,Chad,grou,45.7,5.64,0.1234
TCD-4858,Mayo-Kebbi Ouest,Chad,maiz,55.2,4.49,0.0814
TCD-4858,Mayo-Kebbi Ouest,Chad,oilp,29.9,0.03,0.0011
TCD-4858,Mayo-Kebbi Ouest,Chad,pota,2.1,0.03,0.0131
TCD-4858,Mayo-Kebbi Ouest,Chad,rice,11.0,9.04,0.8219
TCD-4858,Mayo-Kebbi Ouest,Chad,sorg,49.9,6.62,0.1326
TCD-4858,Mayo-Kebbi Ouest,Chad,sugc,77.8,0.59,0.0076
CMR-1483,Nord,Cameroon,cott,11.8,1.56,0.1319
CMR-1483,Nord,Cameroon,grou,294.7,13.0,0.0441
CMR-1483,Nord,Cameroon,maiz,773.1,37.35,0.0483
CMR-1483,Nord,Cameroon,oilp,1841.7,1.65,0.0009
CMR-1483,Nord,Cameroon,pota,29.2,0.63,0.0217
CMR-1483,Nord,Cameroon,rice,81.3,369.27,4.5404
CMR-1483,Nord,Cameroon,sorg,318.1,17.86,0.0562
CMR-1483,Nord,Cameroon,soyb,52.2,1.0,0.0192
CMR-1483,Nord,Cameroon,sugc,1213.1,26.76,0.0221
NGA-2881,Adamawa,Nigeria,cott,12.6,2.9,0.2293
NGA-2881,Adamawa,Nigeria,grou,121.1,8.7,0.0718
NGA-2881,Adamawa,Nigeria,maiz,400.6,15.01,0.0375
NGA-2881,Adamawa,Nigeria,oilp,49.5,0.8,0.0163
NGA-2881,Adamawa,Nigeria,pota,27.7,0.48,0.0174
NGA-2881,Adamawa,Nigeria,rice,322.9,239.38,0.7413
NGA-2881,Adamawa,Nigeria,sorg,200.7,11.61,0.0578
NGA-2881,Adamawa,Nigeria,soyb,28.1,2.04,0.0728
NGA-2881,Adamawa,Nigeria,sugc,137.7,2.86,0.0207
NGA-2881,Adamawa,Nigeria,whea,1.6,0.31,0.193
CMR-1482,Adamaoua,Cameroon,grou,12.7,3.13,0.2465
CMR-1482,Adamaoua,Cameroon,maiz,164.4,29.31,0.1783
CMR-1482,Adamaoua,Cameroon,oilp,12.5,0.03,0.0021
CMR-1482,Adamaoua,Cameroon,pota,19.1,0.89,0.0468
CMR-1482,Adamaoua,Cameroon,rice,2.1,1.6,0.7651
CMR-1482,Adamaoua,Cameroon,sorg,4.7,1.84,0.394
CMR-1482,Adamaoua,Cameroon,soyb,1.6,0.18,0.1186
CMR-1482,Adamaoua,Cameroon,sugc,1.6,0.05,0.028
NGA-2848,Taraba,Nigeria,cott,1.1,0.31,0.2711
NGA-2848,Taraba,Nigeria,grou,287.0,29.1,0.1014
NGA-2848,Taraba,Nigeria,maiz,580.9,31.35,0.054
NGA-2848,Taraba,Nigeria,oilp,39.0,0.51,0.013
NGA-2848,Taraba,Nigeria,pota,147.8,5.34,0.0361
NGA-2848,Taraba,Nigeria,rice,405.7,415.87,1.025
NGA-2848,Taraba,Nigeria,sorg,393.8,30.26,0.0768
NGA-2848,Taraba,Nigeria,soyb,117.7,12.47,0.106
NGA-2848,Taraba,Nigeria,sugc,780.1,14.42,0.0185
CMR-1477,Nord-Ouest,Cameroon,grou,9.0,1.25,0.1391
CMR-1477,Nord-Ouest,Cameroon,maiz,204.6,27.68,0.1353
CMR-1477,Nord-Ouest,Cameroon,pota,53.8,1.7,0.0317
CMR-1477,Nord-Ouest,Cameroon,rice,61.9,368.27,5.9456
CMR-1477,Nord-Ouest,Cameroon,soyb,2.9,0.16,0.0551
CMR-799,Sud-Ouest,Cameroon,grou,23.1,10.63,0.4599
CMR-799,Sud-Ouest,Cameroon,maiz,189.5,33.48,0.1767
CMR-799,Sud-Ouest,Cameroon,oilp,34.5,0.04,0.001
CMR-799,Sud-Ouest,Cameroon,pota,3.0,0.1,0.0327
CMR-799,Sud-Ouest,Cameroon,rice,8.1,3.56,0.4375
NGA-2846,Benue,Nigeria,grou,190.9,22.21,0.1163
NGA-2846,Benue,Nigeria,maiz,331.1,18.74,0.0566
NGA-2846,Benue,Nigeria,oilp,1107.4,9.12,0.0082
NGA-2846,Benue,Nigeria,pota,103.7,2.8,0.027
NGA-2846,Benue,Nigeria,rice,528.8,302.16,0.5714
NGA-2846,Benue,Nigeria,sorg,134.1,12.83,0.0957
NGA-2846,Benue,Nigeria,soyb,132.5,15.16,0.1145
NGA-2846,Benue,Nigeria,sugc,73.8,5.3,0.0719
NGA-2847,Cross River,Nigeria,grou,21.2,2.76,0.1303
NGA-2847,Cross River,Nigeria,maiz,118.5,7.75,0.0654
NGA-2847,Cross River,Nigeria,oilp,736.6,7.5,0.0102
NGA-2847,Cross River,Nigeria,pota,2.5,0.07,0.0271
NGA-2847,Cross River,Nigeria,rice,121.0,68.54,0.5665
NGA-2847,Cross River,Nigeria,sorg,50.6,7.36,0.1454
NGA-2871,Sokoto,Nigeria,cott,13.1,2.16,0.1641
NGA-2871,Sokoto,Nigeria,grou,172.5,10.59,0.0614
NGA-2871,Sokoto,Nigeria,maiz,204.4,6.32,0.0309
NGA-2871,Sokoto,Nigeria,oilp,32.1,0.59,0.0185
NGA-2871,Sokoto,Nigeria,pota,33.7,0.57,0.0168
NGA-2871,Sokoto,Nigeria,rice,163.4,90.74,0.5554
NGA-2871,Sokoto,Nigeria,sorg,338.9,17.82,0.0526
NGA-2871,Sokoto,Nigeria,soyb,56.5,3.27,0.0579
NGA-2871,Sokoto,Nigeria,sugc,79.2,3.83,0.0484
NGA-2871,Sokoto,Nigeria,whea,1.7,0.36,0.2175
NER-95,Tahoua,Niger,grou,116.8,15.85,0.1357
NER-95,Tahoua,Niger,pota,33.3,0.28,0.0084
NER-95,Tahoua,Niger,rice,15.2,0.98,0.0645
NER-95,Tahoua,Niger,sorg,343.8,28.41,0.0827
NER-95,Tahoua,Niger,sugc,236.8,1.26,0.0053
NER-95,Tahoua,Niger,whea,1.7,0.08,0.0488
NER-93,Dosso,Niger,grou,58.4,3.9,0.0667
NER-93,Dosso,Niger,maiz,6.2,0.44,0.0702
NER-93,Dosso,Niger,pota,43.5,0.11,0.0025
NER-93,Dosso,Niger,rice,5.9,3.13,0.5302
NER-93,Dosso,Niger,sorg,137.0,7.33,0.0535
NER-93,Dosso,Niger,sugc,37.0,0.06,0.0015
NER-796,Diffa,Niger,grou,15.2,5.94,0.3907
NER-796,Diffa,Niger,maiz,5.8,0.43,0.0743
NER-796,Diffa,Niger,pota,1.3,0.03,0.0241
NER-796,Diffa,Niger,rice,6.8,8.84,1.3025
NER-796,Diffa,Niger,sorg,14.8,3.32,0.2241
NER-796,Diffa,Niger,sugc,22.8,0.44,0.0192
NER-91,Maradi,Niger,cott,1.6,0.13,0.082
NER-91,Maradi,Niger,grou,148.9,10.25,0.0689
NER-91,Maradi,Niger,maiz,17.9,0.55,0.0307
NER-91,Maradi,Niger,oilp,1.6,0.03,0.0154
NER-91,Maradi,Niger,pota,48.5,0.56,0.0115
NER-91,Maradi,Niger,rice,16.3,8.52,0.5208
NER-91,Maradi,Niger,sorg,603.1,30.29,0.0502
NER-91,Maradi,Niger,soyb,4.3,0.24,0.056
NER-91,Maradi,Niger,sugc,24.7,0.26,0.0104
NER-91,Maradi,Niger,whea,1.0,0.07,0.065
NGA-2872,Zamfara,Nigeria,cott,18.2,3.17,0.1744
NGA-2872,Zamfara,Nigeria,grou,249.4,26.1,0.1046
NGA-2872,Zamfara,Nigeria,maiz,417.6,21.52,0.0515
NGA-2872,Zamfara,Nigeria,oilp,19.1,0.31,0.0161
NGA-2872,Zamfara,Nigeria,pota,24.0,0.88,0.0368
NGA-2872,Zamfara,Nigeria,rice,265.2,169.62,0.6395
NGA-2872,Zamfara,Nigeria,sorg,464.5,45.82,0.0986
NGA-2872,Zamfara,Nigeria,soyb,40.8,4.61,0.1129
NGA-2873,Yobe,Nigeria,cott,15.7,2.1,0.1337
NGA-2873,Yobe,Nigeria,grou,96.9,4.8,0.0495
NGA-2873,Yobe,Nigeria,maiz,343.5,9.06,0.0264
NGA-2873,Yobe,Nigeria,oilp,36.3,5.91,0.1627
NGA-2873,Yobe,Nigeria,pota,4.9,0.09,0.0179
NGA-2873,Yobe,Nigeria,rice,208.9,157.53,0.7541
NGA-2873,Yobe,Nigeria,sorg,344.7,12.36,0.0358
NGA-2873,Yobe,Nigeria,soyb,5.3,0.25,0.0464
NGA-2873,Yobe,Nigeria,whea,5.4,1.37,0.2557
NER-92,Zinder,Niger,cott,3.0,0.27,0.0915
NER-92,Zinder,Niger,grou,137.2,9.99,0.0728
NER-92,Zinder,Niger,maiz,36.0,1.64,0.0455
NER-92,Zinder,Niger,oilp,1.4,0.07,0.0482
NER-92,Zinder,Niger,pota,56.6,0.36,0.0063
NER-92,Zinder,Niger,rice,107.8,26.58,0.2466
NER-92,Zinder,Niger,sorg,712.5,45.41,0.0637
NER-92,Zinder,Niger,soyb,2.9,0.13,0.047
NER-92,Zinder,Niger,sugc,46.4,0.39,0.0084
NER-92,Zinder,Niger,whea,1.6,0.08,0.0484
NGA-2870,Katsina,Nigeria,cott,18.4,2.88,0.1567
NGA-2870,Katsina,Nigeria,grou,161.6,12.87,0.0797
NGA-2870,Katsina,Nigeria,maiz,349.6,15.11,0.0432
NGA-2870,Katsina,Nigeria,oilp,21.7,0.41,0.0189
NGA-2870,Katsina,Nigeria,pota,2.3,0.06,0.0257
NGA-2870,Katsina,Nigeria,rice,227.3,139.56,0.6141
NGA-2870,Katsina,Nigeria,sorg,363.9,23.91,0.0657
NGA-2870,Katsina,Nigeria,soyb,55.7,3.7,0.0664
NGA-2870,Katsina,Nigeria,sugc,2.2,0.43,0.1991
NGA-2870,Katsina,Nigeria,whea,2.2,0.59,0.2658
NGA-2868,Jigawa,Nigeria,cott,15.4,2.51,0.1629
NGA-2868,Jigawa,Nigeria,grou,133.6,8.61,0.0645
NGA-2868,Jigawa,Nigeria,maiz,330.6,10.93,0.0331
NGA-2868,Jigawa,Nigeria,oilp,17.4,0.49,0.0279
NGA-2868,Jigawa,Nigeria,pota,1.1,0.02,0.0144
NGA-2868,Jigawa,Nigeria,rice,206.5,129.64,0.6279
NGA-2868,Jigawa,Nigeria,sorg,303.6,14.81,0.0488
NGA-2868,Jigawa,Nigeria,soyb,47.5,2.51,0.0529
NGA-2868,Jigawa,Nigeria,sugc,17.0,0.58,0.0343
NGA-2868,Jigawa,Nigeria,whea,7.0,2.18,0.3087
NER-4859,Tillabéri,Niger,grou,23.8,2.37,0.0997
NER-4859,Tillabéri,Niger,maiz,1.8,0.18,0.0994
NER-4859,Tillabéri,Niger,pota,45.2,0.2,0.0044
NER-4859,Tillabéri,Niger,rice,5.5,3.18,0.5828
NER-4859,Tillabéri,Niger,sorg,239.9,20.11,0.0838
NER-4859,Tillabéri,Niger,sugc,61.2,0.31,0.0051
BFA-2878,Tapoa,Burkina Faso,cott,11.5,1.52,0.1326
BFA-2878,Tapoa,Burkina Faso,grou,6.0,0.43,0.0712
BFA-2878,Tapoa,Burkina Faso,maiz,53.3,2.78,0.0521
BFA-2878,Tapoa,Burkina Faso,pota,1.6,0.03,0.0178
BFA-2878,Tapoa,Burkina Faso,rice,41.8,26.43,0.6324
BFA-2878,Tapoa,Burkina Faso,sorg,69.7,5.87,0.0842
BFA-2878,Tapoa,Burkina Faso,soyb,4.5,0.34,0.0752
BEN-2181,Atakora,Benin,cott,139.7,70.34,0.5035
BEN-2181,Atakora,Benin,grou,12.5,1.38,0.1101
BEN-2181,Atakora,Benin,maiz,214.0,21.8,0.1019
BEN-2181,Atakora,Benin,rice,86.8,26.53,0.3058
BEN-2181,Atakora,Benin,sorg,41.9,3.98,0.0949
BEN-2181,Atakora,Benin,soyb,44.7,4.39,0.0982
BFA-2183,Kompienga,Burkina Faso,cott,4.3,1.25,0.2911
BFA-2183,Kompienga,Burkina Faso,grou,1.9,0.25,0.133
BFA-2183,Kompienga,Burkina Faso,maiz,25.0,2.06,0.0827
BFA-2183,Kompienga,Burkina Faso,rice,10.4,6.49,0.6213
BFA-2183,Kompienga,Burkina Faso,sorg,7.8,1.32,0.1699
BFA-2183,Kompienga,Burkina Faso,soyb,11.7,1.63,0.1386
TGO-90,Savanes,Togo,cott,30.4,6.95,0.2287
TGO-90,Savanes,Togo,grou,17.2,1.56,0.0904
TGO-90,Savanes,Togo,maiz,135.2,8.2,0.0606
TGO-90,Savanes,Togo,rice,59.5,60.78,1.0211
TGO-90,Savanes,Togo,sorg,65.1,5.41,0.0832
TGO-90,Savanes,Togo,soyb,43.6,0.59,0.0135
TGO-90,Savanes,Togo,sugc,1.6,0.04,0.0225
GHA-2156,Upper East,Ghana,cott,2.3,0.32,0.1372
GHA-2156,Upper East,Ghana,grou,73.3,3.62,0.0493
GHA-2156,Upper East,Ghana,maiz,164.2,6.59,0.0401
GHA-2156,Upper East,Ghana,rice,152.3,94.06,0.6176
GHA-2156,Upper East,Ghana,sorg,78.2,5.64,0.0722
GHA-2156,Upper East,Ghana,soyb,30.7,1.43,0.0465
GHA-2156,Upper East,Ghana,sugc,5.9,0.06,0.0095
GHA-2155,Northern,Ghana,cott,15.9,4.73,0.2976
GHA-2155,Northern,Ghana,grou,187.1,16.11,0.0861
GHA-2155,Northern,Ghana,maiz,467.5,38.32,0.082
GHA-2155,Northern,Ghana,rice,333.7,228.9,0.6859
GHA-2155,Northern,Ghana,sorg,102.6,14.5,0.1413
GHA-2155,Northern,Ghana,soyb,137.3,12.76,0.0929
GHA-2155,Northern,Ghana,sugc,78.3,1.85,0.0236
TGO-88,Kara,Togo,cott,23.9,8.08,0.3387
TGO-88,Kara,Togo,grou,16.8,3.02,0.179
TGO-88,Kara,Togo,maiz,92.7,7.83,0.0844
TGO-88,Kara,Togo,rice,26.4,16.76,0.6357
TGO-88,Kara,Togo,sorg,70.9,8.93,0.126
TGO-88,Kara,Togo,soyb,57.2,0.56,0.0097
TGO-89,Centre,Togo,cott,6.7,1.94,0.2894
TGO-89,Centre,Togo,grou,4.6,1.06,0.2307
TGO-89,Centre,Togo,maiz,91.8,7.14,0.0778
TGO-89,Centre,Togo,rice,32.1,25.88,0.8052
TGO-89,Centre,Togo,sorg,52.6,7.46,0.1417
TGO-89,Centre,Togo,soyb,26.9,0.23,0.0085
TGO-86,Plateaux,Togo,cott,10.9,2.23,0.2054
TGO-86,Plateaux,Togo,grou,9.0,2.41,0.2671
TGO-86,Plateaux,Togo,maiz,360.8,31.23,0.0866
TGO-86,Plateaux,Togo,oilp,82.7,1.51,0.0183
TGO-86,Plateaux,Togo,rice,34.1,31.66,0.9286
TGO-86,Plateaux,Togo,sorg,56.0,6.33,0.1131
TGO-86,Plateaux,Togo,soyb,13.3,0.06,0.0047
GHA-2173,Volta,Ghana,cott,1.3,0.4,0.3117
GHA-2173,Volta,Ghana,grou,32.0,4.19,0.131
GHA-2173,Volta,Ghana,maiz,151.2,14.82,0.098
GHA-2173,Volta,Ghana,oilp,236.0,1.67,0.0071
GHA-2173,Volta,Ghana,rice,180.0,81.78,0.4543
GHA-2173,Volta,Ghana,sorg,14.3,1.94,0.1356
GHA-2173,Volta,Ghana,soyb,5.7,0.62,0.1102
GHA-2173,Volta,Ghana,sugc,8.5,0.19,0.0218
TGO-87,Maritime,Togo,grou,4.8,0.98,0.2048
TGO-87,Maritime,Togo,maiz,155.5,49.93,0.3211
TGO-87,Maritime,Togo,oilp,20.9,0.16,0.0078
TGO-87,Maritime,Togo,rice,20.8,27.74,1.3329
TGO-87,Maritime,Togo,sorg,3.2,1.31,0.4132
TGO-87,Maritime,Togo,soyb,5.6,0.04,0.0079
CIV-3449,Zanzan,Ivory Coast,cott,50.5,3.9,0.0772
CIV-3449,Zanzan,Ivory Coast,grou,22.7,1.12,0.0493
CIV-3449,Zanzan,Ivory Coast,maiz,152.0,4.98,0.0328
CIV-3449,Zanzan,Ivory Coast,oilp,35.5,0.1,0.0029
CIV-3449,Zanzan,Ivory Coast,rice,130.1,14.71,0.1131
CIV-3449,Zanzan,Ivory Coast,sorg,11.2,1.09,0.0973
CIV-3449,Zanzan,Ivory Coast,sugc,64.9,0.12,0.0018
GHA-2159,Brong Ahafo,Ghana,cott,2.9,0.98,0.3375
GHA-2159,Brong Ahafo,Ghana,grou,23.3,2.51,0.1079
GHA-2159,Brong Ahafo,Ghana,maiz,635.0,56.51,0.089
GHA-2159,Brong Ahafo,Ghana,oilp,359.6,0.99,0.0027
GHA-2159,Brong Ahafo,Ghana,rice,29.8,7.85,0.263
GHA-2159,Brong Ahafo,Ghana,sorg,1.8,0.31,0.1739
GHA-2159,Brong Ahafo,Ghana,sugc,18.5,0.45,0.0246
CIV-3460,Comoe,Ivory Coast,cott,9.7,0.9,0.0924
CIV-3460,Comoe,Ivory Coast,grou,5.1,0.29,0.0568
CIV-3460,Comoe,Ivory Coast,maiz,19.2,0.53,0.0276
CIV-3460,Comoe,Ivory Coast,oilp,126.9,0.38,0.003
CIV-3460,Comoe,Ivory Coast,rice,33.3,3.84,0.1152
CIV-3460,Comoe,Ivory Coast,sorg,1.4,0.13,0.0868
CIV-3460,Comoe,Ivory Coast,sugc,23.6,0.05,0.0021
GHA-2162,Western,Ghana,cott,2.0,0.57,0.2821
GHA-2162,Western,Ghana,grou,31.0,2.2,0.0708
GHA-2162,Western,Ghana,maiz,198.4,13.23,0.0667
GHA-2162,Western,Ghana,oilp,694.2,2.81,0.004
GHA-2162,Western,Ghana,rice,107.8,20.4,0.1892
GHA-2162,Western,Ghana,sorg,1.2,0.11,0.0974
GHA-2162,Western,Ghana,sugc,10.8,0.2,0.0188
CIV-3462,Sud-Comoé,Ivory Coast,cott,6.4,0.88,0.1373
CIV-3462,Sud-Comoé,Ivory Coast,grou,4.8,0.57,0.12
CIV-3462,Sud-Comoé,Ivory Coast,maiz,24.7,1.71,0.0691
CIV-3462,Sud-Comoé,Ivory Coast,oilp,160.4,2.36,0.0147
CIV-3462,Sud-Comoé,Ivory Coast,rice,34.4,4.97,0.1443
CIV-3462,Sud-Comoé,Ivory Coast,sugc,19.6,0.07,0.0036
BFA-2835,Léraba,Burkina Faso,cott,24.3,4.29,0.1766
BFA-2835,Léraba,Burkina Faso,grou,8.8,0.65,0.0739
BFA-2835,Léraba,Burkina Faso,maiz,65.4,5.14,0.0786
BFA-2835,Léraba,Burkina Faso,pota,1.1,0.1,0.0902
BFA-2835,Léraba,Burkina Faso,rice,31.1,29.9,0.9605
BFA-2835,Léraba,Burkina Faso,sorg,3.0,0.38,0.1249
BFA-2835,Léraba,Burkina Faso,sugc,76.3,0.55,0.0072
CIV-3431,Savanes,Ivory Coast,cott,167.4,17.04,0.1018
CIV-3431,Savanes,Ivory Coast,grou,53.0,3.03,0.0571
CIV-3431,Savanes,Ivory Coast,maiz,287.1,15.4,0.0536
CIV-3431,Savanes,Ivory Coast,pota,1.0,0.05,0.0475
CIV-3431,Savanes,Ivory Coast,rice,312.4,47.49,0.152
CIV-3431,Savanes,Ivory Coast,sorg,19.2,1.97,0.1024
CIV-3431,Savanes,Ivory Coast,sugc,731.3,5.34,0.0073
BFA-2836,Komoé,Burkina Faso,cott,27.7,6.25,0.2259
BFA-2836,Komoé,Burkina Faso,grou,20.5,2.98,0.1453
BFA-2836,Komoé,Burkina Faso,maiz,127.0,15.4,0.1212
BFA-2836,Komoé,Burkina Faso,rice,35.5,28.78,0.8102
BFA-2836,Komoé,Burkina Faso,sorg,14.3,2.43,0.1703
BFA-2836,Komoé,Burkina Faso,soyb,2.6,0.38,0.1431
BFA-2836,Komoé,Burkina Faso,sugc,42.5,0.23,0.0054
BFA-2837,Poni,Burkina Faso,cott,20.5,4.69,0.2289
BFA-2837,Poni,Burkina Faso,grou,9.3,0.97,0.1049
BFA-2837,Poni,Burkina Faso,maiz,92.1,9.87,0.1072
BFA-2837,Poni,Burkina Faso,rice,5.8,4.13,0.714
BFA-2837,Poni,Burkina Faso,sorg,30.9,4.59,0.1488
BFA-2837,Poni,Burkina Faso,sugc,25.3,0.14,0.0055
BFA-5989,Noumbiel,Burkina Faso,cott,27.3,4.97,0.182
BFA-5989,Noumbiel,Burkina Faso,grou,2.0,0.17,0.0887
BFA-5989,Noumbiel,Burkina Faso,maiz,26.0,2.03,0.0782
BFA-5989,Noumbiel,Burkina Faso,rice,4.7,1.23,0.2609
BFA-5989,Noumbiel,Burkina Faso,sorg,6.6,0.77,0.1164
BFA-5989,Noumbiel,Burkina Faso,sugc,1.4,0.0,0.0028
BFA-2805,Oudalan,Burkina Faso,grou,1.1,0.18,0.1613
BFA-2805,Oudalan,Burkina Faso,maiz,1.0,0.08,0.0731
BFA-2805,Oudalan,Burkina Faso,sorg,7.5,1.0,0.134
MLI-2690,Gao,Mali,rice,171.6,145.14,0.8457
MLI-2690,Gao,Mali,sorg,10.0,3.15,0.3153
MLI-2690,Gao,Mali,sugc,15.4,0.22,0.0144
BFA-2806,Soum,Burkina Faso,cott,6.0,0.76,0.1261
BFA-2806,Soum,Burkina Faso,grou,3.4,0.34,0.0983
BFA-2806,Soum,Burkina Faso,maiz,4.6,0.3,0.0654
BFA-2806,Soum,Burkina Faso,rice,1.7,0.94,0.5402
BFA-2806,Soum,Burkina Faso,sorg,16.7,1.79,0.1069
MLI-2809,Mopti,Mali,cott,3.5,0.37,0.1075
MLI-2809,Mopti,Mali,grou,29.5,46.51,1.5739
MLI-2809,Mopti,Mali,maiz,11.7,5.21,0.4442
MLI-2809,Mopti,Mali,pota,33.6,3.44,0.1025
MLI-2809,Mopti,Mali,rice,760.4,922.58,1.2133
MLI-2809,Mopti,Mali,sorg,53.2,76.07,1.4307
MLI-2809,Mopti,Mali,soyb,2.3,6.86,2.9848
MLI-2809,Mopti,Mali,sugc,36.3,0.54,0.0149
BFA-2822,Loroum,Burkina Faso,grou,8.9,0.7,0.078
BFA-2822,Loroum,Burkina Faso,maiz,4.4,0.24,0.0537
BFA-2822,Loroum,Burkina Faso,rice,8.2,2.7,0.3289
BFA-2822,Loroum,Burkina Faso,sorg,20.7,1.59,0.0767
BFA-2823,Yatenga,Burkina Faso,cott,2.8,0.22,0.0774
BFA-2823,Yatenga,Burkina Faso,grou,21.8,1.37,0.0628
BFA-2823,Yatenga,Burkina Faso,maiz,15.0,0.7,0.0471
BFA-2823,Yatenga,Burkina Faso,rice,8.7,4.28,0.4906
BFA-2823,Yatenga,Burkina Faso,sorg,61.3,4.46,0.0728
BFA-2808,Sourou,Burkina Faso,cott,27.8,2.23,0.0802
BFA-2808,Sourou,Burkina Faso,grou,13.6,0.62,0.0455
BFA-2808,Sourou,Burkina Faso,maiz,23.4,2.32,0.0992
BFA-2808,Sourou,Burkina Faso,pota,1.3,0.09,0.0662
BFA-2808,Sourou,Burkina Faso,rice,10.3,14.35,1.3908
BFA-2808,Sourou,Burkina Faso,sorg,48.6,4.01,0.0826
BFA-2808,Sourou,Burkina Faso,sugc,6.5,0.11,0.0163
BFA-2802,Kossi,Burkina Faso,cott,30.6,2.41,0.0789
BFA-2802,Kossi,Burkina Faso,grou,8.6,0.36,0.0418
BFA-2802,Kossi,Burkina Faso,maiz,15.8,0.58,0.0366
BFA-2802,Kossi,Burkina Faso,rice,4.7,2.31,0.4972
BFA-2802,Kossi,Burkina Faso,sorg,37.2,1.87,0.0501
MLI-2810,Ségou,Mali,cott,16.5,10.09,0.6116
MLI-2810,Ségou,Mali,grou,52.6,4.84,0.0921
MLI-2810,Ségou,Mali,maiz,223.4,14.83,0.0664
MLI-2810,Ségou,Mali,pota,43.0,0.82,0.0191
MLI-2810,Ségou,Mali,rice,1115.4,2413.55,2.1639
MLI-2810,Ségou,Mali,sorg,399.8,24.18,0.0605
MLI-2810,Ségou,Mali,soyb,3.3,0.45,0.1363
MLI-2810,Ségou,Mali,sugc,377.2,5.43,0.0144
MLI-2810,Ségou,Mali,whea,5.3,0.15,0.0275
BFA-2801,Banwa,Burkina Faso,cott,27.3,2.48,0.0909
BFA-2801,Banwa,Burkina Faso,grou,18.9,0.76,0.0402
BFA-2801,Banwa,Burkina Faso,maiz,67.5,2.72,0.0402
BFA-2801,Banwa,Burkina Faso,pota,1.0,0.03,0.0286
BFA-2801,Banwa,Burkina Faso,rice,26.9,14.57,0.5408
BFA-2801,Banwa,Burkina Faso,sorg,50.6,2.47,0.0489
BFA-2801,Banwa,Burkina Faso,soyb,1.8,0.08,0.0408
MLI-2794,Sikasso,Mali,cott,96.5,95.84,0.9931
MLI-2794,Sikasso,Mali,grou,101.0,14.61,0.1446
MLI-2794,Sikasso,Mali,maiz,1911.6,229.49,0.1201
MLI-2794,Sikasso,Mali,pota,57.7,2.12,0.0367
MLI-2794,Sikasso,Mali,rice,380.0,512.26,1.348
MLI-2794,Sikasso,Mali,sorg,308.9,30.83,0.0998
MLI-2794,Sikasso,Mali,soyb,3.7,0.84,0.228
MLI-2794,Sikasso,Mali,sugc,478.1,6.54,0.0137
MLI-2794,Sikasso,Mali,whea,1.3,0.05,0.0408
BFA-2799,Houet,Burkina Faso,cott,167.7,25.64,0.1529
BFA-2799,Houet,Burkina Faso,grou,29.7,2.37,0.0799
BFA-2799,Houet,Burkina Faso,maiz,182.1,13.25,0.0727
BFA-2799,Houet,Burkina Faso,pota,2.7,0.22,0.0802
BFA-2799,Houet,Burkina Faso,rice,41.1,42.98,1.0464
BFA-2799,Houet,Burkina Faso,sorg,70.4,7.13,0.1012
BFA-2799,Houet,Burkina Faso,soyb,7.8,0.63,0.0802
BFA-2799,Houet,Burkina Faso,sugc,84.3,0.41,0.0049
BFA-2800,Kénédougou,Burkina Faso,cott,50.1,7.33,0.1463
BFA-2800,Kénédougou,Burkina Faso,grou,13.4,0.92,0.0691
BFA-2800,Kénédougou,Burkina Faso,maiz,160.0,10.45,0.0653
BFA-2800,Kénédougou,Burkina Faso,pota,1.5,0.09,0.0648
BFA-2800,Kénédougou,Burkina Faso,rice,34.2,22.15,0.6477
BFA-2800,Kénédougou,Burkina Faso,sorg,27.2,2.42,0.0887
BFA-2800,Kénédougou,Burkina Faso,soyb,7.8,0.58,0.0751
BFA-2800,Kénédougou,Burkina Faso,sugc,3.1,0.02,0.0051
LBR-791,Nimba,Liberia,grou,1.3,0.38,0.2878
LBR-791,Nimba,Liberia,maiz,1.3,0.1,0.0765
LBR-791,Nimba,Liberia,rice,26.5,9.64,0.3637
LBR-791,Nimba,Liberia,sugc,14.2,0.65,0.0456
CIV-3459,Cavally,Ivory Coast,cott,4.1,0.61,0.1482
CIV-3459,Cavally,Ivory Coast,grou,4.8,0.36,0.0738
CIV-3459,Cavally,Ivory Coast,maiz,30.1,1.16,0.0384
CIV-3459,Cavally,Ivory Coast,oilp,68.0,0.51,0.0075
CIV-3459,Cavally,Ivory Coast,rice,33.7,4.79,0.1423
CIV-3459,Cavally,Ivory Coast,sorg,1.8,0.24,0.1326
CIV-3459,Cavally,Ivory Coast,sugc,30.8,0.16,0.0053
LBR-793,Grand Gedeh,Liberia,oilp,2.4,0.01,0.0029
LBR-793,Grand Gedeh,Liberia,rice,5.5,1.39,0.2541
LBR-793,Grand Gedeh,Liberia,sugc,3.1,0.1,0.0329
CIV-3448,Bas-Sassandra,Ivory Coast,cott,17.3,1.75,0.1013
CIV-3448,Bas-Sassandra,Ivory Coast,grou,12.4,1.04,0.0833
CIV-3448,Bas-Sassandra,Ivory Coast,maiz,60.6,2.61,0.0431
CIV-3448,Bas-Sassandra,Ivory Coast,oilp,325.4,2.79,0.0086
CIV-3448,Bas-Sassandra,Ivory Coast,rice,89.2,10.92,0.1224
CIV-3448,Bas-Sassandra,Ivory Coast,sorg,3.3,0.33,0.1006
CIV-3448,Bas-Sassandra,Ivory Coast,sugc,58.1,0.14,0.0025
LBR-1458,River Gee,Liberia,oilp,2.7,0.01,0.0026
LBR-1458,River Gee,Liberia,rice,7.4,1.81,0.2459
LBR-1458,River Gee,Liberia,sugc,3.0,0.1,0.0328
LBR-781,Maryland,Liberia,oilp,7.2,1.5,0.2074
LBR-781,Maryland,Liberia,rice,7.3,11.15,1.5174
LBR-781,Maryland,Liberia,sugc,10.1,2.02,0.1998
GIN-5651,Macenta,Guinea,grou,6.7,0.87,0.1312
GIN-5651,Macenta,Guinea,maiz,15.6,1.25,0.0802
GIN-5651,Macenta,Guinea,pota,1.7,0.02,0.0104
GIN-5651,Macenta,Guinea,rice,72.6,16.42,0.226
GIN-5651,Macenta,Guinea,sugc,8.6,0.08,0.0095
GIN-5659,Yomou,Guinea,grou,2.9,0.29,0.0986
GIN-5659,Yomou,Guinea,maiz,8.9,0.58,0.0646
GIN-5659,Yomou,Guinea,rice,43.9,9.12,0.2078
GIN-5659,Yomou,Guinea,sugc,4.2,0.05,0.012
LBR-784,Bong,Liberia,grou,1.3,0.23,0.1802
LBR-784,Bong,Liberia,oilp,10.5,0.03,0.0024
LBR-784,Bong,Liberia,rice,44.5,12.24,0.2754
LBR-784,Bong,Liberia,sugc,32.4,1.15,0.0354
GIN-5655,Nzérékoré,Guinea,grou,2.5,0.28,0.113
GIN-5655,Nzérékoré,Guinea,maiz,7.2,0.54,0.0749
GIN-5655,Nzérékoré,Guinea,rice,33.9,7.09,0.2092
GIN-5655,Nzérékoré,Guinea,sugc,2.4,0.02,0.0075
GIN-5639,Gaoual,Guinea,cott,1.5,0.84,0.5655
GIN-5639,Gaoual,Guinea,grou,54.2,14.79,0.2728
GIN-5639,Gaoual,Guinea,maiz,32.1,6.58,0.2047
GIN-5639,Gaoual,Guinea,pota,4.0,0.16,0.0405
GIN-5639,Gaoual,Guinea,rice,153.9,45.59,0.2963
GIN-5639,Gaoual,Guinea,sorg,2.9,0.83,0.2895
GIN-5639,Gaoual,Guinea,sugc,7.3,0.08,0.0114
GNB-777,Gabú,Guinea Bissau,cott,1.2,0.64,0.5381
GNB-777,Gabú,Guinea Bissau,grou,35.4,9.05,0.2554
GNB-777,Gabú,Guinea Bissau,maiz,7.2,0.96,0.1343
GNB-777,Gabú,Guinea Bissau,rice,60.8,63.08,1.0377
GNB-777,Gabú,Guinea Bissau,sorg,2.5,0.51,0.2032
GNB-777,Gabú,Guinea Bissau,sugc,2.4,0.1,0.0423
GIN-5629,Boke,Guinea,cott,1.7,20.99,12.4935
GIN-5629,Boke,Guinea,grou,33.7,185.04,5.4842
GIN-5629,Boke,Guinea,maiz,13.3,54.54,4.107
GIN-5629,Boke,Guinea,oilp,214.3,514.48,2.4012
GIN-5629,Boke,Guinea,pota,12.5,22.29,1.7879
GIN-5629,Boke,Guinea,rice,72.7,325.41,4.4773
GIN-5629,Boke,Guinea,sorg,2.4,29.14,12.1937
GIN-5629,Boke,Guinea,sugc,9.6,2.36,0.2449
GNB-778,Tombali,Guinea Bissau,grou,9.8,78.82,8.059
GNB-778,Tombali,Guinea Bissau,rice,25.8,162.78,6.3168
GNB-778,Tombali,Guinea Bissau,sorg,9.5,77.16,8.0967
GNB-778,Tombali,Guinea Bissau,sugc,1.2,0.5,0.4195
GIN-5657,Siguiri,Guinea,cott,6.7,0.87,0.1301
GIN-5657,Siguiri,Guinea,grou,62.7,7.24,0.1154
GIN-5657,Siguiri,Guinea,maiz,62.0,5.69,0.0917
GIN-5657,Siguiri,Guinea,pota,47.3,0.47,0.0099
GIN-5657,Siguiri,Guinea,rice,208.4,215.37,1.0335
GIN-5657,Siguiri,Guinea,sorg,9.4,0.86,0.0915
GIN-5657,Siguiri,Guinea,sugc,35.1,0.16,0.0045
MLI-4860,Koulikoro,Mali,cott,27.3,19.59,0.7183
MLI-4860,Koulikoro,Mali,grou,156.0,18.07,0.1159
MLI-4860,Koulikoro,Mali,maiz,957.9,73.74,0.077
MLI-4860,Koulikoro,Mali,pota,40.0,0.82,0.0205
MLI-4860,Koulikoro,Mali,rice,242.6,202.64,0.8352
MLI-4860,Koulikoro,Mali,sorg,526.7,42.69,0.0811
MLI-4860,Koulikoro,Mali,soyb,2.1,0.4,0.1864
MLI-4860,Koulikoro,Mali,sugc,12.4,0.2,0.0164
GIN-5645,Koubia,Guinea,grou,6.7,1.22,0.1818
GIN-5645,Koubia,Guinea,maiz,24.5,2.43,0.0993
GIN-5645,Koubia,Guinea,rice,14.2,3.79,0.2665
GIN-5658,Tougué,Guinea,grou,15.6,2.51,0.1605
GIN-5658,Tougué,Guinea,maiz,44.4,3.62,0.0815
GIN-5658,Tougué,Guinea,pota,2.0,0.03,0.0145
GIN-5658,Tougué,Guinea,rice,35.4,8.62,0.2434
GIN-5658,Tougué,Guinea,sorg,1.6,0.11,0.0682
GIN-5658,Tougué,Guinea,sugc,3.6,0.01,0.0034
GIN-5634,Dinguiraye,Guinea,cott,2.4,0.34,0.1436
GIN-5634,Dinguiraye,Guinea,grou,52.4,7.55,0.144
GIN-5634,Dinguiraye,Guinea,maiz,34.4,3.39,0.0986
GIN-5634,Dinguiraye,Guinea,pota,14.4,0.18,0.0122
GIN-5634,Dinguiraye,Guinea,rice,128.7,57.72,0.4485
GIN-5634,Dinguiraye,Guinea,sorg,3.4,0.31,0.0904
GIN-5634,Dinguiraye,Guinea,sugc,10.5,0.05,0.0043
KHM-1792,Stœng Trêng,Cambodia,maiz,2.0,0.32,0.1585
KHM-1792,Stœng Trêng,Cambodia,rice,54.7,24.85,0.4542
KHM-1792,Stœng Trêng,Cambodia,soyb,1.0,0.85,0.8291
VNM-512,Hà Giang,Vietnam,grou,12.9,2.35,0.1822
VNM-512,Hà Giang,Vietnam,maiz,217.0,76.34,0.3518
VNM-512,Hà Giang,Vietnam,pota,29.6,1.69,0.057
VNM-512,Hà Giang,Vietnam,rice,200.0,64.29,0.3214
VNM-512,Hà Giang,Vietnam,soyb,2.0,0.73,0.3648
VNM-512,Hà Giang,Vietnam,sugc,537.9,21.76,0.0404
CHN-1152,Guangxi,China,cott,8.1,2.62,0.3239
CHN-1152,Guangxi,China,grou,814.0,194.52,0.239
CHN-1152,Guangxi,China,maiz,3667.9,860.72,0.2347
CHN-1152,Guangxi,China,pota,1107.7,72.39,0.0654
CHN-1152,Guangxi,China,rape,70.8,32.57,0.4602
CHN-1152,Guangxi,China,rice,12249.2,14533.46,1.1865
CHN-1152,Guangxi,China,sorg,31.9,5.67,0.1777
CHN-1152,Guangxi,China,soyb,219.8,61.76,0.281
CHN-1152,Guangxi,China,sugc,67108.9,2657.59,0.0396
CHN-1152,Guangxi,China,whea,21.1,5.07,0.2411
VNM-511,Cao Bằng,Vietnam,grou,10.5,1.95,0.1855
VNM-511,Cao Bằng,Vietnam,maiz,158.0,56.69,0.3588
VNM-511,Cao Bằng,Vietnam,pota,25.6,1.48,0.0578
VNM-511,Cao Bằng,Vietnam,rice,129.6,33.95,0.262
VNM-511,Cao Bằng,Vietnam,soyb,1.3,0.53,0.3962
VNM-511,Cao Bằng,Vietnam,sugc,507.4,20.1,0.0396
VNM-5483,Lào Cai,Vietnam,grou,9.9,1.82,0.1844
VNM-5483,Lào Cai,Vietnam,maiz,188.2,66.63,0.3541
VNM-5483,Lào Cai,Vietnam,pota,19.4,1.08,0.0558
VNM-5483,Lào Cai,Vietnam,rice,240.5,56.65,0.2355
VNM-5483,Lào Cai,Vietnam,soyb,1.4,0.54,0.383
VNM-5483,Lào Cai,Vietnam,sugc,378.9,15.24,0.0402
VNM-453,Lai Chau,Vietnam,grou,1.9,0.35,0.1814
VNM-453,Lai Chau,Vietnam,maiz,50.0,17.78,0.3554
VNM-453,Lai Chau,Vietnam,pota,4.6,0.26,0.0562
VNM-453,Lai Chau,Vietnam,rice,90.8,21.16,0.233
VNM-453,Lai Chau,Vietnam,sugc,77.3,3.18,0.0411
VNM-454,Lạng Sơn,Vietnam,grou,6.3,1.41,0.2246
VNM-454,Lạng Sơn,Vietnam,maiz,77.7,29.74,0.383
VNM-454,Lạng Sơn,Vietnam,pota,14.4,0.93,0.0645
VNM-454,Lạng Sơn,Vietnam,rice,187.5,177.48,0.9465
VNM-454,Lạng Sơn,Vietnam,sugc,336.1,13.63,0.0406
VNM-429,Quảng Ninh,Vietnam,grou,3.4,0.7,0.205
VNM-429,Quảng Ninh,Vietnam,maiz,12.2,4.68,0.384
VNM-429,Quảng Ninh,Vietnam,pota,7.3,0.45,0.0613
VNM-429,Quảng Ninh,Vietnam,rice,224.6,237.85,1.0588
VNM-429,Quảng Ninh,Vietnam,sugc,152.2,6.58,0.0433
BRN-1182,Brunei and Muara,Brunei,oilp,80.0,2.84,0.0355
BRN-1182,Brunei and Muara,Brunei,rice,4.0,4.13,1.0205
BRN-1181,Belait,Brunei,oilp,95.0,2.61,0.0275
BRN-1181,Belait,Brunei,rice,1.0,0.27,0.2596
IND-3301,Tripura,India,cott,1.1,0.67,0.6009
IND-3301,Tripura,India,grou,4.6,0.98,0.213
IND-3301,Tripura,India,maiz,48.7,8.91,0.1831
IND-3301,Tripura,India,pota,195.1,8.69,0.0445
IND-3301,Tripura,India,rape,10.8,3.68,0.3392
IND-3301,Tripura,India,rice,1082.8,630.53,0.5823
IND-3301,Tripura,India,sugc,60.2,1.23,0.0204
BGD-2488,Sylhet,Bangladesh,cott,4.3,6.98,1.6351
BGD-2488,Sylhet,Bangladesh,grou,1.4,2.73,1.939
BGD-2488,Sylhet,Bangladesh,maiz,3.7,2.1,0.5678
BGD-2488,Sylhet,Bangladesh,pota,155.0,29.16,0.1881
BGD-2488,Sylhet,Bangladesh,rape,2.5,6.09,2.4075
BGD-2488,Sylhet,Bangladesh,rice,4639.9,4467.86,0.9629
BGD-2488,Sylhet,Bangladesh,sugc,42.7,2.44,0.0571
BGD-2488,Sylhet,Bangladesh,whea,3.6,3.13,0.8706
IND-2489,Meghalaya,India,cott,5.7,6.27,1.1072
IND-2489,Meghalaya,India,maiz,72.3,24.16,0.3344
IND-2489,Meghalaya,India,pota,459.9,41.15,0.0895
IND-2489,Meghalaya,India,rape,15.6,11.68,0.7465
IND-2489,Meghalaya,India,rice,725.8,555.95,0.766
IND-2489,Meghalaya,India,soyb,1.8,1.18,0.655
IND-2489,Meghalaya,India,sugc,85.2,2.27,0.0267
IND-2489,Meghalaya,India,whea,5.6,1.44,0.2581
BGD-1806,Dhaka,Bangladesh,cott,3.7,1.27,0.3434
BGD-1806,Dhaka,Bangladesh,grou,12.7,14.05,1.1108
BGD-1806,Dhaka,Bangladesh,maiz,431.8,82.6,0.1913
BGD-1806,Dhaka,Bangladesh,pota,1434.7,250.8,0.1748
BGD-1806,Dhaka,Bangladesh,rape,90.8,111.16,1.2245
BGD-1806,Dhaka,Bangladesh,rice,13069.2,11333.35,0.8672
BGD-1806,Dhaka,Bangladesh,sugc,555.8,24.7,0.0444
BGD-1806,Dhaka,Bangladesh,whea,167.0,71.51,0.4282
BGD-5492,Rangpur,Bangladesh,cott,2.4,0.83,0.3389
BGD-5492,Rangpur,Bangladesh,grou,17.9,19.77,1.1076
BGD-5492,Rangpur,Bangladesh,maiz,1747.5,348.81,0.1996
BGD-5492,Rangpur,Bangladesh,pota,3716.2,611.49,0.1645
BGD-5492,Rangpur,Bangladesh,rape,47.0,59.82,1.273
BGD-5492,Rangpur,Bangladesh,rice,8807.5,6784.5,0.7703
BGD-5492,Rangpur,Bangladesh,sugc,506.5,21.21,0.0419
BGD-5492,Rangpur,Bangladesh,whea,305.3,124.35,0.4073
BGD-3255,Rajshahi,Bangladesh,grou,6.1,3.79,0.6256
BGD-3255,Rajshahi,Bangladesh,maiz,690.4,170.24,0.2466
BGD-3255,Rajshahi,Bangladesh,pota,3461.9,462.05,0.1335
BGD-3255,Rajshahi,Bangladesh,rape,187.5,179.53,0.9575
BGD-3255,Rajshahi,Bangladesh,rice,9293.6,7227.16,0.7776
BGD-3255,Rajshahi,Bangladesh,sugc,1748.8,75.86,0.0434
BGD-3255,Rajshahi,Bangladesh,whea,373.9,125.51,0.3357
BGD-2432,Khulna,Bangladesh,cott,28.8,12.0,0.4168
BGD-2432,Khulna,Bangladesh,grou,3.8,4.92,1.2807
BGD-2432,Khulna,Bangladesh,maiz,717.1,206.26,0.2876
BGD-2432,Khulna,Bangladesh,pota,303.0,47.21,0.1558
BGD-2432,Khulna,Bangladesh,rape,53.6,90.05,1.6813
BGD-2432,Khulna,Bangladesh,rice,7823.0,7469.67,0.9548
BGD-2432,Khulna,Bangladesh,soyb,1.8,2.71,1.5497
BGD-2432,Khulna,Bangladesh,sugc,544.5,26.7,0.049
BGD-2432,Khulna,Bangladesh,whea,129.5,50.07,0.3867
MOZ-1198,Cabo Delgado,Mozambique,cott,17.9,2.38,0.1333
MOZ-1198,Cabo Delgado,Mozambique,grou,10.0,5.04,0.5026
MOZ-1198,Cabo Delgado,Mozambique,maiz,138.7,12.95,0.0934
MOZ-1198,Cabo Delgado,Mozambique,rice,16.1,10.25,0.6367
MOZ-1198,Cabo Delgado,Mozambique,sorg,17.0,2.62,0.1543
TZA-3388,Mtwara,United Republic of Tanzania,grou,20.6,11.35,0.5514
TZA-3388,Mtwara,United Republic of Tanzania,maiz,89.2,8.65,0.097
TZA-3388,Mtwara,United Republic of Tanzania,pota,6.7,0.15,0.0229
TZA-3388,Mtwara,United Republic of Tanzania,rice,66.2,26.86,0.4058
TZA-3388,Mtwara,United Republic of Tanzania,sorg,14.9,4.86,0.3259
TZA-3388,Mtwara,United Republic of Tanzania,sugc,5.1,0.04,0.0072
MOZ-1199,Niassa,Mozambique,cott,17.4,4.4,0.2524
MOZ-1199,Niassa,Mozambique,grou,7.6,6.34,0.8384
MOZ-1199,Niassa,Mozambique,maiz,161.7,27.08,0.1675
MOZ-1199,Niassa,Mozambique,pota,84.4,6.87,0.0814
MOZ-1199,Niassa,Mozambique,rice,11.7,6.07,0.5199
MOZ-1199,Niassa,Mozambique,sorg,9.1,7.38,0.8118
MOZ-1199,Niassa,Mozambique,soyb,7.6,1.01,0.1324
MOZ-1199,Niassa,Mozambique,whea,1.2,0.16,0.1328
ESP-5812,Cádiz,Spain,barl,40.8,6.1,0.1496
ESP-5812,Cádiz,Spain,cott,14.1,7.26,0.5148
ESP-5812,Cádiz,Spain,maiz,8.0,0.84,0.1046
ESP-5812,Cádiz,Spain,pota,19.9,0.64,0.0319
ESP-5812,Cádiz,Spain,rice,16.3,18.51,1.1383
ESP-5812,Cádiz,Spain,whea,109.7,20.33,0.1853
USA-3519,Washington,United States of America,barl,117.9,13.44,0.1139
USA-3519,Washington,United States of America,maiz,665.0,120.92,0.1818
USA-3519,Washington,United States of America,pota,2853.0,106.08,0.0372
USA-3519,Washington,United States of America,rape,77.6,28.7,0.3699
USA-3519,Washington,United States of America,whea,2939.3,514.95,0.1752
CAN-633,British Columbia,Canada,barl,87.5,58.67,0.6707
CAN-633,British Columbia,Canada,maiz,3.1,1.82,0.5812
CAN-633,British Columbia,Canada,pota,93.2,8.95,0.096
CAN-633,British Columbia,Canada,rape,76.3,89.31,1.1713
CAN-633,British Columbia,Canada,whea,87.2,54.18,0.6211
USA-3518,Idaho,United States of America,barl,809.4,74.73,0.0923
USA-3518,Idaho,United States of America,maiz,646.8,62.41,0.0965
USA-3518,Idaho,United States of America,pota,5678.0,136.32,0.024
USA-3518,Idaho,United States of America,rape,4.0,0.86,0.2161
USA-3518,Idaho,United States of America,whea,1566.5,197.13,0.1258
USA-3515,Montana,United States of America,barl,1142.1,62.63,0.0548
USA-3515,Montana,United States of America,maiz,237.4,11.06,0.0466
USA-3515,Montana,United States of America,pota,199.0,3.29,0.0165
USA-3515,Montana,United States of America,rape,123.0,16.77,0.1363
USA-3515,Montana,United States of America,soyb,115.8,2.6,0.0225
USA-3515,Montana,United States of America,whea,6632.8,460.82,0.0695
CAN-632,Alberta,Canada,barl,4979.6,2661.45,0.5345
CAN-632,Alberta,Canada,maiz,116.9,32.58,0.2787
CAN-632,Alberta,Canada,pota,884.6,91.32,0.1032
CAN-632,Alberta,Canada,rape,5432.9,5688.21,1.047
CAN-632,Alberta,Canada,soyb,6.5,2.92,0.4492
CAN-632,Alberta,Canada,whea,10286.6,4579.56,0.4452
CAN-631,Saskatchewan,Canada,barl,4725.8,1319.85,0.2793
CAN-631,Saskatchewan,Canada,maiz,40.3,2.12,0.0524
CAN-631,Saskatchewan,Canada,pota,96.9,4.94,0.051
CAN-631,Saskatchewan,Canada,rape,10893.2,4780.99,0.4389
CAN-631,Saskatchewan,Canada,soyb,129.7,25.79,0.1989
CAN-631,Saskatchewan,Canada,whea,18560.4,3313.81,0.1785
USA-3516,North Dakota,United States of America,barl,862.8,74.46,0.0863
USA-3516,North Dakota,United States of America,maiz,10315.8,727.11,0.0705
USA-3516,North Dakota,United States of America,pota,1251.6,30.89,0.0247
USA-3516,North Dakota,United States of America,rape,1275.5,197.55,0.1549
USA-3516,North Dakota,United States of America,soyb,8504.2,225.8,0.0266
USA-3516,North Dakota,United States of America,whea,8349.3,925.11,0.1108
CAN-630,Manitoba,Canada,barl,552.9,936.53,1.6939
CAN-630,Manitoba,Canada,maiz,1486.2,213.83,0.1439
CAN-630,Manitoba,Canada,pota,992.0,113.88,0.1148
CAN-630,Manitoba,Canada,rape,3018.6,2592.28,0.8588
CAN-630,Manitoba,Canada,soyb,1522.4,288.0,0.1892
CAN-630,Manitoba,Canada,whea,4499.8,4140.91,0.9202
USA-3514,Minnesota,United States of America,barl,106.0,41.11,0.3879
USA-3514,Minnesota,United States of America,maiz,29563.2,3528.26,0.1193
USA-3514,Minnesota,United States of America,pota,777.0,36.39,0.0468
USA-3514,Minnesota,United States of America,rape,51.6,40.06,0.7759
USA-3514,Minnesota,United States of America,sorg,1.3,0.25,0.1909
USA-3514,Minnesota,United States of America,soyb,10193.3,2763.22,0.2711
USA-3514,Minnesota,United States of America,whea,1719.2,1264.31,0.7354
CAN-682,Ontario,Canada,barl,121.6,116.04,0.9542
CAN-682,Ontario,Canada,maiz,8147.4,3253.57,0.3993
CAN-682,Ontario,Canada,pota,529.5,89.39,0.1688
CAN-682,Ontario,Canada,rape,33.3,77.86,2.3383
CAN-682,Ontario,Canada,soyb,3466.8,1393.57,0.402
CAN-682,Ontario,Canada,whea,1575.4,902.46,0.5729
USA-3562,Michigan,United States of America,barl,16.1,6.9,0.4279
USA-3562,Michigan,United States of America,maiz,9112.4,2500.78,0.2744
USA-3562,Michigan,United States of America,pota,859.5,41.9,0.0488
USA-3562,Michigan,United States of America,sorg,3.2,1.53,0.4818
USA-3562,Michigan,United States of America,soyb,2875.0,2007.11,0.6981
USA-3562,Michigan,United States of America,whea,646.0,452.99,0.7012
USA-3550,Ohio,United States of America,maiz,11491.8,1724.52,0.1501
USA-3550,Ohio,United States of America,pota,36.7,1.63,0.0444
USA-3550,Ohio,United States of America,soyb,6375.8,466.67,0.0732
USA-3550,Ohio,United States of America,whea,594.4,137.32,0.231
USA-3560,Pennsylvania,United States of America,barl,65.0,12.13,0.1866
USA-3560,Pennsylvania,United States of America,maiz,4921.3,729.91,0.1483
USA-3560,Pennsylvania,United States of America,pota,140.6,6.49,0.0461
USA-3560,Pennsylvania,United States of America,sorg,8.5,1.97,0.2329
USA-3560,Pennsylvania,United States of America,soyb,860.2,62.41,0.0726
USA-3560,Pennsylvania,United States of America,whea,225.9,59.58,0.2638
USA-3559,New York,United States of America,barl,9.6,3.01,0.3119
USA-3559,New York,United States of America,maiz,2678.6,467.2,0.1744
USA-3559,New York,United States of America,pota,273.3,16.74,0.0612
USA-3559,New York,United States of America,sorg,1.5,0.48,0.3242
USA-3559,New York,United States of America,soyb,396.4,52.64,0.1328
USA-3559,New York,United States of America,whea,139.2,53.14,0.3817
CAN-683,Québec,Canada,barl,153.3,493.43,3.2185
CAN-683,Québec,Canada,maiz,3531.3,2590.76,0.7337
CAN-683,Québec,Canada,pota,623.1,239.93,0.3851
CAN-683,Québec,Canada,rape,24.1,105.55,4.3707
CAN-683,Québec,Canada,soyb,1121.0,2011.83,1.7946
CAN-683,Québec,Canada,whea,332.9,722.24,2.1695
USA-3540,Vermont,United States of America,maiz,1.5,0.29,0.1909
USA-3540,Vermont,United States of America,pota,1.6,0.14,0.0854
USA-3540,Vermont,United States of America,whea,1.1,0.9,0.8552
USA-3561,Maine,United States of America,barl,24.4,14.99,0.6154
USA-3561,Maine,United States of America,pota,869.5,81.78,0.094
USA-3561,Maine,United States of America,soyb,1.9,1.07,0.5667
CAN-684,New Brunswick,Canada,barl,27.0,37.59,1.392
CAN-684,New Brunswick,Canada,maiz,32.0,59.61,1.8645
CAN-684,New Brunswick,Canada,pota,815.3,183.05,0.2245
CAN-684,New Brunswick,Canada,soyb,10.3,16.96,1.643
CAN-684,New Brunswick,Canada,whea,15.9,23.06,1.452
USA-3520,Arizona,United States of America,barl,27.1,2.54,0.0938
USA-3520,Arizona,United States of America,cott,122.6,24.53,0.2001
USA-3520,Arizona,United States of America,maiz,139.9,9.64,0.0689
USA-3520,Arizona,United States of America,pota,61.6,1.27,0.0206
USA-3520,Arizona,United States of America,sorg,4.9,0.53,0.1079
USA-3520,Arizona,United States of America,whea,77.8,9.62,0.1236
MEX-2712,Sonora,Mexico,cott,25.2,2.5,0.0991
MEX-2712,Sonora,Mexico,grou,1.2,0.3,0.2538
MEX-2712,Sonora,Mexico,maiz,252.8,48.52,0.1919
MEX-2712,Sonora,Mexico,pota,448.5,8.12,0.0181
MEX-2712,Sonora,Mexico,sorg,41.8,5.97,0.143
MEX-2712,Sonora,Mexico,soyb,7.6,0.62,0.0813
MEX-2712,Sonora,Mexico,whea,1284.5,147.08,0.1145
MEX-2706,Baja California,Mexico,barl,10.6,1.55,0.1466
MEX-2706,Baja California,Mexico,cott,81.5,13.18,0.1616
MEX-2706,Baja California,Mexico,maiz,16.5,2.34,0.1419
MEX-2706,Baja California,Mexico,pota,3.8,0.13,0.035
MEX-2706,Baja California,Mexico,sorg,2.3,0.35,0.1544
MEX-2706,Baja California,Mexico,whea,244.2,44.93,0.184
USA-3521,California,United States of America,barl,46.9,10.91,0.2329
USA-3521,California,United States of America,cott,169.8,105.86,0.6234
USA-3521,California,United States of America,maiz,410.4,156.6,0.3816
USA-3521,California,United States of America,pota,598.8,22.39,0.0374
USA-3521,California,United States of America,rice,1960.0,844.89,0.4311
USA-3521,California,United States of America,sorg,7.3,2.15,0.2938
USA-3521,California,United States of America,whea,185.7,57.4,0.3092
USA-3524,New Mexico,United States of America,cott,62.4,10.21,0.1636
USA-3524,New Mexico,United States of America,grou,20.8,1.3,0.0626
USA-3524,New Mexico,United States of America,maiz,195.6,11.85,0.0606
USA-3524,New Mexico,United States of America,pota,102.2,0.71,0.0069
USA-3524,New Mexico,United States of America,rice,7.7,4.27,0.558
USA-3524,New Mexico,United States of America,sorg,102.4,13.93,0.136
USA-3524,New Mexico,United States of America,whea,154.0,20.55,0.1335
MEX-2709,Chihuahua,Mexico,barl,1.9,0.11,0.0554
MEX-2709,Chihuahua,Mexico,cott,455.9,17.15,0.0376
MEX-2709,Chihuahua,Mexico,grou,11.5,0.48,0.0418
MEX-2709,Chihuahua,Mexico,maiz,746.6,15.93,0.0213
MEX-2709,Chihuahua,Mexico,pota,52.4,0.21,0.004
MEX-2709,Chihuahua,Mexico,sorg,14.5,0.35,0.0244
MEX-2709,Chihuahua,Mexico,whea,75.0,0.95,0.0126
USA-3536,Texas,United States of America,cott,4266.3,799.78,0.1875
USA-3536,Texas,United States of America,grou,293.2,18.59,0.0634
USA-3536,Texas,United States of America,maiz,7506.7,565.98,0.0754
USA-3536,Texas,United States of America,pota,293.7,9.67,0.0329
USA-3536,Texas,United States of America,rice,539.2,237.69,0.4408
USA-3536,Texas,United States of America,sorg,2744.4,352.45,0.1284
USA-3536,Texas,United States of America,soyb,173.9,20.9,0.1202
USA-3536,Texas,United States of America,sugc,1406.4,23.23,0.0165
USA-3536,Texas,United States of America,whea,2889.9,478.35,0.1655
MEX-2708,Coahuila,Mexico,cott,53.5,4.57,0.0854
MEX-2708,Coahuila,Mexico,maiz,96.3,16.76,0.1741
MEX-2708,Coahuila,Mexico,pota,20.1,0.32,0.0161
MEX-2708,Coahuila,Mexico,sorg,4.5,0.3,0.067
MEX-2708,Coahuila,Mexico,whea,30.0,1.94,0.0648
MEX-2716,Tamaulipas,Mexico,barl,1.1,0.02,0.019
MEX-2716,Tamaulipas,Mexico,cott,35.2,1.9,0.0541
MEX-2716,Tamaulipas,Mexico,maiz,549.8,26.25,0.0477
MEX-2716,Tamaulipas,Mexico,pota,1.8,0.01,0.0051
MEX-2716,Tamaulipas,Mexico,rice,10.7,18.04,1.6825
MEX-2716,Tamaulipas,Mexico,sorg,2423.6,216.54,0.0893
MEX-2716,Tamaulipas,Mexico,soyb,57.8,8.49,0.1469
MEX-2716,Tamaulipas,Mexico,sugc,3066.4,24.07,0.0078
MEX-2716,Tamaulipas,Mexico,whea,11.4,0.32,0.0278
MEX-2714,Nuevo León,Mexico,maiz,208.3,16.24,0.078
MEX-2714,Nuevo León,Mexico,pota,86.7,0.93,0.0107
MEX-2714,Nuevo León,Mexico,sorg,46.5,4.5,0.0968
MEX-2714,Nuevo León,Mexico,whea,85.1,9.12,0.1071
BLZ-1324,Cayo,Belize,maiz,37.6,17.46,0.4647
BLZ-1324,Cayo,Belize,rice,4.9,2.72,0.5551
BLZ-1324,Cayo,Belize,sorg,2.5,1.75,0.6984
BLZ-1324,Cayo,Belize,soyb,6.1,6.46,1.0651
BLZ-1324,Cayo,Belize,sugc,409.6,65.6,0.1602
GTM-1944,Petén,Guatemala,grou,4.6,0.49,0.1063
GTM-1944,Petén,Guatemala,maiz,345.2,94.69,0.2743
GTM-1944,Petén,Guatemala,oilp,932.1,22.35,0.024
GTM-1944,Petén,Guatemala,sorg,12.8,3.85,0.2999
GTM-1944,Petén,Guatemala,soyb,21.8,2.2,0.1011
GTM-1944,Petén,Guatemala,sugc,85.3,0.99,0.0116
BLZ-1326,Orange Walk,Belize,maiz,42.8,39.84,0.9312
BLZ-1326,Orange Walk,Belize,rice,7.1,5.24,0.7388
BLZ-1326,Orange Walk,Belize,sorg,5.2,8.17,1.5738
BLZ-1326,Orange Walk,Belize,soyb,3.0,9.31,3.134
BLZ-1326,Orange Walk,Belize,sugc,1272.1,172.8,0.1358
BLZ-1325,Corozal,Belize,maiz,1.9,0.7,0.3622
BLZ-1325,Corozal,Belize,sorg,1.9,9.36,4.9279
BLZ-1325,Corozal,Belize,soyb,2.2,44.57,19.8089
BLZ-1325,Corozal,Belize,sugc,12.5,12.85,1.031
MEX-2736,Quintana Roo,Mexico,maiz,217.2,384.98,1.7723
MEX-2736,Quintana Roo,Mexico,sorg,17.2,36.03,2.0972
MEX-2736,Quintana Roo,Mexico,soyb,5.6,16.29,2.9302
MEX-2736,Quintana Roo,Mexico,sugc,1874.7,50.52,0.0269
MEX-2722,Campeche,Mexico,grou,1.2,1.62,1.3483
MEX-2722,Campeche,Mexico,maiz,671.5,460.79,0.6863
MEX-2722,Campeche,Mexico,oilp,338.5,133.18,0.3934
MEX-2722,Campeche,Mexico,rice,77.4,118.57,1.5322
MEX-2722,Campeche,Mexico,sorg,99.6,101.08,1.0152
MEX-2722,Campeche,Mexico,soyb,70.7,45.49,0.6433
MEX-2722,Campeche,Mexico,sugc,1347.9,67.64,0.0502
MEX-2725,Tabasco,Mexico,maiz,322.7,183.64,0.5691
MEX-2725,Tabasco,Mexico,oilp,319.1,41.35,0.1296
MEX-2725,Tabasco,Mexico,rice,22.5,26.68,1.1852
MEX-2725,Tabasco,Mexico,sorg,16.5,6.63,0.4023
MEX-2725,Tabasco,Mexico,sugc,2527.5,79.85,0.0316
MEX-2735,Chiapas,Mexico,grou,14.3,2.17,0.151
MEX-2735,Chiapas,Mexico,maiz,2542.4,155.87,0.0613
MEX-2735,Chiapas,Mexico,oilp,615.6,125.25,0.2035
MEX-2735,Chiapas,Mexico,pota,64.0,0.29,0.0045
MEX-2735,Chiapas,Mexico,rice,3.5,1.44,0.4156
MEX-2735,Chiapas,Mexico,sorg,30.3,5.86,0.1936
MEX-2735,Chiapas,Mexico,soyb,17.4,3.32,0.1907
MEX-2735,Chiapas,Mexico,sugc,2228.5,114.19,0.0512
GTM-1947,San Marcos,Guatemala,maiz,143.7,45.27,0.315
GTM-1947,San Marcos,Guatemala,oilp,110.0,3.32,0.0302
GTM-1947,San Marcos,Guatemala,pota,69.8,2.27,0.0325
GTM-1947,San Marcos,Guatemala,sorg,1.8,1.26,0.7141
GTM-1947,San Marcos,Guatemala,soyb,1.0,2.5,2.452
GTM-1947,San Marcos,Guatemala,sugc,217.6,5.13,0.0236
GTM-1943,Huehuetenango,Guatemala,maiz,105.4,36.69,0.3481
GTM-1943,Huehuetenango,Guatemala,pota,195.0,6.4,0.0328
GTM-1943,Huehuetenango,Guatemala,sorg,2.9,0.98,0.3368
GTM-1943,Huehuetenango,Guatemala,sugc,1.0,0.01,0.0059
GTM-3467,Quiché,Guatemala,maiz,121.2,38.06,0.3141
GTM-3467,Quiché,Guatemala,pota,60.0,1.82,0.0303
GTM-3467,Quiché,Guatemala,sorg,1.8,0.5,0.2743
GTM-3467,Quiché,Guatemala,sugc,4.9,0.07,0.0146
GTM-1948,Alta Verapaz,Guatemala,maiz,146.6,44.93,0.3065
GTM-1948,Alta Verapaz,Guatemala,oilp,660.8,16.75,0.0254
GTM-1948,Alta Verapaz,Guatemala,pota,4.7,0.15,0.0324
GTM-1948,Alta Verapaz,Guatemala,soyb,3.1,0.23,0.0754
GTM-1948,Alta Verapaz,Guatemala,sugc,93.1,0.87,0.0093
CRI-1334,Guanacaste,Costa Rica,maiz,5.2,2.0,0.3874
CRI-1334,Guanacaste,Costa Rica,oilp,89.1,5.74,0.0645
CRI-1334,Guanacaste,Costa Rica,pota,1.3,0.21,0.1589
CRI-1334,Guanacaste,Costa Rica,rice,61.2,78.31,1.2789
CRI-1334,Guanacaste,Costa Rica,sugc,1839.8,47.82,0.026
NIC-24,Rivas,Nicaragua,grou,5.1,1.41,0.2781
NIC-24,Rivas,Nicaragua,maiz,10.7,11.62,1.0888
NIC-24,Rivas,Nicaragua,oilp,13.4,0.7,0.0522
NIC-24,Rivas,Nicaragua,pota,1.6,0.13,0.0832
NIC-24,Rivas,Nicaragua,rice,27.5,33.87,1.2334
NIC-24,Rivas,Nicaragua,sorg,2.7,2.62,0.958
NIC-24,Rivas,Nicaragua,sugc,484.4,10.91,0.0225
GTM-1959,Izabal,Guatemala,maiz,141.5,49.81,0.352
GTM-1959,Izabal,Guatemala,oilp,1039.7,41.3,0.0397
GTM-1959,Izabal,Guatemala,pota,4.2,0.15,0.036
GTM-1959,Izabal,Guatemala,rice,9.9,6.9,0.6996
GTM-1959,Izabal,Guatemala,sorg,2.1,0.72,0.335
GTM-1959,Izabal,Guatemala,soyb,3.8,0.49,0.1309
GTM-1959,Izabal,Guatemala,sugc,63.9,1.19,0.0185
HND-647,Cortés,Honduras,maiz,50.6,63.16,1.2494
HND-647,Cortés,Honduras,oilp,351.5,124.69,0.3547
HND-647,Cortés,Honduras,pota,9.3,1.73,0.1863
HND-647,Cortés,Honduras,rice,16.4,36.58,2.2235
HND-647,Cortés,Honduras,sorg,1.0,2.01,1.9745
HND-647,Cortés,Honduras,sugc,688.2,31.42,0.0457
HND-650,Santa Bárbara,Honduras,maiz,27.8,9.24,0.3321
HND-650,Santa Bárbara,Honduras,oilp,110.9,9.58,0.0864
HND-650,Santa Bárbara,Honduras,sugc,186.6,4.01,0.0215
HND-651,Copán,Honduras,maiz,15.4,5.07,0.3294
HND-651,Copán,Honduras,sugc,107.9,2.19,0.0203
GTM-1963,Zacapa,Guatemala,maiz,22.7,6.65,0.2926
GTM-1963,Zacapa,Guatemala,pota,31.1,1.4,0.0449
PAN-1958,Bocas del Toro,Panama,maiz,1.8,1.26,0.713
PAN-1958,Bocas del Toro,Panama,oilp,6.6,0.76,0.1144
PAN-1958,Bocas del Toro,Panama,pota,1.4,0.17,0.1183
PAN-1958,Bocas del Toro,Panama,rice,4.1,1.79,0.4409
PAN-1958,Bocas del Toro,Panama,sugc,41.3,1.6,0.0388
CRI-1329,Limón,Costa Rica,oilp,49.6,4.88,0.0983
CRI-1329,Limón,Costa Rica,pota,3.0,0.3,0.1024
CRI-1329,Limón,Costa Rica,sugc,17.8,0.38,0.0212
CRI-1330,Puntarenas,Costa Rica,maiz,3.8,1.6,0.4205
CRI-1330,Puntarenas,Costa Rica,oilp,600.1,37.78,0.063
CRI-1330,Puntarenas,Costa Rica,rice,32.2,43.2,1.3403
CRI-1330,Puntarenas,Costa Rica,sugc,588.1,12.55,0.0213
PAN-1332,Chiriquí,Panama,maiz,23.0,15.45,0.6707
PAN-1332,Chiriquí,Panama,oilp,153.8,14.1,0.0917
PAN-1332,Chiriquí,Panama,pota,15.3,1.71,0.1114
PAN-1332,Chiriquí,Panama,rice,6.7,4.41,0.6565
PAN-1332,Chiriquí,Panama,sugc,840.6,23.45,0.0279
COL-1415,Chocó,Colombia,maiz,16.7,2.85,0.1711
COL-1415,Chocó,Colombia,oilp,1.7,0.1,0.0596
COL-1415,Chocó,Colombia,rice,75.3,29.14,0.3871
COL-1415,Chocó,Colombia,sugc,227.1,3.83,0.0169
PAN-3455,Emberá,Panama,maiz,1.7,0.65,0.3898
PAN-3455,Emberá,Panama,oilp,4.3,0.12,0.0285
PAN-3455,Emberá,Panama,rice,18.1,3.74,0.207
PAN-3455,Emberá,Panama,sugc,32.5,0.53,0.0161
PAN-1418,Darién,Panama,maiz,8.6,3.58,0.4163
PAN-1418,Darién,Panama,oilp,21.6,0.69,0.0318
PAN-1418,Darién,Panama,rice,85.0,19.06,0.2243
PAN-1418,Darién,Panama,sugc,128.1,2.23,0.0174
VEN-65,Delta Amacuro,Venezuela,maiz,1.7,1.0,0.5952
VEN-65,Delta Amacuro,Venezuela,sorg,13.9,15.67,1.1229
VEN-39,Bolívar,Venezuela,maiz,56.5,10.46,0.1849
VEN-39,Bolívar,Venezuela,oilp,19.9,0.7,0.0352
VEN-39,Bolívar,Venezuela,pota,7.1,0.24,0.0335
VEN-39,Bolívar,Venezuela,sorg,1.3,0.36,0.2822
VEN-39,Bolívar,Venezuela,soyb,5.3,0.93,0.1772
VEN-39,Bolívar,Venezuela,sugc,3.0,0.06,0.0209
BRA-592,Amazonas,Brazil,maiz,20.8,14.34,0.6887
BRA-592,Amazonas,Brazil,rice,3.6,4.01,1.1159
BRA-592,Amazonas,Brazil,soyb,8.6,32.21,3.7671
BRA-592,Amazonas,Brazil,sugc,306.0,23.64,0.0773
COL-1426,Vaupés,Colombia,sugc,5.3,0.14,0.0259
PER-585,Loreto,Peru,grou,1.0,20.83,20.6238
PER-585,Loreto,Peru,maiz,10.6,77.05,7.2348
PER-585,Loreto,Peru,oilp,36.9,85.58,2.3166
PER-585,Loreto,Peru,rice,160.9,499.92,3.1066
ECU-1286,Orellana,Ecuador,maiz,21.8,14.31,0.656
ECU-1286,Orellana,Ecuador,oilp,215.8,73.41,0.3401
ECU-1286,Orellana,Ecuador,pota,1.9,0.45,0.2353
ECU-1286,Orellana,Ecuador,rice,26.7,22.98,0.8622
ECU-1286,Orellana,Ecuador,sugc,4.1,0.04,0.0101
ECU-1288,Pastaza,Ecuador,maiz,10.8,3.04,0.2808
ECU-1288,Pastaza,Ecuador,oilp,39.5,7.19,0.1823
ECU-1288,Pastaza,Ecuador,pota,7.6,1.44,0.1899
ECU-1288,Pastaza,Ecuador,rice,15.0,4.87,0.3251
ECU-1288,Pastaza,Ecuador,sugc,3.3,0.03,0.0097
ECU-1285,Morona Santiago,Ecuador,maiz,81.0,23.48,0.2898
ECU-1285,Morona Santiago,Ecuador,oilp,3.0,0.68,0.227
ECU-1285,Morona Santiago,Ecuador,pota,13.8,2.72,0.198
ECU-1285,Morona Santiago,Ecuador,rice,17.8,5.98,0.3355
ECU-1285,Morona Santiago,Ecuador,sugc,45.7,0.36,0.0078
PER-584,Amazonas,Peru,maiz,53.8,8.31,0.1545
PER-584,Amazonas,Peru,pota,59.5,3.62,0.0608
PER-584,Amazonas,Peru,rice,163.9,13.8,0.0842
PER-584,Amazonas,Peru,sugc,1.3,0.01,0.007
ECU-1269,Zamora Chinchipe,Ecuador,maiz,17.5,5.01,0.2872
ECU-1269,Zamora Chinchipe,Ecuador,rice,23.2,6.45,0.2785
ECU-1269,Zamora Chinchipe,Ecuador,sugc,24.6,0.22,0.009
PER-578,Cajamarca,Peru,barl,18.5,3.38,0.1827
PER-578,Cajamarca,Peru,maiz,120.9,15.36,0.127
PER-578,Cajamarca,Peru,pota,372.6,18.91,0.0508
PER-578,Cajamarca,Peru,rice,164.1,15.75,0.096
PER-578,Cajamarca,Peru,sugc,27.8,0.16,0.0056
PER-578,Cajamarca,Peru,whea,42.1,9.31,0.2213
ECU-1268,Loja,Ecuador,maiz,80.9,11.56,0.1429
ECU-1268,Loja,Ecuador,pota,2.9,0.18,0.0617
ECU-1268,Loja,Ecuador,rice,100.5,12.44,0.1238
ECU-1268,Loja,Ecuador,sorg,2.8,0.54,0.196
ECU-1268,Loja,Ecuador,sugc,456.8,2.13,0.0047
PER-568,Tumbes,Peru,maiz,1.4,0.12,0.0926
PER-568,Tumbes,Peru,pota,222.5,8.11,0.0364
PER-568,Tumbes,Peru,rice,145.6,32.03,0.2199
ECU-1267,El Oro,Ecuador,maiz,61.4,15.07,0.2454
ECU-1267,El Oro,Ecuador,pota,2.4,0.18,0.073
ECU-1267,El Oro,Ecuador,rice,85.6,96.77,1.1307
ECU-1267,El Oro,Ecuador,sorg,1.1,0.71,0.613
ECU-1267,El Oro,Ecuador,sugc,1668.2,37.55,0.0225
PER-567,Piura,Peru,cott,2.4,0.45,0.1886
PER-567,Piura,Peru,maiz,113.0,11.91,0.1054
PER-567,Piura,Peru,pota,667.1,26.59,0.0399
PER-567,Piura,Peru,rice,448.8,276.75,0.6166
PER-567,Piura,Peru,sugc,447.6,1.93,0.0043
PER-567,Piura,Peru,whea,14.9,3.45,0.2317
VEN-38,Amazonas,Venezuela,sugc,2.0,0.03,0.0144
BOL-1292,Chuquisaca,Bolivia,barl,8.5,1.26,0.1478
BOL-1292,Chuquisaca,Bolivia,grou,4.8,0.5,0.1023
BOL-1292,Chuquisaca,Bolivia,maiz,139.5,8.17,0.0586
BOL-1292,Chuquisaca,Bolivia,pota,166.9,8.23,0.0493
BOL-1292,Chuquisaca,Bolivia,sugc,14.8,0.05,0.0034
BOL-1292,Chuquisaca,Bolivia,whea,26.4,2.88,0.1091
PER-583,Ucayali,Peru,maiz,28.2,93.46,3.319
PER-583,Ucayali,Peru,oilp,311.4,280.46,0.9007
PER-583,Ucayali,Peru,rice,129.4,209.87,1.6224
BOL-1938,Pando,Bolivia,maiz,12.3,1.18,0.0957
BOL-1938,Pando,Bolivia,rice,6.4,1.05,0.1633
BOL-1938,Pando,Bolivia,sugc,6.9,0.02,0.0033
BRA-595,Rondônia,Brazil,cott,3.5,1.4,0.3944
BRA-595,Rondônia,Brazil,maiz,1321.8,93.67,0.0709
BRA-595,Rondônia,Brazil,rice,260.6,76.44,0.2933
BRA-595,Rondônia,Brazil,soyb,1225.7,71.53,0.0584
BRA-595,Rondônia,Brazil,sugc,126.6,1.62,0.0128
BOL-1293,El Beni,Bolivia,maiz,19.0,2.1,0.1102
BOL-1293,El Beni,Bolivia,rice,94.8,16.24,0.1712
BOL-1293,El Beni,Bolivia,sorg,5.6,0.6,0.1068
BOL-1293,El Beni,Bolivia,soyb,13.9,2.04,0.1468
BOL-1293,El Beni,Bolivia,sugc,78.7,0.7,0.0089
BRA-602,Mato Grosso,Brazil,cott,4752.2,2189.83,0.4608
BRA-602,Mato Grosso,Brazil,grou,2.0,0.4,0.196
BRA-602,Mato Grosso,Brazil,maiz,29763.2,5058.04,0.1699
BRA-602,Mato Grosso,Brazil,oilp,11.1,0.35,0.0315
BRA-602,Mato Grosso,Brazil,rape,23.2,9.76,0.4211
BRA-602,Mato Grosso,Brazil,rice,872.4,123.79,0.1419
BRA-602,Mato Grosso,Brazil,sorg,219.1,79.11,0.3611
BRA-602,Mato Grosso,Brazil,soyb,32979.9,4453.61,0.135
BRA-602,Mato Grosso,Brazil,sugc,21910.3,315.71,0.0144
PER-573,Puno,Peru,barl,37.6,23.22,0.6176
PER-573,Puno,Peru,maiz,17.3,5.31,0.3077
PER-573,Puno,Peru,oilp,23.7,8.97,0.3788
PER-573,Puno,Peru,pota,431.0,33.63,0.078
PER-573,Puno,Peru,rice,1.7,0.63,0.3657
PER-573,Puno,Peru,sugc,1.4,0.01,0.0065
PER-573,Puno,Peru,whea,2.0,2.24,1.0917
ARG-1300,Catamarca,Argentina,grou,2.5,0.08,0.0294
ARG-1300,Catamarca,Argentina,maiz,160.1,1.92,0.012
ARG-1300,Catamarca,Argentina,pota,52.1,0.23,0.0043
ARG-1300,Catamarca,Argentina,sorg,12.9,0.18,0.0142
ARG-1300,Catamarca,Argentina,soyb,83.0,1.2,0.0144
ARG-1300,Catamarca,Argentina,sugc,86.5,0.27,0.0031
ARG-1300,Catamarca,Argentina,whea,63.0,2.17,0.0344
ARG-1302,La Rioja,Argentina,cott,4.4,0.24,0.0545
ARG-1302,La Rioja,Argentina,grou,2.3,0.09,0.0386
ARG-1302,La Rioja,Argentina,maiz,4.3,0.04,0.0099
ARG-1302,La Rioja,Argentina,soyb,3.5,0.04,0.0118
ARG-1302,La Rioja,Argentina,whea,1.7,0.06,0.0357
ARG-1273,San Juan,Argentina,maiz,1.1,0.05,0.0469
ARG-1273,San Juan,Argentina,pota,3.7,0.04,0.0108
CHL-2697,Coquimbo,Chile,pota,49.6,0.94,0.019
CHL-2697,Coquimbo,Chile,whea,1.2,0.23,0.1899
ARG-1275,Mendoza,Argentina,maiz,7.4,0.38,0.0509
ARG-1275,Mendoza,Argentina,pota,309.2,2.92,0.0094
CHL-2698,Región Metropolitana de Santiago,Chile,barl,2.1,0.6,0.2767
CHL-2698,Región Metropolitana de Santiago,Chile,maiz,29.3,6.51,0.2226
CHL-2698,Región Metropolitana de Santiago,Chile,pota,75.7,2.53,0.0334
CHL-2698,Región Metropolitana de Santiago,Chile,whea,19.1,6.92,0.3619
CHL-2699,Valparaíso,Chile,barl,20.2,3.6,0.1782
CHL-2699,Valparaíso,Chile,maiz,7.2,1.55,0.2153
CHL-2699,Valparaíso,Chile,pota,33.5,0.98,0.0292
CHL-2699,Valparaíso,Chile,whea,6.9,2.28,0.3311
CHL-2705,Maule,Chile,barl,10.2,1.06,0.1038
CHL-2705,Maule,Chile,maiz,183.3,35.98,0.1963
CHL-2705,Maule,Chile,pota,143.2,3.2,0.0224
CHL-2705,Maule,Chile,rape,1.9,0.46,0.2455
CHL-2705,Maule,Chile,rice,134.7,123.87,0.9195
CHL-2705,Maule,Chile,whea,144.5,30.74,0.2128
CHL-2703,Libertador General Bernardo O'Higgins,Chile,barl,3.2,0.52,0.1607
CHL-2703,Libertador General Bernardo O'Higgins,Chile,maiz,213.4,45.85,0.2148
CHL-2703,Libertador General Bernardo O'Higgins,Chile,pota,46.6,1.48,0.0319
CHL-2703,Libertador General Bernardo O'Higgins,Chile,rice,5.6,5.5,0.9774
CHL-2703,Libertador General Bernardo O'Higgins,Chile,whea,55.7,17.26,0.3101
ARG-1276,Neuquén,Argentina,maiz,1.3,0.12,0.0892
ARG-1276,Neuquén,Argentina,pota,5.2,0.07,0.0131
CHL-20010,Ñuble,Chile,barl,15.8,4.11,0.2606
CHL-20010,Ñuble,Chile,maiz,92.3,41.12,0.4455
CHL-20010,Ñuble,Chile,pota,104.9,9.63,0.0919
CHL-20010,Ñuble,Chile,rape,15.7,5.52,0.3513
CHL-20010,Ñuble,Chile,rice,24.3,9.13,0.3756
CHL-20010,Ñuble,Chile,whea,190.0,61.63,0.3244
CHL-2700,La Araucanía,Chile,barl,82.3,24.89,0.3024
CHL-2700,La Araucanía,Chile,maiz,2.0,0.77,0.3969
CHL-2700,La Araucanía,Chile,pota,339.8,21.87,0.0644
CHL-2700,La Araucanía,Chile,rape,94.6,69.0,0.729
CHL-2700,La Araucanía,Chile,whea,516.8,265.98,0.5147
CHL-2702,Bío-Bío,Chile,barl,19.2,8.0,0.4169
CHL-2702,Bío-Bío,Chile,maiz,64.7,24.43,0.3778
CHL-2702,Bío-Bío,Chile,pota,125.4,12.89,0.1028
CHL-2702,Bío-Bío,Chile,rape,13.9,12.2,0.8783
CHL-2702,Bío-Bío,Chile,rice,4.9,2.67,0.5491
CHL-2702,Bío-Bío,Chile,whea,172.3,119.85,0.6957
CHL-2701,Los Ríos,Chile,barl,13.7,13.03,0.9483
CHL-2701,Los Ríos,Chile,pota,70.0,13.76,0.1967
CHL-2701,Los Ríos,Chile,rape,7.5,12.9,1.7154
CHL-2701,Los Ríos,Chile,whea,41.5,47.22,1.137
ARG-1274,Chubut,Argentina,pota,39.5,1.63,0.0412
ARG-1274,Chubut,Argentina,whea,1.9,0.76,0.3995
CHL-2704,Los Lagos,Chile,barl,22.6,14.7,0.6507
CHL-2704,Los Lagos,Chile,pota,284.4,34.27,0.1205
CHL-2704,Los Lagos,Chile,rape,17.3,20.7,1.1939
CHL-2704,Los Lagos,Chile,whea,67.9,56.98,0.839
ARG-1297,Río Negro,Argentina,barl,4.9,2.63,0.5318
ARG-1297,Río Negro,Argentina,maiz,27.5,6.69,0.2432
ARG-1297,Río Negro,Argentina,pota,37.8,0.56,0.0149
ARG-1297,Río Negro,Argentina,whea,4.8,2.88,0.6053
VEN-31,Zulia,Venezuela,maiz,16.3,3.99,0.2448
VEN-31,Zulia,Venezuela,oilp,432.6,30.9,0.0714
VEN-31,Zulia,Venezuela,pota,199.0,12.09,0.0608
VEN-31,Zulia,Venezuela,rice,12.1,20.1,1.6649
VEN-31,Zulia,Venezuela,sugc,219.3,5.44,0.0248
COL-1318,La Guajira,Colombia,maiz,17.7,3.15,0.1782
COL-1318,La Guajira,Colombia,oilp,20.1,1.0,0.0499
COL-1318,La Guajira,Colombia,rice,4.4,6.52,1.4886
COL-1318,La Guajira,Colombia,sugc,7.0,0.12,0.0164
COL-1414,Cesar,Colombia,maiz,93.0,25.13,0.2702
COL-1414,Cesar,Colombia,oilp,985.7,142.41,0.1445
COL-1414,Cesar,Colombia,pota,2.3,0.13,0.0561
COL-1414,Cesar,Colombia,rice,60.4,72.5,1.1997
COL-1414,Cesar,Colombia,sugc,285.2,5.32,0.0187
COL-1421,Norte de Santander,Colombia,maiz,13.1,2.77,0.2113
COL-1421,Norte de Santander,Colombia,oilp,368.7,24.0,0.0651
COL-1421,Norte de Santander,Colombia,pota,47.8,2.47,0.0516
COL-1421,Norte de Santander,Colombia,rice,149.5,108.47,0.7256
COL-1421,Norte de Santander,Colombia,sugc,573.3,6.62,0.0116
VEN-28,Táchira,Venezuela,maiz,4.6,2.19,0.4763
VEN-28,Táchira,Venezuela,oilp,8.0,0.79,0.0981
VEN-28,Táchira,Venezuela,pota,59.0,5.1,0.0864
VEN-28,Táchira,Venezuela,rice,1.2,1.37,1.1644
VEN-28,Táchira,Venezuela,sugc,60.1,3.04,0.0506
VEN-25,Apure,Venezuela,cott,1.9,2.93,1.5476
VEN-25,Apure,Venezuela,maiz,45.7,25.23,0.5526
VEN-25,Apure,Venezuela,oilp,2.1,0.52,0.2429
VEN-25,Apure,Venezuela,pota,6.1,0.52,0.0854
VEN-25,Apure,Venezuela,rice,15.9,8.62,0.5423
VEN-25,Apure,Venezuela,sugc,16.0,0.49,0.0307
COL-1420,Arauca,Colombia,maiz,27.7,12.56,0.4531
COL-1420,Arauca,Colombia,rice,52.4,30.94,0.5906
COL-1420,Arauca,Colombia,sugc,72.0,2.05,0.0285
COL-1315,Boyacá,Colombia,barl,4.3,1.48,0.3425
COL-1315,Boyacá,Colombia,maiz,22.7,4.92,0.2164
COL-1315,Boyacá,Colombia,oilp,3.1,0.24,0.0765
COL-1315,Boyacá,Colombia,pota,634.4,33.73,0.0532
COL-1315,Boyacá,Colombia,rice,5.7,7.23,1.2689
COL-1315,Boyacá,Colombia,sugc,992.4,13.8,0.0139
COL-1315,Boyacá,Colombia,whea,3.6,1.65,0.4638
COL-1427,Vichada,Colombia,maiz,3.8,0.91,0.2394
COL-1427,Vichada,Colombia,oilp,89.8,7.09,0.0789
COL-1427,Vichada,Colombia,rice,1.2,0.86,0.7388
COL-1427,Vichada,Colombia,sugc,13.0,0.23,0.0175
POL-3140,Pomeranian,Poland,barl,124.8,41.9,0.3358
POL-3140,Pomeranian,Poland,maiz,132.2,20.27,0.1534
POL-3140,Pomeranian,Poland,pota,598.0,23.98,0.0401
POL-3140,Pomeranian,Poland,rape,241.6,110.52,0.4575
POL-3140,Pomeranian,Poland,whea,657.6,156.46,0.2379
IDN-558,Papua,Indonesia,grou,1.6,8.79,5.4931
IDN-558,Papua,Indonesia,maiz,2.1,2.97,1.3934
IDN-558,Papua,Indonesia,oilp,1264.7,1562.82,1.2358
IDN-558,Papua,Indonesia,pota,95.0,23.19,0.2441
IDN-558,Papua,Indonesia,rice,184.1,371.39,2.0171
IDN-558,Papua,Indonesia,sugc,5.0,1.0,0.1996
PNG-1241,Sandaun,Papua New Guinea,oilp,26.9,5.52,0.205
PNG-1241,Sandaun,Papua New Guinea,sugc,9.6,0.88,0.0911
PNG-1248,Western,Papua New Guinea,maiz,1.7,1.31,0.7916
PNG-1248,Western,Papua New Guinea,oilp,86.6,35.48,0.4095
PNG-1248,Western,Papua New Guinea,rice,2.0,3.58,1.765
PNG-1248,Western,Papua New Guinea,sorg,1.5,1.61,1.0629
PNG-1248,Western,Papua New Guinea,sugc,10.3,1.98,0.1922
TKM-351,Balkan,Turkmenistan,barl,10.8,2.48,0.2301
TKM-351,Balkan,Turkmenistan,cott,31.7,32.83,1.0366
TKM-351,Balkan,Turkmenistan,pota,42.0,2.44,0.0581
TKM-351,Balkan,Turkmenistan,rape,1.7,0.28,0.1671
TKM-351,Balkan,Turkmenistan,rice,12.7,3.35,0.2637
TKM-351,Balkan,Turkmenistan,whea,93.2,19.34,0.2075
KAZ-3236,Mangghystau,Kazakhstan,cott,16.0,1.09,0.068
KAZ-3197,Qyzylorda,Kazakhstan,barl,6.3,0.58,0.0909
KAZ-3197,Qyzylorda,Kazakhstan,cott,34.5,2.77,0.0802
KAZ-3197,Qyzylorda,Kazakhstan,maiz,127.7,1.84,0.0144
KAZ-3197,Qyzylorda,Kazakhstan,pota,45.1,0.55,0.0122
KAZ-3197,Qyzylorda,Kazakhstan,rice,420.7,369.09,0.8774
KAZ-3197,Qyzylorda,Kazakhstan,whea,9.7,0.97,0.0996
UZB-356,Karakalpakstan,Uzbekistan,cott,492.9,212.56,0.4313
UZB-356,Karakalpakstan,Uzbekistan,maiz,114.6,15.93,0.139
UZB-356,Karakalpakstan,Uzbekistan,pota,2.7,0.1,0.0381
UZB-356,Karakalpakstan,Uzbekistan,rice,64.0,69.7,1.0899
UZB-356,Karakalpakstan,Uzbekistan,whea,936.7,176.92,0.1889
KAZ-3195,Aqtöbe,Kazakhstan,barl,160.4,8.5,0.053
KAZ-3195,Aqtöbe,Kazakhstan,maiz,5.0,0.06,0.0125
KAZ-3195,Aqtöbe,Kazakhstan,pota,71.7,1.19,0.0166
KAZ-3195,Aqtöbe,Kazakhstan,rice,1.7,0.01,0.0029
KAZ-3195,Aqtöbe,Kazakhstan,sorg,1.5,0.21,0.1376
KAZ-3195,Aqtöbe,Kazakhstan,whea,427.1,17.5,0.041
UZB-357,Navoi,Uzbekistan,barl,3.9,1.24,0.3212
UZB-357,Navoi,Uzbekistan,cott,74.9,32.74,0.4374
UZB-357,Navoi,Uzbekistan,maiz,12.0,1.84,0.1527
UZB-357,Navoi,Uzbekistan,pota,75.7,1.83,0.0242
UZB-357,Navoi,Uzbekistan,rice,7.4,1.21,0.1631
UZB-357,Navoi,Uzbekistan,sorg,1.5,1.06,0.6845
UZB-357,Navoi,Uzbekistan,whea,149.5,31.59,0.2113
TKM-353,Tashauz,Turkmenistan,barl,2.1,0.88,0.4136
TKM-353,Tashauz,Turkmenistan,cott,377.9,371.84,0.9839
TKM-353,Tashauz,Turkmenistan,maiz,15.9,2.7,0.1694
TKM-353,Tashauz,Turkmenistan,pota,33.5,1.99,0.0595
TKM-353,Tashauz,Turkmenistan,rice,17.9,15.88,0.8859
TKM-353,Tashauz,Turkmenistan,whea,446.9,123.25,0.2758
UZB-355,Khorezm,Uzbekistan,cott,218.2,108.55,0.4974
UZB-355,Khorezm,Uzbekistan,maiz,55.0,9.37,0.1703
UZB-355,Khorezm,Uzbekistan,rice,29.8,5.55,0.1865
UZB-355,Khorezm,Uzbekistan,whea,322.6,76.4,0.2368
UZB-354,Bukhoro,Uzbekistan,cott,165.7,77.74,0.4692
UZB-354,Bukhoro,Uzbekistan,maiz,36.8,5.88,0.16
UZB-354,Bukhoro,Uzbekistan,rice,19.8,3.57,0.1805
UZB-354,Bukhoro,Uzbekistan,sorg,2.9,2.8,0.952
UZB-354,Bukhoro,Uzbekistan,whea,284.6,66.34,0.2331
IRN-3246,North Khorasan,Iran,barl,56.4,18.05,0.3199
IRN-3246,North Khorasan,Iran,cott,4.3,2.13,0.4979
IRN-3246,North Khorasan,Iran,pota,13.3,0.89,0.0668
IRN-3246,North Khorasan,Iran,rape,1.2,0.22,0.1849
IRN-3246,North Khorasan,Iran,rice,2.8,0.89,0.3182
IRN-3246,North Khorasan,Iran,whea,106.8,24.29,0.2275
IRN-3213,Golestan,Iran,barl,146.4,36.04,0.2462
IRN-3213,Golestan,Iran,cott,21.3,11.38,0.5356
IRN-3213,Golestan,Iran,pota,148.8,10.74,0.0722
IRN-3213,Golestan,Iran,rape,93.2,18.4,0.1973
IRN-3213,Golestan,Iran,rice,534.7,246.13,0.4603
IRN-3213,Golestan,Iran,soyb,96.2,7.43,0.0772
IRN-3213,Golestan,Iran,sugc,524.0,7.26,0.0138
IRN-3213,Golestan,Iran,whea,792.9,151.36,0.1909
IRN-3245,Razavi Khorasan,Iran,barl,411.7,108.12,0.2626
IRN-3245,Razavi Khorasan,Iran,cott,40.3,17.99,0.4463
IRN-3245,Razavi Khorasan,Iran,grou,1.3,0.07,0.0549
IRN-3245,Razavi Khorasan,Iran,pota,120.2,7.34,0.061
IRN-3245,Razavi Khorasan,Iran,rape,11.2,1.92,0.1708
IRN-3245,Razavi Khorasan,Iran,rice,16.5,6.57,0.3984
IRN-3245,Razavi Khorasan,Iran,sugc,456.4,5.27,0.0115
IRN-3245,Razavi Khorasan,Iran,whea,859.8,160.02,0.1861
IRN-3244,South Khorasan,Iran,barl,25.7,9.22,0.3586
IRN-3244,South Khorasan,Iran,cott,2.5,1.35,0.5367
IRN-3244,South Khorasan,Iran,pota,6.7,0.49,0.072
IRN-3244,South Khorasan,Iran,sugc,25.1,0.32,0.0126
IRN-3244,South Khorasan,Iran,whea,45.2,13.04,0.2882
AFG-1751,Nimroz,Afghanistan,barl,11.7,0.71,0.0602
AFG-1751,Nimroz,Afghanistan,cott,3.0,0.35,0.1162
AFG-1751,Nimroz,Afghanistan,maiz,6.6,0.43,0.0659
AFG-1751,Nimroz,Afghanistan,pota,31.2,0.25,0.008
AFG-1751,Nimroz,Afghanistan,rice,1.2,0.05,0.0419
AFG-1751,Nimroz,Afghanistan,sugc,42.5,0.36,0.0084
AFG-1751,Nimroz,Afghanistan,whea,64.0,3.12,0.0488
IRN-3247,Sistan and Baluchestan,Iran,barl,18.1,2.7,0.1495
IRN-3247,Sistan and Baluchestan,Iran,maiz,18.8,2.27,0.1207
IRN-3247,Sistan and Baluchestan,Iran,pota,8.1,0.29,0.0361
IRN-3247,Sistan and Baluchestan,Iran,rape,1.1,0.09,0.0879
IRN-3247,Sistan and Baluchestan,Iran,rice,8.0,0.31,0.0391
IRN-3247,Sistan and Baluchestan,Iran,sugc,322.0,2.29,0.0071
IRN-3247,Sistan and Baluchestan,Iran,whea,99.0,17.4,0.1757
AFG-1749,Farah,Afghanistan,barl,4.8,0.97,0.2008
AFG-1749,Farah,Afghanistan,maiz,3.3,0.16,0.0473
AFG-1749,Farah,Afghanistan,pota,59.5,0.52,0.0087
AFG-1749,Farah,Afghanistan,sugc,5.0,0.05,0.0094
AFG-1749,Farah,Afghanistan,whea,181.1,9.23,0.051
PAK-1123,K.P.,Pakistan,barl,8.7,5.35,0.6153
PAK-1123,K.P.,Pakistan,cott,3.4,2.43,0.7263
PAK-1123,K.P.,Pakistan,grou,8.4,5.4,0.645
PAK-1123,K.P.,Pakistan,maiz,3194.7,494.77,0.1549
PAK-1123,K.P.,Pakistan,pota,198.1,7.37,0.0372
PAK-1123,K.P.,Pakistan,rape,22.3,5.61,0.252
PAK-1123,K.P.,Pakistan,rice,225.5,205.34,0.9108
PAK-1123,K.P.,Pakistan,sorg,2.8,2.76,1.0018
PAK-1123,K.P.,Pakistan,sugc,9264.9,167.41,0.0181
PAK-1123,K.P.,Pakistan,whea,2076.3,562.57,0.2709
PAK-1112,F.A.T.A.,Pakistan,barl,6.1,4.85,0.7912
PAK-1112,F.A.T.A.,Pakistan,grou,1.4,0.95,0.6764
PAK-1112,F.A.T.A.,Pakistan,maiz,111.5,21.41,0.192
PAK-1112,F.A.T.A.,Pakistan,pota,44.4,2.55,0.0573
PAK-1112,F.A.T.A.,Pakistan,rape,8.0,2.42,0.3011
PAK-1112,F.A.T.A.,Pakistan,rice,45.3,11.74,0.2592
PAK-1112,F.A.T.A.,Pakistan,sugc,171.1,3.31,0.0194
PAK-1112,F.A.T.A.,Pakistan,whea,196.7,69.9,0.3554
AFG-1762,Kunar,Afghanistan,maiz,15.1,1.0,0.0664
AFG-1762,Kunar,Afghanistan,pota,2.9,0.05,0.0168
AFG-1762,Kunar,Afghanistan,rice,21.2,0.69,0.0326
AFG-1762,Kunar,Afghanistan,sugc,1.7,0.04,0.0238
AFG-1762,Kunar,Afghanistan,whea,20.9,1.46,0.0698
AFG-1761,Nuristan,Afghanistan,maiz,13.8,0.96,0.0699
AFG-1761,Nuristan,Afghanistan,rice,1.3,0.02,0.0127
AFG-1761,Nuristan,Afghanistan,whea,21.6,2.42,0.1118
AFG-1764,Nangarhar,Afghanistan,cott,2.3,0.42,0.186
AFG-1764,Nangarhar,Afghanistan,maiz,44.5,2.92,0.0658
AFG-1764,Nangarhar,Afghanistan,rice,65.2,78.84,1.209
AFG-1764,Nangarhar,Afghanistan,sugc,5.5,0.06,0.0114
AFG-1764,Nangarhar,Afghanistan,whea,139.2,13.14,0.0944
AFG-1758,Khost,Afghanistan,maiz,3.5,0.18,0.0522
AFG-1758,Khost,Afghanistan,pota,4.8,0.07,0.014
AFG-1758,Khost,Afghanistan,rice,26.5,0.57,0.0216
AFG-1758,Khost,Afghanistan,sugc,3.1,0.04,0.0113
AFG-1758,Khost,Afghanistan,whea,70.1,6.73,0.096
AFG-3413,Paktya,Afghanistan,maiz,8.8,0.75,0.0856
AFG-3413,Paktya,Afghanistan,pota,8.6,0.15,0.0178
AFG-3413,Paktya,Afghanistan,rice,12.4,1.16,0.0941
AFG-3413,Paktya,Afghanistan,whea,46.0,3.66,0.0795
PAK-1108,Baluchistan,Pakistan,barl,8.1,5.77,0.7088
PAK-1108,Baluchistan,Pakistan,cott,50.8,31.29,0.6159
PAK-1108,Baluchistan,Pakistan,maiz,18.6,3.57,0.192
PAK-1108,Baluchistan,Pakistan,pota,32.4,1.62,0.0502
PAK-1108,Baluchistan,Pakistan,rape,46.8,13.78,0.2946
PAK-1108,Baluchistan,Pakistan,rice,657.0,548.97,0.8355
PAK-1108,Baluchistan,Pakistan,sorg,5.8,3.94,0.6798
PAK-1108,Baluchistan,Pakistan,sugc,51.9,0.8,0.0153
PAK-1108,Baluchistan,Pakistan,whea,1136.5,287.01,0.2525
AFG-1759,Paktika,Afghanistan,maiz,2.3,0.12,0.052
AFG-1759,Paktika,Afghanistan,pota,9.5,0.1,0.0099
AFG-1759,Paktika,Afghanistan,rice,2.5,0.04,0.0142
AFG-1759,Paktika,Afghanistan,whea,92.6,5.57,0.0602
AFG-1755,Zabul,Afghanistan,pota,9.0,0.08,0.0094
AFG-1755,Zabul,Afghanistan,whea,88.7,5.53,0.0623
AFG-1754,Kandahar,Afghanistan,maiz,27.9,0.78,0.0278
AFG-1754,Kandahar,Afghanistan,pota,67.6,0.63,0.0094
AFG-1754,Kandahar,Afghanistan,sugc,5.1,0.05,0.0103
AFG-1754,Kandahar,Afghanistan,whea,283.8,14.96,0.0527
AFG-1750,Hilmand,Afghanistan,barl,5.2,0.58,0.1107
AFG-1750,Hilmand,Afghanistan,cott,19.9,2.34,0.1178
AFG-1750,Hilmand,Afghanistan,maiz,66.4,2.22,0.0334
AFG-1750,Hilmand,Afghanistan,pota,164.3,1.56,0.0095
AFG-1750,Hilmand,Afghanistan,rice,2.3,0.02,0.0083
AFG-1750,Hilmand,Afghanistan,sugc,10.8,0.11,0.0102
AFG-1750,Hilmand,Afghanistan,whea,239.4,12.53,0.0523
KAZ-3204,North Kazakhstan,Kazakhstan,barl,860.3,38.09,0.0443
KAZ-3204,North Kazakhstan,Kazakhstan,maiz,73.1,0.76,0.0103
KAZ-3204,North Kazakhstan,Kazakhstan,pota,400.3,2.32,0.0058
KAZ-3204,North Kazakhstan,Kazakhstan,rape,93.2,8.4,0.0901
KAZ-3204,North Kazakhstan,Kazakhstan,rice,11.5,0.04,0.0038
KAZ-3204,North Kazakhstan,Kazakhstan,soyb,36.6,1.22,0.0333
KAZ-3204,North Kazakhstan,Kazakhstan,whea,2746.5,118.34,0.0431
RUS-2398,Tyumen',Russia,barl,347.8,1345.39,3.8681
RUS-2398,Tyumen',Russia,pota,664.1,417.15,0.6282
RUS-2398,Tyumen',Russia,rape,30.4,212.64,6.9969
RUS-2398,Tyumen',Russia,whea,1251.7,3836.79,3.0652
RUS-2380,Kurgan,Russia,barl,344.3,201.63,0.5856
RUS-2380,Kurgan,Russia,maiz,1.5,0.01,0.0046
RUS-2380,Kurgan,Russia,pota,197.9,19.03,0.0962
RUS-2380,Kurgan,Russia,rape,19.8,19.57,0.9901
RUS-2380,Kurgan,Russia,sorg,1.6,1.11,0.6975
RUS-2380,Kurgan,Russia,soyb,2.0,0.62,0.3065
RUS-2380,Kurgan,Russia,whea,2374.3,1194.62,0.5031
RUS-2397,Omsk,Russia,barl,778.3,1307.28,1.6796
RUS-2397,Omsk,Russia,maiz,9.5,1.54,0.1616
RUS-2397,Omsk,Russia,pota,317.0,84.38,0.2662
RUS-2397,Omsk,Russia,rape,115.9,338.79,2.9234
RUS-2397,Omsk,Russia,sorg,3.2,7.16,2.2236
RUS-2397,Omsk,Russia,soyb,5.1,7.37,1.4544
RUS-2397,Omsk,Russia,whea,4170.8,5873.69,1.4083
KAZ-3196,Qostanay,Kazakhstan,barl,674.4,77.16,0.1144
KAZ-3196,Qostanay,Kazakhstan,maiz,66.4,2.18,0.0328
KAZ-3196,Qostanay,Kazakhstan,pota,121.8,2.09,0.0172
KAZ-3196,Qostanay,Kazakhstan,rape,19.0,6.97,0.3662
KAZ-3196,Qostanay,Kazakhstan,rice,12.9,0.28,0.0219
KAZ-3196,Qostanay,Kazakhstan,soyb,2.6,0.25,0.0947
KAZ-3196,Qostanay,Kazakhstan,whea,4158.5,438.78,0.1055
KAZ-3205,Pavlodar,Kazakhstan,barl,144.4,30.62,0.212
KAZ-3205,Pavlodar,Kazakhstan,maiz,24.6,0.6,0.0243
KAZ-3205,Pavlodar,Kazakhstan,pota,205.5,4.53,0.0221
KAZ-3205,Pavlodar,Kazakhstan,rape,5.7,4.47,0.788
KAZ-3205,Pavlodar,Kazakhstan,rice,4.3,0.14,0.0317
KAZ-3205,Pavlodar,Kazakhstan,whea,686.5,177.15,0.2581
RUS-2403,Novosibirsk,Russia,barl,529.4,1049.14,1.9818
RUS-2403,Novosibirsk,Russia,maiz,30.0,13.14,0.4382
RUS-2403,Novosibirsk,Russia,pota,263.8,81.05,0.3073
RUS-2403,Novosibirsk,Russia,rape,157.0,511.47,3.2577
RUS-2403,Novosibirsk,Russia,sorg,2.1,7.48,3.5127
RUS-2403,Novosibirsk,Russia,soyb,28.1,67.11,2.3849
RUS-2403,Novosibirsk,Russia,whea,2923.3,4831.98,1.6529
RUS-2379,Chelyabinsk,Russia,barl,827.6,168.09,0.2031
RUS-2379,Chelyabinsk,Russia,maiz,13.8,1.33,0.0964
RUS-2379,Chelyabinsk,Russia,pota,351.8,11.14,0.0317
RUS-2379,Chelyabinsk,Russia,rape,14.0,4.68,0.3328
RUS-2379,Chelyabinsk,Russia,sorg,2.2,0.48,0.219
RUS-2379,Chelyabinsk,Russia,soyb,6.5,2.49,0.3828
RUS-2379,Chelyabinsk,Russia,whea,2579.4,474.86,0.1841
RUS-2399,Altay,Russia,barl,700.6,88.91,0.1269
RUS-2399,Altay,Russia,maiz,56.4,4.44,0.0787
RUS-2399,Altay,Russia,pota,467.7,9.01,0.0193
RUS-2399,Altay,Russia,rape,246.5,54.82,0.2224
RUS-2399,Altay,Russia,sorg,6.0,1.83,0.3069
RUS-2399,Altay,Russia,soyb,190.0,56.26,0.2961
RUS-2399,Altay,Russia,whea,5634.5,736.51,0.1307
RUS-2391,Orenburg,Russia,barl,1171.2,61.69,0.0527
RUS-2391,Orenburg,Russia,maiz,269.3,4.6,0.0171
RUS-2391,Orenburg,Russia,pota,126.8,1.08,0.0085
RUS-2391,Orenburg,Russia,rape,10.5,0.74,0.0706
RUS-2391,Orenburg,Russia,sorg,4.0,0.25,0.0639
RUS-2391,Orenburg,Russia,soyb,5.1,0.44,0.087
RUS-2391,Orenburg,Russia,whea,4831.6,196.52,0.0407
KAZ-3201,West Kazakhstan,Kazakhstan,barl,69.8,14.89,0.2134
KAZ-3201,West Kazakhstan,Kazakhstan,cott,16.5,4.1,0.2483
KAZ-3201,West Kazakhstan,Kazakhstan,maiz,8.4,0.14,0.0164
KAZ-3201,West Kazakhstan,Kazakhstan,pota,47.6,1.6,0.0337
KAZ-3201,West Kazakhstan,Kazakhstan,rice,2.0,0.13,0.0618
KAZ-3201,West Kazakhstan,Kazakhstan,sorg,1.7,1.36,0.8024
KAZ-3201,West Kazakhstan,Kazakhstan,whea,302.0,98.65,0.3267
RUS-2393,Saratov,Russia,barl,760.7,122.82,0.1615
RUS-2393,Saratov,Russia,maiz,910.4,75.55,0.083
RUS-2393,Saratov,Russia,pota,149.9,3.85,0.0257
RUS-2393,Saratov,Russia,rape,1.3,0.31,0.2448
RUS-2393,Saratov,Russia,sorg,1.4,0.51,0.373
RUS-2393,Saratov,Russia,soyb,46.3,11.43,0.247
RUS-2393,Saratov,Russia,whea,4011.6,513.13,0.1279
RUS-2388,Astrakhan',Russia,barl,13.1,1.35,0.1026
RUS-2388,Astrakhan',Russia,pota,227.7,2.71,0.0119
RUS-2388,Astrakhan',Russia,rice,38.8,27.11,0.6983
RUS-2388,Astrakhan',Russia,whea,12.8,1.15,0.0897
RUS-2369,Volgograd,Russia,barl,841.5,136.3,0.162
RUS-2369,Volgograd,Russia,maiz,530.1,42.13,0.0795
RUS-2369,Volgograd,Russia,pota,222.6,4.23,0.019
RUS-2369,Volgograd,Russia,rice,3.6,1.89,0.521
RUS-2369,Volgograd,Russia,soyb,25.6,7.46,0.2913
RUS-2369,Volgograd,Russia,whea,3711.0,326.77,0.0881
KAZ-3198,Atyrau,Kazakhstan,cott,11.5,1.25,0.1094
KAZ-3198,Atyrau,Kazakhstan,pota,21.7,1.79,0.0823
KAZ-3198,Atyrau,Kazakhstan,whea,2.8,0.74,0.2686
JOR-850,Mafraq,Jordan,barl,26.4,2.09,0.0792
JOR-850,Mafraq,Jordan,pota,7.8,0.16,0.0209
JOR-850,Mafraq,Jordan,whea,2.3,0.3,0.1297
SYR-143,As Suwayda',Syria,barl,212.0,6.66,0.0314
SYR-143,As Suwayda',Syria,pota,8.8,0.02,0.0026
SYR-143,As Suwayda',Syria,whea,8.3,0.18,0.0215
SYR-146,Dar`a,Syria,barl,62.1,2.61,0.042
SYR-146,Dar`a,Syria,cott,2.1,0.1,0.0471
SYR-146,Dar`a,Syria,maiz,4.8,0.13,0.0269
SYR-146,Dar`a,Syria,pota,33.5,0.13,0.0039
SYR-146,Dar`a,Syria,whea,84.4,2.9,0.0343
EGY-1558,Shamal Sina',Egypt,maiz,99.2,18.02,0.1816
EGY-1558,Shamal Sina',Egypt,rice,523.6,48.83,0.0933
EGY-1558,Shamal Sina',Egypt,whea,17.6,1.96,0.1116
SAU-861,Al Hudud ash Shamaliyah,Saudi Arabia,pota,1.8,0.08,0.0443
IRQ-3471,Al-Anbar,Iraq,barl,3.1,0.25,0.0799
IRQ-3471,Al-Anbar,Iraq,maiz,35.3,1.97,0.0557
IRQ-3471,Al-Anbar,Iraq,pota,107.3,1.32,0.0123
IRQ-3471,Al-Anbar,Iraq,rice,15.5,1.17,0.0755
IRQ-3471,Al-Anbar,Iraq,whea,353.0,17.66,0.05
IRQ-3061,An-Najaf,Iraq,barl,2.3,0.2,0.0887
IRQ-3061,An-Najaf,Iraq,maiz,5.0,0.33,0.0657
IRQ-3061,An-Najaf,Iraq,pota,1.2,0.02,0.0137
IRQ-3061,An-Najaf,Iraq,rice,5.7,6.33,1.1137
IRQ-3061,An-Najaf,Iraq,whea,149.9,8.91,0.0594
SAU-862,Al Jawf,Saudi Arabia,barl,23.7,3.76,0.1586
SAU-862,Al Jawf,Saudi Arabia,maiz,16.1,3.39,0.2109
SAU-862,Al Jawf,Saudi Arabia,pota,333.7,15.3,0.0459
SAU-862,Al Jawf,Saudi Arabia,sorg,51.5,16.09,0.3123
SAU-862,Al Jawf,Saudi Arabia,whea,268.7,22.5,0.0837
JOR-853,Ma`an,Jordan,barl,2.0,0.1,0.0485
JOR-853,Ma`an,Jordan,pota,15.7,0.36,0.0232
JOR-851,Amman,Jordan,barl,29.6,4.51,0.1524
JOR-851,Amman,Jordan,pota,3.2,0.1,0.0323
JOR-851,Amman,Jordan,whea,2.8,0.36,0.1283
JOR-860,Zarqa,Jordan,barl,2.2,0.48,0.2157
JOR-860,Zarqa,Jordan,pota,2.1,0.07,0.033
KWT-1665,Al Ahmadi,Kuwait,maiz,4.0,0.42,0.1057
KWT-1665,Al Ahmadi,Kuwait,pota,14.0,0.68,0.049
IRQ-3051,Ninawa,Iraq,barl,1023.6,52.27,0.0511
IRQ-3051,Ninawa,Iraq,grou,2.9,0.16,0.0566
IRQ-3051,Ninawa,Iraq,maiz,18.0,0.98,0.0544
IRQ-3051,Ninawa,Iraq,pota,224.2,2.13,0.0095
IRQ-3051,Ninawa,Iraq,rice,134.9,6.19,0.0459
IRQ-3051,Ninawa,Iraq,whea,860.8,34.91,0.0406
SYR-142,Dayr Az Zawr,Syria,barl,271.7,14.24,0.0524
SYR-142,Dayr Az Zawr,Syria,cott,16.6,0.68,0.041
SYR-142,Dayr Az Zawr,Syria,maiz,37.4,0.89,0.0238
SYR-142,Dayr Az Zawr,Syria,pota,49.8,0.15,0.003
SYR-142,Dayr Az Zawr,Syria,whea,113.5,4.76,0.042
YEM-3497,Hadramawt,Yemen,pota,3.7,0.02,0.0052
YEM-3497,Hadramawt,Yemen,sorg,5.5,2.3,0.4153
YEM-3497,Hadramawt,Yemen,whea,8.6,2.35,0.2725
OMN-2411,Dhofar,Oman,maiz,2.9,0.19,0.065
OMN-2411,Dhofar,Oman,pota,2.0,0.06,0.031
OMN-2411,Dhofar,Oman,sorg,16.5,0.26,0.0159
SAU-1096,Najran,Saudi Arabia,pota,4.2,0.26,0.0625
YEM-150,Sa`dah,Yemen,barl,2.3,1.16,0.5111
YEM-150,Sa`dah,Yemen,maiz,2.3,0.44,0.1926
YEM-150,Sa`dah,Yemen,pota,1.2,0.05,0.0432
YEM-150,Sa`dah,Yemen,sorg,3.4,4.59,1.3494
YEM-150,Sa`dah,Yemen,whea,2.5,0.88,0.3488
SAU-886,`Asir,Saudi Arabia,maiz,3.6,1.19,0.3348
SAU-886,`Asir,Saudi Arabia,pota,20.7,1.33,0.0644
SAU-886,`Asir,Saudi Arabia,whea,24.6,4.46,0.1811
YEM-154,Hajjah,Yemen,barl,1.7,0.85,0.4942
YEM-154,Hajjah,Yemen,maiz,5.7,1.3,0.2267
YEM-154,Hajjah,Yemen,pota,11.7,0.71,0.061
YEM-154,Hajjah,Yemen,sorg,29.1,10.17,0.3493
YEM-154,Hajjah,Yemen,whea,5.4,0.94,0.1733
SAU-887,Jizan,Saudi Arabia,maiz,14.9,3.69,0.2474
SAU-887,Jizan,Saudi Arabia,pota,22.7,1.17,0.0516
SAU-887,Jizan,Saudi Arabia,sorg,51.1,19.38,0.3791
SAU-887,Jizan,Saudi Arabia,whea,13.7,1.51,0.1102
YEM-335,Al Jawf,Yemen,barl,1.7,0.98,0.5805
YEM-335,Al Jawf,Yemen,maiz,1.8,0.08,0.0424
YEM-335,Al Jawf,Yemen,pota,3.5,0.03,0.0071
YEM-335,Al Jawf,Yemen,sorg,1.4,2.16,1.5298
LBY-2965,Al Kufrah,Libya,pota,10.6,0.08,0.0078
LBY-2965,Al Kufrah,Libya,whea,1.7,0.26,0.1544
LBY-2969,Murzuq,Libya,pota,12.0,0.11,0.0093
LBY-2969,Murzuq,Libya,whea,1.9,0.37,0.1995
NER-800,Agadez,Niger,cott,1.6,0.05,0.0325
NER-800,Agadez,Niger,grou,121.9,9.03,0.074
NER-800,Agadez,Niger,sorg,138.8,4.91,0.0354
DZA-2189,Tamanghasset,Algeria,pota,2.1,0.03,0.0145
SDN-878,Northern,Sudan,cott,17.7,2.92,0.1652
SDN-878,Northern,Sudan,grou,45.5,6.9,0.1516
SDN-878,Northern,Sudan,pota,415.1,5.68,0.0137
SDN-878,Northern,Sudan,rice,2.1,0.17,0.0812
SDN-878,Northern,Sudan,sorg,34.8,7.87,0.2263
EGY-1548,Aswan,Egypt,barl,1.9,0.29,0.1551
EGY-1548,Aswan,Egypt,maiz,11.3,1.98,0.1754
EGY-1548,Aswan,Egypt,rice,104.6,8.84,0.0846
EGY-1548,Aswan,Egypt,sorg,5.7,0.86,0.1505
EGY-1548,Aswan,Egypt,soyb,1.4,0.14,0.1029
EGY-1548,Aswan,Egypt,sugc,912.4,11.73,0.0129
EGY-1548,Aswan,Egypt,whea,25.4,2.78,0.1095
EGY-1556,Al Bahr al Ahmar,Egypt,barl,2.3,0.34,0.1444
EGY-1556,Al Bahr al Ahmar,Egypt,maiz,368.8,46.58,0.1263
EGY-1556,Al Bahr al Ahmar,Egypt,pota,80.2,1.08,0.0135
EGY-1556,Al Bahr al Ahmar,Egypt,rice,87.2,7.25,0.0831
EGY-1556,Al Bahr al Ahmar,Egypt,sorg,4.9,0.74,0.1492
EGY-1556,Al Bahr al Ahmar,Egypt,soyb,1.6,0.17,0.1077
EGY-1556,Al Bahr al Ahmar,Egypt,sugc,1031.8,13.04,0.0126
EGY-1556,Al Bahr al Ahmar,Egypt,whea,368.8,39.7,0.1077
SDN-877,River Nile,Sudan,sorg,41.3,10.64,0.258
SDN-877,River Nile,Sudan,whea,8.2,0.91,0.1113
KEN-889,Eastern,Kenya,barl,2.6,0.25,0.0943
KEN-889,Eastern,Kenya,cott,2.7,1.52,0.5712
KEN-889,Eastern,Kenya,maiz,851.4,65.47,0.0769
KEN-889,Eastern,Kenya,pota,152.8,14.16,0.0927
KEN-889,Eastern,Kenya,sorg,168.8,24.67,0.1462
KEN-889,Eastern,Kenya,whea,33.6,5.36,0.1597
KEN-893,North-Eastern,Kenya,maiz,9.2,5.08,0.5486
KEN-893,North-Eastern,Kenya,sorg,1.9,1.67,0.8749
DZA-2148,Béchar,Algeria,pota,22.0,0.33,0.015
DZA-2148,Béchar,Algeria,whea,1.0,0.07,0.0673
MAR-1452,Meknès - Tafilalet,Morocco,barl,23.1,8.33,0.3614
MAR-1452,Meknès - Tafilalet,Morocco,grou,3.5,0.78,0.2251
MAR-1452,Meknès - Tafilalet,Morocco,maiz,1.2,1.3,1.0689
MAR-1452,Meknès - Tafilalet,Morocco,pota,132.9,2.71,0.0204
MAR-1452,Meknès - Tafilalet,Morocco,rice,4.3,0.72,0.1671
MAR-1452,Meknès - Tafilalet,Morocco,sugc,41.4,0.4,0.0097
MAR-1452,Meknès - Tafilalet,Morocco,whea,240.6,54.27,0.2255
MAR-1455,Souss - Massa - Draâ,Morocco,barl,46.8,11.67,0.2496
MAR-1455,Souss - Massa - Draâ,Morocco,grou,4.2,0.91,0.2172
MAR-1455,Souss - Massa - Draâ,Morocco,maiz,1.3,1.22,0.9562
MAR-1455,Souss - Massa - Draâ,Morocco,pota,186.7,3.52,0.0189
MAR-1455,Souss - Massa - Draâ,Morocco,rice,8.4,0.34,0.0407
MAR-1455,Souss - Massa - Draâ,Morocco,sugc,18.6,0.16,0.0083
MAR-1455,Souss - Massa - Draâ,Morocco,whea,81.8,18.51,0.2264
TUN-106,Jendouba,Tunisia,barl,15.4,1.99,0.1296
TUN-106,Jendouba,Tunisia,pota,49.4,1.24,0.0252
TUN-106,Jendouba,Tunisia,whea,92.4,9.22,0.0999
DZA-2164,El Tarf,Algeria,barl,6.8,0.49,0.0726
DZA-2164,El Tarf,Algeria,pota,48.4,0.84,0.0173
DZA-2164,El Tarf,Algeria,whea,12.8,0.78,0.0607
TUN-97,Kebili,Tunisia,barl,2.9,0.35,0.1176
TUN-97,Kebili,Tunisia,pota,12.5,0.27,0.0217
TUN-97,Kebili,Tunisia,whea,2.4,0.18,0.0757
DZA-2191,El Oued,Algeria,pota,24.7,0.39,0.0157
DZA-2191,El Oued,Algeria,whea,1.6,0.1,0.0626
TUN-101,Tozeur,Tunisia,pota,10.6,0.29,0.0278
DZA-2223,Tébessa,Algeria,barl,61.0,3.72,0.061
DZA-2223,Tébessa,Algeria,pota,4.8,0.07,0.0153
DZA-2223,Tébessa,Algeria,whea,164.5,7.16,0.0436
TUN-112,Gafsa,Tunisia,barl,1.5,0.14,0.0973
TUN-112,Gafsa,Tunisia,pota,28.2,0.58,0.0207
TUN-112,Gafsa,Tunisia,whea,3.3,0.21,0.0644
TUN-110,Kassérine,Tunisia,barl,77.2,4.72,0.0612
TUN-110,Kassérine,Tunisia,pota,20.8,0.62,0.0299
TUN-110,Kassérine,Tunisia,whea,81.0,4.88,0.0602
TUN-109,Le Kef,Tunisia,barl,102.5,7.66,0.0748
TUN-109,Le Kef,Tunisia,pota,14.6,0.5,0.0342
TUN-109,Le Kef,Tunisia,whea,113.4,7.99,0.0705
DZA-2222,Souk Ahras,Algeria,barl,51.1,3.68,0.072
DZA-2222,Souk Ahras,Algeria,pota,300.4,5.45,0.0181
DZA-2222,Souk Ahras,Algeria,whea,130.3,7.01,0.0538
DZA-2194,Ouargla,Algeria,pota,3.2,0.05,0.0168
SDN-881,North Darfur,Sudan,grou,161.2,10.89,0.0676
SDN-881,North Darfur,Sudan,sorg,93.1,12.11,0.1301
SDN-881,North Darfur,Sudan,whea,3.4,0.39,0.116
SDN-5858,Western Darfur,Sudan,grou,64.5,20.33,0.3153
SDN-5858,Western Darfur,Sudan,maiz,1.4,0.11,0.08
SDN-5858,Western Darfur,Sudan,sorg,38.6,21.78,0.5641
TCD-1475,Ouaddaï,Chad,cott,10.9,2.32,0.2125
TCD-1475,Ouaddaï,Chad,grou,132.9,12.5,0.0941
TCD-1475,Ouaddaï,Chad,maiz,1.6,0.2,0.1211
TCD-1475,Ouaddaï,Chad,pota,2.9,0.06,0.0188
TCD-1475,Ouaddaï,Chad,sorg,53.8,5.73,0.1066
TCD-1473,Wadi Fira,Chad,grou,25.2,5.2,0.2063
TCD-1473,Wadi Fira,Chad,sorg,16.8,2.18,0.1298
EGY-1540,Matruh,Egypt,barl,1.2,0.17,0.1475
EGY-1540,Matruh,Egypt,cott,1.5,0.78,0.5379
EGY-1540,Matruh,Egypt,grou,1.8,0.2,0.1093
EGY-1540,Matruh,Egypt,maiz,179.1,31.05,0.1733
EGY-1540,Matruh,Egypt,pota,63.1,3.02,0.0479
EGY-1540,Matruh,Egypt,rice,580.5,49.64,0.0855
EGY-1540,Matruh,Egypt,sorg,326.5,51.21,0.1568
EGY-1540,Matruh,Egypt,soyb,9.7,0.9,0.0927
EGY-1540,Matruh,Egypt,sugc,2689.8,33.05,0.0123
EGY-1540,Matruh,Egypt,whea,63.6,7.35,0.1156
LBY-2983,Ajdabiya,Libya,pota,9.8,0.08,0.0082
LBY-2983,Ajdabiya,Libya,whea,1.9,0.33,0.1767
EGY-1550,Al Wadi at Jadid,Egypt,barl,49.4,7.1,0.1437
EGY-1550,Al Wadi at Jadid,Egypt,grou,49.0,5.51,0.1124
EGY-1550,Al Wadi at Jadid,Egypt,maiz,384.5,58.84,0.153
EGY-1550,Al Wadi at Jadid,Egypt,pota,883.4,39.87,0.0451
EGY-1550,Al Wadi at Jadid,Egypt,rice,118.0,9.86,0.0835
EGY-1550,Al Wadi at Jadid,Egypt,sorg,25.2,3.68,0.1462
EGY-1550,Al Wadi at Jadid,Egypt,soyb,2.1,0.2,0.0957
EGY-1550,Al Wadi at Jadid,Egypt,sugc,4109.2,50.44,0.0123
EGY-1550,Al Wadi at Jadid,Egypt,whea,749.8,80.69,0.1076
GNB-776,Bafatá,Guinea Bissau,cott,1.2,2.44,2.0821
GNB-776,Bafatá,Guinea Bissau,grou,23.7,37.64,1.5867
GNB-776,Bafatá,Guinea Bissau,maiz,4.0,1.85,0.4655
GNB-776,Bafatá,Guinea Bissau,oilp,1.2,0.13,0.1016
GNB-776,Bafatá,Guinea Bissau,rice,64.8,129.07,1.9925
GNB-776,Bafatá,Guinea Bissau,sorg,2.5,7.67,3.0181
GNB-776,Bafatá,Guinea Bissau,sugc,1.0,0.1,0.099
GNB-772,Oio,Guinea Bissau,cott,2.5,6.82,2.7063
GNB-772,Oio,Guinea Bissau,grou,16.3,29.69,1.8228
GNB-772,Oio,Guinea Bissau,maiz,13.2,35.14,2.6561
GNB-772,Oio,Guinea Bissau,oilp,45.3,25.88,0.5708
GNB-772,Oio,Guinea Bissau,rice,56.8,126.12,2.2212
GNB-772,Oio,Guinea Bissau,sorg,2.7,0.24,0.0892
SEN-5514,Sédhiou,Senegal,grou,34.1,7.78,0.228
SEN-5514,Sédhiou,Senegal,maiz,96.8,19.46,0.2011
SEN-5514,Sédhiou,Senegal,oilp,6.4,0.5,0.0782
SEN-5514,Sédhiou,Senegal,pota,2.3,0.02,0.0083
SEN-5514,Sédhiou,Senegal,rice,265.7,545.58,2.0533
SEN-5514,Sédhiou,Senegal,sorg,22.6,7.37,0.3266
GNB-771,Cacheu,Guinea Bissau,grou,19.5,139.26,7.127
GNB-771,Cacheu,Guinea Bissau,maiz,7.8,9.59,1.236
GNB-771,Cacheu,Guinea Bissau,oilp,5.3,6.74,1.2726
GNB-771,Cacheu,Guinea Bissau,rice,36.6,226.23,6.1844
GNB-771,Cacheu,Guinea Bissau,sorg,2.6,2.17,0.8243
SEN-775,Ziguinchor,Senegal,grou,29.3,187.57,6.3974
SEN-775,Ziguinchor,Senegal,maiz,4.8,58.92,12.3775
SEN-775,Ziguinchor,Senegal,oilp,54.3,42.2,0.7768
SEN-775,Ziguinchor,Senegal,rice,95.0,422.22,4.444
SOM-2645,Jubbada Hoose,Somalia,maiz,3.3,0.54,0.165
SOM-2645,Jubbada Hoose,Somalia,sugc,4.0,0.02,0.0055
KEN-1193,Coast,Kenya,maiz,325.0,39.67,0.1221
KEN-1193,Coast,Kenya,pota,2.9,0.11,0.0386
KEN-1193,Coast,Kenya,rice,20.6,14.95,0.7277
KEN-1193,Coast,Kenya,sorg,4.3,0.78,0.181
KEN-1193,Coast,Kenya,sugc,308.4,2.58,0.0084
TZA-3394,Mara,United Republic of Tanzania,cott,23.6,13.46,0.5693
TZA-3394,Mara,United Republic of Tanzania,maiz,192.3,95.36,0.4958
TZA-3394,Mara,United Republic of Tanzania,pota,15.3,1.09,0.0708
TZA-3394,Mara,United Republic of Tanzania,rice,62.8,37.48,0.5968
TZA-3394,Mara,United Republic of Tanzania,sorg,58.6,70.56,1.2039
TZA-3394,Mara,United Republic of Tanzania,sugc,35.9,0.35,0.0097
KEN-1197,Nyanza,Kenya,cott,1.6,2.84,1.7417
KEN-1197,Nyanza,Kenya,grou,8.2,3.7,0.4534
KEN-1197,Nyanza,Kenya,maiz,581.6,468.6,0.8057
KEN-1197,Nyanza,Kenya,rice,37.3,61.41,1.6473
KEN-1197,Nyanza,Kenya,sorg,94.6,42.02,0.4441
KEN-1197,Nyanza,Kenya,soyb,1.3,0.32,0.2403
KEN-1197,Nyanza,Kenya,sugc,2014.4,34.44,0.0171
KEN-1197,Nyanza,Kenya,whea,1.7,0.39,0.2335
TZA-3391,Arusha,United Republic of Tanzania,barl,8.4,1.77,0.2108
TZA-3391,Arusha,United Republic of Tanzania,maiz,174.1,17.11,0.0983
TZA-3391,Arusha,United Republic of Tanzania,pota,5.5,0.29,0.0524
TZA-3391,Arusha,United Republic of Tanzania,rice,116.7,52.06,0.446
TZA-3391,Arusha,United Republic of Tanzania,sorg,20.2,4.14,0.2044
TZA-3391,Arusha,United Republic of Tanzania,sugc,14.9,0.08,0.005
TZA-3391,Arusha,United Republic of Tanzania,whea,1.9,0.29,0.1516
TZA-3393,Kilimanjaro,United Republic of Tanzania,barl,3.8,0.63,0.1659
TZA-3393,Kilimanjaro,United Republic of Tanzania,grou,2.6,0.34,0.1315
TZA-3393,Kilimanjaro,United Republic of Tanzania,maiz,163.7,16.38,0.1
TZA-3393,Kilimanjaro,United Republic of Tanzania,pota,6.6,0.23,0.0348
TZA-3393,Kilimanjaro,United Republic of Tanzania,rice,49.1,25.52,0.5201
TZA-3393,Kilimanjaro,United Republic of Tanzania,sugc,711.9,7.06,0.0099
TZA-3395,Tanga,United Republic of Tanzania,grou,3.7,0.52,0.1403
TZA-3395,Tanga,United Republic of Tanzania,maiz,468.1,36.98,0.079
TZA-3395,Tanga,United Republic of Tanzania,pota,16.1,0.56,0.0348
TZA-3395,Tanga,United Republic of Tanzania,rice,31.9,12.2,0.3829
TZA-3395,Tanga,United Republic of Tanzania,sugc,55.2,0.2,0.0037
UGA-3361,Rakai,Uganda,cott,3.3,4.58,1.3748
UGA-3361,Rakai,Uganda,grou,2.8,4.52,1.6451
UGA-3361,Rakai,Uganda,maiz,52.9,17.16,0.3247
UGA-3361,Rakai,Uganda,pota,53.6,0.71,0.0133
UGA-3361,Rakai,Uganda,sugc,62.9,1.74,0.0277
UGA-3361,Rakai,Uganda,whea,1.4,0.86,0.5986
UGA-3120,Mayuge,Uganda,maiz,15.3,10.77,0.7046
UGA-3120,Mayuge,Uganda,sugc,6.9,0.34,0.0492
UGA-5614,Namayingo,Uganda,grou,3.3,15.07,4.5258
UGA-5614,Namayingo,Uganda,maiz,33.9,8.0,0.2362
UGA-5614,Namayingo,Uganda,rice,18.9,65.26,3.4582
UGA-5614,Namayingo,Uganda,soyb,2.4,2.37,0.9798
UGA-5614,Namayingo,Uganda,sugc,185.3,2.25,0.0122
GNQ-1470,Litoral,Equatorial Guinea,oilp,10.4,0.31,0.0295
GNQ-1469,Kié-Ntem,Equatorial Guinea,grou,5.3,0.22,0.0419
GNQ-1469,Kié-Ntem,Equatorial Guinea,maiz,4.8,0.23,0.0481
GNQ-1469,Kié-Ntem,Equatorial Guinea,oilp,3.3,0.01,0.004
GNQ-1468,Centro Sur,Equatorial Guinea,oilp,9.5,0.05,0.0051
GNQ-1471,Wele-Nzás,Equatorial Guinea,oilp,12.4,0.05,0.0044
GAB-2168,Estuaire,Gabon,maiz,3.0,0.51,0.1719
GAB-2168,Estuaire,Gabon,oilp,26.5,0.12,0.0044
GAB-2168,Estuaire,Gabon,sugc,20.1,0.17,0.0084
MRT-2784,Brakna,Mauritania,sorg,10.0,4.54,0.454
SEN-5517,Saint-Louis,Senegal,grou,22.4,2.41,0.1072
SEN-5517,Saint-Louis,Senegal,maiz,5.1,0.39,0.0753
SEN-5517,Saint-Louis,Senegal,pota,2.0,0.02,0.0127
SEN-5517,Saint-Louis,Senegal,rice,275.4,486.63,1.7671
SEN-5517,Saint-Louis,Senegal,sorg,8.9,0.91,0.102
SEN-5517,Saint-Louis,Senegal,sugc,1097.5,6.54,0.006
MRT-2788,Trarza,Mauritania,grou,1.1,0.11,0.1075
MRT-2788,Trarza,Mauritania,maiz,1.3,0.08,0.0597
MRT-2788,Trarza,Mauritania,rice,290.1,524.42,1.8074
MRT-2788,Trarza,Mauritania,sorg,2.3,0.43,0.1912
MRT-2788,Trarza,Mauritania,sugc,168.6,0.92,0.0055
MRT-2788,Trarza,Mauritania,whea,2.0,0.12,0.0581
MRT-2791,Gorgol,Mauritania,maiz,10.4,2.5,0.2395
MRT-2791,Gorgol,Mauritania,rice,19.9,52.34,2.63
MRT-2791,Gorgol,Mauritania,sorg,11.6,4.04,0.3482
SEN-767,Matam,Senegal,grou,11.2,1.56,0.1391
SEN-767,Matam,Senegal,maiz,9.3,1.17,0.1262
SEN-767,Matam,Senegal,rice,33.2,67.63,2.0375
SEN-767,Matam,Senegal,sorg,24.6,3.47,0.141
MRT-2790,Guidimaka,Mauritania,grou,1.1,0.31,0.2872
MRT-2790,Guidimaka,Mauritania,maiz,4.0,1.22,0.3065
MRT-2790,Guidimaka,Mauritania,pota,2.3,0.12,0.0518
MRT-2790,Guidimaka,Mauritania,rice,3.6,7.16,2.0169
MRT-2790,Guidimaka,Mauritania,sorg,12.9,4.33,0.3361
MRT-2796,Hodh ech Chargui,Mauritania,sorg,39.9,9.28,0.2326
MRT-2797,Hodh el Gharbi,Mauritania,maiz,1.4,0.25,0.1764
MRT-2797,Hodh el Gharbi,Mauritania,sorg,6.9,1.92,0.2773
MRT-2789,Assaba,Mauritania,maiz,2.6,0.6,0.2326
MRT-2789,Assaba,Mauritania,sorg,10.9,3.04,0.2793
ZMB-523,Western,Zambia,grou,4.0,7.92,1.9563
ZMB-523,Western,Zambia,maiz,190.0,184.09,0.9689
ZMB-523,Western,Zambia,rice,9.8,66.56,6.8123
ZMB-523,Western,Zambia,sorg,4.0,11.68,2.883
AGO-1888,Cuando Cubango,Angola,grou,10.8,9.01,0.8315
AGO-1888,Cuando Cubango,Angola,maiz,63.1,27.34,0.433
AGO-1888,Cuando Cubango,Angola,pota,2.2,0.13,0.0585
AGO-1888,Cuando Cubango,Angola,sorg,8.5,18.05,2.1204
AGO-1892,Moxico,Angola,grou,14.2,9.81,0.6886
AGO-1892,Moxico,Angola,maiz,86.7,36.16,0.4172
AGO-1892,Moxico,Angola,pota,2.1,0.03,0.0155
ZMB-521,North-Western,Zambia,grou,6.7,6.12,0.9085
ZMB-521,North-Western,Zambia,maiz,175.6,60.97,0.3472
ZMB-521,North-Western,Zambia,pota,11.3,0.81,0.0717
ZMB-521,North-Western,Zambia,rice,3.3,1.13,0.343
ZMB-521,North-Western,Zambia,sorg,1.3,0.36,0.2733
ZMB-521,North-Western,Zambia,sugc,56.4,1.07,0.019
AGO-1893,Namibe,Angola,maiz,33.1,2.35,0.071
AGO-1893,Namibe,Angola,pota,8.3,0.24,0.0283
AGO-1893,Namibe,Angola,sorg,1.4,0.55,0.4029
AGO-1889,Cunene,Angola,maiz,21.5,3.7,0.1723
AGO-1889,Cunene,Angola,oilp,279.4,2.24,0.008
AGO-1889,Cunene,Angola,pota,1.9,0.03,0.0153
AGO-1889,Cunene,Angola,sorg,9.4,5.84,0.6204
AGO-1889,Cunene,Angola,sugc,285.6,1.08,0.0038
AGO-1889,Cunene,Angola,whea,1.1,0.02,0.0184
NAM-3350,Omusati,Namibia,maiz,9.7,0.76,0.0785
NAM-3350,Omusati,Namibia,sorg,1.1,0.24,0.2324
NAM-3350,Omusati,Namibia,whea,2.0,0.05,0.0264
NAM-3352,Ohangwena,Namibia,maiz,8.6,0.65,0.0756
NAM-3352,Ohangwena,Namibia,pota,1.7,0.02,0.0114
NAM-3352,Ohangwena,Namibia,whea,1.7,0.04,0.0223
NAM-3354,Kavango,Namibia,maiz,13.4,0.63,0.0468
NAM-3354,Kavango,Namibia,pota,3.5,0.04,0.01
NAM-3354,Kavango,Namibia,sorg,1.5,0.2,0.1311
NAM-3354,Kavango,Namibia,whea,1.4,0.02,0.0131
NAM-3356,Caprivi,Namibia,maiz,5.1,7.71,1.4971
NAM-3356,Caprivi,Namibia,pota,1.0,0.72,0.6923
MOZ-1190,Tete,Mozambique,cott,1.3,0.5,0.4016
MOZ-1190,Tete,Mozambique,grou,14.3,4.74,0.3323
MOZ-1190,Tete,Mozambique,maiz,300.2,36.63,0.122
MOZ-1190,Tete,Mozambique,pota,352.5,2.92,0.0083
MOZ-1190,Tete,Mozambique,rice,1.2,0.55,0.4791
MOZ-1190,Tete,Mozambique,sorg,26.8,3.57,0.1335
MOZ-1190,Tete,Mozambique,soyb,28.9,2.12,0.0736
MOZ-1190,Tete,Mozambique,sugc,11.6,0.03,0.0028
MOZ-1190,Tete,Mozambique,whea,1.8,0.2,0.1127
ZWE-528,Mashonaland East,Zimbabwe,barl,1.5,0.03,0.0219
ZWE-528,Mashonaland East,Zimbabwe,cott,11.3,0.77,0.0682
ZWE-528,Mashonaland East,Zimbabwe,grou,13.2,3.3,0.2498
ZWE-528,Mashonaland East,Zimbabwe,maiz,167.4,17.8,0.1064
ZWE-528,Mashonaland East,Zimbabwe,pota,31.1,0.06,0.002
ZWE-528,Mashonaland East,Zimbabwe,sorg,13.0,2.67,0.2061
ZWE-528,Mashonaland East,Zimbabwe,soyb,5.9,0.31,0.0522
ZWE-528,Mashonaland East,Zimbabwe,sugc,93.8,0.07,0.0007
ZWE-528,Mashonaland East,Zimbabwe,whea,5.4,0.21,0.0388
MOZ-1192,Manica,Mozambique,grou,5.0,2.35,0.4691
MOZ-1192,Manica,Mozambique,maiz,213.4,35.75,0.1675
MOZ-1192,Manica,Mozambique,pota,6.5,0.07,0.0103
MOZ-1192,Manica,Mozambique,sorg,17.4,2.15,0.1232
MOZ-1192,Manica,Mozambique,soyb,28.4,1.14,0.0401
MOZ-1192,Manica,Mozambique,sugc,55.3,0.25,0.0046
MOZ-1192,Manica,Mozambique,whea,2.5,0.25,0.1016
ZWE-529,Manicaland,Zimbabwe,barl,24.5,1.81,0.0738
ZWE-529,Manicaland,Zimbabwe,cott,23.1,1.81,0.0787
ZWE-529,Manicaland,Zimbabwe,grou,19.1,4.14,0.2163
ZWE-529,Manicaland,Zimbabwe,maiz,197.2,23.79,0.1206
ZWE-529,Manicaland,Zimbabwe,pota,214.7,0.18,0.0008
ZWE-529,Manicaland,Zimbabwe,sorg,21.1,3.87,0.1832
ZWE-529,Manicaland,Zimbabwe,soyb,8.9,0.43,0.0483
ZWE-529,Manicaland,Zimbabwe,sugc,2162.2,5.12,0.0024
ZWE-529,Manicaland,Zimbabwe,whea,77.1,3.95,0.0512
MOZ-1207,Gaza,Mozambique,grou,7.0,14.83,2.1332
MOZ-1207,Gaza,Mozambique,maiz,130.8,326.71,2.498
MOZ-1207,Gaza,Mozambique,pota,5.5,0.25,0.0457
MOZ-1207,Gaza,Mozambique,rice,16.5,166.28,10.0775
MOZ-1207,Gaza,Mozambique,sorg,2.8,3.16,1.1098
MOZ-1207,Gaza,Mozambique,sugc,6.5,0.04,0.0068
MOZ-1207,Gaza,Mozambique,whea,1.2,0.64,0.5479
AGO-1882,Zaire,Angola,grou,12.4,2.81,0.2272
AGO-1882,Zaire,Angola,maiz,19.5,2.59,0.1329
AGO-1882,Zaire,Angola,pota,8.3,0.34,0.0409
AGO-1881,Uíge,Angola,grou,39.8,6.71,0.1686
AGO-1881,Uíge,Angola,maiz,72.5,5.87,0.0809
AGO-1881,Uíge,Angola,pota,54.6,1.36,0.0248
AGO-1881,Uíge,Angola,rice,3.0,2.03,0.6815
AGO-1881,Uíge,Angola,soyb,5.1,0.57,0.1124
COD-1872,Kasaï-Occidental,Democratic Republic of the Congo,grou,12.8,2.13,0.1664
COD-1872,Kasaï-Occidental,Democratic Republic of the Congo,maiz,150.8,25.89,0.1717
COD-1872,Kasaï-Occidental,Democratic Republic of the Congo,oilp,325.2,0.26,0.0008
COD-1872,Kasaï-Occidental,Democratic Republic of the Congo,rice,89.2,23.35,0.2618
COD-1872,Kasaï-Occidental,Democratic Republic of the Congo,soyb,4.4,1.62,0.3683
COD-1872,Kasaï-Occidental,Democratic Republic of the Congo,sugc,62.4,0.11,0.0018
AGO-1874,Lunda Norte,Angola,grou,4.7,1.37,0.2919
AGO-1874,Lunda Norte,Angola,maiz,51.8,7.07,0.1366
AGO-1874,Lunda Norte,Angola,pota,1.2,0.06,0.0488
AGO-1876,Malanje,Angola,grou,18.3,16.9,0.9238
AGO-1876,Malanje,Angola,maiz,122.1,56.94,0.4665
AGO-1876,Malanje,Angola,pota,44.4,2.99,0.0673
AGO-1876,Malanje,Angola,sugc,284.0,2.12,0.0075
AGO-1875,Lunda Sul,Angola,grou,2.0,0.37,0.1878
AGO-1875,Lunda Sul,Angola,maiz,63.6,5.18,0.0815
AGO-1875,Lunda Sul,Angola,pota,7.7,0.28,0.0369
AGO-1875,Lunda Sul,Angola,rice,1.3,1.16,0.9312
NAM-3349,Otjozondjupa,Namibia,maiz,2.8,0.19,0.068
NAM-3349,Otjozondjupa,Namibia,pota,1.8,0.03,0.0153
GMB-2151,Central River,Gambia,grou,31.3,11.09,0.3547
GMB-2151,Central River,Gambia,maiz,11.2,8.14,0.7249
GMB-2151,Central River,Gambia,oilp,18.7,1.17,0.0624
GMB-2151,Central River,Gambia,pota,22.5,0.17,0.0075
GMB-2151,Central River,Gambia,rice,13.4,31.47,2.3468
GMB-2151,Central River,Gambia,sorg,6.6,2.36,0.3579
SEN-5516,Kaffrine,Senegal,grou,323.0,13.08,0.0405
SEN-5516,Kaffrine,Senegal,maiz,104.2,3.89,0.0373
SEN-5516,Kaffrine,Senegal,oilp,1.9,0.01,0.0027
SEN-5516,Kaffrine,Senegal,rice,3.2,4.58,1.454
SEN-5516,Kaffrine,Senegal,sorg,86.6,3.61,0.0416
GMB-5513,North Bank,Gambia,grou,8.7,33.7,3.8642
GMB-5513,North Bank,Gambia,maiz,4.4,29.02,6.5517
GMB-5513,North Bank,Gambia,oilp,6.0,4.54,0.7625
GMB-5513,North Bank,Gambia,rice,4.6,68.65,15.0553
SEN-765,Kaolack,Senegal,grou,210.6,29.13,0.1383
SEN-765,Kaolack,Senegal,maiz,97.8,14.9,0.1523
SEN-765,Kaolack,Senegal,oilp,2.6,1.61,0.6161
SEN-765,Kaolack,Senegal,rice,10.9,39.21,3.5972
SEN-765,Kaolack,Senegal,sorg,17.2,3.2,0.1856
GMB-2152,Upper River,Gambia,cott,1.3,0.14,0.1109
GMB-2152,Upper River,Gambia,grou,19.0,1.2,0.063
GMB-2152,Upper River,Gambia,maiz,11.3,0.86,0.0755
GMB-2152,Upper River,Gambia,oilp,6.5,0.03,0.0041
GMB-2152,Upper River,Gambia,rice,24.7,42.01,1.698
GMB-2152,Upper River,Gambia,sorg,5.5,0.44,0.08
GMB-2154,Lower River,Gambia,grou,25.3,56.77,2.2404
GMB-2154,Lower River,Gambia,maiz,11.0,55.7,5.0546
GMB-2154,Lower River,Gambia,oilp,6.5,5.58,0.8538
GMB-2154,Lower River,Gambia,pota,4.4,0.03,0.0075
GMB-2154,Lower River,Gambia,rice,11.5,191.31,16.6792
GMB-2154,Lower River,Gambia,sorg,3.1,6.34,2.0448
SEN-764,Fatick,Senegal,grou,291.9,164.46,0.5633
SEN-764,Fatick,Senegal,maiz,83.7,71.24,0.8511
SEN-764,Fatick,Senegal,oilp,4.0,0.93,0.2337
SEN-764,Fatick,Senegal,rice,31.4,76.24,2.4264
SEN-764,Fatick,Senegal,sorg,25.0,18.83,0.7543
LBY-2967,Ash Shati',Libya,pota,15.0,0.17,0.0111
LBY-2967,Ash Shati',Libya,whea,2.1,0.34,0.1581
BFA-2876,Séno,Burkina Faso,cott,2.6,0.68,0.264
BFA-2876,Séno,Burkina Faso,grou,3.9,0.76,0.1961
BFA-2876,Séno,Burkina Faso,maiz,1.4,0.18,0.1346
BFA-2876,Séno,Burkina Faso,sorg,29.8,8.18,0.2742
BFA-2877,Yagha,Burkina Faso,cott,1.8,0.23,0.1271
BFA-2877,Yagha,Burkina Faso,grou,4.9,0.49,0.0994
BFA-2877,Yagha,Burkina Faso,maiz,4.0,0.28,0.0708
BFA-2877,Yagha,Burkina Faso,pota,1.4,0.01,0.0107
BFA-2877,Yagha,Burkina Faso,sorg,37.4,4.2,0.1124
BFA-2875,Komondjari,Burkina Faso,grou,5.3,0.46,0.086
BFA-2875,Komondjari,Burkina Faso,maiz,5.4,0.44,0.0811
BFA-2875,Komondjari,Burkina Faso,sorg,19.9,2.4,0.1206
CAF-802,Sangha-Mbaéré,Central African Republic,grou,12.2,1.0,0.0818
CAF-802,Sangha-Mbaéré,Central African Republic,maiz,5.1,0.61,0.1205
CAF-802,Sangha-Mbaéré,Central African Republic,sugc,7.9,0.07,0.0084
CMR-1481,Est,Cameroon,grou,64.7,9.3,0.1436
CMR-1481,Est,Cameroon,maiz,59.7,8.93,0.1496
CAF-804,Nana-Mambéré,Central African Republic,grou,16.3,1.17,0.0715
CAF-804,Nana-Mambéré,Central African Republic,maiz,8.3,1.28,0.1547
CAF-804,Nana-Mambéré,Central African Republic,sugc,4.6,0.12,0.0251
CAF-801,Mambéré-Kadéï,Central African Republic,cott,1.0,0.34,0.3308
CAF-801,Mambéré-Kadéï,Central African Republic,grou,21.9,1.17,0.0531
CAF-801,Mambéré-Kadéï,Central African Republic,maiz,5.7,0.54,0.0944
CAF-801,Mambéré-Kadéï,Central African Republic,sugc,7.7,0.17,0.0215
UGA-3125,Kaabong,Uganda,grou,3.2,1.2,0.3774
UGA-3125,Kaabong,Uganda,maiz,44.3,2.83,0.064
UGA-3125,Kaabong,Uganda,sorg,23.3,4.95,0.2126
UGA-3125,Kaabong,Uganda,sugc,204.5,2.46,0.012
UGA-3096,Kitgum,Uganda,cott,2.7,0.26,0.0953
UGA-3096,Kitgum,Uganda,grou,2.8,0.49,0.1705
UGA-3096,Kitgum,Uganda,maiz,30.6,0.87,0.0285
UGA-3096,Kitgum,Uganda,rice,7.5,2.29,0.3031
UGA-3096,Kitgum,Uganda,sorg,2.6,0.26,0.0966
UGA-3096,Kitgum,Uganda,soyb,2.7,0.12,0.0426
UGA-3096,Kitgum,Uganda,sugc,67.8,0.25,0.0036
UGA-5603,Lamwo,Uganda,maiz,4.7,0.18,0.0387
UGA-5603,Lamwo,Uganda,rice,1.1,0.31,0.2962
UGA-5603,Lamwo,Uganda,sugc,10.9,0.04,0.0039
UGA-5601,Amuru,Uganda,cott,1.3,0.17,0.1292
UGA-5601,Amuru,Uganda,grou,1.4,0.4,0.2799
UGA-5601,Amuru,Uganda,maiz,14.8,0.6,0.0403
UGA-5601,Amuru,Uganda,rice,3.9,1.25,0.3214
UGA-5601,Amuru,Uganda,sorg,1.3,0.2,0.1463
UGA-5601,Amuru,Uganda,soyb,1.1,0.06,0.055
UGA-5601,Amuru,Uganda,sugc,39.5,0.15,0.0039
UGA-3079,Adjumani,Uganda,maiz,4.1,0.45,0.1087
UGA-3079,Adjumani,Uganda,sugc,6.7,0.06,0.0086
UGA-3085,Moyo,Uganda,grou,1.4,0.85,0.6129
UGA-3085,Moyo,Uganda,maiz,3.6,0.57,0.1583
UGA-3085,Moyo,Uganda,sorg,1.6,0.69,0.4189
UGA-3085,Moyo,Uganda,sugc,6.2,0.05,0.0084
UGA-3086,Yumbe,Uganda,cott,1.5,0.37,0.2368
UGA-3086,Yumbe,Uganda,grou,2.8,1.45,0.5211
UGA-3086,Yumbe,Uganda,maiz,14.0,1.42,0.1015
UGA-3086,Yumbe,Uganda,sorg,1.9,0.49,0.2665
UGA-3086,Yumbe,Uganda,sugc,31.7,0.21,0.0065
ZAF-1209,Mpumalanga,South Africa,cott,14.9,4.54,0.3045
ZAF-1209,Mpumalanga,South Africa,maiz,3379.4,308.66,0.0913
ZAF-1209,Mpumalanga,South Africa,pota,163.8,4.31,0.0263
ZAF-1209,Mpumalanga,South Africa,sorg,37.6,3.56,0.0948
ZAF-1209,Mpumalanga,South Africa,soyb,542.1,23.63,0.0436
ZAF-1209,Mpumalanga,South Africa,sugc,1740.0,13.61,0.0078
ZAF-1209,Mpumalanga,South Africa,whea,51.5,4.3,0.0836
SWZ-534,Hhohho,Swaziland,maiz,32.6,3.82,0.1169
SWZ-534,Hhohho,Swaziland,pota,3.1,0.31,0.0994
SWZ-534,Hhohho,Swaziland,soyb,1.7,0.07,0.0385
SWZ-534,Hhohho,Swaziland,sugc,1077.8,5.52,0.0051
SWZ-536,Manzini,Swaziland,maiz,26.2,3.34,0.1273
SWZ-536,Manzini,Swaziland,pota,2.5,0.24,0.096
SWZ-536,Manzini,Swaziland,sugc,1100.1,5.63,0.0051
SWZ-537,Shiselweni,Swaziland,maiz,21.8,2.53,0.1161
SWZ-537,Shiselweni,Swaziland,pota,2.7,0.25,0.0944
SWZ-537,Shiselweni,Swaziland,soyb,2.2,0.09,0.04
SWZ-537,Shiselweni,Swaziland,sugc,470.4,1.74,0.0037
ZMB-514,Luapula,Zambia,grou,9.9,30.8,3.1111
ZMB-514,Luapula,Zambia,maiz,112.6,101.23,0.8986
ZMB-514,Luapula,Zambia,rice,2.8,9.75,3.533
ZMB-514,Luapula,Zambia,sugc,1325.9,72.43,0.0546
ZMB-517,Copperbelt,Zambia,barl,1.5,0.18,0.1179
ZMB-517,Copperbelt,Zambia,grou,5.6,6.83,1.2275
ZMB-517,Copperbelt,Zambia,maiz,226.5,133.13,0.5877
ZMB-517,Copperbelt,Zambia,pota,3.4,0.41,0.1201
ZMB-517,Copperbelt,Zambia,soyb,38.0,25.11,0.6612
ZMB-517,Copperbelt,Zambia,whea,47.0,10.58,0.2252
ZMB-516,Central,Zambia,barl,3.5,0.22,0.064
ZMB-516,Central,Zambia,cott,10.9,9.4,0.8605
ZMB-516,Central,Zambia,grou,17.9,28.69,1.6001
ZMB-516,Central,Zambia,maiz,591.3,188.87,0.3194
ZMB-516,Central,Zambia,pota,17.6,0.73,0.0415
ZMB-516,Central,Zambia,sorg,1.3,0.5,0.4
ZMB-516,Central,Zambia,soyb,119.8,46.33,0.3866
ZMB-516,Central,Zambia,whea,87.3,9.38,0.1075
BFA-2827,Koulpélogo,Burkina Faso,cott,9.1,0.98,0.1069
BFA-2827,Koulpélogo,Burkina Faso,grou,15.1,0.89,0.0589
BFA-2827,Koulpélogo,Burkina Faso,maiz,91.1,4.25,0.0467
BFA-2827,Koulpélogo,Burkina Faso,rice,20.6,12.38,0.6002
BFA-2827,Koulpélogo,Burkina Faso,sorg,24.3,1.63,0.0668
BFA-2827,Koulpélogo,Burkina Faso,soyb,12.2,0.62,0.0507
BFA-2826,Boulgou,Burkina Faso,cott,10.4,0.94,0.0899
BFA-2826,Boulgou,Burkina Faso,grou,40.8,1.93,0.0473
BFA-2826,Boulgou,Burkina Faso,maiz,94.1,3.73,0.0396
BFA-2826,Boulgou,Burkina Faso,rice,36.5,17.82,0.4886
BFA-2826,Boulgou,Burkina Faso,sorg,32.8,1.9,0.0579
BFA-2826,Boulgou,Burkina Faso,soyb,6.2,0.28,0.046
BEN-2182,Donga,Benin,cott,22.3,10.31,0.4626
BEN-2182,Donga,Benin,grou,10.7,1.2,0.1116
BEN-2182,Donga,Benin,maiz,55.0,4.88,0.0888
BEN-2182,Donga,Benin,rice,35.5,12.75,0.3596
BEN-2182,Donga,Benin,sorg,24.8,2.42,0.0977
BEN-2182,Donga,Benin,soyb,18.5,1.26,0.0679
BEN-2178,Zou,Benin,cott,42.2,30.8,0.7305
BEN-2178,Zou,Benin,grou,32.1,13.28,0.4138
BEN-2178,Zou,Benin,maiz,116.3,51.22,0.4403
BEN-2178,Zou,Benin,oilp,115.4,2.38,0.0206
BEN-2178,Zou,Benin,rice,9.2,3.94,0.4283
BEN-2178,Zou,Benin,soyb,17.7,5.73,0.3237
BEN-2176,Kouffo,Benin,cott,10.0,2.25,0.2264
BEN-2176,Kouffo,Benin,grou,10.4,0.72,0.0699
BEN-2176,Kouffo,Benin,maiz,91.9,4.89,0.0532
BEN-2176,Kouffo,Benin,oilp,17.0,0.06,0.0037
BEN-2176,Kouffo,Benin,rice,4.6,1.78,0.3882
BEN-2176,Kouffo,Benin,sorg,3.6,0.34,0.0947
BEN-2176,Kouffo,Benin,soyb,1.8,0.07,0.0403
BEN-2180,Mono,Benin,grou,1.4,0.16,0.12
BEN-2180,Mono,Benin,maiz,47.5,7.31,0.1539
BEN-2180,Mono,Benin,rice,3.6,2.08,0.5786
BFA-2830,Nahouri,Burkina Faso,cott,14.6,1.46,0.1003
BFA-2830,Nahouri,Burkina Faso,grou,12.6,0.83,0.0661
BFA-2830,Nahouri,Burkina Faso,maiz,49.9,2.15,0.0431
BFA-2830,Nahouri,Burkina Faso,rice,12.4,6.58,0.531
BFA-2830,Nahouri,Burkina Faso,sorg,18.6,1.28,0.0687
BFA-2830,Nahouri,Burkina Faso,soyb,15.2,0.89,0.0584
BFA-2820,Sissili,Burkina Faso,cott,7.0,0.82,0.1168
BFA-2820,Sissili,Burkina Faso,grou,21.9,1.17,0.0533
BFA-2820,Sissili,Burkina Faso,maiz,90.3,3.63,0.0402
BFA-2820,Sissili,Burkina Faso,rice,8.8,4.31,0.4919
BFA-2820,Sissili,Burkina Faso,sorg,35.7,2.31,0.0648
BFA-2820,Sissili,Burkina Faso,soyb,5.2,0.32,0.0625
GHA-2157,Upper West,Ghana,grou,151.8,10.7,0.0705
GHA-2157,Upper West,Ghana,maiz,204.8,11.21,0.0547
GHA-2157,Upper West,Ghana,rice,23.4,4.9,0.2093
GHA-2157,Upper West,Ghana,sorg,147.8,15.34,0.1038
GHA-2157,Upper West,Ghana,soyb,28.9,1.89,0.0653
GHA-2157,Upper West,Ghana,sugc,2.4,0.02,0.0105
BFA-2833,Ioba,Burkina Faso,cott,1.0,0.21,0.205
BFA-2833,Ioba,Burkina Faso,grou,11.2,0.71,0.0634
BFA-2833,Ioba,Burkina Faso,maiz,38.0,2.18,0.0574
BFA-2833,Ioba,Burkina Faso,rice,3.8,1.88,0.4901
BFA-2833,Ioba,Burkina Faso,sorg,25.4,2.24,0.0884
BFA-2833,Ioba,Burkina Faso,soyb,1.8,0.11,0.058
MWI-1902,Nkhotakota,Malawi,grou,5.5,2.8,0.5095
MWI-1902,Nkhotakota,Malawi,maiz,38.6,11.0,0.285
MWI-1902,Nkhotakota,Malawi,pota,28.5,3.05,0.1068
MWI-1902,Nkhotakota,Malawi,rice,8.1,3.82,0.47
MWI-1902,Nkhotakota,Malawi,sugc,1674.1,21.23,0.0127
MWI-1914,Salima,Malawi,cott,5.3,3.95,0.7497
MWI-1914,Salima,Malawi,grou,13.4,4.66,0.3485
MWI-1914,Salima,Malawi,maiz,100.8,21.47,0.2129
MWI-1914,Salima,Malawi,pota,32.2,1.42,0.044
MWI-1914,Salima,Malawi,rice,5.0,3.4,0.6816
MWI-1914,Salima,Malawi,sorg,1.2,0.33,0.2836
MWI-1914,Salima,Malawi,soyb,3.3,0.63,0.1924
MWI-1910,Mangochi,Malawi,cott,3.1,1.19,0.3838
MWI-1910,Mangochi,Malawi,grou,22.1,4.99,0.2254
MWI-1910,Mangochi,Malawi,maiz,215.8,25.64,0.1188
MWI-1910,Mangochi,Malawi,pota,10.0,0.39,0.039
MWI-1910,Mangochi,Malawi,rice,4.0,1.95,0.4919
MWI-1910,Mangochi,Malawi,sorg,4.8,0.7,0.1473
MWI-1910,Mangochi,Malawi,soyb,3.0,0.31,0.103
MWI-1904,Machinga,Malawi,cott,2.9,1.47,0.4997
MWI-1904,Machinga,Malawi,grou,12.3,3.88,0.316
MWI-1904,Machinga,Malawi,maiz,99.6,21.1,0.2119
MWI-1904,Machinga,Malawi,pota,284.4,13.31,0.0468
MWI-1904,Machinga,Malawi,rice,11.2,4.48,0.3998
MWI-1904,Machinga,Malawi,sorg,11.0,2.12,0.1927
MWI-1904,Machinga,Malawi,sugc,228.8,1.86,0.0081
MWI-1907,Dedza,Malawi,cott,1.6,0.7,0.4256
MWI-1907,Dedza,Malawi,grou,28.8,6.58,0.2282
MWI-1907,Dedza,Malawi,maiz,265.8,32.4,0.1219
MWI-1907,Dedza,Malawi,pota,362.2,14.92,0.0412
MWI-1907,Dedza,Malawi,rice,5.2,1.84,0.3504
MWI-1907,Dedza,Malawi,sorg,1.7,0.24,0.1354
MWI-1907,Dedza,Malawi,soyb,27.4,2.94,0.1074
MWI-1909,Lilongwe,Malawi,cott,1.4,0.61,0.4355
MWI-1909,Lilongwe,Malawi,grou,74.4,17.0,0.2284
MWI-1909,Lilongwe,Malawi,maiz,477.3,58.94,0.1235
MWI-1909,Lilongwe,Malawi,pota,133.7,5.51,0.0412
MWI-1909,Lilongwe,Malawi,rice,2.5,0.94,0.3806
MWI-1909,Lilongwe,Malawi,sorg,4.7,0.68,0.1445
MWI-1909,Lilongwe,Malawi,soyb,43.8,4.9,0.112
MWI-1919,Nsanje,Malawi,grou,3.2,9.73,3.0794
MWI-1919,Nsanje,Malawi,maiz,53.9,88.59,1.6435
MWI-1919,Nsanje,Malawi,pota,1.3,0.05,0.0386
MWI-1919,Nsanje,Malawi,rice,3.6,10.5,2.9262
MWI-1919,Nsanje,Malawi,sorg,8.1,34.06,4.2101
MWI-1919,Nsanje,Malawi,soyb,26.2,111.52,4.2547
MWI-1916,Chikwawa,Malawi,grou,2.8,1.12,0.4072
MWI-1916,Chikwawa,Malawi,maiz,130.4,108.28,0.8301
MWI-1916,Chikwawa,Malawi,rice,10.4,21.62,2.0811
MWI-1916,Chikwawa,Malawi,soyb,75.0,18.96,0.2527
MWI-1922,Mwanza,Malawi,grou,1.8,0.48,0.2609
MWI-1922,Mwanza,Malawi,maiz,23.9,3.21,0.1345
MWI-1922,Mwanza,Malawi,pota,10.0,0.44,0.044
MWI-5510,Neno,Malawi,cott,2.0,1.76,0.8771
MWI-5510,Neno,Malawi,grou,4.4,2.32,0.5302
MWI-5510,Neno,Malawi,maiz,66.6,19.19,0.2883
MWI-5510,Neno,Malawi,pota,51.4,4.71,0.0918
MWI-5510,Neno,Malawi,sorg,1.3,0.46,0.3481
MWI-5510,Neno,Malawi,soyb,1.2,0.27,0.2305
MWI-1912,Ntcheu,Malawi,grou,12.7,3.36,0.265
MWI-1912,Ntcheu,Malawi,maiz,310.0,49.66,0.1602
MWI-1912,Ntcheu,Malawi,pota,105.7,5.93,0.0561
MWI-1912,Ntcheu,Malawi,rice,4.7,1.82,0.3912
MWI-1912,Ntcheu,Malawi,sorg,1.4,0.33,0.2333
MWI-1920,Zomba,Malawi,cott,3.1,3.16,1.0144
MWI-1920,Zomba,Malawi,grou,15.0,8.26,0.5515
MWI-1920,Zomba,Malawi,maiz,169.6,50.59,0.2983
MWI-1920,Zomba,Malawi,pota,1.1,0.12,0.1136
MWI-1920,Zomba,Malawi,rice,5.3,4.15,0.7899
MWI-1920,Zomba,Malawi,sorg,11.9,4.24,0.357
MWI-1920,Zomba,Malawi,soyb,1.3,0.32,0.2425
MOZ-1906,Zambezia,Mozambique,grou,18.8,41.14,2.1827
MOZ-1906,Zambezia,Mozambique,maiz,359.4,114.92,0.3197
MOZ-1906,Zambezia,Mozambique,pota,11.8,0.2,0.0165
MOZ-1906,Zambezia,Mozambique,rice,110.3,221.0,2.0035
MOZ-1906,Zambezia,Mozambique,sorg,18.9,17.58,0.9275
MOZ-1906,Zambezia,Mozambique,soyb,45.8,24.47,0.5344
MOZ-1906,Zambezia,Mozambique,sugc,5.2,0.02,0.0034
MOZ-1906,Zambezia,Mozambique,whea,2.4,1.3,0.5456
MWI-1924,Phalombe,Malawi,grou,7.7,4.42,0.576
MWI-1924,Phalombe,Malawi,maiz,88.3,27.77,0.3143
MWI-1924,Phalombe,Malawi,rice,7.0,10.17,1.4567
MWI-1923,Mulanje,Malawi,grou,6.9,3.84,0.5596
MWI-1923,Mulanje,Malawi,maiz,117.2,33.74,0.2879
MWI-1923,Mulanje,Malawi,pota,1.7,0.19,0.108
MWI-1923,Mulanje,Malawi,rice,3.7,2.64,0.7205
MWI-1923,Mulanje,Malawi,sorg,4.0,1.52,0.377
MWI-1923,Mulanje,Malawi,soyb,2.0,0.25,0.1242
MWI-1918,Thyolo,Malawi,grou,5.7,2.73,0.4806
MWI-1918,Thyolo,Malawi,maiz,88.6,21.92,0.2475
MWI-1918,Thyolo,Malawi,pota,6.6,0.67,0.1005
MWI-1918,Thyolo,Malawi,sorg,5.1,1.72,0.3386
MWI-1918,Thyolo,Malawi,soyb,2.5,0.61,0.2415
KEN-891,Western,Kenya,grou,4.6,1.94,0.4236
KEN-891,Western,Kenya,maiz,426.5,67.92,0.1593
KEN-891,Western,Kenya,pota,15.4,1.7,0.1108
KEN-891,Western,Kenya,rice,2.3,0.87,0.3778
KEN-891,Western,Kenya,sorg,17.3,5.67,0.3268
KEN-891,Western,Kenya,soyb,1.4,0.25,0.1803
KEN-891,Western,Kenya,sugc,2683.1,26.2,0.0098
UGA-3112,Kapchorwa,Uganda,maiz,36.8,5.21,0.1418
UGA-3112,Kapchorwa,Uganda,pota,2.9,0.12,0.0402
UGA-3112,Kapchorwa,Uganda,rice,3.1,1.63,0.5258
UGA-3112,Kapchorwa,Uganda,sugc,19.4,0.56,0.0291
UGA-5616,Amudat,Uganda,maiz,3.2,1.82,0.5723
UGA-5616,Amudat,Uganda,sugc,1.6,0.02,0.0116
UGA-3121,Tororo,Uganda,grou,4.0,1.81,0.4587
UGA-3121,Tororo,Uganda,maiz,137.4,10.58,0.077
UGA-3121,Tororo,Uganda,rice,40.7,75.31,1.8494
UGA-3121,Tororo,Uganda,sorg,5.4,1.18,0.2209
UGA-3121,Tororo,Uganda,soyb,2.8,0.25,0.0899
UGA-3121,Tororo,Uganda,sugc,46.8,0.37,0.0079
UGA-3116,Manafwa,Uganda,maiz,46.1,3.81,0.0826
UGA-3116,Manafwa,Uganda,pota,1.8,0.04,0.0239
UGA-3116,Manafwa,Uganda,rice,3.3,1.07,0.3233
UGA-3116,Manafwa,Uganda,sugc,114.8,1.26,0.011
UGA-3087,Maracha,Uganda,grou,2.3,1.16,0.4961
UGA-3087,Maracha,Uganda,maiz,10.5,1.0,0.0956
UGA-3087,Maracha,Uganda,sugc,28.1,0.18,0.0063
UGA-3080,Arua,Uganda,cott,2.1,0.36,0.1758
UGA-3080,Arua,Uganda,grou,3.2,0.96,0.3044
UGA-3080,Arua,Uganda,maiz,21.2,1.26,0.0592
UGA-3080,Arua,Uganda,rice,1.1,0.36,0.333
UGA-3080,Arua,Uganda,sorg,1.7,0.3,0.1825
UGA-3080,Arua,Uganda,sugc,39.5,0.21,0.0052
UGA-5589,Zombo,Uganda,cott,1.0,0.1,0.099
UGA-5589,Zombo,Uganda,grou,2.9,0.71,0.2427
UGA-5589,Zombo,Uganda,maiz,10.7,0.42,0.0393
UGA-5589,Zombo,Uganda,pota,4.7,0.06,0.0135
UGA-5589,Zombo,Uganda,sugc,34.5,0.14,0.0039
UGA-3084,Nebbi,Uganda,cott,2.2,0.42,0.1871
UGA-3084,Nebbi,Uganda,grou,3.0,1.35,0.454
UGA-3084,Nebbi,Uganda,maiz,22.8,1.54,0.0672
UGA-3084,Nebbi,Uganda,rice,1.3,0.21,0.1564
UGA-3084,Nebbi,Uganda,sorg,2.1,0.44,0.2085
UGA-3084,Nebbi,Uganda,sugc,43.3,0.23,0.0054
UGA-3082,Buliisa,Uganda,maiz,28.0,6.37,0.2276
UGA-3082,Buliisa,Uganda,sugc,8.5,0.42,0.0488
UGA-3105,Hoima,Uganda,cott,2.6,1.49,0.5693
UGA-3105,Hoima,Uganda,grou,4.2,8.83,2.1136
UGA-3105,Hoima,Uganda,maiz,124.4,8.02,0.0645
UGA-3105,Hoima,Uganda,pota,3.0,0.72,0.2359
UGA-3105,Hoima,Uganda,rice,1.6,0.53,0.3278
UGA-3105,Hoima,Uganda,sugc,62.0,0.74,0.0119
UGA-5610,Ntoroko,Uganda,maiz,5.0,1.03,0.205
UGA-5610,Ntoroko,Uganda,sugc,4.8,0.05,0.0108
UGA-3104,Bundibugyo,Uganda,maiz,11.7,0.8,0.0681
UGA-3104,Bundibugyo,Uganda,pota,43.9,0.81,0.0185
UGA-3104,Bundibugyo,Uganda,sugc,8.8,0.05,0.0054
UGA-3106,Kabarole,Uganda,cott,1.1,0.46,0.4099
UGA-3106,Kabarole,Uganda,grou,1.4,0.64,0.46
UGA-3106,Kabarole,Uganda,maiz,42.4,4.99,0.1176
UGA-3106,Kabarole,Uganda,pota,28.5,0.57,0.0201
UGA-3106,Kabarole,Uganda,rice,7.7,20.25,2.64
UGA-3106,Kabarole,Uganda,sugc,254.5,3.43,0.0135
UGA-3367,Kasese,Uganda,maiz,22.5,2.38,0.1058
UGA-3367,Kasese,Uganda,pota,10.7,0.21,0.0193
UGA-3367,Kasese,Uganda,sugc,18.4,0.14,0.0079
UGA-5621,Rubirizi,Uganda,sugc,6.5,0.04,0.0054
UGA-3373,Rukungiri,Uganda,grou,2.9,0.95,0.3232
UGA-3373,Rukungiri,Uganda,maiz,7.5,0.7,0.0923
UGA-3373,Rukungiri,Uganda,pota,8.8,0.38,0.0431
UGA-3373,Rukungiri,Uganda,rice,4.5,0.25,0.0563
UGA-3373,Rukungiri,Uganda,sorg,2.1,0.56,0.2614
UGA-3373,Rukungiri,Uganda,sugc,23.6,0.13,0.0054
UGA-3377,Kanungu,Uganda,maiz,42.8,3.38,0.0791
UGA-3377,Kanungu,Uganda,rice,1.6,0.07,0.0465
UGA-3377,Kanungu,Uganda,sugc,6.3,0.02,0.0035
ERI-1562,Debub,Eritrea,barl,1.0,0.15,0.1476
ERI-1562,Debub,Eritrea,sorg,9.1,1.49,0.1636
SDN-149,Red Sea,Sudan,cott,20.6,2.48,0.1207
SDN-149,Red Sea,Sudan,grou,2.7,0.19,0.071
SDN-149,Red Sea,Sudan,pota,1.8,0.01,0.0051
SDN-149,Red Sea,Sudan,sorg,20.8,6.52,0.3137
SDN-149,Red Sea,Sudan,sugc,60.3,0.26,0.0043
ERI-1563,Semenawi Keyih Bahri,Eritrea,barl,8.3,0.59,0.0705
ERI-1563,Semenawi Keyih Bahri,Eritrea,maiz,2.7,0.4,0.1496
ERI-1563,Semenawi Keyih Bahri,Eritrea,sorg,10.0,1.25,0.1245
ERI-1563,Semenawi Keyih Bahri,Eritrea,whea,5.1,0.51,0.0996
ERI-1560,Gash Barka,Eritrea,barl,33.6,3.93,0.117
ERI-1560,Gash Barka,Eritrea,grou,1.3,0.28,0.2075
ERI-1560,Gash Barka,Eritrea,maiz,13.6,2.61,0.1921
ERI-1560,Gash Barka,Eritrea,sorg,94.5,13.86,0.1468
ERI-1560,Gash Barka,Eritrea,whea,5.8,1.21,0.2084
SDN-884,Kassala,Sudan,cott,88.0,15.36,0.1746
SDN-884,Kassala,Sudan,grou,27.6,2.78,0.1011
SDN-884,Kassala,Sudan,maiz,1.0,0.17,0.1635
SDN-884,Kassala,Sudan,pota,13.4,0.11,0.0079
SDN-884,Kassala,Sudan,rice,6.8,0.12,0.0177
SDN-884,Kassala,Sudan,sorg,60.4,14.27,0.2363
SDN-884,Kassala,Sudan,sugc,569.4,3.57,0.0063
SDN-884,Kassala,Sudan,whea,278.8,44.03,0.1579
ERI-1564,Maekel,Eritrea,barl,20.4,1.71,0.0834
ERI-1564,Maekel,Eritrea,maiz,8.1,0.82,0.1007
ERI-1564,Maekel,Eritrea,sorg,39.5,5.85,0.1481
ERI-1564,Maekel,Eritrea,whea,12.5,1.56,0.1255
EST-1655,Ida-Viru,Estonia,barl,12.8,11.27,0.881
EST-1655,Ida-Viru,Estonia,pota,2.0,0.26,0.1308
EST-1655,Ida-Viru,Estonia,rape,4.5,6.94,1.5242
EST-1655,Ida-Viru,Estonia,whea,18.6,16.41,0.8848
EST-2347,Põlva,Estonia,barl,29.8,29.77,0.9996
EST-2347,Põlva,Estonia,pota,6.6,1.03,0.1561
EST-2347,Põlva,Estonia,rape,10.1,17.42,1.7266
EST-2347,Põlva,Estonia,whea,46.7,46.51,0.9966
EST-1659,Tartu,Estonia,barl,49.4,46.98,0.9517
EST-1659,Tartu,Estonia,pota,7.2,1.03,0.1423
EST-1659,Tartu,Estonia,rape,15.9,26.09,1.6355
EST-1659,Tartu,Estonia,whea,75.0,70.98,0.9463
EST-1657,Jõgeva,Estonia,barl,64.8,106.11,1.6388
EST-1657,Jõgeva,Estonia,pota,9.5,2.46,0.2582
EST-1657,Jõgeva,Estonia,rape,22.1,60.55,2.7438
EST-1657,Jõgeva,Estonia,whea,98.2,155.22,1.5802
PAK-1113,Punjab,Pakistan,barl,15.1,7.49,0.4973
PAK-1113,Punjab,Pakistan,cott,2532.9,1622.94,0.6407
PAK-1113,Punjab,Pakistan,grou,111.8,54.91,0.4909
PAK-1113,Punjab,Pakistan,maiz,5378.9,1053.94,0.1959
PAK-1113,Punjab,Pakistan,pota,4014.6,223.05,0.0556
PAK-1113,Punjab,Pakistan,rape,371.3,138.8,0.3738
PAK-1113,Punjab,Pakistan,rice,8284.5,8642.31,1.0432
PAK-1113,Punjab,Pakistan,sorg,76.9,58.51,0.7607
PAK-1113,Punjab,Pakistan,soyb,2.6,0.17,0.0663
PAK-1113,Punjab,Pakistan,sugc,48917.1,1031.6,0.0211
PAK-1113,Punjab,Pakistan,whea,18103.2,5832.82,0.3222
IND-3249,Punjab,India,barl,20.6,1.98,0.0961
IND-3249,Punjab,India,cott,402.4,123.56,0.3071
IND-3249,Punjab,India,grou,5.1,1.1,0.2174
IND-3249,Punjab,India,maiz,534.1,80.74,0.1512
IND-3249,Punjab,India,pota,2860.5,76.05,0.0266
IND-3249,Punjab,India,rape,75.2,18.58,0.2472
IND-3249,Punjab,India,rice,12287.1,5938.88,0.4833
IND-3249,Punjab,India,sugc,7811.7,85.45,0.0109
IND-3249,Punjab,India,whea,11817.8,1346.04,0.1139
IND-3250,Rajasthan,India,barl,746.6,37.08,0.0497
IND-3250,Rajasthan,India,cott,941.8,130.91,0.139
IND-3250,Rajasthan,India,grou,1433.3,78.32,0.0546
IND-3250,Rajasthan,India,maiz,2732.2,156.21,0.0572
IND-3250,Rajasthan,India,pota,1143.9,29.0,0.0253
IND-3250,Rajasthan,India,rape,3603.1,256.53,0.0712
IND-3250,Rajasthan,India,rice,951.4,467.73,0.4916
IND-3250,Rajasthan,India,sorg,536.9,48.29,0.0899
IND-3250,Rajasthan,India,soyb,1129.1,103.0,0.0912
IND-3250,Rajasthan,India,sugc,490.3,3.72,0.0076
IND-3250,Rajasthan,India,whea,10802.2,561.42,0.052
PAK-1114,Sind,Pakistan,barl,9.2,9.44,1.0302
PAK-1114,Sind,Pakistan,cott,828.4,880.71,1.0632
PAK-1114,Sind,Pakistan,maiz,25.4,7.5,0.2956
PAK-1114,Sind,Pakistan,pota,38.9,2.89,0.0743
PAK-1114,Sind,Pakistan,rape,112.0,67.03,0.5986
PAK-1114,Sind,Pakistan,rice,3268.2,3512.95,1.0749
PAK-1114,Sind,Pakistan,sorg,5.2,6.52,1.2544
PAK-1114,Sind,Pakistan,soyb,1.0,0.07,0.0693
PAK-1114,Sind,Pakistan,sugc,22257.3,690.69,0.031
PAK-1114,Sind,Pakistan,whea,3300.0,1529.16,0.4634
IND-3264,Gujarat,India,barl,7.0,0.55,0.0786
IND-3264,Gujarat,India,cott,3615.1,1920.16,0.5312
IND-3264,Gujarat,India,grou,3379.6,457.96,0.1355
IND-3264,Gujarat,India,maiz,1252.7,308.94,0.2466
IND-3264,Gujarat,India,pota,2949.1,125.88,0.0427
IND-3264,Gujarat,India,rape,278.4,66.73,0.2397
IND-3264,Gujarat,India,rice,3682.8,1408.14,0.3824
IND-3264,Gujarat,India,sorg,63.1,28.32,0.4487
IND-3264,Gujarat,India,soyb,159.6,54.11,0.3391
IND-3264,Gujarat,India,sugc,12889.1,193.18,0.015
IND-3264,Gujarat,India,whea,3621.0,628.28,0.1735
USA-3563,Alaska,United States of America,barl,7.7,15.39,2.0063
USA-3563,Alaska,United States of America,pota,9.5,2.52,0.2659
SDN-879,White Nile,Sudan,cott,23.2,4.61,0.1989
SDN-879,White Nile,Sudan,grou,63.2,9.61,0.1522
SDN-879,White Nile,Sudan,pota,9.6,0.12,0.0124
SDN-879,White Nile,Sudan,rice,4.1,0.12,0.0303
SDN-879,White Nile,Sudan,sorg,31.8,10.81,0.3402
SDN-879,White Nile,Sudan,sugc,433.3,3.07,0.0071
SDN-879,White Nile,Sudan,whea,35.6,6.32,0.1775
SDN-882,South Kordufan,Sudan,grou,278.7,73.68,0.2644
SDN-882,South Kordufan,Sudan,maiz,3.5,4.75,1.3494
SDN-882,South Kordufan,Sudan,rice,1.8,1.23,0.6955
SDN-882,South Kordufan,Sudan,sorg,333.6,160.3,0.4806
SDS-871,Unity,S. Sudan,grou,12.8,35.74,2.7966
SDS-871,Unity,S. Sudan,maiz,13.7,32.4,2.3652
SDS-871,Unity,S. Sudan,rice,1.5,12.55,8.2539
SDS-871,Unity,S. Sudan,sorg,52.8,119.68,2.2653
CHN-1180,Guangdong,China,grou,1229.3,329.39,0.268
CHN-1180,Guangdong,China,maiz,728.1,182.3,0.2504
CHN-1180,Guangdong,China,pota,955.2,69.25,0.0725
CHN-1180,Guangdong,China,rape,17.9,9.82,0.5483
CHN-1180,Guangdong,China,rice,12382.1,12109.74,0.978
CHN-1180,Guangdong,China,soyb,74.3,24.13,0.3248
CHN-1180,Guangdong,China,sugc,12506.5,512.41,0.041
CHN-1180,Guangdong,China,whea,3.0,0.88,0.2953
SDS-147,Northern Bahr el Ghazal,S. Sudan,grou,10.4,16.82,1.6235
SDS-147,Northern Bahr el Ghazal,S. Sudan,maiz,11.1,13.38,1.2089
SDS-147,Northern Bahr el Ghazal,S. Sudan,rice,2.0,13.21,6.607
SDS-147,Northern Bahr el Ghazal,S. Sudan,sorg,26.4,28.03,1.062
SDN-5857,Eastern Darfur,Sudan,grou,335.7,30.47,0.0908
SDN-5857,Eastern Darfur,Sudan,sorg,171.3,28.63,0.1671
SDN-5857,Eastern Darfur,Sudan,whea,1.2,0.13,0.1058
DZA-2149,Naâma,Algeria,barl,1.2,0.15,0.1261
DZA-2149,Naâma,Algeria,pota,12.1,0.19,0.016
DZA-2149,Naâma,Algeria,whea,1.6,0.15,0.095
DZA-2147,Tlemcen,Algeria,barl,58.0,3.94,0.0679
DZA-2147,Tlemcen,Algeria,pota,285.6,4.44,0.0155
DZA-2147,Tlemcen,Algeria,rape,1.1,0.14,0.133
DZA-2147,Tlemcen,Algeria,whea,148.9,7.76,0.0522
IND-2429,Himachal Pradesh,India,barl,50.7,9.04,0.1782
IND-2429,Himachal Pradesh,India,maiz,861.4,193.92,0.2251
IND-2429,Himachal Pradesh,India,pota,329.6,16.76,0.0508
IND-2429,Himachal Pradesh,India,rape,12.5,4.05,0.3241
IND-2429,Himachal Pradesh,India,rice,348.1,136.61,0.3924
IND-2429,Himachal Pradesh,India,sugc,77.7,1.3,0.0167
IND-2429,Himachal Pradesh,India,whea,1100.4,243.0,0.2208
CYN+00?,Northern Cyprus,Northern Cyprus,barl,15.5,2.26,0.1457
CYN+00?,Northern Cyprus,Northern Cyprus,pota,27.7,1.69,0.0612
CYN+00?,Northern Cyprus,Northern Cyprus,whea,19.2,2.69,0.1404
CYP-3464,Nicosia,Cyprus,barl,8.7,2.02,0.2322
CYP-3464,Nicosia,Cyprus,pota,44.3,2.91,0.0657
CYP-3464,Nicosia,Cyprus,whea,11.8,2.49,0.21
SYR-145,Quneitra,Syria,barl,4.1,0.3,0.0744
SYR-145,Quneitra,Syria,pota,2.4,0.03,0.014
SYR-145,Quneitra,Syria,whea,9.1,0.58,0.0637
BLZ-1356,Toledo,Belize,maiz,12.0,55.89,4.6694
BLZ-1356,Toledo,Belize,rice,1.6,7.68,4.7377
BTN-2439,Thimphu,Bhutan,maiz,1.9,0.16,0.0829
BTN-2439,Thimphu,Bhutan,pota,1.2,0.04,0.0364
BTN-2436,Paro,Bhutan,maiz,2.3,0.13,0.0558
BTN-2436,Paro,Bhutan,pota,2.5,0.08,0.0315
IND-2431,Jammu and Kashmir,India,barl,18.1,4.4,0.2427
IND-2431,Jammu and Kashmir,India,cott,1.8,2.59,1.4739
IND-2431,Jammu and Kashmir,India,maiz,860.6,278.12,0.3232
IND-2431,Jammu and Kashmir,India,pota,96.9,7.4,0.0764
IND-2431,Jammu and Kashmir,India,rape,68.9,31.92,0.4635
IND-2431,Jammu and Kashmir,India,rice,1006.6,319.24,0.3172
IND-2431,Jammu and Kashmir,India,sugc,11.7,0.48,0.041
IND-2431,Jammu and Kashmir,India,whea,857.6,315.92,0.3684
RUS-283,Crimea,Russia,barl,230.1,13.93,0.0605
RUS-283,Crimea,Russia,maiz,933.6,54.85,0.0587
RUS-283,Crimea,Russia,pota,2.3,0.06,0.0279
RUS-283,Crimea,Russia,rape,64.3,10.9,0.1694
RUS-283,Crimea,Russia,rice,6.1,5.78,0.9458
RUS-283,Crimea,Russia,sorg,3.9,0.25,0.0658
RUS-283,Crimea,Russia,soyb,101.6,9.19,0.0904
RUS-283,Crimea,Russia,whea,755.2,68.96,0.0913
UKR-4827,Kherson,Ukraine,barl,325.7,15.62,0.048
UKR-4827,Kherson,Ukraine,maiz,1420.2,70.17,0.0494
UKR-4827,Kherson,Ukraine,pota,358.6,9.03,0.0252
UKR-4827,Kherson,Ukraine,rape,91.2,12.83,0.1406
UKR-4827,Kherson,Ukraine,rice,14.6,12.92,0.8863
UKR-4827,Kherson,Ukraine,sorg,5.3,0.28,0.0532
UKR-4827,Kherson,Ukraine,soyb,177.8,13.75,0.0773
UKR-4827,Kherson,Ukraine,whea,1040.5,78.81,0.0757
IND-3258,Bihar,India,barl,31.6,10.23,0.3241
IND-3258,Bihar,India,grou,2.8,0.77,0.2715
IND-3258,Bihar,India,maiz,2500.2,1153.84,0.4615
IND-3258,Bihar,India,pota,3956.3,440.64,0.1114
IND-3258,Bihar,India,rape,134.3,88.05,0.6556
IND-3258,Bihar,India,rice,14010.7,16588.65,1.184
IND-3258,Bihar,India,sorg,1.2,0.84,0.6885
IND-3258,Bihar,India,soyb,21.0,15.67,0.7454
IND-3258,Bihar,India,sugc,16302.7,577.55,0.0354
IND-3258,Bihar,India,whea,7029.0,3116.3,0.4434
NPL-1132,Narayani,Nepal,maiz,347.6,32.08,0.0923
NPL-1132,Narayani,Nepal,pota,243.2,22.22,0.0914
NPL-1132,Narayani,Nepal,rape,1.5,1.81,1.183
NPL-1132,Narayani,Nepal,rice,632.9,481.28,0.7605
NPL-1132,Narayani,Nepal,soyb,2.5,1.31,0.5142
NPL-1132,Narayani,Nepal,sugc,1265.9,40.05,0.0316
NPL-1132,Narayani,Nepal,whea,273.5,38.3,0.1401
NPL-1127,Lumbini,Nepal,barl,1.1,0.48,0.4167
NPL-1127,Lumbini,Nepal,maiz,105.2,9.31,0.0885
NPL-1127,Lumbini,Nepal,pota,218.8,19.67,0.0899
NPL-1127,Lumbini,Nepal,rape,2.0,4.95,2.452
NPL-1127,Lumbini,Nepal,rice,679.0,421.5,0.6208
NPL-1127,Lumbini,Nepal,soyb,1.5,0.62,0.4241
NPL-1127,Lumbini,Nepal,sugc,567.5,17.53,0.0309
NPL-1127,Lumbini,Nepal,whea,209.7,21.02,0.1003
IND-3253,Uttar Pradesh,India,barl,420.7,54.31,0.1291
IND-3253,Uttar Pradesh,India,cott,22.0,7.61,0.3454
IND-3253,Uttar Pradesh,India,grou,191.4,28.45,0.1486
IND-3253,Uttar Pradesh,India,maiz,2376.7,396.29,0.1667
IND-3253,Uttar Pradesh,India,pota,14091.8,500.39,0.0355
IND-3253,Uttar Pradesh,India,rape,1097.9,246.19,0.2242
IND-3253,Uttar Pradesh,India,rice,24986.5,16522.8,0.6613
IND-3253,Uttar Pradesh,India,sorg,152.4,48.77,0.32
IND-3253,Uttar Pradesh,India,soyb,64.7,12.7,0.1964
IND-3253,Uttar Pradesh,India,sugc,166117.7,2681.41,0.0161
IND-3253,Uttar Pradesh,India,whea,32648.9,5713.01,0.175
NPL-373,Rapti,Nepal,barl,3.0,1.23,0.4155
NPL-373,Rapti,Nepal,maiz,348.2,21.3,0.0612
NPL-373,Rapti,Nepal,pota,117.9,9.37,0.0795
NPL-373,Rapti,Nepal,rice,90.5,26.7,0.2951
NPL-373,Rapti,Nepal,soyb,3.0,0.83,0.2714
NPL-373,Rapti,Nepal,sugc,77.8,1.71,0.0219
NPL-373,Rapti,Nepal,whea,46.4,5.56,0.1199
NPL-1124,Bheri,Nepal,barl,2.9,1.3,0.4467
NPL-1124,Bheri,Nepal,maiz,163.8,15.24,0.093
NPL-1124,Bheri,Nepal,pota,160.7,12.73,0.0792
NPL-1124,Bheri,Nepal,rice,446.9,163.61,0.3661
NPL-1124,Bheri,Nepal,soyb,1.7,0.55,0.3247
NPL-1124,Bheri,Nepal,sugc,209.6,5.11,0.0244
NPL-1124,Bheri,Nepal,whea,96.0,9.93,0.1034
URY-10,Salto,Uruguay,barl,9.9,7.24,0.7285
URY-10,Salto,Uruguay,maiz,7.7,3.2,0.4152
URY-10,Salto,Uruguay,rape,1.9,2.46,1.2691
URY-10,Salto,Uruguay,sorg,1.5,0.85,0.5662
URY-10,Salto,Uruguay,soyb,21.9,2.14,0.0977
URY-10,Salto,Uruguay,whea,12.8,7.93,0.6224
URY-14,Rivera,Uruguay,barl,6.1,4.4,0.7183
URY-14,Rivera,Uruguay,maiz,7.0,2.81,0.3993
URY-14,Rivera,Uruguay,rape,1.2,1.45,1.2185
URY-14,Rivera,Uruguay,rice,6.8,3.14,0.463
URY-14,Rivera,Uruguay,soyb,34.3,4.07,0.1186
URY-14,Rivera,Uruguay,whea,8.2,5.01,0.6131
URY-22,Rocha,Uruguay,barl,27.5,27.88,1.0141
URY-22,Rocha,Uruguay,maiz,51.2,25.73,0.5026
URY-22,Rocha,Uruguay,pota,4.6,0.67,0.1459
URY-22,Rocha,Uruguay,rape,5.1,9.9,1.9533
URY-22,Rocha,Uruguay,rice,150.2,102.82,0.6845
URY-22,Rocha,Uruguay,sorg,4.9,3.73,0.7634
URY-22,Rocha,Uruguay,soyb,90.5,65.7,0.7258
URY-22,Rocha,Uruguay,sugc,42.9,1.82,0.0423
URY-22,Rocha,Uruguay,whea,34.9,32.03,0.9168
URY-16,Treinta y Tres,Uruguay,barl,37.2,30.41,0.8186
URY-16,Treinta y Tres,Uruguay,maiz,67.0,29.82,0.445
URY-16,Treinta y Tres,Uruguay,pota,6.2,0.81,0.1298
URY-16,Treinta y Tres,Uruguay,rape,7.0,10.29,1.4763
URY-16,Treinta y Tres,Uruguay,rice,173.0,122.39,0.7073
URY-16,Treinta y Tres,Uruguay,sorg,6.6,4.18,0.6367
URY-16,Treinta y Tres,Uruguay,soyb,113.2,31.6,0.2792
URY-16,Treinta y Tres,Uruguay,sugc,63.2,2.79,0.044
URY-16,Treinta y Tres,Uruguay,whea,46.7,33.52,0.718
URY-12,Cerro Largo,Uruguay,barl,20.4,17.39,0.851
URY-12,Cerro Largo,Uruguay,maiz,37.6,16.93,0.4505
URY-12,Cerro Largo,Uruguay,pota,3.9,0.52,0.1324
URY-12,Cerro Largo,Uruguay,rape,3.9,6.06,1.5512
URY-12,Cerro Largo,Uruguay,rice,118.9,86.65,0.729
URY-12,Cerro Largo,Uruguay,sorg,4.0,2.58,0.6487
URY-12,Cerro Largo,Uruguay,soyb,79.9,20.81,0.2606
URY-12,Cerro Largo,Uruguay,sugc,48.0,2.14,0.0445
URY-12,Cerro Largo,Uruguay,whea,25.4,19.12,0.7536
CRI-1328,Heredia,Costa Rica,oilp,102.5,10.71,0.1044
CRI-1328,Heredia,Costa Rica,sugc,95.1,1.75,0.0184
HRV-1610,Varaždinska,Croatia,barl,6.5,2.67,0.4082
HRV-1610,Varaždinska,Croatia,maiz,44.6,16.86,0.3775
HRV-1610,Varaždinska,Croatia,pota,5.0,0.78,0.1555
HRV-1610,Varaždinska,Croatia,rape,1.3,1.42,1.1278
HRV-1610,Varaždinska,Croatia,whea,12.8,7.38,0.5757
SVN-222,Videm,Slovenia,barl,10.1,7.77,0.7689
SVN-222,Videm,Slovenia,maiz,36.5,18.12,0.4956
SVN-222,Videm,Slovenia,pota,4.6,0.77,0.1669
SVN-222,Videm,Slovenia,whea,10.8,9.38,0.8722
HRV-1582,Krapinsko-Zagorska,Croatia,barl,7.3,1.69,0.2319
HRV-1582,Krapinsko-Zagorska,Croatia,maiz,70.2,14.41,0.2053
HRV-1582,Krapinsko-Zagorska,Croatia,pota,8.0,0.56,0.0696
HRV-1582,Krapinsko-Zagorska,Croatia,rape,2.2,1.21,0.5528
HRV-1582,Krapinsko-Zagorska,Croatia,soyb,1.6,0.44,0.278
HRV-1582,Krapinsko-Zagorska,Croatia,whea,20.2,6.11,0.3033
SVN-938,Brežice,Slovenia,barl,4.4,1.09,0.2474
SVN-938,Brežice,Slovenia,maiz,26.7,5.04,0.1892
SVN-938,Brežice,Slovenia,pota,3.7,0.2,0.0548
SVN-938,Brežice,Slovenia,whea,7.9,2.48,0.3142
HRV-1588,Zagrebacka,Croatia,barl,19.8,5.06,0.2557
HRV-1588,Zagrebacka,Croatia,maiz,221.0,54.66,0.2473
HRV-1588,Zagrebacka,Croatia,pota,22.2,2.39,0.1077
HRV-1588,Zagrebacka,Croatia,rape,7.9,4.99,0.6351
HRV-1588,Zagrebacka,Croatia,soyb,8.8,3.06,0.3463
HRV-1588,Zagrebacka,Croatia,whea,65.9,23.21,0.352
SVN-987,Šentjernej,Slovenia,barl,4.7,1.26,0.2681
SVN-987,Šentjernej,Slovenia,maiz,16.6,3.47,0.2099
SVN-987,Šentjernej,Slovenia,pota,2.0,0.13,0.0655
SVN-987,Šentjernej,Slovenia,whea,5.0,1.85,0.37
HRV-1586,Primorsko-Goranska,Croatia,maiz,1.4,0.23,0.1693
HRV-1586,Primorsko-Goranska,Croatia,pota,1.7,0.08,0.0483
HRV-1586,Primorsko-Goranska,Croatia,whea,4.5,0.99,0.2208
SVN-207,Kocevje,Slovenia,maiz,2.5,0.46,0.1796
SVN-965,Loški Potok,Slovenia,barl,1.4,0.3,0.2188
SVN-965,Loški Potok,Slovenia,whea,1.8,0.56,0.314
SVN-954,Ilirska Bistrica,Slovenia,barl,1.2,0.31,0.2516
SVN-954,Ilirska Bistrica,Slovenia,maiz,4.1,0.78,0.1894
SVN-954,Ilirska Bistrica,Slovenia,whea,1.3,0.47,0.3511
PAK-1109,Azad Kashmir,Pakistan,maiz,32.0,13.17,0.4119
PAK-1109,Azad Kashmir,Pakistan,pota,17.5,1.94,0.1109
PAK-1109,Azad Kashmir,Pakistan,rice,5.0,1.65,0.3272
PAK-1109,Azad Kashmir,Pakistan,sugc,7.4,0.32,0.044
PAK-1109,Azad Kashmir,Pakistan,whea,73.6,45.64,0.6205
ESP-5838,Orense,Spain,barl,1.6,0.56,0.3484
ESP-5838,Orense,Spain,maiz,55.1,14.73,0.2673
ESP-5838,Orense,Spain,pota,105.7,9.59,0.0908
ESP-5838,Orense,Spain,whea,104.4,67.37,0.6455
PRT-741,Viana do Castelo,Portugal,maiz,6.6,1.72,0.2624
PRT-741,Viana do Castelo,Portugal,pota,4.4,0.39,0.0891
ESP-5811,Cáceres,Spain,barl,147.6,11.45,0.0776
ESP-5811,Cáceres,Spain,maiz,322.4,16.03,0.0497
ESP-5811,Cáceres,Spain,pota,17.0,0.36,0.0212
ESP-5811,Cáceres,Spain,rape,2.0,0.27,0.136
ESP-5811,Cáceres,Spain,rice,95.9,90.56,0.9445
ESP-5811,Cáceres,Spain,whea,526.8,44.2,0.0839
PRT-751,Castelo Branco,Portugal,barl,1.3,0.3,0.226
PRT-751,Castelo Branco,Portugal,maiz,74.6,9.75,0.1307
PRT-751,Castelo Branco,Portugal,pota,52.0,2.36,0.0453
PRT-751,Castelo Branco,Portugal,rice,10.2,2.23,0.2184
PRT-751,Castelo Branco,Portugal,whea,2.8,0.65,0.229
PRT-753,Guarda,Portugal,barl,27.5,2.75,0.1002
PRT-753,Guarda,Portugal,maiz,9.6,1.19,0.1235
PRT-753,Guarda,Portugal,pota,15.4,0.64,0.0413
PRT-753,Guarda,Portugal,rice,1.3,1.7,1.2909
PRT-753,Guarda,Portugal,whea,15.3,1.96,0.1279
ESP-5841,Salamanca,Spain,barl,345.8,38.5,0.1113
ESP-5841,Salamanca,Spain,maiz,233.2,18.31,0.0785
ESP-5841,Salamanca,Spain,pota,87.6,2.24,0.0256
ESP-5841,Salamanca,Spain,rape,8.7,1.86,0.2144
ESP-5841,Salamanca,Spain,whea,175.8,23.57,0.1341
PRT-750,Bragança,Portugal,barl,20.2,2.1,0.1038
PRT-750,Bragança,Portugal,maiz,1.2,0.16,0.1274
PRT-750,Bragança,Portugal,pota,31.2,1.32,0.0424
PRT-750,Bragança,Portugal,whea,14.0,2.08,0.1489
ESP-5852,Zamora,Spain,barl,364.7,38.56,0.1058
ESP-5852,Zamora,Spain,maiz,296.4,23.02,0.0777
ESP-5852,Zamora,Spain,pota,96.2,2.51,0.0261
ESP-5852,Zamora,Spain,rape,7.6,1.5,0.1969
ESP-5852,Zamora,Spain,whea,181.1,24.19,0.1336
PRT-756,Vila Real,Portugal,maiz,19.4,4.12,0.2124
PRT-756,Vila Real,Portugal,pota,18.5,1.29,0.0697
PRT-749,Braga,Portugal,maiz,94.2,27.37,0.2907
PRT-749,Braga,Portugal,pota,62.0,6.18,0.0996
PRT-749,Braga,Portugal,whea,1.5,0.79,0.5233
ESP-5840,Pontevedra,Spain,pota,51.0,3.92,0.0769
ESP-5840,Pontevedra,Spain,whea,51.7,27.96,0.5409
ESP-5824,Huelva,Spain,barl,51.9,6.88,0.1325
ESP-5824,Huelva,Spain,cott,14.9,7.12,0.4762
ESP-5824,Huelva,Spain,maiz,5.9,0.59,0.0988
ESP-5824,Huelva,Spain,pota,21.9,0.64,0.0291
ESP-5824,Huelva,Spain,rape,1.2,0.31,0.255
ESP-5824,Huelva,Spain,rice,11.9,11.05,0.9267
ESP-5824,Huelva,Spain,sorg,1.2,0.2,0.1669
ESP-5824,Huelva,Spain,whea,155.0,26.32,0.1698
PRT-745,Faro,Portugal,barl,2.1,0.43,0.2014
PRT-745,Faro,Portugal,maiz,1.6,0.19,0.1172
PRT-745,Faro,Portugal,pota,7.9,0.34,0.0427
PRT-745,Faro,Portugal,rice,1.0,0.21,0.2119
PRT-745,Faro,Portugal,whea,2.1,0.43,0.2038
PRT-743,Beja,Portugal,barl,17.0,3.58,0.2112
PRT-743,Beja,Portugal,maiz,48.9,7.12,0.1457
PRT-743,Beja,Portugal,pota,16.8,0.75,0.0443
PRT-743,Beja,Portugal,rice,12.6,3.31,0.2624
PRT-743,Beja,Portugal,whea,22.2,4.56,0.2058
GBR-2126,Flintshire,United Kingdom,barl,2.5,1.85,0.7267
GBR-2126,Flintshire,United Kingdom,pota,1.8,0.24,0.1335
GBR-2126,Flintshire,United Kingdom,whea,17.4,17.38,0.9983
GBR-5707,Cheshire West and Chester,United Kingdom,barl,21.4,13.76,0.6419
GBR-5707,Cheshire West and Chester,United Kingdom,pota,22.7,2.71,0.1195
GBR-5707,Cheshire West and Chester,United Kingdom,whea,62.4,55.25,0.886
GBR-2127,Wrexham,United Kingdom,barl,2.4,2.0,0.8342
GBR-2127,Wrexham,United Kingdom,pota,1.6,0.22,0.1424
GBR-2127,Wrexham,United Kingdom,whea,16.9,19.21,1.1345
GBR-2779,Shropshire,United Kingdom,barl,100.0,34.39,0.3438
GBR-2779,Shropshire,United Kingdom,pota,199.1,22.26,0.1118
GBR-2779,Shropshire,United Kingdom,rape,22.6,25.0,1.1047
GBR-2779,Shropshire,United Kingdom,whea,152.5,91.0,0.5967
GBR-2111,Powys,United Kingdom,barl,79.4,45.67,0.575
GBR-2111,Powys,United Kingdom,pota,54.3,5.7,0.1049
GBR-2111,Powys,United Kingdom,rape,11.0,16.69,1.5119
GBR-2111,Powys,United Kingdom,whea,374.7,348.01,0.9287
GBR-2775,Herefordshire,United Kingdom,barl,71.8,20.29,0.2827
GBR-2775,Herefordshire,United Kingdom,pota,129.3,11.69,0.0904
GBR-2775,Herefordshire,United Kingdom,rape,15.9,15.1,0.9488
GBR-2775,Herefordshire,United Kingdom,whea,91.0,46.45,0.5103
GBR-2132,Monmouthshire,United Kingdom,barl,9.6,2.77,0.289
GBR-2132,Monmouthshire,United Kingdom,pota,9.7,0.73,0.0756
GBR-2132,Monmouthshire,United Kingdom,rape,1.6,1.47,0.9277
GBR-2132,Monmouthshire,United Kingdom,whea,32.9,17.9,0.5449
GBR-2039,Gloucestershire,United Kingdom,barl,104.3,27.77,0.2664
GBR-2039,Gloucestershire,United Kingdom,pota,33.0,1.76,0.0533
GBR-2039,Gloucestershire,United Kingdom,rape,10.5,9.51,0.9028
GBR-2039,Gloucestershire,United Kingdom,whea,151.3,73.99,0.4891
GBR-2026,Scottish Borders,United Kingdom,barl,251.1,89.13,0.3549
GBR-2026,Scottish Borders,United Kingdom,pota,137.3,8.31,0.0605
GBR-2026,Scottish Borders,United Kingdom,rape,8.1,8.31,1.0242
GBR-2026,Scottish Borders,United Kingdom,whea,238.6,115.78,0.4853
GBR-2034,Northumberland,United Kingdom,barl,199.7,73.49,0.3681
GBR-2034,Northumberland,United Kingdom,pota,40.5,2.68,0.0661
GBR-2034,Northumberland,United Kingdom,rape,31.3,36.36,1.1598
GBR-2034,Northumberland,United Kingdom,whea,318.4,191.47,0.6013
GBR-2139,Cumbria,United Kingdom,barl,106.5,95.26,0.8942
GBR-2139,Cumbria,United Kingdom,pota,116.5,18.51,0.1589
GBR-2139,Cumbria,United Kingdom,rape,4.0,10.09,2.5421
GBR-2139,Cumbria,United Kingdom,whea,276.9,334.2,1.2069
GBR-2138,Dumfries and Galloway,United Kingdom,barl,292.2,250.88,0.8587
GBR-2138,Dumfries and Galloway,United Kingdom,pota,168.3,24.61,0.1462
GBR-2138,Dumfries and Galloway,United Kingdom,rape,9.5,22.4,2.3551
GBR-2138,Dumfries and Galloway,United Kingdom,whea,282.1,295.65,1.0481
BEL-3474,Brussels,Belgium,barl,3.8,7.39,1.9657
BEL-3474,Brussels,Belgium,maiz,1.4,2.34,1.6271
BEL-3474,Brussels,Belgium,pota,28.7,10.06,0.3504
BEL-3474,Brussels,Belgium,whea,16.5,27.83,1.6836
BEL-3475,Flemish Brabant,Belgium,barl,34.0,17.52,0.5156
BEL-3475,Flemish Brabant,Belgium,maiz,40.1,8.16,0.2037
BEL-3475,Flemish Brabant,Belgium,pota,272.5,26.63,0.0977
BEL-3475,Flemish Brabant,Belgium,whea,145.0,75.06,0.5175
BEL-3482,Walloon Brabant,Belgium,barl,40.9,6.31,0.1543
BEL-3482,Walloon Brabant,Belgium,maiz,16.4,1.51,0.0919
BEL-3482,Walloon Brabant,Belgium,pota,373.5,14.03,0.0376
BEL-3482,Walloon Brabant,Belgium,rape,5.3,2.56,0.4818
BEL-3482,Walloon Brabant,Belgium,whea,128.0,27.2,0.2125
BIH-2226,Central Bosnia,Bosnia and Herzegovina,barl,1.6,0.34,0.2181
BIH-2226,Central Bosnia,Bosnia and Herzegovina,maiz,22.3,2.74,0.1231
BIH-2226,Central Bosnia,Bosnia and Herzegovina,pota,8.0,0.61,0.0764
BIH-2226,Central Bosnia,Bosnia and Herzegovina,whea,5.6,2.32,0.4156
BIH-2889,Zenica-Doboj,Bosnia and Herzegovina,barl,2.4,0.34,0.1429
BIH-2889,Zenica-Doboj,Bosnia and Herzegovina,maiz,40.5,3.29,0.0813
BIH-2889,Zenica-Doboj,Bosnia and Herzegovina,pota,12.7,0.68,0.0537
BIH-2889,Zenica-Doboj,Bosnia and Herzegovina,whea,8.5,2.34,0.2735
BIH-2887,Tuzla,Bosnia and Herzegovina,barl,11.7,0.78,0.0667
BIH-2887,Tuzla,Bosnia and Herzegovina,maiz,203.5,7.69,0.0378
BIH-2887,Tuzla,Bosnia and Herzegovina,pota,63.4,1.53,0.0241
BIH-2887,Tuzla,Bosnia and Herzegovina,rape,1.2,0.09,0.0765
BIH-2887,Tuzla,Bosnia and Herzegovina,soyb,4.3,0.15,0.0339
BIH-2887,Tuzla,Bosnia and Herzegovina,whea,41.9,5.02,0.1199
BIH-4806,Sarajevo-romanija,Bosnia and Herzegovina,maiz,7.1,0.9,0.1263
BIH-4806,Sarajevo-romanija,Bosnia and Herzegovina,pota,2.6,0.2,0.0766
BIH-4806,Sarajevo-romanija,Bosnia and Herzegovina,whea,1.9,0.79,0.4246
SRB-836,Grad Beograd,Republic of Serbia,barl,35.5,2.12,0.0598
SRB-836,Grad Beograd,Republic of Serbia,maiz,322.9,11.6,0.0359
SRB-836,Grad Beograd,Republic of Serbia,pota,28.7,0.43,0.015
SRB-836,Grad Beograd,Republic of Serbia,rape,2.2,0.21,0.0981
SRB-836,Grad Beograd,Republic of Serbia,soyb,25.9,1.11,0.0428
SRB-836,Grad Beograd,Republic of Serbia,whea,151.7,15.73,0.1037
SRB-831,Podunavski,Republic of Serbia,barl,14.6,1.15,0.0785
SRB-831,Podunavski,Republic of Serbia,maiz,210.9,10.02,0.0475
SRB-831,Podunavski,Republic of Serbia,pota,23.8,0.48,0.0202
SRB-831,Podunavski,Republic of Serbia,rape,1.4,0.17,0.1255
SRB-831,Podunavski,Republic of Serbia,soyb,11.3,0.58,0.0511
SRB-831,Podunavski,Republic of Serbia,whea,78.8,11.05,0.1402
GEO-3028,Guria,Georgia,maiz,9.7,11.74,1.2057
IRQ-3052,Sala ad-Din,Iraq,barl,8.8,0.67,0.076
IRQ-3052,Sala ad-Din,Iraq,maiz,25.1,1.59,0.0631
IRQ-3052,Sala ad-Din,Iraq,pota,64.8,1.0,0.0154
IRQ-3052,Sala ad-Din,Iraq,rice,34.2,1.82,0.0532
IRQ-3052,Sala ad-Din,Iraq,whea,603.9,27.53,0.0456
IRQ-3049,At-Ta'mim,Iraq,barl,5.2,0.43,0.0819
IRQ-3049,At-Ta'mim,Iraq,maiz,117.5,11.54,0.0982
IRQ-3049,At-Ta'mim,Iraq,rice,24.1,2.73,0.1131
IRQ-3049,At-Ta'mim,Iraq,whea,460.8,30.02,0.0651
ARG-1295,Buenos Aires,Argentina,barl,3202.4,378.09,0.1181
ARG-1295,Buenos Aires,Argentina,grou,105.3,10.31,0.0979
ARG-1295,Buenos Aires,Argentina,maiz,15369.1,754.4,0.0491
ARG-1295,Buenos Aires,Argentina,pota,988.2,11.05,0.0112
ARG-1295,Buenos Aires,Argentina,rape,18.9,18.26,0.9658
ARG-1295,Buenos Aires,Argentina,sorg,247.1,7.71,0.0312
ARG-1295,Buenos Aires,Argentina,soyb,15302.2,724.23,0.0473
ARG-1295,Buenos Aires,Argentina,whea,6938.8,1133.14,0.1633
BRA-593,Maranhão,Brazil,cott,119.0,49.28,0.4142
BRA-593,Maranhão,Brazil,maiz,2529.8,274.54,0.1085
BRA-593,Maranhão,Brazil,oilp,8.6,0.29,0.0341
BRA-593,Maranhão,Brazil,rice,652.9,157.04,0.2405
BRA-593,Maranhão,Brazil,sorg,133.8,29.07,0.2172
BRA-593,Maranhão,Brazil,soyb,3137.9,260.25,0.0829
BRA-593,Maranhão,Brazil,sugc,3372.7,39.15,0.0116
BRA-622,Piauí,Brazil,cott,80.6,11.72,0.1454
BRA-622,Piauí,Brazil,maiz,2728.8,122.04,0.0447
BRA-622,Piauí,Brazil,rice,349.3,39.22,0.1123
BRA-622,Piauí,Brazil,sorg,73.6,6.1,0.0829
BRA-622,Piauí,Brazil,soyb,2624.3,77.51,0.0295
BRA-622,Piauí,Brazil,sugc,1377.3,15.02,0.0109
BRA-621,Ceará,Brazil,cott,12.0,0.48,0.0397
BRA-621,Ceará,Brazil,grou,1.8,0.06,0.0345
BRA-621,Ceará,Brazil,maiz,3258.2,63.85,0.0196
BRA-621,Ceará,Brazil,rice,37.2,5.97,0.1605
BRA-621,Ceará,Brazil,sorg,2.4,0.08,0.0323
BRA-621,Ceará,Brazil,soyb,1.0,0.06,0.0544
BRA-621,Ceará,Brazil,sugc,864.3,4.02,0.0046
BRA-628,Rio Grande do Norte,Brazil,cott,1.7,0.19,0.1135
BRA-628,Rio Grande do Norte,Brazil,maiz,299.5,13.03,0.0435
BRA-628,Rio Grande do Norte,Brazil,rice,5.8,0.64,0.1109
BRA-628,Rio Grande do Norte,Brazil,sorg,1.3,0.11,0.0827
BRA-628,Rio Grande do Norte,Brazil,sugc,5030.7,40.0,0.008
BRA-626,Paraíba,Brazil,cott,5.3,0.69,0.1289
BRA-626,Paraíba,Brazil,grou,2.5,0.16,0.0654
BRA-626,Paraíba,Brazil,maiz,566.7,24.57,0.0434
BRA-626,Paraíba,Brazil,rice,12.1,3.02,0.25
BRA-626,Paraíba,Brazil,sugc,7943.6,52.64,0.0066
BRA-1313,Pernambuco,Brazil,maiz,628.6,36.91,0.0587
BRA-1313,Pernambuco,Brazil,rice,3.1,1.08,0.3482
BRA-1313,Pernambuco,Brazil,sorg,5.7,0.6,0.1058
BRA-1313,Pernambuco,Brazil,sugc,18695.4,201.83,0.0108
BRA-623,Alagoas,Brazil,cott,1.4,0.77,0.5625
BRA-623,Alagoas,Brazil,grou,8.8,0.98,0.1116
BRA-623,Alagoas,Brazil,maiz,141.6,14.04,0.0992
BRA-623,Alagoas,Brazil,rice,19.2,17.18,0.8937
BRA-623,Alagoas,Brazil,sorg,1.2,0.43,0.3716
BRA-623,Alagoas,Brazil,soyb,5.9,0.47,0.0796
BRA-623,Alagoas,Brazil,sugc,19546.5,292.42,0.015
BRA-629,Sergipe,Brazil,grou,3.2,0.63,0.1959
BRA-629,Sergipe,Brazil,maiz,571.1,53.15,0.0931
BRA-629,Sergipe,Brazil,rice,24.2,8.07,0.3337
BRA-629,Sergipe,Brazil,sugc,2839.3,54.59,0.0192
BRA-624,Bahia,Brazil,cott,1352.2,613.65,0.4538
BRA-624,Bahia,Brazil,grou,16.6,2.33,0.1397
BRA-624,Bahia,Brazil,maiz,3306.4,252.24,0.0763
BRA-624,Bahia,Brazil,oilp,181.3,16.93,0.0934
BRA-624,Bahia,Brazil,pota,227.3,5.71,0.0251
BRA-624,Bahia,Brazil,rice,5.1,0.7,0.1383
BRA-624,Bahia,Brazil,sorg,193.4,44.56,0.2303
BRA-624,Bahia,Brazil,soyb,4899.4,304.0,0.062
BRA-624,Bahia,Brazil,sugc,5776.9,67.42,0.0117
BRA-624,Bahia,Brazil,whea,9.1,1.93,0.2123
BRA-625,Espírito Santo,Brazil,maiz,64.7,19.88,0.3072
BRA-625,Espírito Santo,Brazil,pota,9.2,1.04,0.113
BRA-625,Espírito Santo,Brazil,soyb,12.8,1.37,0.1075
BRA-625,Espírito Santo,Brazil,sugc,3319.3,81.45,0.0245
BRA-627,Rio de Janeiro,Brazil,maiz,13.8,4.25,0.3088
BRA-627,Rio de Janeiro,Brazil,soyb,29.7,4.26,0.1437
BRA-627,Rio de Janeiro,Brazil,sugc,3750.7,136.38,0.0364
BRA-1311,São Paulo,Brazil,barl,8.2,1.97,0.2419
BRA-1311,São Paulo,Brazil,cott,48.0,40.74,0.8483
BRA-1311,São Paulo,Brazil,grou,571.3,131.01,0.2293
BRA-1311,São Paulo,Brazil,maiz,5092.7,1144.62,0.2248
BRA-1311,São Paulo,Brazil,pota,621.9,53.89,0.0867
BRA-1311,São Paulo,Brazil,rice,71.6,56.65,0.7915
BRA-1311,São Paulo,Brazil,sorg,159.6,76.56,0.4796
BRA-1311,São Paulo,Brazil,soyb,3509.5,562.29,0.1602
BRA-1311,São Paulo,Brazil,sugc,407103.0,8922.58,0.0219
BRA-1311,São Paulo,Brazil,whea,375.4,143.35,0.3819
URY-20,Maldonado,Uruguay,barl,5.0,5.06,1.0122
URY-20,Maldonado,Uruguay,maiz,5.3,2.55,0.478
URY-20,Maldonado,Uruguay,soyb,15.2,10.72,0.7067
URY-20,Maldonado,Uruguay,whea,6.5,5.97,0.9191
URY-17,Canelones,Uruguay,barl,22.5,7.15,0.3186
URY-17,Canelones,Uruguay,maiz,76.3,15.16,0.1987
URY-17,Canelones,Uruguay,pota,6.5,0.38,0.0587
URY-17,Canelones,Uruguay,rape,4.3,2.35,0.5424
URY-17,Canelones,Uruguay,rice,282.3,184.23,0.6526
URY-17,Canelones,Uruguay,sorg,6.8,1.85,0.2721
URY-17,Canelones,Uruguay,soyb,71.4,3.37,0.0472
URY-17,Canelones,Uruguay,sugc,92.3,2.09,0.0226
URY-17,Canelones,Uruguay,whea,28.0,7.55,0.2697
URY-21,Montevideo,Uruguay,maiz,1.3,0.29,0.2172
URY-21,Montevideo,Uruguay,rice,6.8,5.02,0.7421
URY-21,Montevideo,Uruguay,sugc,2.3,0.05,0.0228
URY-5,San José,Uruguay,barl,40.7,14.99,0.3682
URY-5,San José,Uruguay,maiz,87.1,17.83,0.2047
URY-5,San José,Uruguay,pota,7.8,0.48,0.0609
URY-5,San José,Uruguay,rape,7.7,4.77,0.6204
URY-5,San José,Uruguay,rice,262.0,166.1,0.6339
URY-5,San José,Uruguay,sorg,8.8,2.52,0.286
URY-5,San José,Uruguay,soyb,133.9,5.35,0.0399
URY-5,San José,Uruguay,sugc,87.6,1.97,0.0225
URY-5,San José,Uruguay,whea,51.6,16.16,0.3129
URY-4,Colonia,Uruguay,barl,74.4,32.45,0.4364
URY-4,Colonia,Uruguay,maiz,66.2,15.93,0.2405
URY-4,Colonia,Uruguay,pota,6.8,0.48,0.0709
URY-4,Colonia,Uruguay,rape,13.7,10.12,0.7376
URY-4,Colonia,Uruguay,rice,5.4,1.7,0.3144
URY-4,Colonia,Uruguay,sorg,10.4,3.49,0.3365
URY-4,Colonia,Uruguay,soyb,268.2,10.75,0.0401
URY-4,Colonia,Uruguay,whea,95.5,35.4,0.3705
URY-11,Soriano,Uruguay,barl,103.8,69.78,0.6721
URY-11,Soriano,Uruguay,maiz,88.8,33.83,0.3809
URY-11,Soriano,Uruguay,pota,9.6,1.05,0.1099
URY-11,Soriano,Uruguay,rape,19.6,22.31,1.1389
URY-11,Soriano,Uruguay,rice,6.7,2.24,0.3328
URY-11,Soriano,Uruguay,sorg,14.6,7.59,0.5192
URY-11,Soriano,Uruguay,soyb,354.6,22.7,0.064
URY-11,Soriano,Uruguay,whea,133.1,76.17,0.5721
URY-9,Río Negro,Uruguay,barl,54.9,43.59,0.7936
URY-9,Río Negro,Uruguay,maiz,46.8,25.87,0.5532
URY-9,Río Negro,Uruguay,pota,5.0,0.65,0.1301
URY-9,Río Negro,Uruguay,rape,10.5,15.14,1.4462
URY-9,Río Negro,Uruguay,rice,3.7,1.39,0.38
URY-9,Río Negro,Uruguay,sorg,8.6,5.45,0.6362
URY-9,Río Negro,Uruguay,soyb,186.9,41.05,0.2197
URY-9,Río Negro,Uruguay,whea,70.6,48.61,0.689
NCL-559,Nord,New Caledonia,maiz,2.8,0.09,0.0317
AUS-2651,Western Australia,Australia,barl,4912.8,819.59,0.1668
AUS-2651,Western Australia,Australia,maiz,10.0,1.98,0.1983
AUS-2651,Western Australia,Australia,pota,52.4,2.36,0.0451
AUS-2651,Western Australia,Australia,rape,2145.9,460.92,0.2148
AUS-2651,Western Australia,Australia,sorg,1.1,0.54,0.5143
AUS-2651,Western Australia,Australia,whea,11040.6,660.98,0.0599
AUS-2650,Northern Territory,Australia,cott,2.9,1.32,0.4503
MDG-5870,Boeny,Madagascar,grou,9.3,11.21,1.2122
MDG-5870,Boeny,Madagascar,maiz,10.8,5.13,0.4735
MDG-5870,Boeny,Madagascar,rice,328.5,999.59,3.0431
MDG-5870,Boeny,Madagascar,sugc,33.2,2.07,0.0623
MDG-5880,Sofia,Madagascar,grou,2.2,5.59,2.587
MDG-5880,Sofia,Madagascar,maiz,11.5,15.74,1.3663
MDG-5880,Sofia,Madagascar,rice,93.7,246.25,2.6275
MDG-5880,Sofia,Madagascar,sugc,240.8,25.39,0.1054
MDG-5872,Diana,Madagascar,maiz,2.3,1.53,0.6632
MDG-5872,Diana,Madagascar,oilp,3.4,1.13,0.3326
MDG-5872,Diana,Madagascar,rice,161.9,624.93,3.8597
MDG-5872,Diana,Madagascar,sugc,13.1,1.97,0.1498
MDG-5879,Sava,Madagascar,maiz,8.7,7.13,0.8156
MDG-5879,Sava,Madagascar,oilp,6.8,1.0,0.1476
MDG-5879,Sava,Madagascar,rice,108.6,147.68,1.3599
MDG-5879,Sava,Madagascar,sugc,29.1,2.21,0.0761
MDG-5863,Analanjirofo,Madagascar,maiz,7.8,14.99,1.9096
MDG-5863,Analanjirofo,Madagascar,oilp,4.6,3.46,0.7526
MDG-5863,Analanjirofo,Madagascar,rice,71.5,271.11,3.7917
MDG-5863,Analanjirofo,Madagascar,sugc,609.1,73.13,0.1201
MDG-5868,Atsinanana,Madagascar,maiz,10.4,18.79,1.8029
MDG-5868,Atsinanana,Madagascar,oilp,5.1,3.32,0.6528
MDG-5868,Atsinanana,Madagascar,pota,1.1,0.06,0.0495
MDG-5868,Atsinanana,Madagascar,rice,50.0,199.98,3.9965
MDG-5868,Atsinanana,Madagascar,sugc,807.6,114.59,0.1419
MDG-5882,Vatovavy-Fitovinany,Madagascar,maiz,11.4,15.11,1.3315
MDG-5882,Vatovavy-Fitovinany,Madagascar,pota,1.1,0.04,0.0376
MDG-5882,Vatovavy-Fitovinany,Madagascar,rice,184.8,928.17,5.0215
MDG-5882,Vatovavy-Fitovinany,Madagascar,sugc,546.3,72.88,0.1334
MDG-5867,Atsimo-Atsinanana,Madagascar,rice,258.0,1123.38,4.3537
MDG-5867,Atsimo-Atsinanana,Madagascar,sugc,78.0,16.2,0.2076
MDG-5865,Anosy,Madagascar,grou,1.5,1.02,0.6912
MDG-5865,Anosy,Madagascar,maiz,5.2,1.42,0.2736
MDG-5865,Anosy,Madagascar,rice,104.9,157.14,1.498
MDG-5865,Anosy,Madagascar,sugc,45.6,1.18,0.0258
MDG-5864,Androy,Madagascar,grou,5.3,1.01,0.1897
MDG-5864,Androy,Madagascar,maiz,12.5,1.24,0.0997
MDG-5864,Androy,Madagascar,rice,13.8,2.88,0.2086
MDG-5864,Androy,Madagascar,sugc,8.3,0.1,0.0125
MDG-5866,Atsimo-Andrefana,Madagascar,cott,2.2,0.89,0.4158
MDG-5866,Atsimo-Andrefana,Madagascar,grou,9.4,4.86,0.5158
MDG-5866,Atsimo-Andrefana,Madagascar,maiz,36.1,9.09,0.2517
MDG-5866,Atsimo-Andrefana,Madagascar,rice,117.4,263.56,2.245
MDG-5866,Atsimo-Andrefana,Madagascar,sugc,152.6,2.0,0.0131
MDG-5878,Menabe,Madagascar,cott,1.6,1.54,0.9916
MDG-5878,Menabe,Madagascar,grou,2.9,3.06,1.0696
MDG-5878,Menabe,Madagascar,maiz,14.2,3.9,0.2741
MDG-5878,Menabe,Madagascar,rice,240.3,584.03,2.4308
MDG-5878,Menabe,Madagascar,sugc,115.8,3.8,0.0328
MDG-5876,Melaky,Madagascar,maiz,3.8,1.59,0.4237
MDG-5876,Melaky,Madagascar,rice,85.1,85.58,1.0062
MDG-5876,Melaky,Madagascar,sugc,29.6,0.86,0.0292
AUS-2655,South Australia,Australia,barl,2735.2,754.19,0.2757
AUS-2655,South Australia,Australia,maiz,11.7,20.15,1.7146
AUS-2655,South Australia,Australia,pota,331.5,25.49,0.0769
AUS-2655,South Australia,Australia,rape,366.4,173.32,0.4731
AUS-2655,South Australia,Australia,soyb,5.7,29.33,5.192
AUS-2655,South Australia,Australia,whea,4589.4,559.75,0.122
AUS-2657,Queensland,Australia,barl,571.4,39.31,0.0688
AUS-2657,Queensland,Australia,cott,104.5,33.36,0.3191
AUS-2657,Queensland,Australia,grou,12.3,2.65,0.2149
AUS-2657,Queensland,Australia,maiz,99.1,7.56,0.0763
AUS-2657,Queensland,Australia,pota,112.5,2.01,0.0179
AUS-2657,Queensland,Australia,rape,2.2,0.36,0.1619
AUS-2657,Queensland,Australia,sorg,288.6,62.2,0.2155
AUS-2657,Queensland,Australia,sugc,27507.4,240.62,0.0087
AUS-2657,Queensland,Australia,whea,2398.9,63.26,0.0264
AUS-2654,New South Wales,Australia,barl,3689.8,275.82,0.0748
AUS-2654,New South Wales,Australia,cott,181.5,59.63,0.3286
AUS-2654,New South Wales,Australia,maiz,121.4,10.79,0.0889
AUS-2654,New South Wales,Australia,pota,104.8,1.92,0.0183
AUS-2654,New South Wales,Australia,rape,1331.6,125.65,0.0944
AUS-2654,New South Wales,Australia,rice,48.6,42.07,0.8657
AUS-2654,New South Wales,Australia,sorg,104.0,25.62,0.2465
AUS-2654,New South Wales,Australia,soyb,10.4,0.41,0.0391
AUS-2654,New South Wales,Australia,sugc,1328.9,28.29,0.0213
AUS-2654,New South Wales,Australia,whea,10281.4,337.16,0.0328
AUS-2656,Victoria,Australia,barl,2701.0,212.95,0.0788
AUS-2656,Victoria,Australia,maiz,21.6,5.06,0.2344
AUS-2656,Victoria,Australia,pota,215.9,11.1,0.0514
AUS-2656,Victoria,Australia,rape,896.7,102.34,0.1141
AUS-2656,Victoria,Australia,whea,3546.9,150.6,0.0425
AGO-1879,Cuanza Sul,Angola,grou,33.4,5.22,0.1563
AGO-1879,Cuanza Sul,Angola,maiz,620.0,90.39,0.1458
AGO-1879,Cuanza Sul,Angola,pota,59.2,1.65,0.0279
AGO-1879,Cuanza Sul,Angola,sugc,1.9,0.01,0.007
AGO-1887,Benguela,Angola,grou,5.4,0.48,0.0872
AGO-1887,Benguela,Angola,maiz,354.1,15.95,0.045
AGO-1887,Benguela,Angola,pota,54.0,0.69,0.0128
AGO-1887,Benguela,Angola,sorg,3.2,0.68,0.2139
AGO-1887,Benguela,Angola,soyb,3.1,0.18,0.0594
ZAF-1189,Western Cape,South Africa,barl,457.2,50.04,0.1094
ZAF-1189,Western Cape,South Africa,maiz,91.2,16.12,0.1768
ZAF-1189,Western Cape,South Africa,pota,289.8,16.15,0.0557
ZAF-1189,Western Cape,South Africa,rape,164.8,33.37,0.2025
ZAF-1189,Western Cape,South Africa,sorg,9.5,2.26,0.2392
ZAF-1189,Western Cape,South Africa,whea,788.0,112.15,0.1423
MOZ-1925,Inhambane,Mozambique,grou,9.5,14.93,1.5732
MOZ-1925,Inhambane,Mozambique,maiz,51.6,21.96,0.4254
MOZ-1925,Inhambane,Mozambique,sorg,2.9,2.14,0.7437
MOZ-1925,Inhambane,Mozambique,sugc,10.9,0.04,0.0033
MOZ-1925,Inhambane,Mozambique,whea,1.1,0.69,0.6449
MOZ-1905,Sofala,Mozambique,grou,3.5,4.21,1.2179
MOZ-1905,Sofala,Mozambique,maiz,192.5,60.34,0.3134
MOZ-1905,Sofala,Mozambique,rice,20.3,52.33,2.5803
MOZ-1905,Sofala,Mozambique,sorg,26.9,14.04,0.5224
MOZ-1905,Sofala,Mozambique,soyb,11.0,1.37,0.124
MOZ-1905,Sofala,Mozambique,sugc,890.5,7.43,0.0083
MOZ-1905,Sofala,Mozambique,whea,1.7,0.55,0.3311
MOZ-1200,Nampula,Mozambique,cott,50.0,5.29,0.1058
MOZ-1200,Nampula,Mozambique,grou,33.0,19.3,0.5846
MOZ-1200,Nampula,Mozambique,maiz,152.6,14.85,0.0973
MOZ-1200,Nampula,Mozambique,pota,4.7,0.03,0.0062
MOZ-1200,Nampula,Mozambique,rice,11.9,13.36,1.1229
MOZ-1200,Nampula,Mozambique,sorg,22.8,4.21,0.1849
MOZ-1200,Nampula,Mozambique,whea,1.3,0.06,0.0504
TZA-3387,Lindi,United Republic of Tanzania,grou,4.3,0.56,0.1303
TZA-3387,Lindi,United Republic of Tanzania,maiz,144.4,8.42,0.0583
TZA-3387,Lindi,United Republic of Tanzania,pota,3.4,0.1,0.0307
TZA-3387,Lindi,United Republic of Tanzania,rice,60.0,20.36,0.3391
TZA-3387,Lindi,United Republic of Tanzania,sorg,39.9,4.52,0.1132
TZA-3387,Lindi,United Republic of Tanzania,sugc,6.3,0.0,0.0006
TZA-3382,Pwani,United Republic of Tanzania,maiz,73.1,9.33,0.1277
TZA-3382,Pwani,United Republic of Tanzania,oilp,3.9,0.03,0.0075
TZA-3382,Pwani,United Republic of Tanzania,pota,6.7,0.33,0.0497
TZA-3382,Pwani,United Republic of Tanzania,rice,149.3,52.81,0.3536
TZA-3382,Pwani,United Republic of Tanzania,sorg,3.9,1.16,0.2964
TZA-3382,Pwani,United Republic of Tanzania,sugc,13.5,0.06,0.0047
TZA-3382,Pwani,United Republic of Tanzania,whea,9.2,0.94,0.1022
TZA-3378,Dar-Es-Salaam,United Republic of Tanzania,maiz,32.2,2.92,0.0904
TZA-3378,Dar-Es-Salaam,United Republic of Tanzania,pota,14.6,0.74,0.0507
TZA-3378,Dar-Es-Salaam,United Republic of Tanzania,rice,37.9,12.51,0.3304
TZA-3378,Dar-Es-Salaam,United Republic of Tanzania,sugc,2.0,0.0,0.002
TZA-3378,Dar-Es-Salaam,United Republic of Tanzania,whea,36.6,3.62,0.0987
IDN-1233,Jawa Timur,Indonesia,grou,171.6,54.61,0.3183
IDN-1233,Jawa Timur,Indonesia,maiz,1532.1,1489.98,0.9725
IDN-1233,Jawa Timur,Indonesia,pota,113.4,15.47,0.1365
IDN-1233,Jawa Timur,Indonesia,rice,7902.5,11588.55,1.4664
IDN-1233,Jawa Timur,Indonesia,soyb,82.1,68.65,0.8361
IDN-1233,Jawa Timur,Indonesia,sugc,11676.5,559.92,0.048
IDN-554,Maluku,Indonesia,grou,1.6,2.23,1.4146
IDN-554,Maluku,Indonesia,maiz,3.2,1.35,0.4192
IDN-554,Maluku,Indonesia,oilp,83.6,14.07,0.1683
IDN-554,Maluku,Indonesia,pota,8.8,0.69,0.0778
IDN-554,Maluku,Indonesia,rice,108.1,84.18,0.7787
IDN-555,Nusa Tenggara Barat,Indonesia,grou,33.1,15.24,0.4599
IDN-555,Nusa Tenggara Barat,Indonesia,maiz,324.0,319.43,0.986
IDN-555,Nusa Tenggara Barat,Indonesia,pota,6.0,0.56,0.0922
IDN-555,Nusa Tenggara Barat,Indonesia,rice,1258.7,895.84,0.7117
IDN-555,Nusa Tenggara Barat,Indonesia,soyb,34.2,37.65,1.1015
IDN-555,Nusa Tenggara Barat,Indonesia,sugc,111.9,4.9,0.0438
IDN-1236,Sulawesi Selatan,Indonesia,grou,23.2,29.06,1.2538
IDN-1236,Sulawesi Selatan,Indonesia,maiz,463.7,422.56,0.9113
IDN-1236,Sulawesi Selatan,Indonesia,oilp,1219.1,562.63,0.4615
IDN-1236,Sulawesi Selatan,Indonesia,pota,46.1,5.7,0.1236
IDN-1236,Sulawesi Selatan,Indonesia,rice,4392.3,3634.91,0.8276
IDN-1236,Sulawesi Selatan,Indonesia,soyb,15.7,39.69,2.5342
IDN-1236,Sulawesi Selatan,Indonesia,sugc,890.3,53.82,0.0604
IDN-1224,Jawa Tengah,Indonesia,grou,111.2,35.71,0.3212
IDN-1224,Jawa Tengah,Indonesia,maiz,720.7,738.91,1.0253
IDN-1224,Jawa Tengah,Indonesia,pota,215.4,29.65,0.1377
IDN-1224,Jawa Tengah,Indonesia,rice,6820.5,11643.62,1.7071
IDN-1224,Jawa Tengah,Indonesia,soyb,33.3,33.27,0.9984
IDN-1224,Jawa Tengah,Indonesia,sugc,1760.4,106.38,0.0604
IDN-1223,Jawa Barat,Indonesia,grou,52.9,12.9,0.2437
IDN-1223,Jawa Barat,Indonesia,maiz,262.3,196.72,0.75
IDN-1223,Jawa Barat,Indonesia,oilp,215.8,32.15,0.149
IDN-1223,Jawa Barat,Indonesia,pota,244.5,21.81,0.0892
IDN-1223,Jawa Barat,Indonesia,rice,7610.8,12522.66,1.6454
IDN-1223,Jawa Barat,Indonesia,soyb,27.4,19.2,0.7009
IDN-1223,Jawa Barat,Indonesia,sugc,971.0,38.12,0.0393
IDN-1227,Jakarta Raya,Indonesia,rice,35.4,59.7,1.6889
IDN-1226,Banten,Indonesia,grou,9.1,4.36,0.478
IDN-1226,Banten,Indonesia,maiz,12.5,11.71,0.9336
IDN-1226,Banten,Indonesia,oilp,431.5,73.84,0.1711
IDN-1226,Banten,Indonesia,pota,12.2,1.49,0.1227
IDN-1226,Banten,Indonesia,rice,1450.8,2658.83,1.8327
IDN-1226,Banten,Indonesia,soyb,1.0,0.97,0.9564
IDN-1226,Banten,Indonesia,sugc,8.3,0.31,0.0374
IDN-540,Yogyakarta,Indonesia,grou,94.7,32.23,0.3405
IDN-540,Yogyakarta,Indonesia,maiz,78.4,80.39,1.0258
IDN-540,Yogyakarta,Indonesia,pota,3.3,0.44,0.1331
IDN-540,Yogyakarta,Indonesia,rice,660.5,974.55,1.4756
IDN-540,Yogyakarta,Indonesia,soyb,15.7,14.36,0.9139
IDN-540,Yogyakarta,Indonesia,sugc,312.0,15.04,0.0482
IDN-556,Sulawesi Tenggara,Indonesia,grou,5.5,3.88,0.6984
IDN-556,Sulawesi Tenggara,Indonesia,maiz,42.0,26.94,0.6406
IDN-556,Sulawesi Tenggara,Indonesia,oilp,465.5,37.81,0.0812
IDN-556,Sulawesi Tenggara,Indonesia,pota,11.1,1.22,0.1106
IDN-556,Sulawesi Tenggara,Indonesia,rice,509.5,375.61,0.7372
IDN-556,Sulawesi Tenggara,Indonesia,soyb,2.8,5.05,1.7768
IDN-1933,Papua Barat,Indonesia,maiz,1.2,1.07,0.9304
IDN-1933,Papua Barat,Indonesia,oilp,1129.7,714.63,0.6326
IDN-1933,Papua Barat,Indonesia,pota,8.2,2.68,0.3259
IDN-1933,Papua Barat,Indonesia,rice,27.4,19.85,0.7245
IDN-1933,Papua Barat,Indonesia,sugc,4.0,0.53,0.1323
ECU-1280,Guayas,Ecuador,grou,2.3,1.33,0.5885
ECU-1280,Guayas,Ecuador,maiz,162.4,53.74,0.3309
ECU-1280,Guayas,Ecuador,oilp,172.9,8.3,0.048
ECU-1280,Guayas,Ecuador,rice,305.0,395.7,1.2974
ECU-1280,Guayas,Ecuador,sorg,1.8,0.86,0.481
ECU-1280,Guayas,Ecuador,soyb,2.7,0.54,0.2022
ECU-1280,Guayas,Ecuador,sugc,3269.1,103.87,0.0318
IDN-557,Sulawesi Tengah,Indonesia,grou,4.2,2.27,0.5452
IDN-557,Sulawesi Tengah,Indonesia,maiz,61.6,31.5,0.5117
IDN-557,Sulawesi Tengah,Indonesia,oilp,2846.9,319.74,0.1123
IDN-557,Sulawesi Tengah,Indonesia,pota,8.2,0.25,0.0309
IDN-557,Sulawesi Tengah,Indonesia,rice,616.8,304.93,0.4944
IDN-557,Sulawesi Tengah,Indonesia,soyb,3.5,6.8,1.9313
IDN-538,Maluku Utara,Indonesia,grou,1.8,1.73,0.9633
IDN-538,Maluku Utara,Indonesia,maiz,7.8,2.43,0.3131
IDN-538,Maluku Utara,Indonesia,oilp,88.4,10.43,0.118
IDN-538,Maluku Utara,Indonesia,pota,12.1,1.22,0.1005
IDN-538,Maluku Utara,Indonesia,rice,39.5,13.44,0.3405
PNG-1239,East Sepik,Papua New Guinea,maiz,1.2,1.39,1.1529
PNG-1239,East Sepik,Papua New Guinea,oilp,33.2,13.98,0.4218
PNG-1239,East Sepik,Papua New Guinea,sugc,28.6,7.95,0.2779
PNG-1240,Madang,Papua New Guinea,oilp,255.7,9.58,0.0374
PNG-1240,Madang,Papua New Guinea,sugc,26.8,1.41,0.0528
PNG-1253,Morobe,Papua New Guinea,maiz,1.2,0.2,0.1739
PNG-1253,Morobe,Papua New Guinea,oilp,235.8,15.89,0.0674
PNG-1253,Morobe,Papua New Guinea,sugc,26.4,1.14,0.0431
PNG-1256,Northern,Papua New Guinea,oilp,112.6,4.57,0.0406
PNG-1256,Northern,Papua New Guinea,sugc,21.1,1.08,0.051
PNG-1252,Milne Bay,Papua New Guinea,oilp,6.8,0.85,0.1246
PNG-1252,Milne Bay,Papua New Guinea,sugc,2.9,0.29,0.0997
PNG-1249,Central,Papua New Guinea,oilp,39.4,5.68,0.1443
PNG-1249,Central,Papua New Guinea,sugc,5.1,0.45,0.089
PNG-1244,Gulf,Papua New Guinea,oilp,16.0,6.42,0.4006
PNG-1244,Gulf,Papua New Guinea,sugc,2.7,0.5,0.1866
IDN-1796,Kepulauan Riau,Indonesia,oilp,58.4,22.65,0.3882
IDN-1796,Kepulauan Riau,Indonesia,rice,143.8,219.74,1.5281
IDN-492,Riau,Indonesia,grou,1.3,4.45,3.3931
IDN-492,Riau,Indonesia,maiz,18.7,92.03,4.9296
IDN-492,Riau,Indonesia,oilp,47258.8,58242.03,1.2324
IDN-492,Riau,Indonesia,pota,5.4,3.52,0.6488
IDN-492,Riau,Indonesia,rice,348.1,764.92,2.1975
IDN-1837,Gorontalo,Indonesia,maiz,329.5,170.48,0.5174
IDN-1837,Gorontalo,Indonesia,oilp,207.9,14.04,0.0675
IDN-1837,Gorontalo,Indonesia,rice,223.5,91.46,0.4092
IDN-1837,Gorontalo,Indonesia,sugc,601.4,10.9,0.0181
IDN-513,Sulawesi Utara,Indonesia,grou,4.0,0.51,0.1277
IDN-513,Sulawesi Utara,Indonesia,maiz,355.1,97.88,0.2756
IDN-513,Sulawesi Utara,Indonesia,pota,73.3,2.38,0.0324
IDN-513,Sulawesi Utara,Indonesia,rice,304.2,134.53,0.4423
IDN-513,Sulawesi Utara,Indonesia,soyb,3.9,1.11,0.2827
IDN-1237,Sulawesi Barat,Indonesia,maiz,116.3,53.02,0.4557
IDN-1237,Sulawesi Barat,Indonesia,oilp,2342.6,292.23,0.1247
IDN-1237,Sulawesi Barat,Indonesia,pota,3.1,0.18,0.0566
IDN-1237,Sulawesi Barat,Indonesia,rice,380.6,180.74,0.4748
IDN-1237,Sulawesi Barat,Indonesia,soyb,1.6,2.59,1.6314
IDN-1237,Sulawesi Barat,Indonesia,sugc,2.1,0.05,0.0242
COL-1404,Cauca,Colombia,maiz,22.2,4.17,0.188
COL-1404,Cauca,Colombia,oilp,4.6,0.35,0.0754
COL-1404,Cauca,Colombia,pota,68.9,3.96,0.0575
COL-1404,Cauca,Colombia,rice,8.5,6.25,0.7331
COL-1404,Cauca,Colombia,sugc,3201.8,46.14,0.0144
PER-574,Moquegua,Peru,maiz,2.3,0.28,0.123
PER-574,Moquegua,Peru,pota,9.4,0.47,0.0498
PER-574,Moquegua,Peru,rice,10.3,11.24,1.0921
PER-570,Arequipa,Peru,maiz,56.0,6.93,0.1237
PER-570,Arequipa,Peru,pota,157.0,7.51,0.0479
PER-570,Arequipa,Peru,rice,131.6,26.4,0.2007
PER-570,Arequipa,Peru,sugc,82.6,0.31,0.0038
PER-570,Arequipa,Peru,whea,2.5,0.55,0.2227
PER-589,Ica,Peru,barl,1.0,0.16,0.1529
PER-589,Ica,Peru,cott,12.0,2.22,0.1846
PER-589,Ica,Peru,maiz,73.5,8.05,0.1095
PER-589,Ica,Peru,pota,69.8,3.08,0.0441
PER-589,Ica,Peru,rice,20.2,25.69,1.2724
PER-591,Lima,Peru,maiz,67.2,11.92,0.1773
PER-591,Lima,Peru,pota,79.3,4.43,0.0559
PER-591,Lima,Peru,rice,97.2,132.4,1.3619
PER-591,Lima,Peru,sugc,1402.4,7.57,0.0054
PER-587,Lima Province,Peru,maiz,7.0,2.2,0.3128
PER-587,Lima Province,Peru,pota,6.4,0.53,0.0836
PER-577,Áncash,Peru,barl,13.2,3.21,0.2436
PER-577,Áncash,Peru,maiz,66.6,10.16,0.1525
PER-577,Áncash,Peru,pota,198.8,13.82,0.0695
PER-577,Áncash,Peru,rice,110.4,55.29,0.5009
PER-577,Áncash,Peru,sugc,1047.4,5.86,0.0056
PER-577,Áncash,Peru,whea,19.1,8.48,0.4446
PER-580,La Libertad,Peru,barl,35.6,6.17,0.1732
PER-580,La Libertad,Peru,maiz,112.9,14.18,0.1256
PER-580,La Libertad,Peru,oilp,1.2,0.09,0.0782
PER-580,La Libertad,Peru,pota,884.5,43.56,0.0492
PER-580,La Libertad,Peru,rice,288.3,302.21,1.0483
PER-580,La Libertad,Peru,sugc,5122.9,26.67,0.0052
PER-580,La Libertad,Peru,whea,42.0,7.69,0.1832
PER-566,Lambayeque,Peru,cott,2.2,0.34,0.1541
PER-566,Lambayeque,Peru,maiz,167.5,15.7,0.0937
PER-566,Lambayeque,Peru,pota,398.3,14.93,0.0375
PER-566,Lambayeque,Peru,rice,403.2,359.73,0.8921
PER-566,Lambayeque,Peru,sugc,4024.1,15.73,0.0039
PER-566,Lambayeque,Peru,whea,1.7,0.42,0.253
ECU-5507,Santa Elena,Ecuador,maiz,17.5,2.76,0.1579
ECU-5507,Santa Elena,Ecuador,rice,26.7,20.16,0.7558
ECU-5507,Santa Elena,Ecuador,sugc,221.6,1.03,0.0047
ECU-1282,Manabi,Ecuador,cott,1.3,0.55,0.4168
ECU-1282,Manabi,Ecuador,grou,2.8,1.55,0.5489
ECU-1282,Manabi,Ecuador,maiz,217.1,47.11,0.217
ECU-1282,Manabi,Ecuador,oilp,459.9,20.01,0.0435
ECU-1282,Manabi,Ecuador,rice,85.2,28.47,0.3341
ECU-1282,Manabi,Ecuador,sorg,4.1,0.89,0.2147
ECU-1282,Manabi,Ecuador,soyb,2.8,0.25,0.0896
ECU-1282,Manabi,Ecuador,sugc,829.8,9.06,0.0109
COL-1408,Valle del Cauca,Colombia,maiz,44.6,12.21,0.2737
COL-1408,Valle del Cauca,Colombia,pota,6.8,0.71,0.104
COL-1408,Valle del Cauca,Colombia,rice,20.2,19.48,0.9633
COL-1408,Valle del Cauca,Colombia,soyb,1.6,0.37,0.2331
COL-1408,Valle del Cauca,Colombia,sugc,15362.4,291.6,0.019
PAN-1340,Panama,Panama,maiz,12.9,7.92,0.612
PAN-1340,Panama,Panama,oilp,34.8,2.16,0.0621
PAN-1340,Panama,Panama,rice,15.5,4.09,0.2633
PAN-1340,Panama,Panama,sugc,157.8,4.08,0.0259
PAN-1336,Coclé,Panama,maiz,13.6,8.98,0.6597
PAN-1336,Coclé,Panama,oilp,42.7,2.85,0.0668
PAN-1336,Coclé,Panama,pota,5.0,0.72,0.1418
PAN-1336,Coclé,Panama,rice,16.3,24.92,1.5328
PAN-1336,Coclé,Panama,sugc,420.9,14.0,0.0333
IDN-1930,Jambi,Indonesia,grou,1.9,5.65,3.023
IDN-1930,Jambi,Indonesia,maiz,69.4,67.32,0.9703
IDN-1930,Jambi,Indonesia,oilp,18033.3,11949.03,0.6626
IDN-1930,Jambi,Indonesia,pota,54.9,3.53,0.0644
IDN-1930,Jambi,Indonesia,rice,515.1,522.03,1.0134
IDN-1930,Jambi,Indonesia,soyb,5.0,14.54,2.8841
IDN-1930,Jambi,Indonesia,sugc,4.4,0.8,0.1828
IDN-1230,Sumatera Selatan,Indonesia,grou,3.1,27.76,9.0427
IDN-1230,Sumatera Selatan,Indonesia,maiz,3770.4,5787.75,1.535
IDN-1230,Sumatera Selatan,Indonesia,oilp,20571.1,10947.93,0.5322
IDN-1230,Sumatera Selatan,Indonesia,pota,8.8,1.74,0.1968
IDN-1230,Sumatera Selatan,Indonesia,rice,2967.8,3679.02,1.2396
IDN-1230,Sumatera Selatan,Indonesia,soyb,6.5,24.0,3.7037
IDN-1230,Sumatera Selatan,Indonesia,sugc,1699.7,100.1,0.0589
IDN-1229,Lampung,Indonesia,grou,4.5,3.6,0.8097
IDN-1229,Lampung,Indonesia,maiz,516.3,356.24,0.6899
IDN-1229,Lampung,Indonesia,oilp,4028.5,1051.63,0.261
IDN-1229,Lampung,Indonesia,pota,11.1,1.1,0.0986
IDN-1229,Lampung,Indonesia,rice,2443.7,1672.73,0.6845
IDN-1229,Lampung,Indonesia,soyb,4.0,5.25,1.305
IDN-1229,Lampung,Indonesia,sugc,8614.0,376.93,0.0438
IDN-1225,Bengkulu,Indonesia,grou,2.8,0.9,0.3204
IDN-1225,Bengkulu,Indonesia,maiz,174.7,30.17,0.1727
IDN-1225,Bengkulu,Indonesia,oilp,5392.9,606.39,0.1124
IDN-1225,Bengkulu,Indonesia,pota,16.4,0.54,0.0327
IDN-1225,Bengkulu,Indonesia,rice,384.9,187.64,0.4875
IDN-1225,Bengkulu,Indonesia,soyb,1.4,3.33,2.3771
IDN-539,Sumatera Barat,Indonesia,grou,6.3,0.98,0.155
IDN-539,Sumatera Barat,Indonesia,maiz,168.5,205.55,1.22
IDN-539,Sumatera Barat,Indonesia,oilp,7242.0,2085.5,0.288
IDN-539,Sumatera Barat,Indonesia,pota,49.1,3.62,0.0737
IDN-539,Sumatera Barat,Indonesia,rice,1541.3,967.87,0.6279
IDN-381,Sumatera Utara,Indonesia,grou,6.9,3.33,0.4851
IDN-381,Sumatera Utara,Indonesia,maiz,383.9,243.78,0.6349
IDN-381,Sumatera Utara,Indonesia,oilp,24989.6,7377.58,0.2952
IDN-381,Sumatera Utara,Indonesia,pota,99.6,8.01,0.0804
IDN-381,Sumatera Utara,Indonesia,rice,2616.5,2137.11,0.8168
IDN-381,Sumatera Utara,Indonesia,soyb,2.8,3.11,1.1043
IDN-381,Sumatera Utara,Indonesia,sugc,411.5,82.16,0.1997
IDN-1136,Aceh,Indonesia,grou,3.2,11.67,3.6801
IDN-1136,Aceh,Indonesia,maiz,102.3,144.15,1.4089
IDN-1136,Aceh,Indonesia,oilp,7191.4,2654.55,0.3691
IDN-1136,Aceh,Indonesia,pota,17.4,6.5,0.3738
IDN-1136,Aceh,Indonesia,rice,1465.0,1289.31,0.8801
IDN-1136,Aceh,Indonesia,soyb,5.9,21.31,3.5943
GUY-678,Demerara-Mahaica,Guyana,rice,151.4,306.22,2.0231
GUY-678,Demerara-Mahaica,Guyana,sugc,259.9,64.32,0.2475
IDN-1931,Kalimantan Tengah,Indonesia,maiz,34.8,43.51,1.2509
IDN-1931,Kalimantan Tengah,Indonesia,oilp,19447.9,16584.12,0.8527
IDN-1931,Kalimantan Tengah,Indonesia,pota,6.0,4.28,0.7106
IDN-1931,Kalimantan Tengah,Indonesia,rice,855.9,1707.72,1.9953
IDN-1234,Kalimantan Selatan,Indonesia,grou,12.0,17.0,1.4159
IDN-1234,Kalimantan Selatan,Indonesia,maiz,78.4,80.62,1.029
IDN-1234,Kalimantan Selatan,Indonesia,oilp,8350.0,2968.7,0.3555
IDN-1234,Kalimantan Selatan,Indonesia,pota,11.6,5.0,0.429
IDN-1234,Kalimantan Selatan,Indonesia,rice,1789.0,2611.56,1.4598
IDN-1234,Kalimantan Selatan,Indonesia,soyb,7.3,25.56,3.4828
PHL-2591,Davao del Norte,Philippines,maiz,138.9,45.54,0.3278
PHL-2591,Davao del Norte,Philippines,rice,129.9,363.39,2.7975
PHL-2591,Davao del Norte,Philippines,sugc,22.8,0.97,0.0426
PAN-1341,Veraguas,Panama,maiz,23.7,11.7,0.494
PAN-1341,Veraguas,Panama,oilp,35.1,1.65,0.0471
PAN-1341,Veraguas,Panama,pota,2.5,0.24,0.0968
PAN-1341,Veraguas,Panama,rice,6.4,1.88,0.2931
PAN-1341,Veraguas,Panama,sugc,261.7,5.5,0.021
PHL-2521,Zamboanga Sibugay,Philippines,maiz,34.4,5.4,0.1571
PHL-2521,Zamboanga Sibugay,Philippines,oilp,2.4,0.15,0.0616
PHL-2521,Zamboanga Sibugay,Philippines,rice,158.8,203.81,1.2838
PHL-2534,Palawan,Philippines,maiz,14.2,0.64,0.0452
PHL-2534,Palawan,Philippines,oilp,23.2,0.42,0.0182
PHL-2534,Palawan,Philippines,rice,262.5,212.75,0.8104
VNM-508,Sóc Trăng,Vietnam,grou,20.5,4.58,0.2232
VNM-508,Sóc Trăng,Vietnam,maiz,18.7,7.26,0.3876
VNM-508,Sóc Trăng,Vietnam,rice,1988.1,3075.18,1.5468
VNM-508,Sóc Trăng,Vietnam,soyb,3.0,1.49,0.495
VNM-508,Sóc Trăng,Vietnam,sugc,351.4,15.78,0.0449
PHL-2593,Surigao del Norte,Philippines,rice,58.9,126.37,2.147
PHL-2594,Surigao del Sur,Philippines,maiz,14.9,0.57,0.0381
PHL-2594,Surigao del Sur,Philippines,oilp,17.5,0.24,0.0137
PHL-2594,Surigao del Sur,Philippines,pota,2.0,0.03,0.0145
PHL-2594,Surigao del Sur,Philippines,rice,110.6,192.61,1.7412
PHL-2594,Surigao del Sur,Philippines,sugc,729.7,3.05,0.0042
PHL-2587,Agusan del Norte,Philippines,maiz,13.7,3.01,0.2203
PHL-2587,Agusan del Norte,Philippines,oilp,6.8,0.15,0.0217
PHL-2587,Agusan del Norte,Philippines,pota,1.2,0.02,0.0179
PHL-2587,Agusan del Norte,Philippines,rice,81.0,151.4,1.8687
PHL-2587,Agusan del Norte,Philippines,sugc,193.0,0.8,0.0042
PHL-5532,Butuan,Philippines,maiz,3.0,0.73,0.2473
PHL-5532,Butuan,Philippines,rice,21.2,51.81,2.4449
PHL-2595,Misamis Oriental,Philippines,maiz,213.0,79.78,0.3745
PHL-2595,Misamis Oriental,Philippines,oilp,14.1,2.99,0.2121
PHL-2595,Misamis Oriental,Philippines,rice,18.7,45.32,2.426
PHL-2595,Misamis Oriental,Philippines,sugc,11.8,0.86,0.0725
PHL-5530,Iligan,Philippines,maiz,12.8,5.69,0.4458
PHL-5530,Iligan,Philippines,rice,15.1,64.05,4.2417
PHL-2573,Lanao del Norte,Philippines,maiz,91.7,34.49,0.3762
PHL-2573,Lanao del Norte,Philippines,rice,75.8,123.68,1.6306
PHL-2522,Zamboanga del Sur,Philippines,maiz,149.2,19.66,0.1318
PHL-2522,Zamboanga del Sur,Philippines,pota,1.1,0.04,0.0393
PHL-2522,Zamboanga del Sur,Philippines,rice,331.7,618.65,1.8653
PHL-2523,Misamis Occidental,Philippines,maiz,127.6,36.75,0.288
PHL-2523,Misamis Occidental,Philippines,oilp,1.8,0.11,0.0617
PHL-2523,Misamis Occidental,Philippines,rice,109.8,136.39,1.2426
PHL-2520,Zamboanga del Norte,Philippines,maiz,105.9,13.19,0.1245
PHL-2520,Zamboanga del Norte,Philippines,oilp,25.7,1.68,0.0653
PHL-2520,Zamboanga del Norte,Philippines,rice,109.5,185.57,1.6942
PHL-4932,Zamboanga,Philippines,maiz,11.2,1.35,0.1202
PHL-4932,Zamboanga,Philippines,rice,13.8,27.24,1.9693
PHL-2574,Lanao del Sur,Philippines,maiz,130.0,37.97,0.292
PHL-2574,Lanao del Sur,Philippines,pota,2.5,0.24,0.0972
PHL-2574,Lanao del Sur,Philippines,rice,227.3,309.9,1.3633
PHL-2574,Lanao del Sur,Philippines,sugc,153.6,10.47,0.0682
PHL-2576,Maguindanao,Philippines,oilp,15.9,5.62,0.3526
PHL-2576,Maguindanao,Philippines,rice,268.8,643.36,2.3934
PHL-2576,Maguindanao,Philippines,sugc,16.1,1.33,0.0826
PHL-2580,Sultan Kudarat,Philippines,oilp,85.7,19.3,0.2253
PHL-2580,Sultan Kudarat,Philippines,rice,438.4,1062.79,2.4241
PHL-2580,Sultan Kudarat,Philippines,sugc,173.5,10.17,0.0586
PHL-2598,Sarangani,Philippines,maiz,122.1,48.18,0.3947
PHL-2598,Sarangani,Philippines,oilp,5.1,1.18,0.2317
PHL-2598,Sarangani,Philippines,rice,18.3,68.08,3.7184
PHL-2598,Sarangani,Philippines,sugc,43.1,3.4,0.0787
PHL-5529,General Santos,Philippines,rice,51.0,221.84,4.3506
PHL-2596,Davao del Sur,Philippines,maiz,176.5,26.66,0.1511
PHL-2596,Davao del Sur,Philippines,oilp,1.0,0.13,0.1275
PHL-2596,Davao del Sur,Philippines,rice,41.7,188.0,4.5042
PHL-2596,Davao del Sur,Philippines,sugc,194.7,6.02,0.0309
PHL-5528,Davao,Philippines,maiz,43.3,5.13,0.1185
PHL-5528,Davao,Philippines,rice,39.7,139.84,3.5252
PHL-5528,Davao,Philippines,sugc,179.3,6.56,0.0366
PHL-2592,Compostela Valley,Philippines,maiz,78.1,9.77,0.1251
PHL-2592,Compostela Valley,Philippines,oilp,5.1,0.34,0.0666
PHL-2592,Compostela Valley,Philippines,rice,105.5,240.92,2.2834
PHL-2597,Davao Oriental,Philippines,maiz,216.6,24.1,0.1113
PHL-2597,Davao Oriental,Philippines,oilp,2.9,0.16,0.0529
PHL-2597,Davao Oriental,Philippines,pota,1.9,0.06,0.0324
PHL-2597,Davao Oriental,Philippines,rice,74.9,205.3,2.7418
LKA-2454,Trikuṇāmalaya,Sri Lanka,grou,1.5,1.86,1.249
LKA-2454,Trikuṇāmalaya,Sri Lanka,maiz,8.1,2.83,0.3503
LKA-2454,Trikuṇāmalaya,Sri Lanka,rice,172.3,143.29,0.8314
LKA-2454,Trikuṇāmalaya,Sri Lanka,sugc,2.8,0.09,0.0312
LKA-2458,Mulativ,Sri Lanka,grou,4.7,9.43,1.993
LKA-2458,Mulativ,Sri Lanka,rice,52.1,50.48,0.9694
LKA-2460,Kilinŏchchi,Sri Lanka,grou,2.0,5.77,2.8294
LKA-2460,Kilinŏchchi,Sri Lanka,rice,139.5,144.1,1.0334
LKA-2457,Mannārama,Sri Lanka,grou,2.5,9.2,3.7101
LKA-2457,Mannārama,Sri Lanka,rice,148.9,170.03,1.1418
LKA-2462,Puttalama,Sri Lanka,grou,2.1,2.62,1.2462
LKA-2462,Puttalama,Sri Lanka,maiz,2.1,1.82,0.8745
LKA-2462,Puttalama,Sri Lanka,rice,27.1,20.57,0.7585
LKA-2471,Gampaha,Sri Lanka,rice,78.4,61.95,0.7899
LKA-2470,Kŏḷamba,Sri Lanka,rice,105.6,60.73,0.5751
LKA-2472,Kaḷutara,Sri Lanka,rice,71.7,42.8,0.5969
LKA-2464,Gālla,Sri Lanka,pota,1.4,0.32,0.2271
LKA-2464,Gālla,Sri Lanka,rice,17.2,12.69,0.7358
LKA-2466,Mātara,Sri Lanka,rice,7.5,11.69,1.5507
LKA-2465,Hambantŏṭa,Sri Lanka,grou,1.1,0.23,0.215
LKA-2465,Hambantŏṭa,Sri Lanka,maiz,11.0,3.01,0.2735
LKA-2465,Hambantŏṭa,Sri Lanka,rice,211.4,204.21,0.9662
LKA-2451,Ampāra,Sri Lanka,grou,2.5,0.56,0.22
LKA-2451,Ampāra,Sri Lanka,maiz,40.6,11.22,0.2764
LKA-2451,Ampāra,Sri Lanka,pota,1.0,0.13,0.134
LKA-2451,Ampāra,Sri Lanka,rice,474.2,462.77,0.9758
LKA-2451,Ampāra,Sri Lanka,sugc,151.0,4.57,0.0303
LKA-2452,Maḍakalapuva,Sri Lanka,grou,1.4,0.68,0.4892
LKA-2452,Maḍakalapuva,Sri Lanka,maiz,3.1,1.67,0.5409
LKA-2452,Maḍakalapuva,Sri Lanka,rice,216.4,222.05,1.026
PHL-2585,Southern Leyte,Philippines,maiz,4.7,0.09,0.0187
PHL-2585,Southern Leyte,Philippines,pota,1.4,0.01,0.007
PHL-2585,Southern Leyte,Philippines,rice,59.3,81.57,1.3752
VNM-4834,Tiền Giang,Vietnam,grou,17.9,4.15,0.2321
VNM-4834,Tiền Giang,Vietnam,maiz,19.9,7.8,0.3925
VNM-4834,Tiền Giang,Vietnam,rice,1493.6,2707.85,1.8129
VNM-4834,Tiền Giang,Vietnam,soyb,2.6,1.3,0.505
VNM-4834,Tiền Giang,Vietnam,sugc,297.4,13.64,0.0459
VNM-495,Bà Rịa - Vũng Tàu,Vietnam,maiz,56.1,24.21,0.4316
VNM-495,Bà Rịa - Vũng Tàu,Vietnam,rice,136.7,85.58,0.626
VNM-495,Bà Rịa - Vũng Tàu,Vietnam,sugc,14.5,0.68,0.0471
KHM-1800,Krong Preah Sihanouk,Cambodia,rice,12.6,6.86,0.545
VNM-501,Hồ Chí Minh city,Vietnam,grou,1.1,0.35,0.3269
VNM-501,Hồ Chí Minh city,Vietnam,maiz,7.2,2.88,0.399
VNM-501,Hồ Chí Minh city,Vietnam,rice,80.9,66.29,0.8196
VNM-501,Hồ Chí Minh city,Vietnam,sugc,21.4,1.04,0.0486
PHL-2583,Leyte,Philippines,maiz,88.2,2.87,0.0326
PHL-2583,Leyte,Philippines,pota,4.8,0.05,0.01
PHL-2583,Leyte,Philippines,rice,367.8,788.67,2.144
PHL-2583,Leyte,Philippines,sugc,520.9,2.48,0.0048
PHL-2582,Eastern Samar,Philippines,maiz,1.4,0.04,0.0284
PHL-2582,Eastern Samar,Philippines,pota,2.2,0.03,0.0112
PHL-2582,Eastern Samar,Philippines,rice,74.9,35.36,0.4718
PHL-2584,Samar,Philippines,maiz,16.8,0.41,0.0244
PHL-2584,Samar,Philippines,pota,3.1,0.03,0.0094
PHL-2584,Samar,Philippines,rice,194.8,143.57,0.737
VNM-479,Khánh Hòa,Vietnam,grou,1.2,0.24,0.2078
VNM-479,Khánh Hòa,Vietnam,maiz,28.9,10.74,0.3718
VNM-479,Khánh Hòa,Vietnam,rice,267.7,168.21,0.6283
VNM-479,Khánh Hòa,Vietnam,sugc,38.0,1.63,0.0428
PAN-1337,Colón,Panama,maiz,1.1,0.58,0.5439
PAN-1337,Colón,Panama,oilp,6.7,0.29,0.0442
PAN-1337,Colón,Panama,rice,5.6,1.59,0.2848
PAN-1337,Colón,Panama,sugc,27.1,0.58,0.0212
COL-1314,Antioquia,Colombia,maiz,60.4,24.37,0.4032
COL-1314,Antioquia,Colombia,oilp,46.4,8.17,0.1763
COL-1314,Antioquia,Colombia,pota,133.5,8.32,0.0623
COL-1314,Antioquia,Colombia,rice,172.0,107.12,0.623
COL-1314,Antioquia,Colombia,sugc,2719.9,47.5,0.0175
COL-1316,Córdoba,Colombia,cott,8.2,7.47,0.9138
COL-1316,Córdoba,Colombia,maiz,154.4,51.37,0.3327
COL-1316,Córdoba,Colombia,oilp,47.3,5.82,0.123
COL-1316,Córdoba,Colombia,rice,222.1,197.14,0.8878
COL-1316,Córdoba,Colombia,sugc,166.1,3.23,0.0194
COL-1417,Sucre,Colombia,maiz,67.1,33.73,0.5028
COL-1417,Sucre,Colombia,oilp,64.5,6.96,0.108
COL-1417,Sucre,Colombia,rice,192.4,168.09,0.8738
COL-1417,Sucre,Colombia,sugc,23.8,0.68,0.0287
COL-1413,Bolívar,Colombia,maiz,148.1,81.57,0.5506
COL-1413,Bolívar,Colombia,oilp,670.7,171.49,0.2557
COL-1413,Bolívar,Colombia,rice,122.2,125.3,1.0253
COL-1413,Bolívar,Colombia,sugc,104.5,2.77,0.0265
COL-1412,Atlántico,Colombia,maiz,21.2,4.45,0.2095
COL-1412,Atlántico,Colombia,oilp,8.6,0.74,0.0859
COL-1412,Atlántico,Colombia,rice,3.0,5.97,1.9834
COL-1412,Atlántico,Colombia,sorg,1.6,0.64,0.4057
COL-1416,Magdalena,Colombia,maiz,90.8,35.18,0.3874
COL-1416,Magdalena,Colombia,oilp,604.3,69.11,0.1144
COL-1416,Magdalena,Colombia,rice,28.7,32.77,1.1422
COL-1416,Magdalena,Colombia,sugc,48.4,0.91,0.0189
VEN-27,Mérida,Venezuela,maiz,2.9,0.45,0.1544
VEN-27,Mérida,Venezuela,oilp,1.8,0.2,0.1119
VEN-27,Mérida,Venezuela,pota,103.2,3.92,0.038
VEN-27,Mérida,Venezuela,rice,39.2,6.13,0.1562
VEN-27,Mérida,Venezuela,sugc,34.8,0.55,0.0159
VEN-29,Trujillo,Venezuela,rice,10.5,1.59,0.151
VEN-29,Trujillo,Venezuela,sugc,171.1,3.53,0.0206
VEN-23,Falcón,Venezuela,maiz,8.6,0.7,0.081
VEN-23,Falcón,Venezuela,pota,1.0,0.03,0.0314
VEN-23,Falcón,Venezuela,rice,68.3,109.67,1.6066
VEN-23,Falcón,Venezuela,sugc,30.4,0.21,0.007
VEN-36,Yaracuy,Venezuela,maiz,1.4,0.26,0.1848
VEN-36,Yaracuy,Venezuela,rice,23.5,53.09,2.2632
VEN-36,Yaracuy,Venezuela,sugc,13.8,0.22,0.0157
VEN-33,Carabobo,Venezuela,sugc,111.2,4.7,0.0422
VEN-41,Aragua,Venezuela,maiz,15.0,1.82,0.1216
VEN-41,Aragua,Venezuela,sugc,76.8,2.45,0.0319
VEN-47,Miranda,Venezuela,sugc,2.9,0.07,0.023
VEN-40,Anzoátegui,Venezuela,cott,2.1,0.44,0.2121
VEN-40,Anzoátegui,Venezuela,grou,1.6,0.25,0.1561
VEN-40,Anzoátegui,Venezuela,maiz,88.8,7.09,0.0799
VEN-40,Anzoátegui,Venezuela,oilp,33.9,0.84,0.0248
VEN-40,Anzoátegui,Venezuela,pota,21.6,0.57,0.0263
VEN-40,Anzoátegui,Venezuela,rice,1.5,2.2,1.4738
VEN-40,Anzoátegui,Venezuela,sorg,3.8,0.51,0.1348
VEN-40,Anzoátegui,Venezuela,sugc,2.8,0.01,0.0029
VEN-46,Monagas,Venezuela,maiz,44.7,6.24,0.1395
VEN-46,Monagas,Venezuela,oilp,1.3,0.03,0.0227
VEN-46,Monagas,Venezuela,rice,83.6,12.22,0.1461
VEN-46,Monagas,Venezuela,sorg,3.2,1.85,0.5781
VEN-46,Monagas,Venezuela,sugc,14.5,0.15,0.0104
GUY-680,Cuyuni-Mazaruni,Guyana,rice,66.9,81.73,1.2219
GUY-680,Cuyuni-Mazaruni,Guyana,sugc,92.2,22.13,0.2398
GUY-677,East Berbice-Corentyne,Guyana,rice,66.2,142.63,2.1543
GUY-677,East Berbice-Corentyne,Guyana,sugc,303.3,73.71,0.243
GUY-679,Essequibo Islands-West Demerara,Guyana,maiz,1.3,6.3,4.9591
GUY-679,Essequibo Islands-West Demerara,Guyana,rice,438.7,337.59,0.7695
GUY-679,Essequibo Islands-West Demerara,Guyana,sugc,115.8,11.3,0.0976
SUR-73,Saramacca,Suriname,rice,49.9,506.2,10.1504
SUR-73,Saramacca,Suriname,sugc,11.6,11.69,1.0045
SUR-72,Paramaribo,Suriname,rice,15.8,86.05,5.4426
SUR-72,Paramaribo,Suriname,sugc,3.3,1.1,0.3348
IND-2441,Andhra Pradesh,India,cott,892.6,1307.24,1.4645
IND-2441,Andhra Pradesh,India,grou,1527.4,597.25,0.391
IND-2441,Andhra Pradesh,India,maiz,1058.4,658.8,0.6224
IND-2441,Andhra Pradesh,India,pota,49.3,8.79,0.1785
IND-2441,Andhra Pradesh,India,rape,4.1,4.89,1.2002
IND-2441,Andhra Pradesh,India,rice,8653.4,15178.11,1.754
IND-2441,Andhra Pradesh,India,sorg,142.7,126.47,0.8865
IND-2441,Andhra Pradesh,India,soyb,1.3,0.96,0.7218
IND-2441,Andhra Pradesh,India,sugc,6979.7,516.75,0.074
HTI-1362,Sud,Haiti,maiz,11.4,1.85,0.1621
HTI-1362,Sud,Haiti,pota,1.5,0.03,0.0218
HTI-1362,Sud,Haiti,rice,8.6,27.68,3.2222
HTI-1362,Sud,Haiti,sorg,1.2,0.21,0.1746
HTI-1362,Sud,Haiti,sugc,92.6,0.51,0.0055
NGA-2853,Ondo,Nigeria,grou,11.7,1.58,0.1352
NGA-2853,Ondo,Nigeria,maiz,329.2,30.22,0.0918
NGA-2853,Ondo,Nigeria,oilp,737.1,38.93,0.0528
NGA-2853,Ondo,Nigeria,rice,89.4,53.13,0.5943
NGA-2853,Ondo,Nigeria,sorg,12.7,2.22,0.1748
NGA-2853,Ondo,Nigeria,soyb,42.8,9.61,0.2247
NGA-2860,Delta,Nigeria,maiz,154.9,59.27,0.3825
NGA-2860,Delta,Nigeria,oilp,768.2,270.82,0.3525
NGA-2860,Delta,Nigeria,pota,31.3,5.06,0.1619
NGA-2860,Delta,Nigeria,rice,61.0,56.5,0.927
NGA-2860,Delta,Nigeria,sorg,1.4,0.78,0.5667
NGA-2860,Delta,Nigeria,sugc,21.8,2.19,0.1007
NGA-2845,Bayelsa,Nigeria,maiz,96.8,40.73,0.4209
NGA-2845,Bayelsa,Nigeria,oilp,1125.4,441.24,0.3921
NGA-2845,Bayelsa,Nigeria,pota,2.7,0.58,0.2129
NGA-2845,Bayelsa,Nigeria,rice,89.2,101.07,1.1326
NGA-2845,Bayelsa,Nigeria,sorg,5.0,5.3,1.0681
NGA-2845,Bayelsa,Nigeria,sugc,2.9,0.14,0.0483
NGA-2844,Rivers,Nigeria,maiz,122.2,34.26,0.2805
NGA-2844,Rivers,Nigeria,oilp,161.3,41.16,0.2551
NGA-2844,Rivers,Nigeria,pota,1.7,0.15,0.0898
NGA-2844,Rivers,Nigeria,rice,85.6,73.81,0.8626
NGA-2844,Rivers,Nigeria,sugc,3.6,0.37,0.1019
NGA-2842,Akwa Ibom,Nigeria,grou,24.6,6.83,0.2773
NGA-2842,Akwa Ibom,Nigeria,maiz,169.3,16.85,0.0996
NGA-2842,Akwa Ibom,Nigeria,oilp,253.9,15.91,0.0627
NGA-2842,Akwa Ibom,Nigeria,rice,27.6,19.21,0.6963
CMR-1476,Littoral,Cameroon,grou,9.8,1.0,0.102
CMR-1476,Littoral,Cameroon,maiz,131.0,20.66,0.1577
CMR-1476,Littoral,Cameroon,soyb,4.2,0.23,0.0542
GAB-2624,Ogooué-Maritime,Gabon,grou,1.8,1.03,0.5814
GAB-2624,Ogooué-Maritime,Gabon,maiz,1.1,0.42,0.4029
GAB-2624,Ogooué-Maritime,Gabon,oilp,7.8,0.09,0.0114
GAB-2624,Ogooué-Maritime,Gabon,sugc,3.9,0.07,0.0182
AGO-1877,Bengo,Angola,grou,9.0,2.82,0.3115
AGO-1877,Bengo,Angola,maiz,34.5,7.78,0.2254
AGO-1877,Bengo,Angola,pota,4.5,0.21,0.0458
AGO-1880,Luanda,Angola,maiz,2.7,2.72,0.9938
LBY-2985,Surt,Libya,barl,2.3,0.98,0.4336
LBY-2985,Surt,Libya,pota,1.6,0.03,0.0195
LBY-2985,Surt,Libya,whea,6.8,2.02,0.2952
LBY-2970,Misratah,Libya,barl,3.8,1.67,0.4373
LBY-2970,Misratah,Libya,grou,1.2,0.14,0.1172
LBY-2970,Misratah,Libya,pota,24.9,0.32,0.0127
LBY-2970,Misratah,Libya,whea,8.1,2.16,0.2662
LBY-2966,Al Marqab,Libya,barl,7.9,3.63,0.4585
LBY-2966,Al Marqab,Libya,grou,1.1,0.11,0.1075
LBY-2966,Al Marqab,Libya,pota,26.4,0.31,0.0118
LBY-2966,Al Marqab,Libya,whea,13.8,3.79,0.2757
LBY-2978,Tajura' wa an Nawahi al Arba,Libya,barl,4.5,1.76,0.3883
LBY-2978,Tajura' wa an Nawahi al Arba,Libya,grou,2.3,0.23,0.1035
LBY-2978,Tajura' wa an Nawahi al Arba,Libya,pota,47.3,0.52,0.011
LBY-2978,Tajura' wa an Nawahi al Arba,Libya,whea,11.3,2.72,0.2401
LBY-2975,Az Zawiyah,Libya,barl,5.2,2.78,0.5303
LBY-2975,Az Zawiyah,Libya,grou,2.1,0.18,0.0879
LBY-2975,Az Zawiyah,Libya,pota,43.5,0.42,0.0097
LBY-2975,Az Zawiyah,Libya,whea,11.9,3.21,0.2691
TUN-111,Gabès,Tunisia,barl,3.3,0.37,0.1117
TUN-111,Gabès,Tunisia,pota,18.0,0.45,0.0249
TUN-111,Gabès,Tunisia,whea,1.5,0.14,0.0877
TUN-114,Sfax,Tunisia,barl,5.3,0.35,0.0648
TUN-114,Sfax,Tunisia,pota,7.2,0.21,0.0296
TUN-114,Sfax,Tunisia,whea,2.7,0.18,0.0639
TUN-116,Mahdia,Tunisia,barl,10.8,0.75,0.0689
TUN-116,Mahdia,Tunisia,pota,2.2,0.05,0.0229
TUN-116,Mahdia,Tunisia,whea,6.4,0.43,0.0663
TUN-117,Monastir,Tunisia,pota,1.2,0.08,0.0664
TUN-119,Sousse,Tunisia,barl,7.3,1.11,0.1523
TUN-119,Sousse,Tunisia,pota,6.5,0.27,0.0421
TUN-119,Sousse,Tunisia,whea,4.0,0.53,0.1321
TUN-107,Nabeul,Tunisia,barl,22.3,2.29,0.1026
TUN-107,Nabeul,Tunisia,pota,40.3,1.01,0.025
TUN-107,Nabeul,Tunisia,whea,43.7,3.72,0.0852
TUN-104,Ben Arous (Tunis Sud),Tunisia,barl,3.8,0.42,0.1113
TUN-104,Ben Arous (Tunis Sud),Tunisia,pota,4.7,0.2,0.0418
TUN-104,Ben Arous (Tunis Sud),Tunisia,whea,10.5,1.14,0.1084
TUN-102,Manubah,Tunisia,barl,10.5,1.26,0.1199
TUN-102,Manubah,Tunisia,pota,25.6,0.61,0.0239
TUN-102,Manubah,Tunisia,whea,62.3,5.68,0.0912
TUN-105,Bizerte,Tunisia,barl,15.1,1.31,0.0866
TUN-105,Bizerte,Tunisia,pota,28.7,0.61,0.0212
TUN-105,Bizerte,Tunisia,whea,159.5,10.93,0.0685
TUN-103,Béja,Tunisia,barl,19.6,1.86,0.0952
TUN-103,Béja,Tunisia,pota,16.6,0.5,0.0298
TUN-103,Béja,Tunisia,whea,160.3,11.73,0.0731
DZA-2163,Annaba,Algeria,barl,3.5,0.43,0.1209
DZA-2163,Annaba,Algeria,pota,150.1,2.76,0.0184
DZA-2163,Annaba,Algeria,whea,7.5,0.76,0.1008
DZA-2166,Skikda,Algeria,barl,14.1,2.08,0.1469
DZA-2166,Skikda,Algeria,pota,122.1,2.87,0.0235
DZA-2166,Skikda,Algeria,whea,27.8,3.67,0.1321
DZA-2165,Jijel,Algeria,barl,3.1,0.8,0.2586
DZA-2165,Jijel,Algeria,pota,263.6,4.86,0.0185
DZA-2165,Jijel,Algeria,whea,6.6,1.52,0.2305
DZA-2208,Béjaïa,Algeria,barl,2.0,1.15,0.5765
DZA-2208,Béjaïa,Algeria,pota,17.7,0.51,0.0287
DZA-2208,Béjaïa,Algeria,whea,3.7,1.92,0.5237
DZA-2197,Tizi Ouzou,Algeria,barl,3.3,1.96,0.5912
DZA-2197,Tizi Ouzou,Algeria,pota,32.6,0.8,0.0244
DZA-2197,Tizi Ouzou,Algeria,whea,7.0,3.5,0.5001
DZA-2196,Boumerdès,Algeria,pota,9.3,0.21,0.0221
DZA-2196,Boumerdès,Algeria,whea,1.9,0.65,0.3338
DZA-2198,Tipaza,Algeria,pota,9.7,0.17,0.0179
DZA-2200,Chlef,Algeria,barl,17.0,1.44,0.0845
DZA-2200,Chlef,Algeria,pota,67.3,1.46,0.0217
DZA-2200,Chlef,Algeria,whea,39.0,2.44,0.0626
DZA-2202,Mostaganem,Algeria,barl,10.6,1.08,0.1018
DZA-2202,Mostaganem,Algeria,pota,90.8,1.91,0.0211
DZA-2202,Mostaganem,Algeria,whea,25.7,2.0,0.0778
DZA-2145,Oran,Algeria,barl,24.3,2.83,0.1165
DZA-2145,Oran,Algeria,whea,66.3,5.5,0.0829
DZA-2144,Aïn Témouchent,Algeria,barl,16.0,0.85,0.053
DZA-2144,Aïn Témouchent,Algeria,whea,46.5,1.81,0.0389
MAR-1447,Taza - Al Hoceima - Taounate,Morocco,barl,75.4,13.92,0.1846
MAR-1447,Taza - Al Hoceima - Taounate,Morocco,grou,2.7,0.51,0.1877
MAR-1447,Taza - Al Hoceima - Taounate,Morocco,maiz,2.2,2.08,0.9263
MAR-1447,Taza - Al Hoceima - Taounate,Morocco,pota,148.1,2.86,0.0193
MAR-1447,Taza - Al Hoceima - Taounate,Morocco,rice,3.5,0.64,0.1811
MAR-1447,Taza - Al Hoceima - Taounate,Morocco,sugc,22.5,0.35,0.0156
MAR-1447,Taza - Al Hoceima - Taounate,Morocco,whea,315.9,56.74,0.1796
MAR-1448,Gharb - Chrarda - Béni Hssen,Morocco,barl,5.6,1.41,0.25
MAR-1448,Gharb - Chrarda - Béni Hssen,Morocco,grou,2.6,0.48,0.1864
MAR-1448,Gharb - Chrarda - Béni Hssen,Morocco,pota,112.7,2.28,0.0202
MAR-1448,Gharb - Chrarda - Béni Hssen,Morocco,rice,8.4,5.73,0.6785
MAR-1448,Gharb - Chrarda - Béni Hssen,Morocco,sugc,510.5,4.82,0.0094
MAR-1448,Gharb - Chrarda - Béni Hssen,Morocco,whea,142.3,26.07,0.1832
MAR-1451,Rabat - Salé - Zemmour - Zaer,Morocco,barl,28.0,5.68,0.2026
MAR-1451,Rabat - Salé - Zemmour - Zaer,Morocco,grou,1.1,0.19,0.1787
MAR-1451,Rabat - Salé - Zemmour - Zaer,Morocco,pota,68.8,1.23,0.0179
MAR-1451,Rabat - Salé - Zemmour - Zaer,Morocco,sugc,3.1,0.05,0.0172
MAR-1451,Rabat - Salé - Zemmour - Zaer,Morocco,whea,242.9,46.37,0.1909
MAR-1449,Chaouia - Ouardigha,Morocco,barl,87.4,16.8,0.1924
MAR-1449,Chaouia - Ouardigha,Morocco,grou,1.8,0.3,0.1693
MAR-1449,Chaouia - Ouardigha,Morocco,maiz,1.4,1.25,0.8837
MAR-1449,Chaouia - Ouardigha,Morocco,pota,115.3,2.0,0.0173
MAR-1449,Chaouia - Ouardigha,Morocco,rice,1.6,0.13,0.0791
MAR-1449,Chaouia - Ouardigha,Morocco,sugc,4.3,0.07,0.0158
MAR-1449,Chaouia - Ouardigha,Morocco,whea,467.3,85.27,0.1825
MAR-1457,Doukkala - Abda,Morocco,barl,79.6,13.17,0.1654
MAR-1457,Doukkala - Abda,Morocco,grou,1.7,0.29,0.1667
MAR-1457,Doukkala - Abda,Morocco,maiz,13.1,10.27,0.7831
MAR-1457,Doukkala - Abda,Morocco,pota,143.3,2.53,0.0177
MAR-1457,Doukkala - Abda,Morocco,rice,6.6,0.32,0.0488
MAR-1457,Doukkala - Abda,Morocco,sugc,12.9,0.14,0.0105
MAR-1457,Doukkala - Abda,Morocco,whea,280.9,50.45,0.1796
MAR-1456,Marrakech - Tensift - Al Haouz,Morocco,barl,147.3,33.71,0.2289
MAR-1456,Marrakech - Tensift - Al Haouz,Morocco,grou,3.7,0.72,0.1959
MAR-1456,Marrakech - Tensift - Al Haouz,Morocco,maiz,3.9,3.32,0.8571
MAR-1456,Marrakech - Tensift - Al Haouz,Morocco,pota,237.0,4.63,0.0195
MAR-1456,Marrakech - Tensift - Al Haouz,Morocco,rice,11.3,0.59,0.0519
MAR-1456,Marrakech - Tensift - Al Haouz,Morocco,sugc,21.6,0.22,0.01
MAR-1456,Marrakech - Tensift - Al Haouz,Morocco,whea,299.2,67.82,0.2267
SEN-766,Louga,Senegal,grou,207.9,9.3,0.0448
SEN-766,Louga,Senegal,maiz,19.1,1.15,0.0603
SEN-766,Louga,Senegal,pota,3.8,0.05,0.0119
SEN-766,Louga,Senegal,rice,5.9,10.18,1.728
SEN-766,Louga,Senegal,sorg,6.5,0.29,0.0444
SEN-766,Louga,Senegal,sugc,33.9,0.2,0.0058
SEN-768,Thiès,Senegal,grou,116.6,8.46,0.0726
SEN-768,Thiès,Senegal,maiz,9.2,1.43,0.1562
SEN-768,Thiès,Senegal,sorg,13.8,1.1,0.0797
GMB-2153,Banjul,Gambia,rice,2.2,26.55,11.8549
GNB-5500,Biombo,Guinea Bissau,grou,6.1,71.2,11.73
GNB-5500,Biombo,Guinea Bissau,rice,6.8,61.92,9.0534
GNB-769,Bissau,Guinea Bissau,grou,3.1,10.89,3.5479
GNB-769,Bissau,Guinea Bissau,maiz,2.0,3.18,1.592
GNB-769,Bissau,Guinea Bissau,oilp,19.9,3.63,0.1822
GNB-769,Bissau,Guinea Bissau,rice,6.0,21.06,3.5105
GNB-773,Quinara,Guinea Bissau,grou,5.2,64.19,12.3686
GNB-773,Quinara,Guinea Bissau,maiz,1.5,10.36,6.7286
GNB-773,Quinara,Guinea Bissau,oilp,8.5,3.83,0.4485
GNB-773,Quinara,Guinea Bissau,rice,5.6,44.42,7.9613
GNB-773,Quinara,Guinea Bissau,sorg,6.0,108.4,18.0068
GIN-5628,Boffa,Guinea,grou,15.9,40.93,2.5694
GIN-5628,Boffa,Guinea,maiz,8.9,18.03,2.0189
GIN-5628,Boffa,Guinea,oilp,166.8,179.47,1.0758
GIN-5628,Boffa,Guinea,pota,5.0,1.09,0.2167
GIN-5628,Boffa,Guinea,rice,39.4,64.31,1.634
GIN-5628,Boffa,Guinea,sugc,3.2,0.48,0.1497
GIN-5635,Dubréka,Guinea,grou,13.0,39.51,3.0441
GIN-5635,Dubréka,Guinea,maiz,7.5,18.45,2.4506
GIN-5635,Dubréka,Guinea,oilp,57.2,58.67,1.0258
GIN-5635,Dubréka,Guinea,pota,10.7,28.41,2.6679
GIN-5635,Dubréka,Guinea,rice,38.5,146.46,3.8013
GIN-5635,Dubréka,Guinea,sugc,1.8,0.38,0.2076
GIN-5631,Coyah,Guinea,grou,11.7,24.22,2.0646
GIN-5631,Coyah,Guinea,maiz,4.8,9.97,2.0736
GIN-5631,Coyah,Guinea,oilp,82.6,26.19,0.317
GIN-5631,Coyah,Guinea,pota,8.2,21.44,2.6148
GIN-5631,Coyah,Guinea,rice,24.0,71.5,2.9816
GIN-5631,Coyah,Guinea,sugc,2.7,0.15,0.0577
SLE-761,Western,Sierra Leone,grou,4.2,18.62,4.4643
SLE-761,Western,Sierra Leone,oilp,2.1,2.13,1.0325
SLE-761,Western,Sierra Leone,rice,9.7,37.03,3.8295
LBR-783,Bomi,Liberia,oilp,19.4,0.69,0.0358
LBR-783,Bomi,Liberia,rice,20.7,10.48,0.5072
LBR-783,Bomi,Liberia,sugc,20.5,1.36,0.0667
LBR-788,Montserrado,Liberia,oilp,11.7,2.41,0.2061
LBR-788,Montserrado,Liberia,rice,5.6,10.06,1.8063
LBR-788,Montserrado,Liberia,sugc,12.2,2.86,0.2332
LBR-789,Margibi,Liberia,oilp,33.5,0.68,0.0202
LBR-789,Margibi,Liberia,rice,30.5,10.69,0.351
LBR-789,Margibi,Liberia,sugc,47.7,2.34,0.049
LBR-785,Grand Bassa,Liberia,oilp,38.7,1.34,0.0346
LBR-785,Grand Bassa,Liberia,rice,38.4,20.88,0.5438
LBR-785,Grand Bassa,Liberia,sugc,56.0,3.34,0.0598
LBR-792,River Cess,Liberia,oilp,8.0,0.26,0.0328
LBR-792,River Cess,Liberia,rice,14.9,6.84,0.4592
LBR-792,River Cess,Liberia,sugc,11.4,0.71,0.0618
LBR-782,Sinoe,Liberia,oilp,9.1,0.61,0.067
LBR-782,Sinoe,Liberia,rice,16.8,10.55,0.6296
LBR-782,Sinoe,Liberia,sugc,11.6,1.03,0.0887
LBR-780,Grand Kru,Liberia,oilp,9.4,1.18,0.1249
LBR-780,Grand Kru,Liberia,rice,11.3,21.29,1.8777
LBR-780,Grand Kru,Liberia,sugc,10.8,1.62,0.1494
CIV-3447,Sud-Bandama,Ivory Coast,cott,22.8,4.13,0.181
CIV-3447,Sud-Bandama,Ivory Coast,grou,11.3,1.28,0.1138
CIV-3447,Sud-Bandama,Ivory Coast,maiz,48.3,2.46,0.051
CIV-3447,Sud-Bandama,Ivory Coast,oilp,349.2,7.37,0.0211
CIV-3447,Sud-Bandama,Ivory Coast,rice,86.0,10.65,0.1238
CIV-3447,Sud-Bandama,Ivory Coast,sorg,3.5,0.83,0.238
CIV-3447,Sud-Bandama,Ivory Coast,sugc,58.5,0.22,0.0037
CIV-3458,Lagunes,Ivory Coast,cott,15.1,6.48,0.4279
CIV-3458,Lagunes,Ivory Coast,grou,7.3,2.59,0.3551
CIV-3458,Lagunes,Ivory Coast,maiz,29.1,5.52,0.1899
CIV-3458,Lagunes,Ivory Coast,oilp,253.1,16.14,0.0638
CIV-3458,Lagunes,Ivory Coast,rice,54.2,12.45,0.2297
CIV-3458,Lagunes,Ivory Coast,sorg,2.0,1.97,0.9728
CIV-3458,Lagunes,Ivory Coast,sugc,38.7,0.29,0.0074
GHA-2160,Central,Ghana,grou,10.7,0.79,0.0735
GHA-2160,Central,Ghana,maiz,252.3,18.2,0.0721
GHA-2160,Central,Ghana,oilp,298.0,1.5,0.005
GHA-2160,Central,Ghana,rice,9.3,1.77,0.1914
GHA-2160,Central,Ghana,sugc,5.6,0.13,0.0224
GHA-2172,Greater Accra,Ghana,grou,8.3,0.36,0.0438
GHA-2172,Greater Accra,Ghana,maiz,22.0,0.88,0.0401
GHA-2172,Greater Accra,Ghana,oilp,203.6,0.45,0.0022
GHA-2172,Greater Accra,Ghana,rice,19.7,13.0,0.6601
GHA-2172,Greater Accra,Ghana,sugc,2.4,0.03,0.0113
BEN-2174,Atlantique,Benin,cott,1.3,2.37,1.7672
BEN-2174,Atlantique,Benin,grou,4.0,5.54,1.3887
BEN-2174,Atlantique,Benin,maiz,99.4,190.98,1.9206
BEN-2174,Atlantique,Benin,oilp,42.8,4.29,0.1004
BEN-2174,Atlantique,Benin,rice,4.5,8.11,1.8148
BEN-2174,Atlantique,Benin,soyb,2.2,0.96,0.4361
BEN-2174,Atlantique,Benin,sugc,14.6,0.51,0.0353
MEX-2718,Colima,Mexico,maiz,81.2,13.12,0.1617
MEX-2718,Colima,Mexico,rice,22.1,1.18,0.0536
MEX-2718,Colima,Mexico,sorg,3.2,0.6,0.1849
MEX-2718,Colima,Mexico,sugc,1018.9,11.41,0.0112
HTI-1359,Grand'Anse,Haiti,maiz,2.4,0.57,0.2342
HTI-1359,Grand'Anse,Haiti,pota,2.7,0.07,0.0264
HTI-1359,Grand'Anse,Haiti,sugc,6.5,0.04,0.0062
PHL-2549,Aurora,Philippines,maiz,42.9,6.66,0.155
PHL-2549,Aurora,Philippines,rice,73.5,89.73,1.221
PHL-2549,Aurora,Philippines,sugc,1276.8,21.43,0.0168
PHL-2572,Quezon,Philippines,maiz,28.2,2.56,0.0908
PHL-2572,Quezon,Philippines,pota,2.0,0.04,0.0198
PHL-2572,Quezon,Philippines,rice,110.2,335.18,3.0419
PHL-2572,Quezon,Philippines,sugc,484.7,6.29,0.013
PHL-2537,Camarines Norte,Philippines,maiz,3.4,1.85,0.5388
PHL-2537,Camarines Norte,Philippines,rice,87.2,190.03,2.1793
PHL-2538,Camarines Sur,Philippines,pota,8.0,0.53,0.0665
PHL-2538,Camarines Sur,Philippines,rice,524.5,998.28,1.9032
PHL-2538,Camarines Sur,Philippines,sugc,215.8,8.76,0.0406
PHL-2536,Albay,Philippines,maiz,21.0,3.03,0.1441
PHL-2536,Albay,Philippines,pota,6.1,0.28,0.0464
PHL-2536,Albay,Philippines,rice,124.0,317.43,2.5589
PHL-2536,Albay,Philippines,sugc,37.4,1.64,0.0439
PHL-2541,Sorsogon,Philippines,rice,30.6,63.98,2.0903
PHL-2564,Batangas,Philippines,maiz,4.1,0.39,0.0942
PHL-2564,Batangas,Philippines,rice,48.7,163.13,3.3524
PHL-2564,Batangas,Philippines,sugc,696.1,10.55,0.0152
PHL-2563,Cavite,Philippines,maiz,7.0,1.55,0.2207
PHL-2563,Cavite,Philippines,rice,31.2,120.01,3.8465
PHL-2563,Cavite,Philippines,sugc,248.4,5.01,0.0202
PHL-2565,Bulacan,Philippines,maiz,6.1,1.19,0.1959
PHL-2565,Bulacan,Philippines,rice,321.7,920.78,2.862
PHL-2565,Bulacan,Philippines,sugc,147.7,4.92,0.0333
PHL-2558,Pampanga,Philippines,maiz,26.1,11.35,0.4347
PHL-2558,Pampanga,Philippines,rice,312.3,781.54,2.5027
PHL-2558,Pampanga,Philippines,sugc,136.6,5.64,0.0413
PHL-2555,Bataan,Philippines,maiz,2.0,0.15,0.0732
PHL-2555,Bataan,Philippines,rice,45.1,70.84,1.5701
PHL-2555,Bataan,Philippines,sugc,1.2,0.02,0.0137
PHL-5540,Olongapo,Philippines,maiz,4.2,0.49,0.1167
PHL-5540,Olongapo,Philippines,rice,59.5,130.18,2.1884
PHL-5540,Olongapo,Philippines,sugc,9.9,0.24,0.0246
PHL-2560,Zambales,Philippines,maiz,1.7,0.22,0.1289
PHL-2560,Zambales,Philippines,rice,60.6,123.28,2.0352
PHL-2560,Zambales,Philippines,sugc,4.8,0.13,0.0277
PHL-2562,Pangasinan,Philippines,grou,4.1,1.59,0.3864
PHL-2562,Pangasinan,Philippines,maiz,6.3,1.59,0.2521
PHL-2562,Pangasinan,Philippines,pota,1.7,0.11,0.0618
PHL-2562,Pangasinan,Philippines,rice,547.7,1434.24,2.6188
PHL-2562,Pangasinan,Philippines,sugc,10.0,0.28,0.0282
PHL-2561,La Union,Philippines,grou,2.1,1.48,0.7033
PHL-2561,La Union,Philippines,maiz,22.3,7.48,0.3357
PHL-2561,La Union,Philippines,rice,51.6,12.33,0.2388
PHL-2561,La Union,Philippines,sugc,2.0,0.07,0.0347
PHL-2548,Ilocos Sur,Philippines,grou,1.1,0.11,0.1046
PHL-2548,Ilocos Sur,Philippines,maiz,42.7,4.32,0.1013
PHL-2548,Ilocos Sur,Philippines,pota,2.6,0.08,0.0289
PHL-2548,Ilocos Sur,Philippines,rice,770.4,309.72,0.402
PHL-2548,Ilocos Sur,Philippines,sugc,2.6,0.05,0.0192
PHL-2547,Ilocos Norte,Philippines,grou,1.4,0.18,0.1243
PHL-2547,Ilocos Norte,Philippines,rice,903.9,1240.73,1.3727
PHL-2547,Ilocos Norte,Philippines,sugc,16.7,0.34,0.0204
PHL-2545,Cagayan,Philippines,grou,1.2,0.2,0.1759
PHL-2545,Cagayan,Philippines,maiz,689.4,146.48,0.2125
PHL-2545,Cagayan,Philippines,rice,2141.4,1495.27,0.6983
PHL-2545,Cagayan,Philippines,sugc,193.0,7.69,0.0398
PHL-2550,Isabela,Philippines,grou,1.2,0.23,0.1832
PHL-2550,Isabela,Philippines,maiz,1048.5,224.56,0.2142
PHL-2550,Isabela,Philippines,rice,1232.5,1973.17,1.601
PHL-2550,Isabela,Philippines,sugc,404.9,16.11,0.0398
HTI-1361,Nord-Ouest,Haiti,maiz,4.1,0.56,0.1357
HTI-1361,Nord-Ouest,Haiti,rice,6.5,21.16,3.2499
HTI-1361,Nord-Ouest,Haiti,sugc,75.0,0.4,0.0053
CHN-1775,Hainan,China,grou,113.8,36.44,0.3201
CHN-1775,Hainan,China,oilp,507.7,22.14,0.0436
CHN-1775,Hainan,China,pota,1.6,0.11,0.0705
CHN-1775,Hainan,China,rice,1577.3,1943.9,1.2324
CHN-1775,Hainan,China,soyb,4.6,1.97,0.4298
CHN-1775,Hainan,China,sugc,1591.6,64.64,0.0406
MEX-2721,Nayarit,Mexico,grou,1.8,0.15,0.0855
MEX-2721,Nayarit,Mexico,maiz,122.8,13.73,0.1118
MEX-2721,Nayarit,Mexico,rice,73.9,109.65,1.4836
MEX-2721,Nayarit,Mexico,sorg,147.3,89.61,0.6082
MEX-2721,Nayarit,Mexico,sugc,2073.8,18.88,0.0091
BHS-5038,Inagua,The Bahamas,sugc,63.0,17.34,0.2754
CHN-1178,Fujian,China,grou,210.1,52.74,0.251
CHN-1178,Fujian,China,maiz,167.2,40.8,0.2441
CHN-1178,Fujian,China,pota,757.0,52.17,0.0689
CHN-1178,Fujian,China,rape,10.8,5.93,0.5478
CHN-1178,Fujian,China,rice,4256.9,5927.26,1.3924
CHN-1178,Fujian,China,soyb,63.3,19.8,0.3128
CHN-1178,Fujian,China,sugc,369.3,14.69,0.0398
CHN-1178,Fujian,China,whea,2.0,0.48,0.2429
MEX-2707,Baja California Sur,Mexico,maiz,21.3,0.6,0.0283
MEX-2707,Baja California Sur,Mexico,pota,77.5,0.31,0.0039
MEX-2707,Baja California Sur,Mexico,sorg,1.2,0.02,0.02
MEX-2707,Baja California Sur,Mexico,whea,19.2,0.39,0.0203
SOM-2315,Jubbada Dhexe,Somalia,maiz,3.2,0.57,0.1799
SOM-2315,Jubbada Dhexe,Somalia,sorg,4.5,0.64,0.1443
SOM-2315,Jubbada Dhexe,Somalia,sugc,2.2,0.0,0.0013
SOM-2316,Shabeellaha Hoose,Somalia,cott,1.3,0.15,0.109
SOM-2316,Shabeellaha Hoose,Somalia,grou,1.8,0.18,0.0983
SOM-2316,Shabeellaha Hoose,Somalia,maiz,30.3,2.48,0.082
SOM-2316,Shabeellaha Hoose,Somalia,rice,1.1,2.59,2.3944
SOM-2316,Shabeellaha Hoose,Somalia,sorg,18.0,1.62,0.0904
SOM-2316,Shabeellaha Hoose,Somalia,sugc,46.2,0.17,0.0038
SOM-2410,Shabeellaha Dhexe,Somalia,cott,1.2,0.32,0.2589
SOM-2410,Shabeellaha Dhexe,Somalia,grou,1.2,0.3,0.2564
SOM-2410,Shabeellaha Dhexe,Somalia,maiz,15.0,1.27,0.0848
SOM-2410,Shabeellaha Dhexe,Somalia,rice,1.0,2.35,2.352
SOM-2410,Shabeellaha Dhexe,Somalia,sorg,4.2,0.55,0.1323
SOM-2410,Shabeellaha Dhexe,Somalia,sugc,41.7,0.19,0.0047
EGY-1536,As Suways,Egypt,maiz,9.1,1.65,0.1806
EGY-1536,As Suways,Egypt,pota,4.7,0.21,0.0458
EGY-1536,As Suways,Egypt,sorg,3.5,0.51,0.1472
EGY-1536,As Suways,Egypt,whea,11.8,1.3,0.1105
EGY-1557,Janub Sina',Egypt,rice,11.7,0.96,0.0821
EGY-1557,Janub Sina',Egypt,whea,1.1,0.11,0.0991
SAU-848,Tabuk,Saudi Arabia,barl,5.2,0.86,0.1661
SAU-848,Tabuk,Saudi Arabia,maiz,2.6,0.58,0.2239
SAU-848,Tabuk,Saudi Arabia,pota,50.4,2.43,0.0482
SAU-848,Tabuk,Saudi Arabia,sorg,8.6,2.87,0.3332
SAU-848,Tabuk,Saudi Arabia,whea,34.8,3.15,0.0907
SAU-845,Al Madinah,Saudi Arabia,maiz,3.7,0.93,0.2542
SAU-845,Al Madinah,Saudi Arabia,pota,21.5,1.13,0.0524
SAU-888,Makkah,Saudi Arabia,maiz,5.5,1.85,0.3365
SAU-888,Makkah,Saudi Arabia,pota,31.5,2.08,0.0658
SAU-888,Makkah,Saudi Arabia,whea,7.9,1.37,0.1728
YEM-151,Al Hudaydah,Yemen,barl,12.6,1.38,0.1094
YEM-151,Al Hudaydah,Yemen,cott,2.5,1.03,0.4161
YEM-151,Al Hudaydah,Yemen,grou,1.1,0.23,0.2219
YEM-151,Al Hudaydah,Yemen,maiz,42.7,2.14,0.0502
YEM-151,Al Hudaydah,Yemen,sorg,50.8,15.13,0.2979
YEM-151,Al Hudaydah,Yemen,whea,69.3,5.11,0.0738
YEM-158,Ta`izz,Yemen,maiz,7.8,2.16,0.2791
YEM-158,Ta`izz,Yemen,pota,3.4,0.13,0.0372
YEM-158,Ta`izz,Yemen,sorg,16.1,14.95,0.9268
YEM-157,Lahij,Yemen,maiz,1.2,0.33,0.276
YEM-157,Lahij,Yemen,sorg,3.8,4.02,1.0582
YEM-3511,Abyan,Yemen,maiz,1.2,0.04,0.0317
YEM-3511,Abyan,Yemen,pota,2.2,0.02,0.0083
YEM-3511,Abyan,Yemen,sorg,3.7,2.07,0.556
YEM-336,Shabwah,Yemen,sorg,1.6,2.94,1.8261
YEM-336,Shabwah,Yemen,whea,4.7,2.62,0.5527
OMN-2406,Ash Sharqiyah South,Oman,maiz,1.9,0.11,0.0568
OMN-2406,Ash Sharqiyah South,Oman,pota,1.3,0.03,0.023
OMN-2406,Ash Sharqiyah South,Oman,sorg,3.9,0.05,0.0119
OMN-5496,Ash Sharqiyah North,Oman,maiz,1.7,0.12,0.0712
OMN-5496,Ash Sharqiyah North,Oman,pota,1.2,0.03,0.0226
OMN-5496,Ash Sharqiyah North,Oman,sorg,15.9,0.16,0.01
OMN-2426,Muscat,Oman,sorg,2.7,0.04,0.0143
OMN-5497,Al Batnah South,Oman,maiz,3.8,0.21,0.0554
OMN-5497,Al Batnah South,Oman,sorg,6.8,0.1,0.0142
TWN-1162,Hsinchu,Taiwan,maiz,2.2,0.58,0.2603
TWN-1162,Hsinchu,Taiwan,whea,1.4,0.4,0.2956
TWN-1165,Miaoli,Taiwan,maiz,3.1,0.71,0.233
TWN-1165,Miaoli,Taiwan,pota,1.8,0.18,0.1011
TWN-1165,Miaoli,Taiwan,whea,2.3,0.83,0.3649
TWN-1174,Taichung City,Taiwan,grou,2.8,1.59,0.5649
TWN-1174,Taichung City,Taiwan,maiz,5.0,1.39,0.2765
TWN-1174,Taichung City,Taiwan,pota,6.8,0.51,0.0745
TWN-1174,Taichung City,Taiwan,rice,84.1,70.34,0.8363
TWN-1174,Taichung City,Taiwan,sugc,13.3,0.74,0.0557
TWN-1174,Taichung City,Taiwan,whea,4.6,1.24,0.2711
TWN-1169,Changhua,Taiwan,grou,13.4,5.69,0.4234
TWN-1169,Changhua,Taiwan,maiz,14.9,4.75,0.3189
TWN-1169,Changhua,Taiwan,pota,9.2,0.92,0.0999
TWN-1169,Changhua,Taiwan,rice,328.0,522.07,1.5916
TWN-1169,Changhua,Taiwan,sugc,112.9,4.83,0.0428
TWN-1169,Changhua,Taiwan,whea,1.2,0.5,0.4149
TWN-1176,Yunlin,Taiwan,grou,19.8,6.95,0.3521
TWN-1176,Yunlin,Taiwan,maiz,56.0,16.91,0.3021
TWN-1176,Yunlin,Taiwan,pota,14.0,1.16,0.0833
TWN-1176,Yunlin,Taiwan,rice,292.8,439.92,1.5024
TWN-1176,Yunlin,Taiwan,sugc,231.3,8.98,0.0388
TWN-1170,Chiayi,Taiwan,sugc,4.3,0.25,0.0573
TWN-1160,Tainan City,Taiwan,grou,1.5,0.53,0.3626
TWN-1160,Tainan City,Taiwan,maiz,31.9,9.74,0.3052
TWN-1160,Tainan City,Taiwan,pota,6.3,0.57,0.0907
TWN-1160,Tainan City,Taiwan,rice,446.1,528.79,1.1853
TWN-1160,Tainan City,Taiwan,soyb,1.5,0.87,0.568
TWN-1160,Tainan City,Taiwan,sugc,215.3,8.52,0.0396
TWN-1156,Kaohsiung City,Taiwan,maiz,13.7,3.59,0.2622
TWN-1156,Kaohsiung City,Taiwan,pota,1.2,0.1,0.0789
TWN-1156,Kaohsiung City,Taiwan,rice,143.4,170.4,1.1882
TWN-1156,Kaohsiung City,Taiwan,sugc,22.9,0.9,0.0393
TWN-1158,Pingtung,Taiwan,maiz,4.2,1.16,0.2787
TWN-1158,Pingtung,Taiwan,rice,324.5,422.52,1.3021
TWN-1158,Pingtung,Taiwan,soyb,1.1,0.58,0.5275
TWN-1158,Pingtung,Taiwan,sugc,2.6,0.1,0.0398
TWN-1177,Taitung,Taiwan,maiz,5.8,1.28,0.2195
TWN-1177,Taitung,Taiwan,sugc,1.4,0.05,0.0336
TWN-1172,Hualien,Taiwan,maiz,6.3,1.34,0.2109
TWN-1167,New Taipei City,Taiwan,grou,18.6,3.42,0.1832
TWN-1167,New Taipei City,Taiwan,maiz,13.2,2.58,0.1949
TWN-1167,New Taipei City,Taiwan,pota,1.7,0.1,0.0605
TWN-1167,New Taipei City,Taiwan,whea,2.0,0.55,0.2754
MEX-2711,Sinaloa,Mexico,grou,28.9,1.99,0.0688
MEX-2711,Sinaloa,Mexico,maiz,2035.9,188.1,0.0924
MEX-2711,Sinaloa,Mexico,pota,446.8,2.33,0.0052
MEX-2711,Sinaloa,Mexico,sorg,329.6,23.95,0.0727
MEX-2711,Sinaloa,Mexico,soyb,10.1,2.9,0.2879
MEX-2711,Sinaloa,Mexico,sugc,296.1,1.68,0.0057
MEX-2711,Sinaloa,Mexico,whea,215.4,14.21,0.066
USA-3535,Louisiana,United States of America,cott,164.5,129.88,0.7896
USA-3535,Louisiana,United States of America,maiz,2561.1,927.23,0.362
USA-3535,Louisiana,United States of America,pota,1.1,0.1,0.0936
USA-3535,Louisiana,United States of America,rice,1406.9,652.75,0.464
USA-3535,Louisiana,United States of America,sorg,21.1,16.71,0.7929
USA-3535,Louisiana,United States of America,soyb,1408.0,481.18,0.3417
USA-3535,Louisiana,United States of America,sugc,16672.7,807.47,0.0484
USA-3535,Louisiana,United States of America,whea,15.9,15.25,0.9586
USA-3544,Mississippi,United States of America,cott,518.2,273.47,0.5277
USA-3544,Mississippi,United States of America,grou,35.4,6.35,0.1794
USA-3544,Mississippi,United States of America,maiz,2318.8,464.65,0.2004
USA-3544,Mississippi,United States of America,pota,8.1,0.5,0.0617
USA-3544,Mississippi,United States of America,rice,528.1,209.08,0.3959
USA-3544,Mississippi,United States of America,sorg,7.2,2.63,0.365
USA-3544,Mississippi,United States of America,soyb,2823.9,191.2,0.0677
USA-3544,Mississippi,United States of America,whea,46.4,15.2,0.3278
USA-3541,Alabama,United States of America,cott,429.7,222.06,0.5168
USA-3541,Alabama,United States of America,grou,324.3,57.43,0.1771
USA-3541,Alabama,United States of America,maiz,1241.9,213.05,0.1716
USA-3541,Alabama,United States of America,pota,16.8,0.85,0.0503
USA-3541,Alabama,United States of America,sorg,4.2,1.26,0.3024
USA-3541,Alabama,United States of America,soyb,409.4,40.1,0.098
USA-3541,Alabama,United States of America,whea,119.4,40.33,0.3377
USA-3542,Florida,United States of America,cott,112.4,252.9,2.25
USA-3542,Florida,United States of America,grou,307.4,490.18,1.5947
USA-3542,Florida,United States of America,maiz,411.3,662.39,1.6106
USA-3542,Florida,United States of America,pota,432.4,110.87,0.2564
USA-3542,Florida,United States of America,sorg,3.0,9.67,3.2463
USA-3542,Florida,United States of America,soyb,20.3,72.59,3.5724
USA-3542,Florida,United States of America,sugc,14619.2,4154.72,0.2842
USA-3542,Florida,United States of America,whea,10.8,41.55,3.8578
USA-3543,Georgia,United States of America,cott,1101.2,564.3,0.5124
USA-3543,Georgia,United States of America,grou,1325.4,193.43,0.1459
USA-3543,Georgia,United States of America,maiz,1831.0,312.29,0.1706
USA-3543,Georgia,United States of America,pota,52.2,2.89,0.0554
USA-3543,Georgia,United States of America,sorg,19.2,6.14,0.32
USA-3543,Georgia,United States of America,soyb,158.2,20.28,0.1282
USA-3543,Georgia,United States of America,whea,103.7,34.65,0.3341
USA-3545,South Carolina,United States of America,cott,215.2,243.61,1.1322
USA-3545,South Carolina,United States of America,grou,139.6,74.66,0.535
USA-3545,South Carolina,United States of America,maiz,1746.7,565.6,0.3238
USA-3545,South Carolina,United States of America,pota,10.1,0.71,0.0709
USA-3545,South Carolina,United States of America,rape,1.2,0.72,0.5861
USA-3545,South Carolina,United States of America,sorg,14.0,5.56,0.3957
USA-3545,South Carolina,United States of America,soyb,492.7,404.16,0.8203
USA-3545,South Carolina,United States of America,whea,104.2,38.55,0.3701
USA-3549,North Carolina,United States of America,barl,12.9,4.15,0.3225
USA-3549,North Carolina,United States of America,cott,351.1,306.39,0.8726
USA-3549,North Carolina,United States of America,grou,186.4,114.37,0.6137
USA-3549,North Carolina,United States of America,maiz,3986.6,2399.6,0.6019
USA-3549,North Carolina,United States of America,pota,230.0,15.92,0.0692
USA-3549,North Carolina,United States of America,rape,2.3,1.62,0.7159
USA-3549,North Carolina,United States of America,sorg,26.9,11.51,0.4283
USA-3549,North Carolina,United States of America,soyb,2031.5,1619.45,0.7972
USA-3549,North Carolina,United States of America,whea,420.3,413.48,0.9837
USA-3552,Virginia,United States of America,barl,16.0,4.53,0.284
USA-3552,Virginia,United States of America,cott,89.1,54.08,0.6071
USA-3552,Virginia,United States of America,grou,59.1,11.91,0.2015
USA-3552,Virginia,United States of America,maiz,1852.5,431.78,0.2331
USA-3552,Virginia,United States of America,pota,82.4,5.87,0.0712
USA-3552,Virginia,United States of America,sorg,14.8,5.71,0.3848
USA-3552,Virginia,United States of America,soyb,808.6,176.68,0.2185
USA-3552,Virginia,United States of America,whea,165.2,70.87,0.4289
USA-3557,Maryland,United States of America,barl,28.1,8.56,0.3041
USA-3557,Maryland,United States of America,maiz,1739.7,376.37,0.2163
USA-3557,Maryland,United States of America,pota,40.4,2.31,0.0571
USA-3557,Maryland,United States of America,sorg,16.3,5.94,0.3647
USA-3557,Maryland,United States of America,soyb,535.7,184.5,0.3444
USA-3557,Maryland,United States of America,whea,163.3,84.94,0.5203
USA-3555,Delaware,United States of America,barl,26.4,11.3,0.4277
USA-3555,Delaware,United States of America,maiz,613.4,151.49,0.247
USA-3555,Delaware,United States of America,pota,17.8,1.36,0.0767
USA-3555,Delaware,United States of America,soyb,191.7,54.95,0.2867
USA-3555,Delaware,United States of America,whea,55.6,30.3,0.5453
USA-3558,New Jersey,United States of America,maiz,359.1,109.52,0.305
USA-3558,New Jersey,United States of America,pota,33.5,3.64,0.1087
USA-3558,New Jersey,United States of America,soyb,130.7,23.01,0.176
USA-3558,New Jersey,United States of America,whea,20.9,13.07,0.6243
PAN-3454,Ngöbe Buglé,Panama,maiz,11.3,5.12,0.4539
PAN-3454,Ngöbe Buglé,Panama,oilp,9.0,0.35,0.0392
PAN-3454,Ngöbe Buglé,Panama,pota,2.3,0.22,0.0931
PAN-3454,Ngöbe Buglé,Panama,rice,40.9,9.71,0.2374
PAN-3454,Ngöbe Buglé,Panama,sugc,74.2,1.36,0.0184
NIC-644,Atlántico Sur,Nicaragua,grou,38.7,4.27,0.1101
NIC-644,Atlántico Sur,Nicaragua,maiz,99.9,56.85,0.5693
NIC-644,Atlántico Sur,Nicaragua,oilp,295.0,18.69,0.0634
NIC-644,Atlántico Sur,Nicaragua,pota,20.3,1.01,0.0494
NIC-644,Atlántico Sur,Nicaragua,rice,50.5,5.21,0.1031
NIC-644,Atlántico Sur,Nicaragua,soyb,2.6,0.46,0.1809
HND-638,Colón,Honduras,maiz,41.2,42.21,1.024
HND-638,Colón,Honduras,oilp,610.0,120.23,0.1971
HND-638,Colón,Honduras,rice,2.6,1.82,0.7117
HND-638,Colón,Honduras,sugc,443.8,15.44,0.0348
HND-637,Atlántida,Honduras,maiz,28.7,37.87,1.3191
HND-637,Atlántida,Honduras,oilp,260.9,76.26,0.2923
HND-637,Atlántida,Honduras,pota,1.3,0.27,0.2008
HND-637,Atlántida,Honduras,rice,3.0,5.42,1.7888
HND-637,Atlántida,Honduras,sugc,270.1,12.15,0.045
BLZ-1355,Stann Creek,Belize,maiz,1.5,7.04,4.8247
BLZ-1323,Belize,Belize,sugc,45.2,36.13,0.7994
MEX-2737,Yucatán,Mexico,maiz,370.3,1188.81,3.2101
MEX-2737,Yucatán,Mexico,sorg,1.5,0.96,0.6537
MEX-2737,Yucatán,Mexico,soyb,14.1,74.87,5.3023
MEX-2734,Veracruz,Mexico,barl,5.2,0.34,0.0656
MEX-2734,Veracruz,Mexico,maiz,2023.8,206.84,0.1022
MEX-2734,Veracruz,Mexico,oilp,143.5,2.93,0.0204
MEX-2734,Veracruz,Mexico,pota,230.1,2.82,0.0123
MEX-2734,Veracruz,Mexico,rice,17.6,24.94,1.4153
MEX-2734,Veracruz,Mexico,sorg,90.4,27.7,0.3065
MEX-2734,Veracruz,Mexico,soyb,39.2,24.05,0.6137
MEX-2734,Veracruz,Mexico,sugc,17559.9,286.71,0.0163
MEX-2734,Veracruz,Mexico,whea,4.0,0.27,0.0663
MEX-2719,Jalisco,Mexico,barl,14.5,3.44,0.2367
MEX-2719,Jalisco,Mexico,grou,1.4,0.47,0.3312
MEX-2719,Jalisco,Mexico,maiz,2302.2,809.91,0.3518
MEX-2719,Jalisco,Mexico,pota,2.9,0.02,0.0059
MEX-2719,Jalisco,Mexico,rice,18.8,36.74,1.9514
MEX-2719,Jalisco,Mexico,sorg,124.5,31.54,0.2533
MEX-2719,Jalisco,Mexico,sugc,5684.1,243.01,0.0428
MEX-2719,Jalisco,Mexico,whea,45.6,2.82,0.0619
MEX-2720,Michoacán,Mexico,barl,11.0,1.19,0.1089
MEX-2720,Michoacán,Mexico,grou,1.4,0.12,0.0898
MEX-2720,Michoacán,Mexico,maiz,1689.8,96.76,0.0573
MEX-2720,Michoacán,Mexico,pota,29.3,0.11,0.0036
MEX-2720,Michoacán,Mexico,rice,25.2,0.74,0.0293
MEX-2720,Michoacán,Mexico,sorg,224.2,13.31,0.0594
MEX-2720,Michoacán,Mexico,sugc,887.8,5.71,0.0064
MEX-2720,Michoacán,Mexico,whea,179.4,5.28,0.0294
MEX-2729,Guerrero,Mexico,barl,2.3,0.1,0.0432
MEX-2729,Guerrero,Mexico,grou,6.5,0.78,0.12
MEX-2729,Guerrero,Mexico,maiz,1804.9,332.02,0.184
MEX-2729,Guerrero,Mexico,rice,2.2,2.8,1.2714
MEX-2729,Guerrero,Mexico,sorg,47.7,4.48,0.0939
MEX-2729,Guerrero,Mexico,sugc,25.7,0.5,0.0194
MEX-2723,Oaxaca,Mexico,barl,1.1,0.1,0.0904
MEX-2723,Oaxaca,Mexico,grou,6.8,1.06,0.1561
MEX-2723,Oaxaca,Mexico,maiz,1926.4,435.22,0.2259
MEX-2723,Oaxaca,Mexico,pota,3.6,0.09,0.026
MEX-2723,Oaxaca,Mexico,rice,4.7,0.34,0.0719
MEX-2723,Oaxaca,Mexico,sorg,68.2,11.64,0.1708
MEX-2723,Oaxaca,Mexico,sugc,6273.3,103.83,0.0166
MEX-2723,Oaxaca,Mexico,whea,61.3,6.23,0.1018
GTM-1946,Retalhuleu,Guatemala,maiz,64.9,24.97,0.3845
GTM-1946,Retalhuleu,Guatemala,oilp,64.3,3.32,0.0516
GTM-1946,Retalhuleu,Guatemala,pota,3.5,0.13,0.0374
GTM-1946,Retalhuleu,Guatemala,sorg,4.7,1.88,0.4004
GTM-1946,Retalhuleu,Guatemala,soyb,1.6,0.3,0.1812
GTM-1946,Retalhuleu,Guatemala,sugc,3902.7,39.09,0.01
GTM-1952,Suchitepéquez,Guatemala,maiz,36.2,22.1,0.6108
GTM-1952,Suchitepéquez,Guatemala,oilp,123.2,15.91,0.1291
GTM-1952,Suchitepéquez,Guatemala,pota,4.4,0.17,0.0395
GTM-1952,Suchitepéquez,Guatemala,sugc,977.2,12.47,0.0128
GTM-1950,Escuintla,Guatemala,cott,1.9,0.93,0.4905
GTM-1950,Escuintla,Guatemala,maiz,141.6,72.15,0.5096
GTM-1950,Escuintla,Guatemala,oilp,321.9,32.99,0.1025
GTM-1950,Escuintla,Guatemala,pota,59.8,3.94,0.0658
GTM-1950,Escuintla,Guatemala,rice,3.1,1.7,0.5417
GTM-1950,Escuintla,Guatemala,sorg,1.8,0.47,0.2655
GTM-1950,Escuintla,Guatemala,sugc,15761.6,249.06,0.0158
GTM-1957,Santa Rosa,Guatemala,maiz,80.7,33.17,0.4112
GTM-1957,Santa Rosa,Guatemala,pota,3.8,0.19,0.0504
GTM-1957,Santa Rosa,Guatemala,sorg,4.8,2.65,0.5486
GTM-1957,Santa Rosa,Guatemala,soyb,1.3,0.42,0.3172
GTM-1957,Santa Rosa,Guatemala,sugc,1250.0,18.48,0.0148
SLV-1348,Sonsonate,El Salvador,maiz,74.2,16.09,0.2167
SLV-1348,Sonsonate,El Salvador,sorg,15.3,1.79,0.1169
SLV-1348,Sonsonate,El Salvador,sugc,888.6,13.16,0.0148
SLV-1346,La Libertad,El Salvador,maiz,56.1,14.47,0.2581
SLV-1346,La Libertad,El Salvador,rice,7.4,14.59,1.9668
SLV-1346,La Libertad,El Salvador,sorg,8.2,1.74,0.2114
SLV-1346,La Libertad,El Salvador,sugc,1196.0,20.25,0.0169
SLV-1347,La Paz,El Salvador,maiz,27.6,14.1,0.5105
SLV-1347,La Paz,El Salvador,rice,1.8,0.6,0.3297
SLV-1347,La Paz,El Salvador,sorg,2.0,1.29,0.6538
SLV-1347,La Paz,El Salvador,sugc,194.9,3.76,0.0193
SLV-1353,San Vicente,El Salvador,maiz,32.4,7.28,0.2246
SLV-1353,San Vicente,El Salvador,rice,1.6,0.39,0.238
SLV-1353,San Vicente,El Salvador,sorg,3.0,0.46,0.1535
SLV-1353,San Vicente,El Salvador,sugc,251.5,3.83,0.0152
SLV-1354,Usulután,El Salvador,maiz,105.5,38.15,0.3614
SLV-1354,Usulután,El Salvador,sorg,6.7,3.09,0.4617
SLV-1354,Usulután,El Salvador,sugc,419.4,7.76,0.0185
NIC-658,León,Nicaragua,cott,1.5,0.28,0.1892
NIC-658,León,Nicaragua,grou,31.9,2.45,0.0766
NIC-658,León,Nicaragua,maiz,57.5,28.59,0.4969
NIC-658,León,Nicaragua,pota,9.9,0.41,0.0408
NIC-658,León,Nicaragua,rice,71.9,64.31,0.8947
NIC-658,León,Nicaragua,sorg,14.0,5.46,0.3908
NIC-658,León,Nicaragua,soyb,1.5,0.2,0.1376
NIC-658,León,Nicaragua,sugc,1165.3,12.49,0.0107
NIC-659,Managua,Nicaragua,grou,13.3,2.08,0.1559
NIC-659,Managua,Nicaragua,maiz,19.2,12.61,0.6563
NIC-659,Managua,Nicaragua,pota,3.8,0.21,0.0556
NIC-659,Managua,Nicaragua,rice,61.6,84.65,1.3748
NIC-659,Managua,Nicaragua,sorg,5.2,2.96,0.5661
NIC-659,Managua,Nicaragua,sugc,1170.2,20.18,0.0172
NIC-654,Carazo,Nicaragua,grou,4.2,0.25,0.0593
NIC-654,Carazo,Nicaragua,maiz,5.9,2.22,0.3752
NIC-654,Carazo,Nicaragua,pota,1.2,0.04,0.035
NIC-654,Carazo,Nicaragua,rice,31.9,38.13,1.1941
NIC-654,Carazo,Nicaragua,sorg,1.8,0.53,0.295
NIC-654,Carazo,Nicaragua,sugc,653.3,6.85,0.0105
PAN-1339,Los Santos,Panama,maiz,2.2,0.99,0.4558
PAN-1339,Los Santos,Panama,oilp,25.0,0.89,0.0356
PAN-1339,Los Santos,Panama,pota,1.3,0.12,0.0961
PAN-1339,Los Santos,Panama,rice,130.7,84.3,0.6451
PAN-1339,Los Santos,Panama,sugc,110.2,2.02,0.0183
PAN-1338,Herrera,Panama,maiz,27.5,15.7,0.57
PAN-1338,Herrera,Panama,oilp,20.5,1.54,0.0754
PAN-1338,Herrera,Panama,pota,5.0,0.7,0.1384
PAN-1338,Herrera,Panama,rice,46.4,39.34,0.8484
PAN-1338,Herrera,Panama,sugc,301.9,11.12,0.0368
CHN-1820,Zhejiang,China,barl,10.1,5.02,0.4966
CHN-1820,Zhejiang,China,cott,30.1,10.15,0.3376
CHN-1820,Zhejiang,China,grou,60.7,13.29,0.219
CHN-1820,Zhejiang,China,maiz,332.2,65.85,0.1982
CHN-1820,Zhejiang,China,pota,748.7,43.86,0.0586
CHN-1820,Zhejiang,China,rape,208.0,112.13,0.5391
CHN-1820,Zhejiang,China,rice,4090.6,5519.9,1.3494
CHN-1820,Zhejiang,China,soyb,184.1,57.73,0.3135
CHN-1820,Zhejiang,China,sugc,446.0,13.93,0.0312
CHN-1820,Zhejiang,China,whea,467.9,152.31,0.3255
CHN-1819,Shanghai,China,barl,9.1,4.92,0.5417
CHN-1819,Shanghai,China,grou,2.4,2.19,0.9104
CHN-1819,Shanghai,China,maiz,12.2,6.54,0.5371
CHN-1819,Shanghai,China,rape,4.5,9.95,2.2071
CHN-1819,Shanghai,China,rice,648.5,1423.19,2.1946
CHN-1819,Shanghai,China,soyb,1.9,2.96,1.5401
CHN-1819,Shanghai,China,sugc,3.2,0.2,0.0606
CHN-1819,Shanghai,China,whea,111.7,115.39,1.0328
JPN-3501,Kagoshima,Japan,pota,91.4,6.58,0.0719
JPN-3501,Kagoshima,Japan,rice,60.9,67.37,1.1055
JPN-3501,Kagoshima,Japan,sugc,418.9,24.53,0.0586
CHN-1818,Jiangsu,China,barl,153.2,113.31,0.7396
CHN-1818,Jiangsu,China,cott,133.4,51.96,0.3896
CHN-1818,Jiangsu,China,grou,405.7,132.26,0.326
CHN-1818,Jiangsu,China,maiz,3101.8,745.52,0.2404
CHN-1818,Jiangsu,China,rape,359.0,366.89,1.0219
CHN-1818,Jiangsu,China,rice,14922.5,21601.76,1.4476
CHN-1818,Jiangsu,China,soyb,437.7,258.92,0.5915
CHN-1818,Jiangsu,China,sugc,60.5,2.34,0.0386
CHN-1818,Jiangsu,China,whea,13118.7,4498.46,0.3429
IRN-3210,Bushehr,Iran,barl,26.0,2.79,0.1073
IRN-3210,Bushehr,Iran,pota,3.9,0.19,0.0476
IRN-3210,Bushehr,Iran,rape,1.0,0.09,0.0833
IRN-3210,Bushehr,Iran,rice,2.6,0.87,0.3364
IRN-3210,Bushehr,Iran,sugc,158.8,1.06,0.0067
IRN-3210,Bushehr,Iran,whea,169.5,13.2,0.0779
IRN-3228,Hormozgan,Iran,barl,6.0,1.51,0.2524
IRN-3228,Hormozgan,Iran,maiz,15.4,1.74,0.1131
IRN-3228,Hormozgan,Iran,pota,15.2,0.54,0.0352
IRN-3228,Hormozgan,Iran,rape,1.7,0.24,0.1405
IRN-3228,Hormozgan,Iran,sugc,22.0,0.23,0.0104
IRN-3228,Hormozgan,Iran,whea,33.1,5.89,0.1777
EGY-1538,Bur Sa`id,Egypt,barl,1.8,0.3,0.1646
EGY-1538,Bur Sa`id,Egypt,maiz,97.7,23.21,0.2375
EGY-1538,Bur Sa`id,Egypt,rice,73.6,38.35,0.5212
EGY-1538,Bur Sa`id,Egypt,whea,18.6,2.67,0.1435
EGY-1537,Ad Daqahliyah,Egypt,barl,2.8,0.26,0.0918
EGY-1537,Ad Daqahliyah,Egypt,cott,29.2,16.79,0.5739
EGY-1537,Ad Daqahliyah,Egypt,grou,9.9,1.13,0.1148
EGY-1537,Ad Daqahliyah,Egypt,maiz,454.1,78.99,0.1739
EGY-1537,Ad Daqahliyah,Egypt,pota,845.0,45.65,0.054
EGY-1537,Ad Daqahliyah,Egypt,rice,637.2,376.8,0.5914
EGY-1537,Ad Daqahliyah,Egypt,sorg,8.8,0.86,0.0984
EGY-1537,Ad Daqahliyah,Egypt,soyb,3.0,0.37,0.1243
EGY-1537,Ad Daqahliyah,Egypt,sugc,36.9,0.51,0.0138
EGY-1537,Ad Daqahliyah,Egypt,whea,922.5,98.83,0.1071
EGY-1535,Ash Sharqiyah,Egypt,barl,14.3,1.21,0.0846
EGY-1535,Ash Sharqiyah,Egypt,cott,19.7,5.43,0.2759
EGY-1535,Ash Sharqiyah,Egypt,grou,32.0,2.46,0.0768
EGY-1535,Ash Sharqiyah,Egypt,maiz,637.1,57.73,0.0906
EGY-1535,Ash Sharqiyah,Egypt,pota,325.6,12.75,0.0392
EGY-1535,Ash Sharqiyah,Egypt,rice,121.0,65.46,0.541
EGY-1535,Ash Sharqiyah,Egypt,sorg,33.8,2.57,0.0762
EGY-1535,Ash Sharqiyah,Egypt,sugc,363.3,4.2,0.0116
EGY-1535,Ash Sharqiyah,Egypt,whea,1286.9,69.14,0.0537
EGY-1531,Al Isma`iliyah,Egypt,barl,5.8,0.81,0.1399
EGY-1531,Al Isma`iliyah,Egypt,cott,2.7,1.0,0.3705
EGY-1531,Al Isma`iliyah,Egypt,grou,16.8,2.07,0.1229
EGY-1531,Al Isma`iliyah,Egypt,maiz,171.2,24.67,0.1441
EGY-1531,Al Isma`iliyah,Egypt,pota,329.3,16.89,0.0513
EGY-1531,Al Isma`iliyah,Egypt,rice,49.1,28.22,0.5749
EGY-1531,Al Isma`iliyah,Egypt,sorg,8.8,1.17,0.1329
EGY-1531,Al Isma`iliyah,Egypt,sugc,1121.7,14.85,0.0132
EGY-1531,Al Isma`iliyah,Egypt,whea,284.8,19.6,0.0688
EGY-1539,Dumyat,Egypt,cott,4.1,2.77,0.6799
EGY-1539,Dumyat,Egypt,grou,21.1,3.41,0.1615
EGY-1539,Dumyat,Egypt,maiz,8.5,2.03,0.2397
EGY-1539,Dumyat,Egypt,pota,136.1,8.21,0.0603
EGY-1539,Dumyat,Egypt,rice,137.1,81.86,0.5972
EGY-1539,Dumyat,Egypt,sorg,6.1,1.28,0.2098
EGY-1539,Dumyat,Egypt,sugc,80.9,1.25,0.0154
EGY-1539,Dumyat,Egypt,whea,17.0,2.5,0.1472
EGY-1547,Kafr ash Shaykh,Egypt,cott,41.0,27.01,0.6579
EGY-1547,Kafr ash Shaykh,Egypt,maiz,255.0,51.32,0.2013
EGY-1547,Kafr ash Shaykh,Egypt,pota,132.3,3.74,0.0282
EGY-1547,Kafr ash Shaykh,Egypt,rice,616.2,344.77,0.5595
EGY-1547,Kafr ash Shaykh,Egypt,sorg,3.3,0.28,0.0851
EGY-1547,Kafr ash Shaykh,Egypt,sugc,409.1,6.24,0.0152
EGY-1547,Kafr ash Shaykh,Egypt,whea,592.2,72.85,0.123
EGY-1541,Al Buhayrah,Egypt,barl,2.6,0.51,0.1977
EGY-1541,Al Buhayrah,Egypt,cott,31.6,22.21,0.7036
EGY-1541,Al Buhayrah,Egypt,grou,19.0,2.95,0.1549
EGY-1541,Al Buhayrah,Egypt,maiz,857.3,150.42,0.1755
EGY-1541,Al Buhayrah,Egypt,pota,1522.0,79.68,0.0524
EGY-1541,Al Buhayrah,Egypt,rice,741.3,395.73,0.5338
EGY-1541,Al Buhayrah,Egypt,sorg,22.3,1.54,0.069
EGY-1541,Al Buhayrah,Egypt,sugc,63.8,1.08,0.0168
EGY-1541,Al Buhayrah,Egypt,whea,1262.7,161.55,0.1279
EGY-1543,Al Iskandariyah,Egypt,barl,4.6,0.81,0.1754
EGY-1543,Al Iskandariyah,Egypt,cott,2.6,1.89,0.7383
EGY-1543,Al Iskandariyah,Egypt,grou,44.1,5.99,0.1357
EGY-1543,Al Iskandariyah,Egypt,maiz,198.7,41.11,0.2069
EGY-1543,Al Iskandariyah,Egypt,pota,549.0,31.49,0.0574
EGY-1543,Al Iskandariyah,Egypt,rice,70.9,33.72,0.4759
EGY-1543,Al Iskandariyah,Egypt,sorg,15.8,2.91,0.184
EGY-1543,Al Iskandariyah,Egypt,soyb,3.2,0.35,0.111
EGY-1543,Al Iskandariyah,Egypt,sugc,42.0,0.66,0.0157
EGY-1543,Al Iskandariyah,Egypt,whea,258.5,33.75,0.1306
LBY-2986,Al Qubbah,Libya,barl,1.9,1.62,0.8577
LBY-2986,Al Qubbah,Libya,pota,4.5,0.06,0.0125
LBY-2986,Al Qubbah,Libya,whea,2.4,1.26,0.5207
LBY-2982,Al Jabal al Akhdar,Libya,barl,1.3,1.21,0.9341
LBY-2982,Al Jabal al Akhdar,Libya,maiz,2.1,0.22,0.1009
LBY-2982,Al Jabal al Akhdar,Libya,pota,1.3,0.02,0.016
LBY-2982,Al Jabal al Akhdar,Libya,whea,1.9,1.19,0.6432
LBY-2981,Al Marj,Libya,barl,16.0,5.87,0.3668
LBY-2981,Al Marj,Libya,pota,25.7,0.25,0.0096
LBY-2981,Al Marj,Libya,whea,18.4,4.84,0.2633
LBY-2984,Benghazi,Libya,barl,9.7,4.2,0.4309
LBY-2984,Benghazi,Libya,grou,1.4,0.13,0.0921
LBY-2984,Benghazi,Libya,pota,31.5,0.33,0.0104
LBY-2984,Benghazi,Libya,whea,13.8,3.89,0.2812
JPN-1835,Ōita,Japan,barl,7.1,2.25,0.3154
JPN-1835,Ōita,Japan,pota,3.8,0.17,0.0455
JPN-1835,Ōita,Japan,rice,124.5,71.38,0.5733
JPN-1835,Ōita,Japan,soyb,3.4,1.48,0.443
JPN-1835,Ōita,Japan,whea,12.4,5.66,0.4559
JPN-1829,Fukuoka,Japan,barl,25.6,7.48,0.2925
JPN-1829,Fukuoka,Japan,pota,10.6,0.5,0.0475
JPN-1829,Fukuoka,Japan,rice,272.9,126.47,0.4635
JPN-1829,Fukuoka,Japan,soyb,8.6,2.99,0.3485
JPN-1829,Fukuoka,Japan,whea,66.0,32.23,0.4885
JPN-1827,Saga,Japan,barl,34.2,4.28,0.1251
JPN-1827,Saga,Japan,pota,3.9,0.07,0.0166
JPN-1827,Saga,Japan,rice,158.9,72.43,0.4559
JPN-1827,Saga,Japan,soyb,10.6,2.27,0.2145
JPN-1827,Saga,Japan,whea,39.2,6.17,0.1572
JPN-3500,Nagasaki,Japan,barl,2.3,1.57,0.6934
JPN-3500,Nagasaki,Japan,pota,8.3,1.32,0.158
JPN-3500,Nagasaki,Japan,rice,8.4,6.13,0.7287
JPN-3500,Nagasaki,Japan,soyb,1.8,0.78,0.4429
JPN-3500,Nagasaki,Japan,whea,1.6,0.63,0.3895
JPN-1830,Kumamoto,Japan,barl,5.8,1.93,0.334
JPN-1830,Kumamoto,Japan,pota,13.5,0.66,0.0489
JPN-1830,Kumamoto,Japan,rice,191.8,110.13,0.5741
JPN-1830,Kumamoto,Japan,soyb,3.3,1.28,0.3861
JPN-1830,Kumamoto,Japan,whea,17.6,8.58,0.4883
JPN-1831,Miyazaki,Japan,pota,25.6,1.45,0.0565
JPN-1831,Miyazaki,Japan,rice,109.7,123.72,1.1275
JPN-1831,Miyazaki,Japan,sugc,101.1,4.71,0.0466
JPN-1836,Tokushima,Japan,pota,2.3,0.11,0.0453
JPN-1836,Tokushima,Japan,rice,67.7,41.15,0.6078
JPN-1833,Kagawa,Japan,barl,1.5,0.49,0.3318
JPN-1833,Kagawa,Japan,pota,1.2,0.06,0.0484
JPN-1833,Kagawa,Japan,rice,47.2,37.32,0.7909
JPN-1833,Kagawa,Japan,whea,4.4,1.95,0.445
JPN-1832,Ehime,Japan,barl,5.1,1.11,0.218
JPN-1832,Ehime,Japan,pota,6.3,0.21,0.0335
JPN-1832,Ehime,Japan,rice,78.7,38.91,0.4942
JPN-1834,Kōchi,Japan,pota,3.7,0.13,0.0364
JPN-1834,Kōchi,Japan,rice,91.3,42.38,0.4642
JPN-1824,Shimane,Japan,barl,1.5,0.39,0.2717
JPN-1824,Shimane,Japan,grou,1.5,0.48,0.3331
JPN-1824,Shimane,Japan,pota,4.2,0.14,0.0332
JPN-1824,Shimane,Japan,rice,106.6,50.3,0.4717
JPN-1824,Shimane,Japan,soyb,1.1,0.5,0.4714
KOR-2502,South Chungcheong,South Korea,barl,2.2,1.4,0.6491
KOR-2502,South Chungcheong,South Korea,grou,1.1,0.67,0.629
KOR-2502,South Chungcheong,South Korea,maiz,3.4,1.13,0.3318
KOR-2502,South Chungcheong,South Korea,pota,61.1,3.51,0.0575
KOR-2502,South Chungcheong,South Korea,rice,977.6,907.58,0.9283
KOR-2502,South Chungcheong,South Korea,soyb,6.1,8.55,1.3951
JPN-1826,Yamaguchi,Japan,barl,2.0,0.65,0.3233
JPN-1826,Yamaguchi,Japan,pota,6.3,0.3,0.0471
JPN-1826,Yamaguchi,Japan,rice,127.6,61.28,0.4804
JPN-1826,Yamaguchi,Japan,soyb,1.3,0.5,0.3752
JPN-1826,Yamaguchi,Japan,whea,5.6,2.75,0.4876
JPN-1825,Tottori,Japan,pota,4.6,0.22,0.047
JPN-1825,Tottori,Japan,rice,93.8,56.56,0.603
JPN-1825,Tottori,Japan,soyb,1.2,1.3,1.0899
JPN-1849,Hyōgo,Japan,barl,1.7,0.9,0.524
JPN-1849,Hyōgo,Japan,pota,9.1,0.66,0.0722
JPN-1849,Hyōgo,Japan,rice,244.8,134.14,0.5479
JPN-1849,Hyōgo,Japan,soyb,3.0,1.82,0.6121
JPN-1849,Hyōgo,Japan,whea,7.2,5.46,0.7577
JPN-1850,Kyōto,Japan,pota,3.5,0.16,0.0459
JPN-1850,Kyōto,Japan,rice,63.0,27.86,0.442
JPN-1848,Fukui,Japan,barl,15.7,25.5,1.6234
JPN-1848,Fukui,Japan,pota,8.5,1.82,0.2138
JPN-1848,Fukui,Japan,rice,156.7,139.69,0.8915
JPN-1848,Fukui,Japan,soyb,3.5,0.67,0.1942
JPN-1842,Ishikawa,Japan,barl,4.0,0.62,0.1535
JPN-1842,Ishikawa,Japan,pota,4.9,0.1,0.0211
JPN-1842,Ishikawa,Japan,rice,134.1,62.87,0.4688
JPN-1842,Ishikawa,Japan,soyb,1.6,0.42,0.2586
JPN-1846,Toyama,Japan,barl,11.2,2.17,0.1934
JPN-1846,Toyama,Japan,pota,4.7,0.13,0.027
JPN-1846,Toyama,Japan,rice,282.7,130.51,0.4617
JPN-1846,Toyama,Japan,soyb,7.4,1.4,0.1902
JPN-1867,Niigata,Japan,pota,15.3,3.14,0.2054
JPN-1867,Niigata,Japan,rice,762.5,862.3,1.1308
JPN-1867,Niigata,Japan,soyb,7.0,6.83,0.9748
JPN-1868,Yamagata,Japan,pota,5.5,0.22,0.0405
JPN-1868,Yamagata,Japan,rice,481.3,247.43,0.5141
JPN-1868,Yamagata,Japan,soyb,7.2,1.85,0.2572
JPN-1862,Akita,Japan,pota,14.8,2.86,0.1936
JPN-1862,Akita,Japan,rice,607.7,630.75,1.038
JPN-1862,Akita,Japan,soyb,11.4,4.76,0.4182
JPN-1862,Akita,Japan,whea,1.3,1.93,1.4771
JPN-1863,Aomori,Japan,pota,21.2,1.63,0.0772
JPN-1863,Aomori,Japan,rice,328.0,251.11,0.7657
JPN-1863,Aomori,Japan,soyb,6.5,13.28,2.0331
JPN-1863,Aomori,Japan,whea,4.1,2.65,0.6523
JPN-1865,Iwate,Japan,pota,12.6,0.44,0.0348
JPN-1865,Iwate,Japan,rice,423.8,325.71,0.7685
JPN-1865,Iwate,Japan,soyb,8.5,11.5,1.3531
JPN-1865,Iwate,Japan,whea,18.0,4.32,0.2401
JPN-1866,Miyagi,Japan,barl,3.6,6.72,1.8626
JPN-1866,Miyagi,Japan,pota,13.3,2.94,0.2209
JPN-1866,Miyagi,Japan,rice,442.7,543.9,1.2285
JPN-1866,Miyagi,Japan,soyb,14.3,46.65,3.262
JPN-1866,Miyagi,Japan,whea,4.4,7.46,1.6775
JPN-1864,Fukushima,Japan,pota,31.1,1.52,0.0488
JPN-1864,Fukushima,Japan,rice,491.3,314.69,0.6405
JPN-1864,Fukushima,Japan,soyb,3.4,1.82,0.5392
JPN-1864,Fukushima,Japan,whea,1.8,0.76,0.4349
JPN-1856,Ibaraki,Japan,barl,1.0,0.22,0.2178
JPN-1856,Ibaraki,Japan,pota,41.3,13.38,0.3244
JPN-1856,Ibaraki,Japan,rice,465.9,620.08,1.331
JPN-1856,Ibaraki,Japan,soyb,5.7,2.12,0.3685
JPN-1856,Ibaraki,Japan,whea,1.9,9.93,5.1435
JPN-1855,Chiba,Japan,pota,33.4,13.36,0.3999
JPN-1855,Chiba,Japan,rice,306.0,443.56,1.4494
JPN-1855,Chiba,Japan,whea,3.6,11.02,3.0286
JPN-1860,Tokyo,Japan,pota,1.8,0.31,0.1743
JPN-1857,Kanagawa,Japan,pota,10.1,0.45,0.0447
JPN-1857,Kanagawa,Japan,rice,21.3,13.0,0.6111
JPN-1845,Shizuoka,Japan,pota,8.1,0.53,0.0651
JPN-1845,Shizuoka,Japan,rice,56.9,35.15,0.618
JPN-1845,Shizuoka,Japan,whea,1.7,1.01,0.589
JPN-1840,Aichi,Japan,pota,5.7,0.35,0.061
JPN-1840,Aichi,Japan,rice,144.6,112.34,0.7772
JPN-1840,Aichi,Japan,soyb,5.3,13.01,2.4547
JPN-1840,Aichi,Japan,whea,16.6,8.56,0.516
JPN-1843,Mie,Japan,barl,1.1,0.57,0.5355
JPN-1843,Mie,Japan,pota,6.1,0.26,0.0423
JPN-1843,Mie,Japan,rice,164.7,104.82,0.6363
JPN-1843,Mie,Japan,soyb,5.9,3.62,0.6122
JPN-1843,Mie,Japan,whea,25.6,10.95,0.4275
JPN-1854,Wakayama,Japan,barl,2.2,0.44,0.1991
JPN-1854,Wakayama,Japan,grou,2.7,3.38,1.2511
JPN-1854,Wakayama,Japan,rice,10.6,4.0,0.3759
JPN-1852,Ōsaka,Japan,barl,11.1,2.67,0.2419
JPN-1852,Ōsaka,Japan,grou,4.0,1.01,0.251
JPN-1852,Ōsaka,Japan,pota,4.8,0.19,0.0394
JPN-1852,Ōsaka,Japan,rice,78.7,32.99,0.4191
JPN-1822,Okayama,Japan,barl,7.5,3.59,0.4816
JPN-1822,Okayama,Japan,pota,7.4,0.43,0.0584
JPN-1822,Okayama,Japan,rice,220.4,143.31,0.6503
JPN-1822,Okayama,Japan,soyb,2.3,2.1,0.9126
JPN-1822,Okayama,Japan,whea,3.4,2.11,0.624
JPN-1821,Hiroshima,Japan,pota,14.4,0.66,0.0457
JPN-1821,Hiroshima,Japan,rice,139.4,95.35,0.6842
USA-3525,Oregon,United States of America,barl,61.5,11.63,0.1889
USA-3525,Oregon,United States of America,maiz,313.0,37.52,0.1199
USA-3525,Oregon,United States of America,pota,845.0,51.79,0.0613
USA-3525,Oregon,United States of America,rape,1.3,0.44,0.3341
USA-3525,Oregon,United States of America,whea,1035.1,201.94,0.1951
CAN-686,Newfoundland and Labrador,Canada,pota,2.5,1.98,0.796
CAN-685,Nova Scotia,Canada,barl,4.4,7.56,1.7102
CAN-685,Nova Scotia,Canada,maiz,65.9,41.28,0.6267
CAN-685,Nova Scotia,Canada,pota,24.3,8.29,0.3419
CAN-685,Nova Scotia,Canada,soyb,12.6,20.77,1.6496
CAN-685,Nova Scotia,Canada,whea,9.5,15.16,1.5939
JPN-1847,Hokkaidō,Japan,barl,6.2,10.86,1.7578
JPN-1847,Hokkaidō,Japan,pota,1453.3,347.33,0.239
JPN-1847,Hokkaidō,Japan,rape,1.5,5.09,3.35
JPN-1847,Hokkaidō,Japan,rice,628.4,751.87,1.1965
JPN-1847,Hokkaidō,Japan,soyb,59.3,329.47,5.5551
JPN-1847,Hokkaidō,Japan,whea,559.8,1003.51,1.7925
IND-2444,Odisha,India,cott,216.2,247.05,1.143
IND-2444,Odisha,India,grou,65.8,26.76,0.407
IND-2444,Odisha,India,maiz,209.5,84.63,0.4039
IND-2444,Odisha,India,pota,141.1,13.01,0.0922
IND-2444,Odisha,India,rape,15.4,8.29,0.5374
IND-2444,Odisha,India,rice,14736.8,9675.14,0.6565
IND-2444,Odisha,India,sorg,4.9,3.95,0.8134
IND-2444,Odisha,India,sugc,618.0,25.18,0.0407
IND-2444,Odisha,India,whea,8.7,1.34,0.1541
BGD-2475,Barisal,Bangladesh,grou,1.4,1.9,1.3985
BGD-2475,Barisal,Bangladesh,maiz,5.9,1.62,0.2745
BGD-2475,Barisal,Bangladesh,pota,98.2,17.64,0.1797
BGD-2475,Barisal,Bangladesh,rape,1.7,3.83,2.2291
BGD-2475,Barisal,Bangladesh,rice,3293.8,1761.35,0.5347
BGD-2475,Barisal,Bangladesh,soyb,5.5,9.24,1.6684
BGD-2475,Barisal,Bangladesh,sugc,28.9,1.69,0.0586
BGD-2475,Barisal,Bangladesh,whea,5.3,4.11,0.7753
MMR-3275,Ayeyarwady,Myanmar,grou,57.8,14.02,0.2426
MMR-3275,Ayeyarwady,Myanmar,maiz,67.7,10.75,0.1589
MMR-3275,Ayeyarwady,Myanmar,pota,2.2,0.23,0.1036
MMR-3275,Ayeyarwady,Myanmar,rice,7656.9,6065.91,0.7922
MMR-3275,Ayeyarwady,Myanmar,sugc,41.9,0.67,0.016
MMR-3269,Yangon,Myanmar,grou,3.4,0.87,0.252
MMR-3269,Yangon,Myanmar,maiz,3.7,0.57,0.1545
MMR-3269,Yangon,Myanmar,pota,18.7,1.89,0.1014
MMR-3269,Yangon,Myanmar,rice,1937.6,1365.43,0.7047
MMR-3269,Yangon,Myanmar,sugc,187.9,2.78,0.0148
MMR-3268,Bago,Myanmar,cott,1.9,0.61,0.3165
MMR-3268,Bago,Myanmar,grou,106.5,20.3,0.1906
MMR-3268,Bago,Myanmar,maiz,18.8,2.6,0.1382
MMR-3268,Bago,Myanmar,pota,3.9,0.37,0.0931
MMR-3268,Bago,Myanmar,rice,4763.7,4255.66,0.8933
MMR-3268,Bago,Myanmar,sorg,2.1,1.59,0.7453
MMR-3268,Bago,Myanmar,sugc,1192.9,17.73,0.0149
MMR-3268,Bago,Myanmar,whea,57.6,16.35,0.2836
THA-378,Phangnga,Thailand,maiz,141.8,19.85,0.14
THA-378,Phangnga,Thailand,oilp,691.5,29.89,0.0432
THA-378,Phangnga,Thailand,sugc,525.7,15.55,0.0296
THA-382,Krabi,Thailand,maiz,10.4,1.37,0.1321
THA-382,Krabi,Thailand,oilp,2412.0,101.02,0.0419
THA-382,Krabi,Thailand,rice,2.3,8.31,3.6117
THA-382,Krabi,Thailand,sugc,486.0,16.05,0.033
THA-387,Trang,Thailand,maiz,37.6,4.16,0.1107
THA-387,Trang,Thailand,oilp,1012.5,42.31,0.0418
THA-387,Trang,Thailand,rice,6.5,35.69,5.4576
THA-387,Trang,Thailand,sugc,41.4,1.3,0.0315
MYS-1148,Selangor,Malaysia,oilp,3026.1,97.2,0.0321
MYS-1148,Selangor,Malaysia,rice,106.2,208.42,1.9616
MYS-1146,Negeri Sembilan,Malaysia,oilp,2229.5,69.57,0.0312
MYS-1146,Negeri Sembilan,Malaysia,rice,5.4,1.51,0.281
MYS-1146,Negeri Sembilan,Malaysia,sugc,1.9,0.18,0.0947
MYS-1145,Melaka,Malaysia,oilp,722.5,29.89,0.0414
MYS-1145,Melaka,Malaysia,rice,6.7,18.45,2.7749
MYS-1143,Johor,Malaysia,oilp,9314.9,301.8,0.0324
MYS-1143,Johor,Malaysia,rice,7.9,3.44,0.4372
MYS-1143,Johor,Malaysia,sugc,6.5,0.6,0.0928
MYS-1147,Pahang,Malaysia,oilp,15248.1,412.95,0.0271
MYS-1147,Pahang,Malaysia,rice,37.9,9.74,0.257
MYS-1147,Pahang,Malaysia,sugc,3.0,0.26,0.0862
MYS-1149,Terengganu,Malaysia,oilp,1029.3,29.96,0.0291
MYS-1149,Terengganu,Malaysia,rice,48.4,14.56,0.3006
THA-494,Pattani,Thailand,oilp,53.0,2.43,0.0459
THA-494,Pattani,Thailand,rice,33.6,149.12,4.4327
THA-494,Pattani,Thailand,sugc,73.3,2.25,0.0308
THA-383,Phatthalung,Thailand,oilp,204.1,9.73,0.0477
THA-383,Phatthalung,Thailand,rice,94.1,426.91,4.5353
THA-376,Nakhon Si Thammarat,Thailand,oilp,1379.7,83.16,0.0603
THA-376,Nakhon Si Thammarat,Thailand,rice,828.7,3109.99,3.7527
THA-376,Nakhon Si Thammarat,Thailand,sugc,439.8,18.14,0.0412
THA-380,Surat Thani,Thailand,maiz,1.8,0.19,0.1069
THA-380,Surat Thani,Thailand,oilp,3966.1,163.17,0.0411
THA-380,Surat Thani,Thailand,rice,9.1,33.02,3.617
THA-380,Surat Thani,Thailand,sugc,3028.1,99.34,0.0328
THA-424,Samut Songkhram,Thailand,rice,27.6,244.19,8.8507
THA-424,Samut Songkhram,Thailand,sugc,39.9,1.35,0.0337
THA-423,Samut Sakhon,Thailand,rice,75.8,395.34,5.2122
THA-423,Samut Sakhon,Thailand,sugc,136.3,4.23,0.031
THA-416,Bangkok Metropolis,Thailand,oilp,6.5,0.26,0.0401
THA-416,Bangkok Metropolis,Thailand,rice,177.2,653.51,3.6874
THA-416,Bangkok Metropolis,Thailand,sugc,328.1,9.64,0.0294
THA-422,Samut Prakan,Thailand,rice,70.2,287.07,4.0881
THA-422,Samut Prakan,Thailand,sugc,84.0,2.78,0.0331
THA-431,Chachoengsao,Thailand,barl,11.2,5.1,0.457
THA-431,Chachoengsao,Thailand,grou,2.1,0.34,0.1673
THA-431,Chachoengsao,Thailand,maiz,6.6,0.82,0.1243
THA-431,Chachoengsao,Thailand,oilp,121.0,5.33,0.0441
THA-431,Chachoengsao,Thailand,rice,319.5,968.73,3.0325
THA-431,Chachoengsao,Thailand,sorg,3.2,1.63,0.5155
THA-431,Chachoengsao,Thailand,soyb,3.2,0.31,0.0984
THA-431,Chachoengsao,Thailand,sugc,569.4,14.78,0.026
THA-430,Chon Buri,Thailand,barl,8.9,4.48,0.5017
THA-430,Chon Buri,Thailand,grou,1.2,0.27,0.2342
THA-430,Chon Buri,Thailand,maiz,27.7,4.36,0.1574
THA-430,Chon Buri,Thailand,oilp,199.3,9.58,0.0481
THA-430,Chon Buri,Thailand,rice,50.2,344.17,6.8519
THA-430,Chon Buri,Thailand,sorg,2.1,1.22,0.5687
THA-430,Chon Buri,Thailand,soyb,1.9,0.35,0.1898
THA-430,Chon Buri,Thailand,sugc,646.9,26.81,0.0414
THA-434,Rayong,Thailand,barl,1.9,0.84,0.4476
THA-434,Rayong,Thailand,maiz,401.6,49.4,0.123
THA-434,Rayong,Thailand,oilp,130.1,5.36,0.0412
THA-434,Rayong,Thailand,rice,3.6,14.0,3.8453
THA-434,Rayong,Thailand,sugc,30.2,0.73,0.024
VNM-507,Cà Mau,Vietnam,grou,2.3,0.56,0.2407
VNM-507,Cà Mau,Vietnam,maiz,2.2,0.84,0.3853
VNM-507,Cà Mau,Vietnam,rice,673.3,1031.41,1.5318
VNM-507,Cà Mau,Vietnam,sugc,47.9,2.12,0.0443
VNM-506,Bạc Liêu,Vietnam,grou,15.4,3.54,0.2296
VNM-506,Bạc Liêu,Vietnam,maiz,1.6,0.58,0.3665
VNM-506,Bạc Liêu,Vietnam,rice,927.3,1414.47,1.5253
VNM-506,Bạc Liêu,Vietnam,soyb,2.2,1.07,0.4958
VNM-506,Bạc Liêu,Vietnam,sugc,262.4,11.56,0.0441
VNM-505,Hau Giang,Vietnam,grou,8.6,2.06,0.2397
VNM-505,Hau Giang,Vietnam,maiz,10.0,4.04,0.4058
VNM-505,Hau Giang,Vietnam,rice,1012.4,1594.02,1.5745
VNM-505,Hau Giang,Vietnam,soyb,1.3,0.69,0.5237
VNM-505,Hau Giang,Vietnam,sugc,146.8,7.16,0.0488
VNM-510,Vĩnh Long,Vietnam,grou,9.2,1.95,0.212
VNM-510,Vĩnh Long,Vietnam,maiz,6.1,2.37,0.3885
VNM-510,Vĩnh Long,Vietnam,rice,843.2,1410.53,1.6728
VNM-510,Vĩnh Long,Vietnam,soyb,1.4,0.65,0.4715
VNM-510,Vĩnh Long,Vietnam,sugc,154.2,6.94,0.045
VNM-509,Trà Vinh,Vietnam,grou,11.4,2.53,0.221
VNM-509,Trà Vinh,Vietnam,maiz,14.1,5.83,0.4124
VNM-509,Trà Vinh,Vietnam,rice,1094.0,1862.57,1.7026
VNM-509,Trà Vinh,Vietnam,soyb,1.7,0.82,0.4952
VNM-509,Trà Vinh,Vietnam,sugc,187.6,8.88,0.0473
VNM-504,Bến Tre,Vietnam,grou,9.5,2.64,0.2765
VNM-504,Bến Tre,Vietnam,maiz,1.3,0.78,0.607
VNM-504,Bến Tre,Vietnam,rice,182.9,364.66,1.9932
VNM-504,Bến Tre,Vietnam,soyb,1.2,0.72,0.6025
VNM-504,Bến Tre,Vietnam,sugc,156.5,7.85,0.0502
VNM-497,Đông Nam Bộ,Vietnam,grou,2.9,0.93,0.316
VNM-497,Đông Nam Bộ,Vietnam,maiz,155.5,68.74,0.4421
VNM-497,Đông Nam Bộ,Vietnam,rice,237.4,138.64,0.584
VNM-497,Đông Nam Bộ,Vietnam,sugc,85.3,4.01,0.047
VNM-496,Bình Thuận,Vietnam,grou,4.5,0.84,0.1892
VNM-496,Bình Thuận,Vietnam,maiz,83.1,30.87,0.3713
VNM-496,Bình Thuận,Vietnam,rice,639.6,351.54,0.5496
VNM-496,Bình Thuận,Vietnam,sugc,127.0,5.3,0.0417
VNM-481,Ninh Thuận,Vietnam,grou,1.5,0.26,0.1732
VNM-481,Ninh Thuận,Vietnam,maiz,45.9,16.28,0.3549
VNM-481,Ninh Thuận,Vietnam,rice,250.9,150.32,0.599
VNM-481,Ninh Thuận,Vietnam,sugc,46.2,1.83,0.0397
VNM-482,Phú Yên,Vietnam,grou,3.2,0.65,0.2016
VNM-482,Phú Yên,Vietnam,maiz,34.5,12.87,0.3733
VNM-482,Phú Yên,Vietnam,rice,304.4,187.14,0.6147
VNM-482,Phú Yên,Vietnam,sugc,115.7,4.9,0.0424
VNM-485,Bình Định,Vietnam,grou,1.7,0.5,0.2913
VNM-485,Bình Định,Vietnam,maiz,31.3,12.97,0.4143
VNM-485,Bình Định,Vietnam,rice,563.5,476.77,0.846
VNM-485,Bình Định,Vietnam,sugc,54.1,2.55,0.0471
VNM-488,Quảng Ngãi,Vietnam,grou,5.7,1.33,0.2324
VNM-488,Quảng Ngãi,Vietnam,maiz,37.3,15.02,0.4026
VNM-488,Quảng Ngãi,Vietnam,rice,325.8,276.85,0.8496
VNM-488,Quảng Ngãi,Vietnam,sugc,198.7,8.75,0.044
VNM-491,Đà Nẵng,Vietnam,sugc,8.6,0.41,0.0474
VNM-466,Ninh Bình,Vietnam,grou,4.1,1.01,0.2456
VNM-466,Ninh Bình,Vietnam,maiz,39.0,15.43,0.3953
VNM-466,Ninh Bình,Vietnam,pota,4.8,0.31,0.0658
VNM-466,Ninh Bình,Vietnam,rice,668.3,1132.73,1.695
VNM-466,Ninh Bình,Vietnam,sugc,90.9,4.03,0.0443
VNM-468,Nam Định,Vietnam,grou,2.6,0.64,0.2405
VNM-468,Nam Định,Vietnam,maiz,13.8,5.48,0.3982
VNM-468,Nam Định,Vietnam,pota,2.8,0.18,0.0661
VNM-468,Nam Định,Vietnam,rice,406.6,676.22,1.6629
VNM-468,Nam Định,Vietnam,sugc,56.5,2.51,0.0444
VNM-471,Thái Bình,Vietnam,grou,4.8,1.26,0.2612
VNM-471,Thái Bình,Vietnam,maiz,43.7,17.96,0.4106
VNM-471,Thái Bình,Vietnam,pota,5.6,0.39,0.0692
VNM-471,Thái Bình,Vietnam,rice,808.3,1433.2,1.773
VNM-471,Thái Bình,Vietnam,sugc,103.0,4.66,0.0453
VNM-4600,Hải Phòng,Vietnam,grou,1.4,0.45,0.3147
VNM-4600,Hải Phòng,Vietnam,maiz,3.2,1.48,0.4573
VNM-4600,Hải Phòng,Vietnam,pota,1.6,0.13,0.082
VNM-4600,Hải Phòng,Vietnam,rice,200.7,366.41,1.826
VNM-4600,Hải Phòng,Vietnam,sugc,30.4,1.62,0.0532
CHN-1814,Shandong,China,barl,3.1,0.76,0.2427
CHN-1814,Shandong,China,cott,1189.6,194.04,0.1631
CHN-1814,Shandong,China,grou,2655.8,336.08,0.1265
CHN-1814,Shandong,China,maiz,23933.5,2579.75,0.1078
CHN-1814,Shandong,China,pota,26.3,0.95,0.0361
CHN-1814,Shandong,China,rape,18.6,5.14,0.2762
CHN-1814,Shandong,China,rice,871.1,1055.11,1.2112
CHN-1814,Shandong,China,sorg,16.1,1.26,0.0785
CHN-1814,Shandong,China,soyb,340.8,80.23,0.2354
CHN-1814,Shandong,China,sugc,3.4,0.07,0.0194
CHN-1814,Shandong,China,whea,22521.2,2998.42,0.1331
CHN-1811,Hebei,China,cott,1259.2,218.59,0.1736
CHN-1811,Hebei,China,grou,991.6,129.3,0.1304
CHN-1811,Hebei,China,maiz,21813.5,2408.54,0.1104
CHN-1811,Hebei,China,pota,3097.3,149.27,0.0482
CHN-1811,Hebei,China,rape,44.5,17.28,0.3883
CHN-1811,Hebei,China,rice,509.8,341.44,0.6697
CHN-1811,Hebei,China,sorg,30.6,2.88,0.0939
CHN-1811,Hebei,China,soyb,183.9,32.36,0.176
CHN-1811,Hebei,China,whea,13060.3,1808.96,0.1385
CHN-1816,Tianjin,China,cott,92.6,17.69,0.1911
CHN-1816,Tianjin,China,grou,22.9,2.84,0.1239
CHN-1816,Tianjin,China,maiz,1206.3,144.36,0.1197
CHN-1816,Tianjin,China,pota,47.2,1.82,0.0385
CHN-1816,Tianjin,China,rice,219.9,153.43,0.6978
CHN-1816,Tianjin,China,sorg,13.3,1.61,0.1204
CHN-1816,Tianjin,China,soyb,10.4,2.02,0.1937
CHN-1816,Tianjin,China,whea,610.0,92.66,0.1519
PRK-3313,P'yŏngan-namdo,North Korea,barl,5.2,0.47,0.0905
PRK-3313,P'yŏngan-namdo,North Korea,cott,4.4,1.03,0.2348
PRK-3313,P'yŏngan-namdo,North Korea,maiz,276.8,12.63,0.0456
PRK-3313,P'yŏngan-namdo,North Korea,pota,82.3,4.91,0.0596
PRK-3313,P'yŏngan-namdo,North Korea,rice,357.0,344.13,0.9638
PRK-3313,P'yŏngan-namdo,North Korea,sorg,5.3,0.7,0.132
PRK-3313,P'yŏngan-namdo,North Korea,soyb,35.6,3.32,0.0932
PRK-3313,P'yŏngan-namdo,North Korea,whea,14.8,3.03,0.2047
PRK-3304,Hwanghae-namdo,North Korea,barl,2.7,0.24,0.087
PRK-3304,Hwanghae-namdo,North Korea,cott,11.7,2.49,0.2131
PRK-3304,Hwanghae-namdo,North Korea,maiz,151.2,6.16,0.0408
PRK-3304,Hwanghae-namdo,North Korea,pota,73.8,4.13,0.0559
PRK-3304,Hwanghae-namdo,North Korea,rice,388.2,397.49,1.0239
PRK-3304,Hwanghae-namdo,North Korea,sorg,2.6,0.31,0.1214
PRK-3304,Hwanghae-namdo,North Korea,soyb,21.1,2.01,0.0954
PRK-3304,Hwanghae-namdo,North Korea,whea,15.2,3.0,0.1979
KOR-2499,North Jeolla,South Korea,barl,37.6,19.64,0.5221
KOR-2499,North Jeolla,South Korea,grou,1.8,0.65,0.3705
KOR-2499,North Jeolla,South Korea,maiz,4.9,1.4,0.2835
KOR-2499,North Jeolla,South Korea,pota,71.5,3.35,0.0468
KOR-2499,North Jeolla,South Korea,rice,1078.8,892.48,0.8273
KOR-2499,North Jeolla,South Korea,soyb,15.7,12.17,0.7778
KOR-2499,North Jeolla,South Korea,whea,5.2,3.06,0.5946
KOR-2506,South Jeolla,South Korea,barl,28.8,14.02,0.4875
KOR-2506,South Jeolla,South Korea,maiz,7.9,2.15,0.2717
KOR-2506,South Jeolla,South Korea,pota,63.2,2.73,0.0432
KOR-2506,South Jeolla,South Korea,rice,721.5,514.84,0.7136
KOR-2506,South Jeolla,South Korea,soyb,7.5,5.28,0.7087
KOR-2506,South Jeolla,South Korea,whea,6.5,4.03,0.6164
KOR-2505,South Gyeongsang,South Korea,barl,8.8,6.43,0.7294
KOR-2505,South Gyeongsang,South Korea,maiz,5.7,1.94,0.3417
KOR-2505,South Gyeongsang,South Korea,pota,42.6,2.12,0.0498
KOR-2505,South Gyeongsang,South Korea,rice,353.9,252.19,0.7126
KOR-2505,South Gyeongsang,South Korea,soyb,3.5,4.28,1.2056
KOR-2505,South Gyeongsang,South Korea,whea,2.3,1.9,0.8124
KOR-2508,Ulsan,South Korea,pota,3.1,0.24,0.0761
KOR-2508,Ulsan,South Korea,rice,28.7,22.86,0.797
KOR-2509,North Gyeongsang,South Korea,barl,4.4,3.91,0.8817
KOR-2509,North Gyeongsang,South Korea,grou,2.3,2.03,0.8869
KOR-2509,North Gyeongsang,South Korea,maiz,7.7,4.1,0.5351
KOR-2509,North Gyeongsang,South Korea,pota,73.0,5.77,0.079
KOR-2509,North Gyeongsang,South Korea,rice,439.0,332.96,0.7585
KOR-2509,North Gyeongsang,South Korea,soyb,14.8,20.57,1.3874
PRK-3311,Hamgyŏng-namdo,North Korea,barl,6.5,19.04,2.9199
PRK-3311,Hamgyŏng-namdo,North Korea,maiz,210.0,7.44,0.0354
PRK-3311,Hamgyŏng-namdo,North Korea,pota,67.8,39.35,0.5808
PRK-3311,Hamgyŏng-namdo,North Korea,rice,166.6,151.85,0.9113
PRK-3311,Hamgyŏng-namdo,North Korea,sorg,3.1,0.31,0.1003
PRK-3311,Hamgyŏng-namdo,North Korea,soyb,18.8,1.45,0.0769
PRK-3311,Hamgyŏng-namdo,North Korea,whea,7.3,8.25,1.1275
RUS-2615,Maga Buryatdan,Russia,pota,10.6,7.68,0.7249
IND-2445,Dadra and Nagar Haveli and Daman and Diu,India,cott,4.3,5.92,1.3839
IND-2445,Dadra and Nagar Haveli and Daman and Diu,India,rice,39.7,11.02,0.2779
IND-2445,Dadra and Nagar Haveli and Daman and Diu,India,soyb,1.8,1.64,0.8913
IND-2445,Dadra and Nagar Haveli and Daman and Diu,India,sugc,15.6,0.35,0.0226
IND-2447,Maharashtra,India,barl,48.2,19.36,0.4014
IND-2447,Maharashtra,India,cott,5964.5,9285.53,1.5568
IND-2447,Maharashtra,India,grou,580.0,230.53,0.3975
IND-2447,Maharashtra,India,maiz,3532.9,1506.75,0.4265
IND-2447,Maharashtra,India,pota,448.0,68.35,0.1526
IND-2447,Maharashtra,India,rape,17.6,11.1,0.6301
IND-2447,Maharashtra,India,rice,5766.3,3857.44,0.669
IND-2447,Maharashtra,India,sorg,2500.3,1967.88,0.787
IND-2447,Maharashtra,India,soyb,4392.2,2866.67,0.6527
IND-2447,Maharashtra,India,sugc,70425.6,3002.73,0.0426
IND-2447,Maharashtra,India,whea,3512.9,1817.55,0.5174
IND-3265,Goa,India,cott,7.7,16.67,2.1758
IND-3265,Goa,India,grou,1.4,0.44,0.3237
IND-3265,Goa,India,pota,2.2,0.33,0.1444
IND-3265,Goa,India,rice,125.5,52.07,0.415
IND-3265,Goa,India,soyb,6.1,5.17,0.8524
IND-3265,Goa,India,sugc,60.8,1.7,0.028
IND-2446,Karnataka,India,barl,3.9,1.38,0.3503
IND-2446,Karnataka,India,cott,950.5,1379.09,1.4509
IND-2446,Karnataka,India,grou,1146.2,400.43,0.3494
IND-2446,Karnataka,India,maiz,4356.1,2312.54,0.5309
IND-2446,Karnataka,India,pota,666.7,101.31,0.152
IND-2446,Karnataka,India,rape,2.6,1.52,0.5945
IND-2446,Karnataka,India,rice,4448.2,5644.87,1.269
IND-2446,Karnataka,India,sorg,1008.4,847.97,0.8409
IND-2446,Karnataka,India,soyb,323.0,242.27,0.75
IND-2446,Karnataka,India,sugc,36955.2,1571.92,0.0425
IND-2446,Karnataka,India,whea,545.6,363.7,0.6666
IND-2442,Kerala,India,rice,649.2,1418.44,2.1849
IND-2442,Kerala,India,sorg,3.7,7.0,1.8868
IND-2442,Kerala,India,sugc,76.9,7.53,0.0979
IND-3262,Puducherry,India,rice,7.8,13.92,1.7827
IND-3263,Tamil Nadu,India,cott,220.4,426.26,1.9338
IND-3263,Tamil Nadu,India,grou,669.5,400.72,0.5986
IND-3263,Tamil Nadu,India,maiz,1120.7,692.01,0.6175
IND-3263,Tamil Nadu,India,pota,96.0,13.86,0.1444
IND-3263,Tamil Nadu,India,rice,6793.4,13469.86,1.9828
IND-3263,Tamil Nadu,India,sorg,376.1,429.42,1.1417
IND-3263,Tamil Nadu,India,sugc,11753.4,783.26,0.0666
RUS-2616,Sakhalin,Russia,pota,50.7,35.56,0.7012
IRL-718,Wexford,Ireland,barl,125.7,40.96,0.3258
IRL-718,Wexford,Ireland,pota,17.0,1.13,0.0663
IRL-718,Wexford,Ireland,rape,2.4,1.6,0.6646
IRL-718,Wexford,Ireland,whea,35.4,18.2,0.5137
IRL-722,Kilkenny,Ireland,barl,64.1,39.41,0.6152
IRL-722,Kilkenny,Ireland,pota,8.5,1.09,0.1283
IRL-722,Kilkenny,Ireland,rape,1.4,1.57,1.1309
IRL-722,Kilkenny,Ireland,whea,17.4,14.91,0.8542
IRL-78,Cork,Ireland,barl,44.2,37.5,0.8492
IRL-78,Cork,Ireland,pota,5.5,0.98,0.1769
IRL-78,Cork,Ireland,whea,12.3,13.97,1.1375
IRL-726,Limerick,Ireland,barl,204.0,242.21,1.1875
IRL-726,Limerick,Ireland,pota,25.9,6.5,0.2509
IRL-726,Limerick,Ireland,rape,3.7,7.86,2.1197
IRL-726,Limerick,Ireland,whea,56.8,87.74,1.5439
IRL-713,Galway,Ireland,barl,4.7,9.6,2.0434
IRL-713,Galway,Ireland,pota,2.7,1.16,0.4296
IRL-713,Galway,Ireland,whea,5.3,13.57,2.5706
GBR-2102,Limavady,United Kingdom,barl,3.3,3.71,1.133
GBR-2102,Limavady,United Kingdom,pota,3.4,0.67,0.1948
GBR-2102,Limavady,United Kingdom,whea,33.0,47.1,1.4261
GBR-2100,Coleraine,United Kingdom,barl,4.3,4.82,1.1186
GBR-2100,Coleraine,United Kingdom,pota,4.3,0.84,0.1947
GBR-2100,Coleraine,United Kingdom,whea,42.8,60.61,1.4158
GBR-2095,Larne,United Kingdom,barl,2.2,2.87,1.3296
GBR-2095,Larne,United Kingdom,pota,2.1,0.48,0.2321
GBR-2095,Larne,United Kingdom,whea,20.9,34.65,1.6617
GBR-2137,Ards,United Kingdom,pota,1.1,0.21,0.1807
GBR-2137,Ards,United Kingdom,whea,10.5,14.03,1.3411
GBR-2099,Down,United Kingdom,barl,7.9,9.16,1.1569
GBR-2099,Down,United Kingdom,pota,9.2,1.81,0.1977
GBR-2099,Down,United Kingdom,whea,83.2,120.38,1.4465
IRL-715,Meath,Ireland,barl,227.6,200.19,0.8794
IRL-715,Meath,Ireland,pota,65.0,10.44,0.1606
IRL-715,Meath,Ireland,rape,12.0,19.0,1.5885
IRL-715,Meath,Ireland,whea,36.9,42.96,1.1654
IRL-5574,Fingal,Ireland,barl,12.1,2.46,0.2031
IRL-5574,Fingal,Ireland,pota,13.0,0.53,0.041
IRL-5574,Fingal,Ireland,whea,1.9,0.69,0.3647
UKR-331,Zaporizhzhya,Ukraine,barl,425.2,19.42,0.0457
UKR-331,Zaporizhzhya,Ukraine,maiz,1761.2,83.54,0.0474
UKR-331,Zaporizhzhya,Ukraine,pota,314.1,7.78,0.0248
UKR-331,Zaporizhzhya,Ukraine,rape,122.5,16.41,0.134
UKR-331,Zaporizhzhya,Ukraine,rice,8.6,0.5,0.0579
UKR-331,Zaporizhzhya,Ukraine,sorg,6.7,0.35,0.0528
UKR-331,Zaporizhzhya,Ukraine,soyb,172.4,12.32,0.0714
UKR-331,Zaporizhzhya,Ukraine,whea,1346.8,97.26,0.0722
RUS-5482,Sevastopol,Russia,maiz,2.5,0.2,0.0822
RUS-5482,Sevastopol,Russia,whea,2.3,0.3,0.1322
UKR-284,Mykolayiv,Ukraine,barl,352.5,17.13,0.0486
UKR-284,Mykolayiv,Ukraine,maiz,1435.1,75.08,0.0523
UKR-284,Mykolayiv,Ukraine,pota,302.0,8.17,0.0271
UKR-284,Mykolayiv,Ukraine,rape,115.0,17.4,0.1512
UKR-284,Mykolayiv,Ukraine,rice,4.6,0.26,0.0564
UKR-284,Mykolayiv,Ukraine,sorg,5.3,0.28,0.0528
UKR-284,Mykolayiv,Ukraine,soyb,152.9,10.75,0.0703
UKR-284,Mykolayiv,Ukraine,whea,1172.9,94.15,0.0803
BGR-2260,Varna,Bulgaria,barl,22.6,4.01,0.1775
BGR-2260,Varna,Bulgaria,maiz,126.4,15.41,0.1219
BGR-2260,Varna,Bulgaria,rape,7.4,2.1,0.2838
BGR-2260,Varna,Bulgaria,whea,197.0,32.42,0.1645
TUR-2265,Istanbul,Turkey,barl,11.6,4.08,0.3507
TUR-2265,Istanbul,Turkey,rape,6.8,1.77,0.2594
TUR-2265,Istanbul,Turkey,whea,56.1,21.27,0.3789
TUR-2242,Tekirdag,Turkey,barl,26.0,6.33,0.2434
TUR-2242,Tekirdag,Turkey,grou,1.3,0.2,0.1555
TUR-2242,Tekirdag,Turkey,maiz,10.9,1.56,0.1431
TUR-2242,Tekirdag,Turkey,rape,15.7,2.82,0.1795
TUR-2242,Tekirdag,Turkey,rice,107.3,49.65,0.4628
TUR-2242,Tekirdag,Turkey,whea,415.6,94.96,0.2285
TUR-2239,Çanakkale,Turkey,barl,34.7,5.23,0.1505
TUR-2239,Çanakkale,Turkey,grou,1.7,0.24,0.1415
TUR-2239,Çanakkale,Turkey,maiz,20.1,1.85,0.0921
TUR-2239,Çanakkale,Turkey,rape,14.2,1.61,0.1138
TUR-2239,Çanakkale,Turkey,rice,71.0,31.14,0.4385
TUR-2239,Çanakkale,Turkey,whea,208.0,32.82,0.1579
GBR-2016,Stirling,United Kingdom,barl,56.5,53.84,0.9529
GBR-2016,Stirling,United Kingdom,pota,30.4,4.68,0.1541
GBR-2016,Stirling,United Kingdom,rape,1.7,4.21,2.4765
GBR-2016,Stirling,United Kingdom,whea,53.2,61.32,1.1525
GBR-2025,West Lothian,United Kingdom,barl,28.5,32.61,1.1456
GBR-2025,West Lothian,United Kingdom,pota,16.1,3.09,0.1925
GBR-2025,West Lothian,United Kingdom,whea,26.4,36.11,1.3677
GBR-2023,Edinburgh,United Kingdom,barl,18.8,14.21,0.7553
GBR-2023,Edinburgh,United Kingdom,pota,10.3,1.31,0.1269
GBR-2023,Edinburgh,United Kingdom,whea,17.8,16.73,0.9408
GBR-2024,Midlothian,United Kingdom,barl,17.7,9.15,0.516
GBR-2024,Midlothian,United Kingdom,pota,10.4,0.92,0.0884
GBR-2024,Midlothian,United Kingdom,whea,16.8,11.22,0.6669
GBR-2022,East Lothian,United Kingdom,barl,69.6,31.31,0.4497
GBR-2022,East Lothian,United Kingdom,pota,35.9,2.25,0.0628
GBR-2022,East Lothian,United Kingdom,rape,2.1,2.3,1.113
GBR-2022,East Lothian,United Kingdom,whea,65.2,37.73,0.5787
GBR-5664,Sunderland,United Kingdom,barl,4.8,1.19,0.2466
GBR-5664,Sunderland,United Kingdom,whea,7.7,3.56,0.4632
GBR-2029,Durham,United Kingdom,barl,55.4,20.21,0.365
GBR-2029,Durham,United Kingdom,pota,13.4,1.01,0.0749
GBR-2029,Durham,United Kingdom,rape,8.9,10.25,1.1477
GBR-2029,Durham,United Kingdom,whea,89.0,53.27,0.5984
GBR-2030,Hartlepool,United Kingdom,barl,19.5,5.21,0.2674
GBR-2030,Hartlepool,United Kingdom,pota,3.7,0.19,0.052
GBR-2030,Hartlepool,United Kingdom,rape,3.0,2.73,0.898
GBR-2030,Hartlepool,United Kingdom,whea,31.2,15.18,0.4862
GBR-2032,Redcar and Cleveland,United Kingdom,barl,2.9,0.77,0.2693
GBR-2032,Redcar and Cleveland,United Kingdom,whea,4.6,2.25,0.4883
GBR-2140,North Yorkshire,United Kingdom,barl,317.3,194.2,0.612
GBR-2140,North Yorkshire,United Kingdom,pota,319.4,35.31,0.1105
GBR-2140,North Yorkshire,United Kingdom,rape,48.0,87.18,1.8152
GBR-2140,North Yorkshire,United Kingdom,whea,216.8,190.68,0.8797
GBR-2124,East Riding of Yorkshire,United Kingdom,barl,132.9,40.51,0.3048
GBR-2124,East Riding of Yorkshire,United Kingdom,pota,143.2,11.65,0.0814
GBR-2124,East Riding of Yorkshire,United Kingdom,rape,19.7,19.64,0.9987
GBR-2124,East Riding of Yorkshire,United Kingdom,whea,90.4,47.69,0.5276
GBR-2057,North Lincolnshire,United Kingdom,barl,33.5,8.35,0.2489
GBR-2057,North Lincolnshire,United Kingdom,pota,25.1,1.48,0.0587
GBR-2057,North Lincolnshire,United Kingdom,rape,5.5,4.44,0.8031
GBR-2057,North Lincolnshire,United Kingdom,whea,23.5,9.98,0.4253
GBR-2081,Lincolnshire,United Kingdom,barl,159.6,21.74,0.1362
GBR-2081,Lincolnshire,United Kingdom,pota,416.7,35.27,0.0846
GBR-2081,Lincolnshire,United Kingdom,rape,46.2,21.58,0.4673
GBR-2081,Lincolnshire,United Kingdom,whea,122.6,28.78,0.2347
GBR-2319,Norfolk,United Kingdom,barl,201.3,34.68,0.1723
GBR-2319,Norfolk,United Kingdom,pota,560.8,33.52,0.0598
GBR-2319,Norfolk,United Kingdom,rape,31.4,17.82,0.5668
GBR-2319,Norfolk,United Kingdom,whea,61.0,16.38,0.2685
GBR-2318,Suffolk,United Kingdom,barl,201.4,51.81,0.2572
GBR-2318,Suffolk,United Kingdom,pota,220.0,15.59,0.0709
GBR-2318,Suffolk,United Kingdom,rape,30.4,23.31,0.7671
GBR-2318,Suffolk,United Kingdom,whea,61.6,22.75,0.3692
GBR-2317,Essex,United Kingdom,barl,317.6,28.47,0.0896
GBR-2317,Essex,United Kingdom,pota,52.9,1.62,0.0307
GBR-2317,Essex,United Kingdom,rape,48.4,15.04,0.3107
GBR-2317,Essex,United Kingdom,whea,97.2,17.32,0.1782
GBR-3409,Kent,United Kingdom,barl,112.5,13.24,0.1177
GBR-3409,Kent,United Kingdom,pota,18.7,0.44,0.0235
GBR-3409,Kent,United Kingdom,rape,17.8,7.02,0.3942
GBR-3409,Kent,United Kingdom,whea,99.9,22.02,0.2204
GBR-2678,Medway,United Kingdom,barl,9.8,0.98,0.0997
GBR-2678,Medway,United Kingdom,pota,1.7,0.03,0.0196
GBR-2678,Medway,United Kingdom,rape,1.6,0.54,0.3333
GBR-2678,Medway,United Kingdom,whea,8.7,1.63,0.187
GBR-2677,East Sussex,United Kingdom,barl,38.8,8.18,0.2108
GBR-2677,East Sussex,United Kingdom,pota,6.7,0.29,0.0428
GBR-2677,East Sussex,United Kingdom,rape,6.3,4.68,0.7432
GBR-2677,East Sussex,United Kingdom,whea,34.5,14.16,0.4102
GBR-2674,Brighton and Hove,United Kingdom,barl,22.1,4.77,0.2152
GBR-2674,Brighton and Hove,United Kingdom,pota,3.7,0.16,0.0442
GBR-2674,Brighton and Hove,United Kingdom,rape,3.5,2.7,0.7731
GBR-2674,Brighton and Hove,United Kingdom,whea,19.5,8.42,0.4311
GBR-2748,West Sussex,United Kingdom,barl,65.0,14.35,0.2209
GBR-2748,West Sussex,United Kingdom,pota,10.9,0.49,0.0451
GBR-2748,West Sussex,United Kingdom,rape,10.3,8.11,0.7882
GBR-2748,West Sussex,United Kingdom,whea,57.6,25.2,0.4376
GBR-2035,Hampshire,United Kingdom,barl,134.2,35.64,0.2656
GBR-2035,Hampshire,United Kingdom,pota,23.5,1.23,0.0526
GBR-2035,Hampshire,United Kingdom,rape,20.7,18.72,0.9055
GBR-2035,Hampshire,United Kingdom,whea,122.9,59.97,0.4878
GBR-2051,Dorset,United Kingdom,barl,79.3,22.97,0.2897
GBR-2051,Dorset,United Kingdom,pota,26.3,1.52,0.0577
GBR-2051,Dorset,United Kingdom,rape,8.9,8.54,0.9629
GBR-2051,Dorset,United Kingdom,whea,112.2,58.25,0.5191
GBR-2048,Devon,United Kingdom,barl,242.6,94.51,0.3896
GBR-2048,Devon,United Kingdom,pota,84.5,6.19,0.0733
GBR-2048,Devon,United Kingdom,rape,25.3,31.25,1.2342
GBR-2048,Devon,United Kingdom,whea,364.3,227.6,0.6247
GBR-2141,Plymouth,United Kingdom,barl,4.0,2.79,0.6899
GBR-2141,Plymouth,United Kingdom,pota,1.3,0.16,0.1256
GBR-2141,Plymouth,United Kingdom,whea,6.1,5.94,0.9786
GBR-2110,Cornwall,United Kingdom,barl,124.5,63.88,0.5133
GBR-2110,Cornwall,United Kingdom,pota,42.3,4.09,0.0966
GBR-2110,Cornwall,United Kingdom,rape,12.6,20.1,1.599
GBR-2110,Cornwall,United Kingdom,whea,187.4,144.04,0.7687
GBR-2047,Somerset,United Kingdom,barl,127.6,53.51,0.4192
GBR-2047,Somerset,United Kingdom,pota,45.2,3.57,0.079
GBR-2047,Somerset,United Kingdom,rape,13.9,18.18,1.3072
GBR-2047,Somerset,United Kingdom,whea,188.4,124.99,0.6634
GBR-2045,North Somerset,United Kingdom,barl,12.4,6.06,0.4878
GBR-2045,North Somerset,United Kingdom,pota,4.3,0.39,0.0902
GBR-2045,North Somerset,United Kingdom,rape,1.3,1.95,1.4765
GBR-2045,North Somerset,United Kingdom,whea,18.2,13.41,0.7384
GBR-2133,Newport,United Kingdom,barl,2.9,0.98,0.3425
GBR-2133,Newport,United Kingdom,pota,1.8,0.12,0.065
GBR-2133,Newport,United Kingdom,whea,20.0,11.55,0.5767
GBR-2112,Bridgend,United Kingdom,whea,7.1,3.9,0.5468
GBR-2118,Neath Port Talbot,United Kingdom,whea,2.6,3.09,1.1858
GBR-2119,Swansea,United Kingdom,barl,1.1,0.6,0.5464
GBR-2119,Swansea,United Kingdom,whea,7.9,6.4,0.8067
GBR-2104,Carmarthenshire,United Kingdom,barl,21.3,21.01,0.9872
GBR-2104,Carmarthenshire,United Kingdom,pota,15.2,2.67,0.1759
GBR-2104,Carmarthenshire,United Kingdom,rape,1.5,4.27,2.8092
GBR-2104,Carmarthenshire,United Kingdom,whea,152.1,198.75,1.3063
GBR-2106,Pembrokeshire,United Kingdom,barl,4.4,3.92,0.8975
GBR-2106,Pembrokeshire,United Kingdom,pota,3.1,0.49,0.1606
GBR-2106,Pembrokeshire,United Kingdom,whea,31.4,37.57,1.196
GBR-2105,Ceredigion,United Kingdom,barl,23.0,23.65,1.0283
GBR-2105,Ceredigion,United Kingdom,pota,16.2,2.92,0.18
GBR-2105,Ceredigion,United Kingdom,rape,1.7,4.76,2.8509
GBR-2105,Ceredigion,United Kingdom,whea,163.7,220.52,1.3471
GBR-2130,Gwynedd,United Kingdom,barl,1.4,1.63,1.1727
GBR-2130,Gwynedd,United Kingdom,pota,1.0,0.21,0.208
GBR-2130,Gwynedd,United Kingdom,whea,10.0,15.13,1.5111
GBR-2129,Conwy,United Kingdom,barl,2.6,2.53,0.9848
GBR-2129,Conwy,United Kingdom,pota,1.8,0.31,0.1724
GBR-2129,Conwy,United Kingdom,whea,18.1,23.15,1.279
GBR-2125,Denbighshire,United Kingdom,barl,5.2,3.07,0.5965
GBR-2125,Denbighshire,United Kingdom,pota,3.5,0.38,0.108
GBR-2125,Denbighshire,United Kingdom,whea,35.8,30.67,0.8565
GBR-2108,Halton,United Kingdom,whea,2.2,1.02,0.4704
GBR-5666,Knowsley,United Kingdom,barl,2.4,2.32,0.9516
GBR-5666,Knowsley,United Kingdom,pota,2.7,0.45,0.1694
GBR-5666,Knowsley,United Kingdom,whea,6.3,8.47,1.3396
GBR-2123,Lancashire,United Kingdom,barl,91.1,95.85,1.0517
GBR-2123,Lancashire,United Kingdom,pota,91.6,16.93,0.1848
GBR-2123,Lancashire,United Kingdom,rape,5.2,15.98,3.067
GBR-2123,Lancashire,United Kingdom,whea,204.9,278.23,1.3576
GBR-2009,South Ayrshire,United Kingdom,barl,45.9,56.65,1.2347
GBR-2009,South Ayrshire,United Kingdom,pota,26.1,5.47,0.2099
GBR-2009,South Ayrshire,United Kingdom,rape,1.5,5.08,3.3447
GBR-2009,South Ayrshire,United Kingdom,whea,43.4,64.09,1.476
GBR-2006,North Ayshire,United Kingdom,barl,38.8,13.68,0.3527
GBR-2006,North Ayshire,United Kingdom,pota,22.8,1.43,0.0628
GBR-2006,North Ayshire,United Kingdom,rape,1.3,1.37,1.0589
GBR-2006,North Ayshire,United Kingdom,whea,36.7,17.67,0.4814
GBR-2005,Inverclyde,United Kingdom,barl,27.2,38.5,1.414
GBR-2005,Inverclyde,United Kingdom,pota,15.5,3.66,0.2366
GBR-2005,Inverclyde,United Kingdom,whea,25.7,43.27,1.6835
GBR-2011,West Dunbartonshire,United Kingdom,barl,18.0,21.84,1.2128
GBR-2011,West Dunbartonshire,United Kingdom,pota,11.5,2.34,0.2038
GBR-2011,West Dunbartonshire,United Kingdom,whea,16.5,24.03,1.4537
GBR-2746,Argyll and Bute,United Kingdom,barl,1.4,3.51,2.4552
GBR-2746,Argyll and Bute,United Kingdom,whea,1.4,3.96,2.8674
GBR-2745,Highland,United Kingdom,barl,68.8,89.03,1.2942
GBR-2745,Highland,United Kingdom,pota,32.8,6.19,0.1886
GBR-2745,Highland,United Kingdom,rape,2.1,6.74,3.2423
GBR-2745,Highland,United Kingdom,whea,65.2,100.35,1.538
GBR-2014,Moray,United Kingdom,barl,69.8,69.31,0.9924
GBR-2014,Moray,United Kingdom,pota,35.6,5.1,0.1433
GBR-2014,Moray,United Kingdom,rape,2.0,4.44,2.198
GBR-2014,Moray,United Kingdom,whea,65.4,77.94,1.1918
GBR-2013,Aberdeenshire,United Kingdom,barl,400.1,113.28,0.2831
GBR-2013,Aberdeenshire,United Kingdom,pota,188.7,8.49,0.045
GBR-2013,Aberdeenshire,United Kingdom,rape,11.0,8.96,0.8168
GBR-2013,Aberdeenshire,United Kingdom,whea,374.4,149.11,0.3982
GBR-2012,Aberdeen,United Kingdom,barl,15.9,8.92,0.562
GBR-2012,Aberdeen,United Kingdom,pota,9.0,0.89,0.0986
GBR-2012,Aberdeen,United Kingdom,whea,15.1,10.89,0.7218
GBR-2019,Angus,United Kingdom,barl,117.2,20.15,0.172
GBR-2019,Angus,United Kingdom,pota,62.9,1.99,0.0317
GBR-2019,Angus,United Kingdom,rape,3.6,2.11,0.5886
GBR-2019,Angus,United Kingdom,whea,111.1,30.68,0.2762
GBR-2018,Perthshire and Kinross,United Kingdom,barl,101.2,34.59,0.3418
GBR-2018,Perthshire and Kinross,United Kingdom,pota,55.8,3.25,0.0584
GBR-2018,Perthshire and Kinross,United Kingdom,rape,3.1,3.11,1.0003
GBR-2018,Perthshire and Kinross,United Kingdom,whea,95.9,44.98,0.4689
GBR-2021,Fife,United Kingdom,barl,107.8,38.89,0.3607
GBR-2021,Fife,United Kingdom,pota,61.1,3.86,0.0632
GBR-2021,Fife,United Kingdom,rape,3.4,3.68,1.0741
GBR-2021,Fife,United Kingdom,whea,102.1,50.14,0.4909
ISL-705,Suðurland,Iceland,barl,1.9,15.39,8.3216
ISL-710,Vesturland,Iceland,barl,1.2,10.4,8.8906
ISL-690,Vestfirðir,Iceland,pota,1.5,0.02,0.0139
ISL-697,Norðurland vestra,Iceland,pota,1.7,0.19,0.1125
ISL-702,Norðurland eystra,Iceland,barl,1.2,7.55,6.29
RUS-2612,Sakha (Yakutia),Russia,barl,6.8,42.23,6.1836
RUS-2612,Sakha (Yakutia),Russia,pota,102.3,95.89,0.9373
RUS-2612,Sakha (Yakutia),Russia,whea,4.2,21.51,5.0612
LVA-5717,Nicas,Latvia,barl,2.4,11.82,4.8642
LVA-5717,Nicas,Latvia,pota,1.5,1.32,0.8939
LVA-5717,Nicas,Latvia,rape,4.3,25.5,5.93
LVA-5717,Nicas,Latvia,whea,26.6,95.0,3.5755
LVA-5716,Grobinas,Latvia,barl,6.8,18.91,2.8016
LVA-5716,Grobinas,Latvia,pota,4.1,2.1,0.5104
LVA-5716,Grobinas,Latvia,rape,11.1,38.17,3.4514
LVA-5716,Grobinas,Latvia,whea,69.6,146.97,2.1126
LVA-5719,Pavilostas,Latvia,barl,1.1,4.81,4.18
LVA-5719,Pavilostas,Latvia,rape,1.9,9.46,5.113
LVA-5719,Pavilostas,Latvia,whea,11.6,35.82,3.0959
LVA-934,Ventspils,Latvia,barl,8.9,22.97,2.5779
LVA-934,Ventspils,Latvia,pota,5.5,2.59,0.4719
LVA-934,Ventspils,Latvia,rape,13.6,43.37,3.1822
LVA-934,Ventspils,Latvia,whea,82.0,158.07,1.927
LVA-5721,Dundagas,Latvia,rape,1.3,4.08,3.2381
LVA-5721,Dundagas,Latvia,whea,7.3,14.42,1.9666
LVA-1091,Talsi,Latvia,barl,12.8,14.24,1.114
LVA-1091,Talsi,Latvia,pota,7.5,1.55,0.2057
LVA-1091,Talsi,Latvia,rape,20.2,27.85,1.3812
LVA-1091,Talsi,Latvia,whea,114.5,99.87,0.8722
LVA-1086,Limbaži,Latvia,barl,7.2,9.58,1.3276
LVA-1086,Limbaži,Latvia,pota,4.3,1.01,0.2362
LVA-1086,Limbaži,Latvia,rape,10.8,17.9,1.6527
LVA-1086,Limbaži,Latvia,whea,66.4,67.28,1.0133
EST-1661,Lääne,Estonia,barl,22.4,37.58,1.6783
EST-1661,Lääne,Estonia,pota,3.8,1.0,0.2653
EST-1661,Lääne,Estonia,rape,7.8,21.82,2.8121
EST-1661,Lääne,Estonia,whea,33.7,54.76,1.6235
EST-1654,Harju,Estonia,barl,22.0,55.55,2.5191
EST-1654,Harju,Estonia,pota,3.5,1.43,0.406
EST-1654,Harju,Estonia,rape,7.4,31.13,4.2236
EST-1654,Harju,Estonia,whea,32.8,78.58,2.3949
EST-1658,Lääne-Viru,Estonia,barl,81.1,59.2,0.7296
EST-1658,Lääne-Viru,Estonia,pota,14.1,1.45,0.1025
EST-1658,Lääne-Viru,Estonia,rape,36.6,42.34,1.1567
EST-1658,Lääne-Viru,Estonia,whea,114.1,86.05,0.7543
RUS-2337,City of St. Petersburg,Russia,barl,4.4,8.29,1.883
RUS-2337,City of St. Petersburg,Russia,pota,10.2,2.48,0.2441
RUS-2337,City of St. Petersburg,Russia,whea,2.6,0.75,0.2845
FIN-3193,Uusimaa,Finland,barl,74.4,106.34,1.4299
FIN-3193,Uusimaa,Finland,pota,22.8,3.97,0.1741
FIN-3193,Uusimaa,Finland,rape,3.0,14.14,4.7453
FIN-3193,Uusimaa,Finland,whea,32.7,51.38,1.5699
FIN-3191,Finland Proper,Finland,barl,92.2,129.47,1.4047
FIN-3191,Finland Proper,Finland,pota,268.9,45.88,0.1707
FIN-3191,Finland Proper,Finland,rape,3.0,14.95,4.935
FIN-3191,Finland Proper,Finland,whea,35.5,52.44,1.4793
FIN-3192,Satakunta,Finland,barl,121.6,302.51,2.4869
FIN-3192,Satakunta,Finland,pota,33.1,5.54,0.1674
FIN-3192,Satakunta,Finland,rape,3.4,30.11,8.7517
FIN-3192,Satakunta,Finland,whea,40.0,103.41,2.5821
FIN-3182,Ostrobothnia,Finland,barl,95.8,218.61,2.2817
FIN-3182,Ostrobothnia,Finland,pota,24.6,4.74,0.1932
FIN-3182,Ostrobothnia,Finland,rape,1.5,10.17,6.8743
FIN-3182,Ostrobothnia,Finland,whea,31.3,74.61,2.3835
FIN-3181,Central Ostrobothnia,Finland,barl,33.5,130.75,3.9065
FIN-3181,Central Ostrobothnia,Finland,pota,6.3,3.28,0.5241
FIN-3181,Central Ostrobothnia,Finland,whea,34.7,136.42,3.9337
SWE-191,Västernorrland,Sweden,barl,21.2,19.98,0.943
SWE-191,Västernorrland,Sweden,rape,4.5,5.4,1.206
SWE-191,Västernorrland,Sweden,whea,61.6,46.31,0.752
SWE-178,Gävleborg,Sweden,barl,41.1,30.87,0.7508
SWE-178,Gävleborg,Sweden,pota,17.0,1.88,0.1105
SWE-178,Gävleborg,Sweden,rape,2.4,3.66,1.5357
SWE-178,Gävleborg,Sweden,whea,191.9,115.34,0.601
SWE-195,Uppsala,Sweden,barl,64.6,72.5,1.1226
SWE-195,Uppsala,Sweden,pota,13.8,2.27,0.1648
SWE-195,Uppsala,Sweden,rape,14.1,27.86,1.9714
SWE-195,Uppsala,Sweden,whea,171.9,157.71,0.9175
SWE-194,Stockholm,Sweden,barl,38.9,35.25,0.9055
SWE-194,Stockholm,Sweden,rape,7.7,12.03,1.5556
SWE-194,Stockholm,Sweden,whea,117.2,85.04,0.7255
SWE-185,Södermanland,Sweden,barl,73.7,56.35,0.7642
SWE-185,Södermanland,Sweden,pota,11.9,1.4,0.1172
SWE-185,Södermanland,Sweden,rape,17.1,23.92,1.3945
SWE-185,Södermanland,Sweden,whea,199.7,127.57,0.6389
SWE-184,Östergötland,Sweden,barl,95.3,113.99,1.1955
SWE-184,Östergötland,Sweden,pota,25.9,6.99,0.27
SWE-184,Östergötland,Sweden,rape,19.8,41.2,2.0828
SWE-184,Östergötland,Sweden,whea,249.9,239.46,0.9581
SWE-180,Kalmar,Sweden,barl,29.5,27.07,0.9175
SWE-180,Kalmar,Sweden,pota,16.0,2.26,0.1411
SWE-180,Kalmar,Sweden,rape,5.0,8.2,1.6564
SWE-180,Kalmar,Sweden,whea,70.2,50.6,0.7207
SWE-262,Blekinge,Sweden,barl,19.6,12.3,0.6271
SWE-262,Blekinge,Sweden,pota,29.7,4.86,0.1638
SWE-262,Blekinge,Sweden,rape,8.2,7.65,0.9362
SWE-3429,Skåne,Sweden,barl,324.2,259.51,0.8005
SWE-3429,Skåne,Sweden,maiz,10.5,6.93,0.6581
SWE-3429,Skåne,Sweden,pota,422.6,55.77,0.132
SWE-3429,Skåne,Sweden,rape,116.4,152.89,1.3137
SWE-3429,Skåne,Sweden,whea,4.4,3.56,0.8112
SWE-187,Halland,Sweden,barl,41.8,46.83,1.1191
SWE-187,Halland,Sweden,pota,38.6,6.03,0.1564
SWE-187,Halland,Sweden,rape,7.8,15.87,2.0371
SWE-187,Halland,Sweden,whea,104.9,96.9,0.924
NOR-921,Oslo,Norway,barl,1.4,0.54,0.3794
NOR-921,Oslo,Norway,pota,6.3,2.29,0.3605
NOR-921,Oslo,Norway,whea,8.8,28.83,3.2766
NOR-918,Buskerud,Norway,barl,3.8,14.47,3.7783
NOR-918,Buskerud,Norway,pota,33.9,21.05,0.6208
NOR-918,Buskerud,Norway,whea,55.7,235.66,4.2287
NOR-923,Vestfold,Norway,barl,11.4,6.88,0.6047
NOR-923,Vestfold,Norway,pota,28.2,7.29,0.2585
NOR-923,Vestfold,Norway,whea,29.2,79.84,2.7333
NOR-922,Telemark,Norway,pota,12.0,4.53,0.3766
NOR-922,Telemark,Norway,whea,25.6,65.81,2.5746
NOR-912,Aust-Agder,Norway,pota,3.7,3.36,0.9163
NOR-912,Aust-Agder,Norway,whea,8.0,46.85,5.8935
NOR-916,Vest-Agder,Norway,pota,5.8,6.84,1.1878
NOR-916,Vest-Agder,Norway,whea,12.2,96.03,7.865
NOR-914,Rogaland,Norway,barl,4.0,33.77,8.3599
NOR-914,Rogaland,Norway,pota,22.1,28.26,1.278
NOR-914,Rogaland,Norway,whea,35.0,291.35,8.3313
NOR-913,Hordaland,Norway,pota,6.3,7.28,1.1517
NOR-913,Hordaland,Norway,whea,14.7,110.88,7.5227
NOR-915,Sogn og Fjordane,Norway,pota,2.2,2.62,1.1793
NOR-915,Sogn og Fjordane,Norway,whea,6.5,47.85,7.306
NOR-910,Møre og Romsdal,Norway,barl,3.4,15.95,4.6629
NOR-910,Møre og Romsdal,Norway,pota,2.7,3.49,1.2752
NOR-910,Møre og Romsdal,Norway,whea,8.2,71.09,8.6907
TUR-2301,Rize,Turkey,barl,1.2,0.4,0.3254
TUR-2301,Rize,Turkey,grou,1.1,0.35,0.3162
TUR-2301,Rize,Turkey,maiz,5.2,1.17,0.227
TUR-2301,Rize,Turkey,pota,9.5,0.96,0.1004
TUR-2301,Rize,Turkey,whea,2.9,1.07,0.3639
TUR-2302,Trabzon,Turkey,barl,7.2,1.4,0.1953
TUR-2302,Trabzon,Turkey,grou,9.0,1.7,0.1883
TUR-2302,Trabzon,Turkey,maiz,35.1,4.88,0.1392
TUR-2302,Trabzon,Turkey,pota,64.3,3.5,0.0545
TUR-2302,Trabzon,Turkey,whea,18.4,3.86,0.2095
TUR-2292,Giresun,Turkey,barl,10.6,1.74,0.1637
TUR-2292,Giresun,Turkey,grou,2.8,0.36,0.1261
TUR-2292,Giresun,Turkey,maiz,27.7,2.76,0.0996
TUR-2292,Giresun,Turkey,pota,60.3,2.71,0.045
TUR-2292,Giresun,Turkey,whea,23.3,3.98,0.1706
TUR-2293,Ordu,Turkey,barl,7.6,1.19,0.1557
TUR-2293,Ordu,Turkey,maiz,11.6,1.15,0.0991
TUR-2293,Ordu,Turkey,pota,35.7,1.52,0.0427
TUR-2293,Ordu,Turkey,whea,19.8,3.12,0.1578
TUR-2296,Samsun,Turkey,barl,86.3,12.61,0.1461
TUR-2296,Samsun,Turkey,grou,3.4,0.53,0.1554
TUR-2296,Samsun,Turkey,maiz,49.0,4.76,0.0971
TUR-2296,Samsun,Turkey,pota,44.1,1.75,0.0397
TUR-2296,Samsun,Turkey,rice,53.2,26.65,0.501
TUR-2296,Samsun,Turkey,soyb,2.9,0.17,0.0606
TUR-2296,Samsun,Turkey,whea,258.4,39.88,0.1543
TUR-2294,Sinop,Turkey,barl,23.9,2.04,0.085
TUR-2294,Sinop,Turkey,maiz,6.6,0.33,0.0502
TUR-2294,Sinop,Turkey,pota,8.1,0.18,0.0216
TUR-2294,Sinop,Turkey,rice,12.3,2.14,0.1747
TUR-2294,Sinop,Turkey,whea,127.0,10.69,0.0842
TUR-2270,Kastamonu,Turkey,barl,57.4,4.42,0.077
TUR-2270,Kastamonu,Turkey,maiz,17.2,0.83,0.0481
TUR-2270,Kastamonu,Turkey,pota,17.4,0.33,0.0191
TUR-2270,Kastamonu,Turkey,rice,28.4,6.94,0.2446
TUR-2270,Kastamonu,Turkey,whea,365.1,29.11,0.0797
TUR-5521,Bartın,Turkey,barl,1.9,0.26,0.1419
TUR-5521,Bartın,Turkey,maiz,11.7,0.89,0.0765
TUR-5521,Bartın,Turkey,whea,33.5,4.98,0.149
TUR-3010,Zinguldak,Turkey,barl,4.8,0.83,0.1707
TUR-3010,Zinguldak,Turkey,maiz,17.8,1.56,0.0878
TUR-3010,Zinguldak,Turkey,whea,56.8,10.13,0.1784
TUR-5519,Düzce,Turkey,barl,3.9,1.51,0.3843
TUR-5519,Düzce,Turkey,maiz,16.2,3.23,0.1998
TUR-5519,Düzce,Turkey,pota,8.8,0.68,0.0773
TUR-5519,Düzce,Turkey,whea,13.4,4.71,0.3517
TUR-2267,Sakarya,Turkey,barl,25.0,7.57,0.3028
TUR-2267,Sakarya,Turkey,grou,2.7,0.56,0.2077
TUR-2267,Sakarya,Turkey,maiz,102.4,16.39,0.1601
TUR-2267,Sakarya,Turkey,pota,42.8,2.67,0.0623
TUR-2267,Sakarya,Turkey,whea,85.3,26.83,0.3144
TUR-2266,Kocaeli,Turkey,barl,21.2,6.38,0.3014
TUR-2266,Kocaeli,Turkey,grou,2.9,0.62,0.2142
TUR-2266,Kocaeli,Turkey,maiz,90.0,14.87,0.1652
TUR-2266,Kocaeli,Turkey,pota,50.1,3.48,0.0695
TUR-2266,Kocaeli,Turkey,whea,61.4,19.55,0.3185
TUR-5518,Yalova,Turkey,barl,1.7,0.44,0.2559
TUR-5518,Yalova,Turkey,maiz,6.8,1.11,0.1618
TUR-5518,Yalova,Turkey,pota,3.5,0.25,0.0707
TUR-5518,Yalova,Turkey,whea,4.8,1.36,0.2862
TUR-2264,Bursa,Turkey,barl,75.7,12.44,0.1644
TUR-2264,Bursa,Turkey,grou,6.2,0.95,0.1543
TUR-2264,Bursa,Turkey,maiz,101.4,9.92,0.0978
TUR-2264,Bursa,Turkey,pota,42.0,1.55,0.0368
TUR-2264,Bursa,Turkey,rape,2.8,0.39,0.1379
TUR-2264,Bursa,Turkey,rice,16.9,10.91,0.6452
TUR-2264,Bursa,Turkey,whea,168.1,29.01,0.1726
TUR-2238,Balikesir,Turkey,barl,67.3,11.47,0.1704
TUR-2238,Balikesir,Turkey,grou,3.1,0.52,0.1665
TUR-2238,Balikesir,Turkey,maiz,42.9,4.33,0.1009
TUR-2238,Balikesir,Turkey,pota,12.6,0.33,0.0264
TUR-2238,Balikesir,Turkey,rape,21.7,3.2,0.1471
TUR-2238,Balikesir,Turkey,rice,111.2,57.76,0.5196
TUR-2238,Balikesir,Turkey,whea,357.3,65.11,0.1822
TUR-2230,Izmir,Turkey,barl,41.3,11.23,0.2718
TUR-2230,Izmir,Turkey,cott,97.1,37.41,0.3854
TUR-2230,Izmir,Turkey,grou,12.1,2.33,0.1929
TUR-2230,Izmir,Turkey,maiz,84.8,14.25,0.168
TUR-2230,Izmir,Turkey,pota,379.9,27.87,0.0734
TUR-2230,Izmir,Turkey,rape,1.2,0.16,0.1397
TUR-2230,Izmir,Turkey,rice,5.7,1.94,0.3383
TUR-2230,Izmir,Turkey,whea,218.5,64.59,0.2956
TUR-2229,Aydin,Turkey,barl,60.5,8.58,0.1418
TUR-2229,Aydin,Turkey,cott,83.0,15.99,0.1926
TUR-2229,Aydin,Turkey,grou,10.8,1.44,0.1329
TUR-2229,Aydin,Turkey,maiz,63.6,5.78,0.0909
TUR-2229,Aydin,Turkey,pota,21.4,1.02,0.0477
TUR-2229,Aydin,Turkey,whea,161.4,23.3,0.1444
TUR-2278,Mugla,Turkey,barl,31.1,3.62,0.1164
TUR-2278,Mugla,Turkey,cott,49.5,8.9,0.1798
TUR-2278,Mugla,Turkey,grou,5.5,0.63,0.1154
TUR-2278,Mugla,Turkey,maiz,28.3,2.16,0.0763
TUR-2278,Mugla,Turkey,pota,7.1,0.21,0.03
TUR-2278,Mugla,Turkey,whea,101.0,12.3,0.1218
TUR-2271,Antalya,Turkey,barl,145.2,13.53,0.0932
TUR-2271,Antalya,Turkey,cott,12.8,1.79,0.1402
TUR-2271,Antalya,Turkey,grou,8.6,0.78,0.0912
TUR-2271,Antalya,Turkey,maiz,27.1,1.69,0.0623
TUR-2271,Antalya,Turkey,pota,19.8,0.53,0.0265
TUR-2271,Antalya,Turkey,whea,299.0,29.77,0.0995
TUR-2285,Mersin,Turkey,barl,15.1,3.49,0.2319
TUR-2285,Mersin,Turkey,cott,33.2,11.94,0.3591
TUR-2285,Mersin,Turkey,grou,7.4,1.32,0.1797
TUR-2285,Mersin,Turkey,maiz,147.1,24.52,0.1667
TUR-2285,Mersin,Turkey,pota,75.5,4.98,0.066
TUR-2285,Mersin,Turkey,rice,1.6,0.23,0.1424
TUR-2285,Mersin,Turkey,soyb,31.9,3.23,0.1015
TUR-2285,Mersin,Turkey,whea,283.9,69.72,0.2456
TUR-3018,Adana,Turkey,barl,43.2,9.44,0.2184
TUR-3018,Adana,Turkey,cott,94.1,33.55,0.3565
TUR-3018,Adana,Turkey,grou,20.0,3.44,0.1719
TUR-3018,Adana,Turkey,maiz,527.2,82.41,0.1563
TUR-3018,Adana,Turkey,pota,155.5,10.49,0.0674
TUR-3018,Adana,Turkey,rice,5.5,2.44,0.4437
TUR-3018,Adana,Turkey,soyb,82.4,7.46,0.0905
TUR-3018,Adana,Turkey,whea,468.8,119.5,0.2549
LBN-3025,Mount Lebanon,Lebanon,barl,3.5,0.9,0.2597
LBN-3025,Mount Lebanon,Lebanon,pota,5.2,0.18,0.035
LBN-3025,Mount Lebanon,Lebanon,whea,17.2,3.4,0.1977
RUS-2354,Arkhangel'sk,Russia,pota,153.9,158.94,1.0325
RUS-2354,Arkhangel'sk,Russia,whea,2.2,11.22,5.1944
RUS-2603,Krasnoyarsk,Russia,barl,434.9,107.64,0.2475
RUS-2603,Krasnoyarsk,Russia,maiz,22.6,13.93,0.6154
RUS-2603,Krasnoyarsk,Russia,pota,386.6,11.16,0.0289
RUS-2603,Krasnoyarsk,Russia,rape,274.1,107.41,0.3919
RUS-2603,Krasnoyarsk,Russia,sorg,1.7,5.15,3.0868
RUS-2603,Krasnoyarsk,Russia,soyb,11.6,12.76,1.0992
RUS-2603,Krasnoyarsk,Russia,whea,1743.5,313.28,0.1797
GRC-2900,Thessalia,Greece,barl,92.1,11.15,0.1211
GRC-2900,Thessalia,Greece,cott,259.6,99.13,0.3819
GRC-2900,Thessalia,Greece,maiz,227.5,24.98,0.1098
GRC-2900,Thessalia,Greece,pota,13.5,0.32,0.0239
GRC-2900,Thessalia,Greece,whea,129.4,13.4,0.1036
GRC-2989,Stereá Elláda,Greece,barl,45.8,6.18,0.135
GRC-2989,Stereá Elláda,Greece,cott,103.0,42.89,0.4163
GRC-2989,Stereá Elláda,Greece,maiz,58.9,8.2,0.1393
GRC-2989,Stereá Elláda,Greece,pota,38.3,1.22,0.0319
GRC-2989,Stereá Elláda,Greece,rice,5.9,5.06,0.8571
GRC-2989,Stereá Elláda,Greece,whea,73.6,10.01,0.1359
GRC-2884,Attiki,Greece,barl,3.4,0.77,0.2294
GRC-2884,Attiki,Greece,cott,1.7,0.79,0.462
GRC-2884,Attiki,Greece,pota,2.0,0.07,0.0352
GRC-2884,Attiki,Greece,whea,15.1,4.02,0.2674
GRC-2885,Peloponnisos,Greece,barl,7.9,1.3,0.1638
GRC-2885,Peloponnisos,Greece,maiz,9.8,1.1,0.1122
GRC-2885,Peloponnisos,Greece,pota,50.2,1.32,0.0262
GRC-2885,Peloponnisos,Greece,whea,38.8,6.36,0.1638
GRC-2886,Dytiki Ellada,Greece,barl,6.2,5.8,0.9394
GRC-2886,Dytiki Ellada,Greece,cott,7.0,3.96,0.5704
GRC-2886,Dytiki Ellada,Greece,maiz,90.1,15.44,0.1714
GRC-2886,Dytiki Ellada,Greece,pota,82.0,4.12,0.0502
GRC-2886,Dytiki Ellada,Greece,rice,6.3,6.51,1.0381
GRC-2886,Dytiki Ellada,Greece,sorg,1.1,0.67,0.5912
GRC-2886,Dytiki Ellada,Greece,whea,22.4,23.64,1.0545
ALB-1495,Fier,Albania,barl,3.6,0.62,0.1756
ALB-1495,Fier,Albania,maiz,53.4,4.23,0.0791
ALB-1495,Fier,Albania,pota,33.1,0.91,0.0275
ALB-1495,Fier,Albania,whea,39.8,9.94,0.2497
ALB-1529,Tiranë,Albania,maiz,85.2,7.21,0.0847
ALB-1529,Tiranë,Albania,pota,39.7,1.14,0.0287
ALB-1529,Tiranë,Albania,whea,32.7,8.19,0.2504
ALB-1528,Lezhë,Albania,maiz,59.2,32.01,0.5407
ALB-1528,Lezhë,Albania,pota,29.5,4.58,0.1553
ALB-1528,Lezhë,Albania,whea,8.0,7.29,0.908
HRV-1491,Šibensko-Kninska,Croatia,pota,1.6,0.05,0.0309
HRV-1491,Šibensko-Kninska,Croatia,whea,4.1,0.54,0.1321
HRV-1584,Licko-Senjska,Croatia,barl,2.3,0.32,0.1407
HRV-1584,Licko-Senjska,Croatia,maiz,1.2,0.23,0.1829
HRV-1584,Licko-Senjska,Croatia,pota,5.5,0.33,0.0602
HRV-1584,Licko-Senjska,Croatia,whea,14.0,3.84,0.2753
ITA-5461,Venezia,Italy,barl,12.9,2.66,0.2064
ITA-5461,Venezia,Italy,maiz,209.6,79.75,0.3805
ITA-5461,Venezia,Italy,pota,15.1,1.91,0.1267
ITA-5461,Venezia,Italy,rape,1.6,0.72,0.4609
ITA-5461,Venezia,Italy,rice,2.2,5.26,2.3382
ITA-5461,Venezia,Italy,sorg,7.0,1.16,0.1646
ITA-5461,Venezia,Italy,soyb,86.8,14.54,0.1674
ITA-5461,Venezia,Italy,whea,60.4,18.11,0.3
ITA-5463,Padova,Italy,barl,16.9,3.33,0.197
ITA-5463,Padova,Italy,maiz,186.5,27.77,0.1489
ITA-5463,Padova,Italy,pota,18.1,0.67,0.0371
ITA-5463,Padova,Italy,rape,2.0,0.56,0.2768
ITA-5463,Padova,Italy,rice,1.9,1.94,1.0459
ITA-5463,Padova,Italy,sorg,9.0,1.27,0.141
ITA-5463,Padova,Italy,soyb,112.2,19.65,0.1751
ITA-5463,Padova,Italy,whea,78.8,22.96,0.2913
ITA-5462,Rovigo,Italy,barl,7.2,0.91,0.1266
ITA-5462,Rovigo,Italy,maiz,65.7,5.26,0.08
ITA-5462,Rovigo,Italy,pota,7.0,0.17,0.0237
ITA-5462,Rovigo,Italy,sorg,5.4,0.54,0.1002
ITA-5462,Rovigo,Italy,soyb,42.9,4.42,0.103
ITA-5462,Rovigo,Italy,whea,35.4,6.66,0.1884
ITA-5363,Ferrara,Italy,barl,23.8,7.63,0.3209
ITA-5363,Ferrara,Italy,maiz,353.0,129.03,0.3655
ITA-5363,Ferrara,Italy,pota,45.1,5.7,0.1265
ITA-5363,Ferrara,Italy,rape,2.1,1.1,0.5282
ITA-5363,Ferrara,Italy,rice,15.6,23.8,1.5245
ITA-5363,Ferrara,Italy,sorg,48.1,14.62,0.3037
ITA-5363,Ferrara,Italy,soyb,51.7,11.98,0.2317
ITA-5363,Ferrara,Italy,whea,162.3,61.04,0.376
ITA-5364,Ravenna,Italy,barl,9.4,1.37,0.1456
ITA-5364,Ravenna,Italy,maiz,1.6,0.17,0.1062
ITA-5364,Ravenna,Italy,pota,9.7,0.27,0.0283
ITA-5364,Ravenna,Italy,sorg,20.5,2.39,0.1163
ITA-5364,Ravenna,Italy,soyb,14.0,1.63,0.1162
ITA-5364,Ravenna,Italy,whea,78.9,17.82,0.2258
ITA-5365,Forlì-Cesena,Italy,barl,8.5,1.59,0.1865
ITA-5365,Forlì-Cesena,Italy,maiz,1.5,0.19,0.1272
ITA-5365,Forlì-Cesena,Italy,pota,8.2,0.28,0.0338
ITA-5365,Forlì-Cesena,Italy,sorg,17.2,2.37,0.1376
ITA-5365,Forlì-Cesena,Italy,soyb,13.1,2.2,0.1682
ITA-5365,Forlì-Cesena,Italy,whea,71.3,19.33,0.2709
ITA-5427,Ancona,Italy,barl,15.5,1.4,0.0902
ITA-5427,Ancona,Italy,maiz,11.9,0.78,0.0654
ITA-5427,Ancona,Italy,sorg,3.3,0.23,0.0707
ITA-5427,Ancona,Italy,whea,105.3,14.94,0.1418
ITA-5429,Macerata,Italy,barl,31.3,2.7,0.0862
ITA-5429,Macerata,Italy,maiz,19.8,1.31,0.0665
ITA-5429,Macerata,Italy,pota,2.0,0.03,0.0169
ITA-5429,Macerata,Italy,sorg,6.6,0.46,0.07
ITA-5429,Macerata,Italy,whea,209.5,28.83,0.1376
ITA-5430,Fermo,Italy,barl,6.4,0.65,0.1028
ITA-5430,Fermo,Italy,maiz,5.8,0.43,0.0735
ITA-5430,Fermo,Italy,sorg,1.6,0.12,0.0783
ITA-5430,Fermo,Italy,whea,45.3,7.07,0.1561
ITA-5431,Ascoli Piceno,Italy,barl,4.6,0.34,0.0749
ITA-5431,Ascoli Piceno,Italy,maiz,3.0,0.16,0.0553
ITA-5431,Ascoli Piceno,Italy,pota,2.4,0.03,0.0107
ITA-5431,Ascoli Piceno,Italy,whea,22.8,2.89,0.1267
ITA-5419,Teramo,Italy,barl,20.5,1.17,0.0567
ITA-5419,Teramo,Italy,maiz,15.0,0.65,0.0434
ITA-5419,Teramo,Italy,pota,27.6,0.3,0.0109
ITA-5419,Teramo,Italy,sorg,1.7,0.08,0.0459
ITA-5419,Teramo,Italy,whea,49.2,4.33,0.088
ITA-5418,Pescara,Italy,barl,14.8,0.73,0.0494
ITA-5418,Pescara,Italy,maiz,21.1,0.93,0.044
ITA-5418,Pescara,Italy,pota,26.1,0.28,0.0109
ITA-5418,Pescara,Italy,sorg,1.2,0.05,0.04
ITA-5418,Pescara,Italy,whea,32.9,2.51,0.0763
ITA-5421,Chieti,Italy,barl,25.1,1.35,0.0539
ITA-5421,Chieti,Italy,maiz,10.2,0.36,0.0351
ITA-5421,Chieti,Italy,pota,32.6,0.35,0.0106
ITA-5421,Chieti,Italy,sorg,2.0,0.08,0.0417
ITA-5421,Chieti,Italy,whea,61.8,5.13,0.083
ITA-5401,Campobasso,Italy,barl,10.1,0.44,0.0439
ITA-5401,Campobasso,Italy,maiz,23.7,0.7,0.0295
ITA-5401,Campobasso,Italy,pota,8.2,0.07,0.0081
ITA-5401,Campobasso,Italy,sorg,1.5,0.05,0.0342
ITA-5401,Campobasso,Italy,whea,193.3,12.64,0.0654
ITA-5404,Foggia,Italy,barl,59.0,2.98,0.0506
ITA-5404,Foggia,Italy,maiz,10.1,0.52,0.0515
ITA-5404,Foggia,Italy,pota,61.5,0.7,0.0114
ITA-5404,Foggia,Italy,whea,540.3,41.73,0.0772
ITA-5405,Barletta-Andria Trani,Italy,barl,12.2,0.45,0.0367
ITA-5405,Barletta-Andria Trani,Italy,maiz,3.2,0.1,0.0312
ITA-5405,Barletta-Andria Trani,Italy,pota,12.8,0.12,0.0096
ITA-5405,Barletta-Andria Trani,Italy,whea,82.4,4.59,0.0556
ITA-5403,Bari,Italy,barl,17.9,0.82,0.0457
ITA-5403,Bari,Italy,pota,6.7,0.09,0.0129
ITA-5403,Bari,Italy,whea,249.2,17.76,0.0713
ITA-5406,Brindisi,Italy,barl,3.3,0.15,0.0449
ITA-5406,Brindisi,Italy,pota,4.4,0.04,0.0096
ITA-5406,Brindisi,Italy,whea,42.2,3.05,0.0724
ITA-5407,Lecce,Italy,barl,8.2,0.35,0.0421
ITA-5407,Lecce,Italy,pota,1.2,0.01,0.0089
ITA-5407,Lecce,Italy,whea,87.0,5.91,0.0679
ITA-5408,Taranto,Italy,barl,7.3,0.41,0.0567
ITA-5408,Taranto,Italy,maiz,1.9,0.1,0.0514
ITA-5408,Taranto,Italy,pota,15.1,0.22,0.0146
ITA-5408,Taranto,Italy,whea,69.6,5.69,0.0817
ITA-5389,Matera,Italy,barl,29.1,0.97,0.0335
ITA-5389,Matera,Italy,maiz,8.1,0.2,0.0244
ITA-5389,Matera,Italy,pota,6.3,0.05,0.0084
ITA-5389,Matera,Italy,whea,160.9,6.58,0.0409
ITA-5391,Cosenza,Italy,barl,12.1,0.71,0.0593
ITA-5391,Cosenza,Italy,maiz,15.1,0.64,0.0423
ITA-5391,Cosenza,Italy,pota,58.4,0.71,0.0121
ITA-5391,Cosenza,Italy,rice,1.3,1.2,0.9038
ITA-5391,Cosenza,Italy,sorg,1.0,0.05,0.0455
ITA-5391,Cosenza,Italy,whea,47.8,4.2,0.0877
ITA-5392,Crotene,Italy,barl,2.3,0.11,0.0504
ITA-5392,Crotene,Italy,maiz,4.1,0.17,0.0405
ITA-5392,Crotene,Italy,pota,10.9,0.12,0.0107
ITA-5392,Crotene,Italy,whea,9.0,0.72,0.0793
ITA-5393,Catanzaro,Italy,barl,4.3,0.25,0.0572
ITA-5393,Catanzaro,Italy,maiz,3.8,0.15,0.0389
ITA-5393,Catanzaro,Italy,pota,16.6,0.19,0.0114
ITA-5393,Catanzaro,Italy,whea,17.2,1.51,0.0883
ITA-5395,Reggio Calabria,Italy,barl,7.0,0.42,0.0601
ITA-5395,Reggio Calabria,Italy,maiz,6.2,0.24,0.0382
ITA-5395,Reggio Calabria,Italy,pota,27.1,0.31,0.0113
ITA-5395,Reggio Calabria,Italy,whea,27.9,2.58,0.0926
ITA-5394,Vibo Valentia,Italy,barl,3.6,0.19,0.0529
ITA-5394,Vibo Valentia,Italy,maiz,3.8,0.14,0.0358
ITA-5394,Vibo Valentia,Italy,pota,15.0,0.16,0.0105
ITA-5394,Vibo Valentia,Italy,whea,14.6,1.18,0.0809
ITA-5390,Potenza,Italy,barl,40.1,1.51,0.0376
ITA-5390,Potenza,Italy,pota,13.5,0.13,0.0094
ITA-5390,Potenza,Italy,whea,241.2,12.56,0.0521
ITA-5400,Salerno,Italy,barl,5.0,0.97,0.1956
ITA-5400,Salerno,Italy,maiz,28.4,4.78,0.1685
ITA-5400,Salerno,Italy,pota,28.1,1.15,0.0411
ITA-5400,Salerno,Italy,whea,23.5,4.78,0.2039
ITA-5397,Napoli,Italy,barl,2.3,0.23,0.1018
ITA-5397,Napoli,Italy,maiz,15.3,1.04,0.0682
ITA-5397,Napoli,Italy,pota,13.5,0.27,0.0199
ITA-5397,Napoli,Italy,whea,2.0,0.33,0.164
ITA-5396,Caserta,Italy,barl,14.6,1.61,0.1104
ITA-5396,Caserta,Italy,maiz,81.4,10.57,0.1298
ITA-5396,Caserta,Italy,pota,85.9,2.37,0.0276
ITA-5396,Caserta,Italy,whea,50.6,7.33,0.1448
ITA-5426,Latina,Italy,barl,6.2,1.15,0.1843
ITA-5426,Latina,Italy,maiz,66.3,6.76,0.1019
ITA-5426,Latina,Italy,pota,11.8,0.31,0.0266
ITA-5426,Latina,Italy,whea,29.4,7.03,0.2391
ITA-5422,Roma,Italy,barl,23.0,1.98,0.0861
ITA-5422,Roma,Italy,maiz,19.9,1.39,0.0699
ITA-5422,Roma,Italy,pota,16.1,0.27,0.0164
ITA-5422,Roma,Italy,whea,81.6,11.01,0.1349
ITA-5423,Viterbo,Italy,barl,29.3,2.24,0.0763
ITA-5423,Viterbo,Italy,maiz,53.4,3.51,0.0656
ITA-5423,Viterbo,Italy,pota,21.7,0.34,0.0155
ITA-5423,Viterbo,Italy,whea,102.9,12.8,0.1244
ITA-5379,Grosseto,Italy,barl,18.3,1.0,0.0549
ITA-5379,Grosseto,Italy,maiz,52.9,2.63,0.0497
ITA-5379,Grosseto,Italy,pota,8.4,0.1,0.0116
ITA-5379,Grosseto,Italy,rice,1.2,1.09,0.9263
ITA-5379,Grosseto,Italy,sorg,6.6,0.28,0.0431
ITA-5379,Grosseto,Italy,whea,80.8,6.94,0.0859
ITA-5380,Livorno,Italy,barl,1.4,0.07,0.0543
ITA-5380,Livorno,Italy,maiz,5.7,0.28,0.0479
ITA-5380,Livorno,Italy,whea,6.5,0.55,0.0853
ITA-5381,Pisa,Italy,barl,14.9,0.81,0.0544
ITA-5381,Pisa,Italy,maiz,8.0,0.3,0.038
ITA-5381,Pisa,Italy,pota,4.1,0.04,0.0104
ITA-5381,Pisa,Italy,sorg,5.0,0.21,0.0417
ITA-5381,Pisa,Italy,whea,65.7,5.41,0.0823
ITA-5383,Lucca,Italy,barl,3.3,3.36,1.016
ITA-5383,Lucca,Italy,sorg,1.1,0.88,0.8352
ITA-5383,Lucca,Italy,whea,14.4,16.61,1.1519
ITA-5370,La Spezia,Italy,pota,4.1,0.2,0.0482
ITA-5367,Genova,Italy,pota,1.7,0.09,0.0512
ITA-5368,Savona,Italy,pota,6.8,0.2,0.0298
FRA-5351,Var,France,barl,4.7,0.36,0.0772
FRA-5351,Var,France,rice,5.2,0.89,0.1695
FRA-5351,Var,France,whea,16.1,1.67,0.1038
FRA-5274,Bouches-du-Rhône,France,barl,13.7,1.35,0.0983
FRA-5274,Bouches-du-Rhône,France,maiz,13.1,0.66,0.0505
FRA-5274,Bouches-du-Rhône,France,pota,18.6,0.11,0.0059
FRA-5274,Bouches-du-Rhône,France,rice,4.8,1.01,0.2124
FRA-5274,Bouches-du-Rhône,France,sorg,3.2,0.34,0.1046
FRA-5274,Bouches-du-Rhône,France,whea,59.1,7.53,0.1273
FRA-5293,Gard,France,barl,18.1,1.93,0.1068
FRA-5293,Gard,France,maiz,11.5,0.61,0.0534
FRA-5293,Gard,France,pota,11.2,0.07,0.0058
FRA-5293,Gard,France,rape,2.2,0.57,0.2592
FRA-5293,Gard,France,rice,8.1,1.64,0.2011
FRA-5293,Gard,France,sorg,4.2,0.49,0.1156
FRA-5293,Gard,France,soyb,1.1,0.31,0.2661
FRA-5293,Gard,France,whea,95.5,13.13,0.1374
FRA-5307,Hérault,France,barl,19.8,2.54,0.1282
FRA-5307,Hérault,France,maiz,9.0,0.47,0.0518
FRA-5307,Hérault,France,pota,5.6,0.03,0.0054
FRA-5307,Hérault,France,rape,2.9,1.05,0.3594
FRA-5307,Hérault,France,rice,10.9,2.13,0.1955
FRA-5307,Hérault,France,sorg,4.0,0.56,0.1389
FRA-5307,Hérault,France,soyb,1.8,0.72,0.394
FRA-5307,Hérault,France,whea,99.2,15.52,0.1564
FRA-5271,Aude,France,barl,33.0,3.23,0.0979
FRA-5271,Aude,France,maiz,38.0,2.15,0.0565
FRA-5271,Aude,France,pota,11.1,0.07,0.0062
FRA-5271,Aude,France,rape,4.8,1.16,0.2413
FRA-5271,Aude,France,rice,10.9,2.06,0.1891
FRA-5271,Aude,France,sorg,7.6,0.85,0.1117
FRA-5271,Aude,France,soyb,4.5,1.01,0.2269
FRA-5271,Aude,France,whea,155.1,20.17,0.13
ESP-5809,Barcelona,Spain,barl,143.4,28.2,0.1966
ESP-5809,Barcelona,Spain,pota,1.5,0.04,0.0273
ESP-5809,Barcelona,Spain,rape,7.4,2.63,0.3566
ESP-5809,Barcelona,Spain,whea,76.0,17.05,0.2243
ESP-5846,Tarragona,Spain,barl,126.2,25.17,0.1994
ESP-5846,Tarragona,Spain,maiz,93.3,25.88,0.2775
ESP-5846,Tarragona,Spain,pota,6.8,0.51,0.0747
ESP-5846,Tarragona,Spain,rape,6.3,1.52,0.2408
ESP-5846,Tarragona,Spain,rice,33.3,57.36,1.7206
ESP-5846,Tarragona,Spain,whea,65.2,12.75,0.1954
ESP-5814,Castellón,Spain,barl,26.3,4.77,0.1811
ESP-5814,Castellón,Spain,pota,10.0,0.52,0.0517
ESP-5814,Castellón,Spain,rice,13.1,13.12,0.9998
ESP-5814,Castellón,Spain,whea,68.0,26.27,0.3866
ESP-5849,Valencia,Spain,barl,75.0,10.78,0.1437
ESP-5849,Valencia,Spain,maiz,2.2,0.27,0.1201
ESP-5849,Valencia,Spain,pota,37.1,1.85,0.0499
ESP-5849,Valencia,Spain,rice,61.2,61.11,0.9979
ESP-5849,Valencia,Spain,whea,123.7,37.18,0.3006
ESP-5803,Alicante,Spain,barl,13.5,3.09,0.2286
ESP-5803,Alicante,Spain,maiz,1.7,0.12,0.074
ESP-5803,Alicante,Spain,pota,17.3,0.83,0.0483
ESP-5803,Alicante,Spain,rice,26.4,25.47,0.9638
ESP-5803,Alicante,Spain,whea,46.6,13.09,0.2808
ESP-5836,Murcia,Spain,barl,101.3,25.61,0.2528
ESP-5836,Murcia,Spain,maiz,2.5,0.3,0.1186
ESP-5836,Murcia,Spain,pota,144.4,7.19,0.0498
ESP-5836,Murcia,Spain,rice,8.3,8.99,1.0799
ESP-5836,Murcia,Spain,whea,112.6,36.78,0.3266
ESP-5804,Almería,Spain,barl,41.7,7.12,0.1707
ESP-5804,Almería,Spain,cott,4.4,2.33,0.5259
ESP-5804,Almería,Spain,maiz,4.0,0.4,0.1002
ESP-5804,Almería,Spain,pota,17.6,0.6,0.0342
ESP-5804,Almería,Spain,rice,9.2,9.21,1.0055
ESP-5804,Almería,Spain,whea,113.4,24.09,0.2125
ESP-5821,Granada,Spain,barl,72.3,9.85,0.1363
ESP-5821,Granada,Spain,cott,16.2,7.85,0.4831
ESP-5821,Granada,Spain,maiz,11.0,1.0,0.0914
ESP-5821,Granada,Spain,pota,34.3,1.02,0.0297
ESP-5821,Granada,Spain,rape,1.5,0.4,0.2747
ESP-5821,Granada,Spain,rice,21.9,20.49,0.9357
ESP-5821,Granada,Spain,sorg,1.6,0.28,0.1714
ESP-5821,Granada,Spain,whea,200.0,35.74,0.1787
ESP-5834,Málaga,Spain,barl,39.4,5.54,0.1407
ESP-5834,Málaga,Spain,cott,11.0,5.02,0.455
ESP-5834,Málaga,Spain,maiz,7.2,0.64,0.0892
ESP-5834,Málaga,Spain,pota,19.5,0.57,0.029
ESP-5834,Málaga,Spain,rice,13.7,14.35,1.0472
ESP-5834,Málaga,Spain,whea,106.7,19.54,0.1832
ESP-5844,Sevilla,Spain,barl,112.4,15.9,0.1414
ESP-5844,Sevilla,Spain,cott,56.7,28.48,0.5021
ESP-5844,Sevilla,Spain,maiz,43.9,4.09,0.0931
ESP-5844,Sevilla,Spain,pota,83.2,2.53,0.0304
ESP-5844,Sevilla,Spain,rape,1.5,0.41,0.2682
ESP-5844,Sevilla,Spain,rice,85.9,80.95,0.9419
ESP-5844,Sevilla,Spain,sorg,2.0,0.36,0.1785
ESP-5844,Sevilla,Spain,whea,213.4,36.96,0.1732
PRT-5498,Setúbal,Portugal,barl,5.1,2.9,0.5649
PRT-5498,Setúbal,Portugal,maiz,32.7,8.61,0.2631
PRT-5498,Setúbal,Portugal,pota,12.2,1.69,0.1388
PRT-5498,Setúbal,Portugal,rice,17.8,43.95,2.4637
PRT-5498,Setúbal,Portugal,whea,6.3,3.97,0.633
PRT-746,Lisboa,Portugal,barl,1.9,0.55,0.2957
PRT-746,Lisboa,Portugal,maiz,46.8,7.58,0.1619
PRT-746,Lisboa,Portugal,pota,37.7,1.98,0.0526
PRT-746,Lisboa,Portugal,rice,13.0,32.23,2.4795
PRT-746,Lisboa,Portugal,whea,3.0,0.94,0.3079
PRT-748,Santarém,Portugal,barl,3.3,1.27,0.3826
PRT-748,Santarém,Portugal,maiz,94.5,24.8,0.2624
PRT-748,Santarém,Portugal,pota,22.9,1.53,0.0668
PRT-748,Santarém,Portugal,rice,41.2,96.52,2.3399
PRT-748,Santarém,Portugal,whea,5.2,2.4,0.46
PRT-740,Leiria,Portugal,maiz,11.5,3.58,0.3117
PRT-740,Leiria,Portugal,pota,11.8,0.72,0.0609
PRT-740,Leiria,Portugal,rice,1.1,0.64,0.557
PRT-752,Coimbra,Portugal,maiz,40.9,13.79,0.3375
PRT-752,Coimbra,Portugal,pota,8.5,1.08,0.1268
PRT-752,Coimbra,Portugal,rice,5.3,11.82,2.2473
PRT-739,Aveiro,Portugal,maiz,17.1,18.57,1.0891
PRT-739,Aveiro,Portugal,pota,4.5,1.8,0.3998
PRT-739,Aveiro,Portugal,rice,2.7,4.69,1.7613
PRT-754,Porto,Portugal,maiz,57.9,16.7,0.2883
PRT-754,Porto,Portugal,pota,35.0,3.56,0.1018
ESP-5827,La Coruña,Spain,pota,138.5,9.07,0.0655
ESP-5827,La Coruña,Spain,whea,136.2,61.3,0.4501
ESP-5832,Lugo,Spain,barl,5.3,1.28,0.2432
ESP-5832,Lugo,Spain,pota,214.9,13.43,0.0625
ESP-5832,Lugo,Spain,whea,234.7,99.06,0.422
ESP-5805,Asturias,Spain,barl,22.1,4.19,0.1891
ESP-5805,Asturias,Spain,pota,20.1,0.82,0.0406
ESP-5805,Asturias,Spain,whea,157.2,42.95,0.2733
ESP-5813,Cantabria,Spain,barl,4.9,0.84,0.1719
ESP-5813,Cantabria,Spain,pota,5.4,0.84,0.1559
ESP-5813,Cantabria,Spain,whea,66.5,69.04,1.0386
ESP-5851,Bizkaia,Spain,barl,1.3,0.67,0.513
ESP-5851,Bizkaia,Spain,pota,6.0,0.99,0.165
FRA-5313,Landes,France,barl,23.1,5.31,0.2304
FRA-5313,Landes,France,maiz,646.1,86.77,0.1343
FRA-5313,Landes,France,pota,47.1,0.65,0.0139
FRA-5313,Landes,France,rape,8.2,4.72,0.5788
FRA-5313,Landes,France,sorg,12.9,3.42,0.2651
FRA-5313,Landes,France,soyb,19.2,10.42,0.543
FRA-5313,Landes,France,whea,211.3,65.98,0.3122
FRA-5295,Gironde,France,barl,23.9,4.54,0.1899
FRA-5295,Gironde,France,maiz,315.0,53.8,0.1708
FRA-5295,Gironde,France,pota,10.5,0.9,0.0855
FRA-5295,Gironde,France,rape,8.4,3.46,0.4112
FRA-5295,Gironde,France,sorg,14.0,2.95,0.2107
FRA-5295,Gironde,France,soyb,17.5,6.8,0.3878
FRA-5295,Gironde,France,whea,210.9,46.67,0.2213
FRA-5278,Charente-Maritime,France,barl,84.4,16.2,0.1919
FRA-5278,Charente-Maritime,France,maiz,524.6,101.86,0.1941
FRA-5278,Charente-Maritime,France,pota,13.6,0.56,0.0415
FRA-5278,Charente-Maritime,France,rape,30.3,12.63,0.4171
FRA-5278,Charente-Maritime,France,sorg,6.3,1.39,0.2191
FRA-5278,Charente-Maritime,France,soyb,2.0,0.72,0.3618
FRA-5278,Charente-Maritime,France,whea,255.3,57.54,0.2254
FRA-5353,Vendée,France,barl,70.3,20.64,0.2935
FRA-5353,Vendée,France,maiz,572.1,98.97,0.173
FRA-5353,Vendée,France,pota,29.3,0.91,0.0312
FRA-5353,Vendée,France,rape,34.0,18.04,0.5303
FRA-5353,Vendée,France,sorg,3.1,1.2,0.3874
FRA-5353,Vendée,France,whea,423.8,108.99,0.2572
FRA-5316,Loire-Atlantique,France,barl,81.3,22.74,0.2798
FRA-5316,Loire-Atlantique,France,maiz,117.7,16.15,0.1372
FRA-5316,Loire-Atlantique,France,pota,5.4,0.07,0.0132
FRA-5316,Loire-Atlantique,France,rape,41.2,22.51,0.546
FRA-5316,Loire-Atlantique,France,sorg,3.1,0.96,0.3147
FRA-5316,Loire-Atlantique,France,whea,526.1,151.27,0.2875
FRA-5327,Morbihan,France,barl,141.0,48.94,0.3471
FRA-5327,Morbihan,France,maiz,430.2,80.32,0.1867
FRA-5327,Morbihan,France,pota,137.5,4.6,0.0335
FRA-5327,Morbihan,France,rape,42.3,30.02,0.7101
FRA-5327,Morbihan,France,whea,615.7,232.51,0.3776
FRA-5292,Finistère,France,barl,117.6,66.11,0.5623
FRA-5292,Finistère,France,maiz,101.6,34.42,0.3389
FRA-5292,Finistère,France,pota,117.8,7.01,0.0595
FRA-5292,Finistère,France,rape,33.6,37.44,1.1134
FRA-5292,Finistère,France,whea,509.9,298.2,0.5848
FRA-5283,Côtes-d'Armor,France,barl,124.0,51.19,0.4127
FRA-5283,Côtes-d'Armor,France,maiz,248.0,49.38,0.1991
FRA-5283,Côtes-d'Armor,France,pota,122.4,5.08,0.0415
FRA-5283,Côtes-d'Armor,France,rape,36.5,30.37,0.833
FRA-5283,Côtes-d'Armor,France,whea,537.7,236.82,0.4404
FRA-5308,Ille-et-Vilaine,France,barl,141.6,32.73,0.2312
FRA-5308,Ille-et-Vilaine,France,maiz,526.4,69.36,0.1318
FRA-5308,Ille-et-Vilaine,France,pota,130.2,2.84,0.0218
FRA-5308,Ille-et-Vilaine,France,rape,44.2,20.8,0.4703
FRA-5308,Ille-et-Vilaine,France,whea,627.9,158.14,0.2519
FRA-5322,Manche,France,barl,97.8,68.73,0.7031
FRA-5322,Manche,France,maiz,76.0,30.36,0.3996
FRA-5322,Manche,France,pota,22.5,1.56,0.0692
FRA-5322,Manche,France,rape,44.0,61.01,1.3867
FRA-5322,Manche,France,whea,523.7,402.39,0.7684
FRA-5275,Calvados,France,barl,115.7,49.97,0.4318
FRA-5275,Calvados,France,maiz,72.3,19.41,0.2686
FRA-5275,Calvados,France,pota,42.4,1.23,0.0291
FRA-5275,Calvados,France,rape,52.2,46.37,0.8881
FRA-5275,Calvados,France,whea,588.8,302.22,0.5133
FRA-5290,Eure,France,barl,198.4,37.55,0.1892
FRA-5290,Eure,France,maiz,58.3,5.52,0.0946
FRA-5290,Eure,France,pota,368.8,4.43,0.012
FRA-5290,Eure,France,rape,121.1,50.65,0.4183
FRA-5290,Eure,France,whea,601.8,154.55,0.2568
FRA-5343,Seine-Maritime,France,barl,161.0,52.53,0.3263
FRA-5343,Seine-Maritime,France,maiz,40.6,7.43,0.1829
FRA-5343,Seine-Maritime,France,pota,349.4,6.9,0.0198
FRA-5343,Seine-Maritime,France,rape,102.8,72.36,0.7037
FRA-5343,Seine-Maritime,France,whea,517.5,217.34,0.42
FRA-5345,Somme,France,barl,150.5,64.1,0.4259
FRA-5345,Somme,France,maiz,91.9,22.93,0.2495
FRA-5345,Somme,France,pota,1451.3,38.28,0.0264
FRA-5345,Somme,France,rape,73.2,63.22,0.8631
FRA-5345,Somme,France,whea,408.2,193.28,0.4734
FRA-5334,Pas-de-Calais,France,barl,181.4,76.45,0.4214
FRA-5334,Pas-de-Calais,France,maiz,136.6,33.56,0.2458
FRA-5334,Pas-de-Calais,France,pota,1452.5,56.9,0.0392
FRA-5334,Pas-de-Calais,France,rape,65.6,56.72,0.8645
FRA-5334,Pas-de-Calais,France,whea,918.3,454.66,0.4951
NLD-3485,Zuid-Holland,Netherlands,barl,6.1,6.95,1.1491
NLD-3485,Zuid-Holland,Netherlands,pota,429.3,83.74,0.1951
NLD-3485,Zuid-Holland,Netherlands,whea,60.0,79.97,1.3332
NLD-3486,Noord-Holland,Netherlands,barl,9.4,14.26,1.5206
NLD-3486,Noord-Holland,Netherlands,pota,405.6,100.42,0.2476
NLD-3486,Noord-Holland,Netherlands,whea,54.0,80.57,1.4915
NLD-895,Friesland,Netherlands,barl,14.3,38.3,2.6709
NLD-895,Friesland,Netherlands,maiz,1.7,3.86,2.2822
NLD-895,Friesland,Netherlands,pota,539.6,227.29,0.4212
NLD-895,Friesland,Netherlands,whea,107.3,263.96,2.4593
DEU-1575,Bremen,Germany,barl,7.7,10.99,1.4331
DEU-1575,Bremen,Germany,maiz,6.9,6.7,0.9703
DEU-1575,Bremen,Germany,pota,27.8,5.95,0.214
DEU-1575,Bremen,Germany,rape,1.8,4.59,2.591
DEU-1575,Bremen,Germany,whea,18.2,23.98,1.3189
DEU-1578,Hamburg,Germany,barl,1.8,2.31,1.2785
DNK-3416,Midtjylland,Denmark,barl,1382.0,919.95,0.6656
DNK-3416,Midtjylland,Denmark,maiz,12.9,9.09,0.7055
DNK-3416,Midtjylland,Denmark,pota,1183.7,214.69,0.1814
DNK-3416,Midtjylland,Denmark,rape,151.2,210.46,1.3916
DNK-3416,Midtjylland,Denmark,whea,1247.8,885.04,0.7093
DNK-3418,Nordjylland,Denmark,barl,527.7,435.63,0.8256
DNK-3418,Nordjylland,Denmark,maiz,1.2,0.93,0.784
DNK-3418,Nordjylland,Denmark,pota,118.9,21.79,0.1833
DNK-3418,Nordjylland,Denmark,rape,74.3,130.46,1.7551
DNK-3418,Nordjylland,Denmark,whea,803.0,684.79,0.8528
VEN-48,Nueva Esparta,Venezuela,rice,2.3,0.24,0.1052
GRD-5070,Saint Andrew,Grenada,sugc,3.3,0.03,0.0101
IND-2474,Andaman and Nicobar,India,rice,19.1,18.86,0.9882
IND-2474,Andaman and Nicobar,India,sugc,6.5,0.54,0.0839
BRB-1996,Saint Michael,Barbados,sugc,58.7,2.02,0.0344
DMA-1440,Saint Paul,Dominica,sugc,3.1,0.03,0.0084
PRI-5260,Puerto Rico,Puerto Rico,rice,2.3,0.02,0.0092
DOM-1987,La Altagracia,Dominican Republic,maiz,4.6,2.76,0.5981
DOM-1987,La Altagracia,Dominican Republic,oilp,37.1,7.31,0.1971
DOM-1987,La Altagracia,Dominican Republic,rice,123.7,29.35,0.2373
DOM-1987,La Altagracia,Dominican Republic,sugc,590.2,18.02,0.0305
JAM-1379,Saint Ann,Jamaica,sugc,10.2,0.17,0.0167
JAM-1375,Trelawny,Jamaica,sugc,13.7,0.35,0.0255
JAM-1374,Saint James,Jamaica,sugc,5.8,0.08,0.0138
JAM-1371,Hanover,Jamaica,sugc,60.9,4.61,0.0757
JAM-1373,Saint Elizabeth,Jamaica,sugc,45.5,0.96,0.021
JAM-1372,Manchester,Jamaica,pota,1.2,0.11,0.0899
JAM-1372,Manchester,Jamaica,sugc,141.0,2.95,0.0209
JAM-1370,Clarendon,Jamaica,sugc,20.0,0.46,0.0228
JAM-1380,Saint Catherine,Jamaica,pota,1.3,0.15,0.1122
JAM-1380,Saint Catherine,Jamaica,sugc,54.8,2.01,0.0366
JAM-1383,Saint Thomas,Jamaica,sugc,16.4,0.21,0.013
JAM-1378,Portland,Jamaica,pota,5.9,0.38,0.0644
JAM-1378,Portland,Jamaica,sugc,1.9,0.03,0.015
DOM-1986,El Seybo,Dominican Republic,maiz,2.4,1.61,0.6717
DOM-1986,El Seybo,Dominican Republic,oilp,33.4,6.92,0.2073
DOM-1986,El Seybo,Dominican Republic,sugc,523.0,17.18,0.0328
DOM-1980,Hato Mayor,Dominican Republic,maiz,1.2,0.88,0.7187
DOM-1980,Hato Mayor,Dominican Republic,oilp,21.9,4.72,0.2157
DOM-1980,Hato Mayor,Dominican Republic,sugc,342.5,12.05,0.0352
DOM-1982,María Trinidad Sánchez,Dominican Republic,maiz,1.4,0.96,0.6928
DOM-1982,María Trinidad Sánchez,Dominican Republic,oilp,8.1,1.77,0.2185
DOM-1982,María Trinidad Sánchez,Dominican Republic,rice,52.7,57.85,1.0969
DOM-1982,María Trinidad Sánchez,Dominican Republic,sugc,103.5,3.88,0.0375
DOM-1967,Espaillat,Dominican Republic,oilp,3.0,0.71,0.233
DOM-1967,Espaillat,Dominican Republic,sugc,54.7,2.19,0.04
DOM-1965,Puerto Plata,Dominican Republic,oilp,4.4,1.07,0.2434
DOM-1965,Puerto Plata,Dominican Republic,rice,5.2,1.63,0.3137
DOM-1965,Puerto Plata,Dominican Republic,sugc,83.5,3.88,0.0465
HTI-1387,Nord,Haiti,grou,1.4,0.42,0.3014
HTI-1387,Nord,Haiti,maiz,8.7,1.27,0.1456
HTI-1387,Nord,Haiti,rice,11.5,36.47,3.1601
HTI-1387,Nord,Haiti,sugc,126.2,0.68,0.0054
HTI-1384,L'Artibonite,Haiti,grou,1.1,0.28,0.2676
HTI-1384,L'Artibonite,Haiti,maiz,17.8,2.59,0.1455
HTI-1384,L'Artibonite,Haiti,rice,63.9,192.13,3.0086
HTI-1384,L'Artibonite,Haiti,sorg,2.6,0.42,0.16
HTI-1384,L'Artibonite,Haiti,sugc,495.2,2.79,0.0056
HTI-1360,Nippes,Haiti,maiz,9.1,1.27,0.1399
HTI-1360,Nippes,Haiti,sugc,26.6,0.13,0.005
DOM-1970,Barahona,Dominican Republic,maiz,2.1,0.86,0.4155
DOM-1970,Barahona,Dominican Republic,rice,38.0,8.85,0.2327
DOM-1970,Barahona,Dominican Republic,sugc,123.4,3.06,0.0248
DOM-1974,Azua,Dominican Republic,maiz,1.9,1.01,0.5383
DOM-1974,Azua,Dominican Republic,oilp,3.0,0.35,0.1152
DOM-1974,Azua,Dominican Republic,rice,12.3,2.71,0.2198
DOM-1974,Azua,Dominican Republic,sugc,210.1,4.52,0.0215
DOM-1977,Peravia,Dominican Republic,oilp,1.6,0.4,0.2531
DOM-1977,Peravia,Dominican Republic,rice,14.9,25.37,1.7051
DOM-1977,Peravia,Dominican Republic,sugc,32.7,1.53,0.0469
DOM-1984,San Cristóbal,Dominican Republic,oilp,2.7,0.72,0.2688
DOM-1984,San Cristóbal,Dominican Republic,rice,9.3,15.2,1.6393
DOM-1984,San Cristóbal,Dominican Republic,sugc,38.0,2.12,0.0559
DOM-1394,Santo Domingo,Dominican Republic,maiz,1.9,1.51,0.7953
DOM-1394,Santo Domingo,Dominican Republic,oilp,31.7,7.17,0.2264
DOM-1394,Santo Domingo,Dominican Republic,sugc,465.5,18.0,0.0387
CUB-1364,Camagüey,Cuba,maiz,34.7,103.85,2.9937
CUB-1364,Camagüey,Cuba,pota,15.3,4.8,0.3137
CUB-1364,Camagüey,Cuba,rice,26.0,102.07,3.9214
CUB-1364,Camagüey,Cuba,sugc,1197.3,231.65,0.1935
CUB-1363,Ciego de Ávila,Cuba,maiz,16.2,52.99,3.265
CUB-1363,Ciego de Ávila,Cuba,pota,6.5,2.27,0.3517
CUB-1363,Ciego de Ávila,Cuba,rice,16.1,57.57,3.5667
CUB-1363,Ciego de Ávila,Cuba,sugc,763.5,137.18,0.1797
CUB-1367,Holguín,Cuba,maiz,22.0,11.98,0.5457
CUB-1367,Holguín,Cuba,pota,7.4,0.55,0.0739
CUB-1367,Holguín,Cuba,rice,16.7,14.44,0.863
CUB-1367,Holguín,Cuba,sugc,1096.8,30.46,0.0278
CUB-1320,Isla de la Juventud,Cuba,maiz,1.5,2.14,1.4565
CUB-1320,Isla de la Juventud,Cuba,pota,1.7,0.3,0.1718
CUB-1320,Isla de la Juventud,Cuba,sugc,19.6,1.4,0.0711
CUB-1322,Sancti Spíritus,Cuba,maiz,19.9,22.69,1.1372
CUB-1322,Sancti Spíritus,Cuba,pota,8.2,0.91,0.112
CUB-1322,Sancti Spíritus,Cuba,rice,22.9,59.69,2.6079
CUB-1322,Sancti Spíritus,Cuba,sugc,1165.9,100.25,0.086
CUB-1431,Villa Clara,Cuba,maiz,23.9,22.44,0.9399
CUB-1431,Villa Clara,Cuba,pota,8.6,0.92,0.1066
CUB-1431,Villa Clara,Cuba,rice,17.5,22.43,1.2803
CUB-1431,Villa Clara,Cuba,sugc,1043.3,51.38,0.0492
CUB-1430,Matanzas,Cuba,maiz,19.9,51.15,2.569
CUB-1430,Matanzas,Cuba,pota,8.3,2.34,0.2815
CUB-1430,Matanzas,Cuba,rice,28.1,82.61,2.9399
CUB-1430,Matanzas,Cuba,sugc,1447.0,187.42,0.1295
RUS-2390,Kalmyk,Russia,barl,91.1,9.85,0.1081
RUS-2390,Kalmyk,Russia,maiz,9.7,0.65,0.067
RUS-2390,Kalmyk,Russia,pota,9.2,0.12,0.0125
RUS-2390,Kalmyk,Russia,rice,19.7,0.63,0.0321
RUS-2390,Kalmyk,Russia,whea,723.8,36.73,0.0508
AZE-1701,Dəvəçi,Azerbaijan,barl,1.6,0.4,0.2487
AZE-1712,Siyəzən,Azerbaijan,barl,4.5,1.46,0.3245
AZE-1712,Siyəzən,Azerbaijan,pota,15.7,0.69,0.0443
AZE-1712,Siyəzən,Azerbaijan,whea,9.8,2.01,0.2045
AZE-1719,Xizı,Azerbaijan,barl,9.5,2.69,0.2833
AZE-1719,Xizı,Azerbaijan,whea,7.8,2.07,0.2672
AZE-1715,Salyan,Azerbaijan,barl,64.0,11.36,0.1773
AZE-1715,Salyan,Azerbaijan,cott,10.9,4.48,0.4102
AZE-1715,Salyan,Azerbaijan,maiz,3.0,0.25,0.0845
AZE-1715,Salyan,Azerbaijan,pota,5.4,0.19,0.0349
AZE-1715,Salyan,Azerbaijan,whea,24.5,5.9,0.2405
AZE-1710,Neftçala,Azerbaijan,barl,11.7,1.94,0.1668
AZE-1710,Neftçala,Azerbaijan,cott,7.8,3.57,0.4554
AZE-1710,Neftçala,Azerbaijan,whea,5.2,1.23,0.2344
AZE-1707,Lankaran,Azerbaijan,barl,2.0,0.36,0.175
AZE-1707,Lankaran,Azerbaijan,cott,2.5,1.09,0.4407
AZE-1707,Lankaran,Azerbaijan,pota,12.4,0.36,0.0293
AZE-1707,Lankaran,Azerbaijan,whea,17.4,4.21,0.2422
AZE-1708,Masallı,Azerbaijan,barl,1.7,0.34,0.2
AZE-1708,Masallı,Azerbaijan,maiz,1.0,0.08,0.0832
AZE-1708,Masallı,Azerbaijan,pota,3.4,0.14,0.0396
AZE-1708,Masallı,Azerbaijan,rice,1.8,3.37,1.8816
AZE-1708,Masallı,Azerbaijan,whea,13.5,3.61,0.2676
IRN-3214,Mazandaran,Iran,barl,63.0,17.57,0.2791
IRN-3214,Mazandaran,Iran,pota,39.2,2.7,0.069
IRN-3214,Mazandaran,Iran,rape,23.4,8.42,0.3603
IRN-3214,Mazandaran,Iran,rice,1269.6,690.08,0.5435
IRN-3214,Mazandaran,Iran,soyb,20.4,5.23,0.2564
IRN-3214,Mazandaran,Iran,sugc,285.0,5.34,0.0187
IRN-3214,Mazandaran,Iran,whea,117.3,26.1,0.2224
MUS-5192,Rivière du Rempart,Mauritius,pota,5.4,0.49,0.0909
MUS-5192,Rivière du Rempart,Mauritius,sugc,1372.2,34.7,0.0253
MUS-5193,Rivière Noire,Mauritius,pota,3.0,0.39,0.1273
MUS-5193,Rivière Noire,Mauritius,sugc,289.6,8.47,0.0292
MUS-5185,Grand Port,Mauritius,pota,5.8,0.55,0.095
MUS-5185,Grand Port,Mauritius,sugc,831.2,20.43,0.0246
TZA-3337,Zanzibar South and Central,United Republic of Tanzania,rice,1.6,0.58,0.3707
TZA-3337,Zanzibar South and Central,United Republic of Tanzania,sugc,11.1,0.06,0.0052
STP-4861,São Tomé,Sao Tome and Principe,oilp,20.7,0.04,0.002
STP-4862,Príncipe,Sao Tome and Principe,oilp,2.4,0.01,0.0043
GNQ-1478,Bioko Norte,Equatorial Guinea,oilp,1.9,0.01,0.0079
ESP-5842,Santa Cruz de Tenerife,Spain,maiz,3.7,0.31,0.0823
ESP-5842,Santa Cruz de Tenerife,Spain,pota,79.1,3.12,0.0394
ESP-5842,Santa Cruz de Tenerife,Spain,whea,8.6,2.39,0.2782
ESP-5829,Las Palmas,Spain,maiz,3.3,0.32,0.096
ESP-5829,Las Palmas,Spain,pota,22.8,0.84,0.0368
GRC-2990,Kriti,Greece,barl,8.6,2.58,0.2984
GRC-2990,Kriti,Greece,pota,28.9,1.08,0.0373
GRC-3013,Notio Aigaio,Greece,barl,3.4,0.85,0.2466
GRC-3013,Notio Aigaio,Greece,pota,6.7,0.27,0.0398
GRC-3013,Notio Aigaio,Greece,whea,3.9,0.91,0.2356
CYP-3465,Paphos,Cyprus,pota,4.7,0.3,0.0644
MLT-5923,Rabat,Malta,pota,8.0,0.6,0.0751
ITA-5409,Trapani,Italy,barl,2.4,0.1,0.0399
ITA-5409,Trapani,Italy,pota,26.0,0.13,0.0048
ITA-5409,Trapani,Italy,whea,114.2,5.81,0.0509
GRC-2988,Voreio Aigaio,Greece,barl,8.1,0.84,0.1029
GRC-2988,Voreio Aigaio,Greece,pota,2.2,0.05,0.0213
GRC-2988,Voreio Aigaio,Greece,whea,57.3,6.16,0.1074
GRC-2883,Ionioi Nisoi,Greece,pota,13.9,0.69,0.0499
GRC-2883,Ionioi Nisoi,Greece,whea,1.8,0.71,0.3912
ITA-5411,Messina,Italy,pota,7.2,0.08,0.0116
ITA-5411,Messina,Italy,whea,25.0,2.18,0.0873
ITA-5410,Palermo,Italy,barl,4.6,0.28,0.0611
ITA-5410,Palermo,Italy,pota,61.2,0.48,0.0078
ITA-5410,Palermo,Italy,whea,249.7,18.63,0.0746
ITA-5417,Agrigento,Italy,barl,3.2,0.18,0.0553
ITA-5417,Agrigento,Italy,pota,35.0,0.24,0.0069
ITA-5417,Agrigento,Italy,whea,175.0,12.25,0.07
ITA-5416,Caltanissetta,Italy,barl,2.3,0.12,0.0515
ITA-5416,Caltanissetta,Italy,pota,24.7,0.15,0.0062
ITA-5416,Caltanissetta,Italy,whea,129.9,8.48,0.0653
ITA-5415,Ragusa,Italy,barl,1.1,0.08,0.0722
ITA-5415,Ragusa,Italy,pota,16.5,0.21,0.0125
ITA-5415,Ragusa,Italy,whea,61.3,5.33,0.0869
ITA-5414,Siracusa,Italy,barl,1.1,0.06,0.0505
ITA-5414,Siracusa,Italy,pota,34.1,0.3,0.0087
ITA-5414,Siracusa,Italy,whea,61.8,3.81,0.0616
ITA-5413,Catania,Italy,barl,1.9,0.09,0.0492
ITA-5413,Catania,Italy,pota,26.3,0.24,0.009
ITA-5413,Catania,Italy,whea,105.0,6.56,0.0624
ESP-5808,Baleares,Spain,barl,76.2,5.5,0.0722
ESP-5808,Baleares,Spain,maiz,1.4,0.06,0.0444
ESP-5808,Baleares,Spain,pota,41.8,0.58,0.0138
ESP-5808,Baleares,Spain,whea,52.7,4.23,0.0803
ITA-5371,Carbonia-Iglesias,Italy,barl,3.1,0.34,0.1104
ITA-5371,Carbonia-Iglesias,Italy,whea,7.7,1.2,0.1554
ITA-5374,Sassari,Italy,barl,11.1,1.42,0.1286
ITA-5374,Sassari,Italy,maiz,4.3,0.3,0.0709
ITA-5374,Sassari,Italy,pota,6.7,0.11,0.016
ITA-5374,Sassari,Italy,rice,3.7,4.25,1.1364
ITA-5374,Sassari,Italy,whea,29.0,4.99,0.1721
ITA-5376,Nuoro,Italy,barl,3.3,0.73,0.2203
ITA-5376,Nuoro,Italy,maiz,1.1,0.11,0.0965
ITA-5376,Nuoro,Italy,pota,2.5,0.06,0.0222
ITA-5376,Nuoro,Italy,whea,8.9,2.38,0.2669
ITA-5375,Olbia-Tempio,Italy,barl,2.7,0.51,0.1925
ITA-5375,Olbia-Tempio,Italy,whea,6.6,1.62,0.2467
ITA-5373,Oristrano,Italy,barl,8.1,1.16,0.1437
ITA-5373,Oristrano,Italy,maiz,4.5,0.35,0.0778
ITA-5373,Oristrano,Italy,pota,6.3,0.12,0.0183
ITA-5373,Oristrano,Italy,rice,5.8,6.61,1.1411
ITA-5373,Oristrano,Italy,whea,19.7,3.8,0.1932
ITA-5372,Medio Campidano,Italy,barl,7.6,0.82,0.1079
ITA-5372,Medio Campidano,Italy,maiz,4.4,0.32,0.0719
ITA-5372,Medio Campidano,Italy,pota,6.0,0.11,0.0181
ITA-5372,Medio Campidano,Italy,rice,6.0,5.53,0.9171
ITA-5372,Medio Campidano,Italy,whea,18.0,2.79,0.1548
ITA-5378,Cagliari,Italy,barl,11.9,1.37,0.1148
ITA-5378,Cagliari,Italy,maiz,5.3,0.37,0.0701
ITA-5378,Cagliari,Italy,pota,6.1,0.09,0.0152
ITA-5378,Cagliari,Italy,rice,6.2,5.49,0.8836
ITA-5378,Cagliari,Italy,whea,28.7,4.73,0.1651
ITA-5377,Ogliastra,Italy,whea,1.0,0.36,0.361
FRA-5297,Haute-Corse,France,barl,1.1,0.08,0.0781
FRA-5297,Haute-Corse,France,maiz,4.3,0.13,0.0306
FRA-5297,Haute-Corse,France,whea,21.0,1.43,0.0679
FRA-5281,Corse-du-Sud,France,whea,7.2,0.9,0.1263
GBR-2758,Isle of Wight,United Kingdom,barl,9.7,2.1,0.2156
GBR-2758,Isle of Wight,United Kingdom,pota,1.9,0.09,0.0446
GBR-2758,Isle of Wight,United Kingdom,rape,1.8,1.37,0.7746
GBR-2758,Isle of Wight,United Kingdom,whea,9.2,3.85,0.4204
GBR-2128,Anglesey,United Kingdom,barl,1.9,1.17,0.6052
GBR-2128,Anglesey,United Kingdom,pota,1.2,0.13,0.109
GBR-2128,Anglesey,United Kingdom,whea,13.9,12.16,0.8756
DNK-3420,Sjaælland,Denmark,barl,685.9,100.07,0.1459
DNK-3420,Sjaælland,Denmark,maiz,2.1,0.2,0.0934
DNK-3420,Sjaælland,Denmark,pota,12.4,0.32,0.0257
DNK-3420,Sjaælland,Denmark,rape,126.1,43.98,0.3489
DNK-3420,Sjaælland,Denmark,whea,587.7,101.3,0.1724
DNK-3419,Hovedstaden,Denmark,barl,96.5,16.11,0.167
DNK-3419,Hovedstaden,Denmark,pota,1.5,0.05,0.0338
DNK-3419,Hovedstaden,Denmark,rape,18.2,8.28,0.4559
DNK-3419,Hovedstaden,Denmark,whea,68.4,14.87,0.2175
SWE-193,Gotland,Sweden,barl,30.6,53.31,1.7443
SWE-193,Gotland,Sweden,pota,27.3,6.49,0.2376
SWE-193,Gotland,Sweden,rape,4.0,11.7,2.9318
SWE-193,Gotland,Sweden,whea,76.5,105.47,1.3789
ALD-4810,Jomala,Aland,barl,1.5,10.07,6.5416
ALD-4810,Jomala,Aland,pota,8.3,7.54,0.913
ALD-4810,Jomala,Aland,whea,1.3,8.6,6.6131
AUS-2660,Tasmania,Australia,barl,13.9,28.29,2.0291
AUS-2660,Tasmania,Australia,pota,221.3,94.26,0.426
AUS-2660,Tasmania,Australia,rape,2.4,6.08,2.5333
AUS-2660,Tasmania,Australia,whea,19.7,46.27,2.3442
IDN-1232,Bali,Indonesia,grou,7.8,2.33,0.3009
IDN-1232,Bali,Indonesia,maiz,17.7,10.51,0.594
IDN-1232,Bali,Indonesia,pota,13.2,1.12,0.0849
IDN-1232,Bali,Indonesia,rice,369.7,767.43,2.0759
IDN-1232,Bali,Indonesia,soyb,2.0,2.79,1.3856
SGP-4871,Central Singapore,Singapore,oilp,74.6,2.27,0.0304
THA-377,Phuket,Thailand,oilp,5.2,0.22,0.0423
THA-377,Phuket,Thailand,sugc,3.9,0.16,0.0415
JPN-3502,Okinawa,Japan,rice,2.5,0.94,0.3694
JPN-3502,Okinawa,Japan,sugc,173.9,7.65,0.044
KOR-2510,Jeju,South Korea,barl,5.4,4.36,0.8015
KOR-2510,Jeju,South Korea,maiz,1.8,0.92,0.5011
KOR-2510,Jeju,South Korea,pota,25.5,4.24,0.1661
KOR-2510,Jeju,South Korea,soyb,5.0,6.06,1.214
RUS-3468,Kamchatka,Russia,pota,27.6,31.52,1.1428
EST-2352,Saare,Estonia,barl,25.4,72.74,2.8659
EST-2352,Saare,Estonia,pota,4.2,2.02,0.4746
EST-2352,Saare,Estonia,rape,8.9,42.36,4.7432
EST-2352,Saare,Estonia,whea,38.0,102.29,2.6904
EST-1660,Hiiu,Estonia,barl,1.2,4.6,3.8041
EST-1660,Hiiu,Estonia,whea,1.8,6.59,3.5832
SLB-3509,Makira,Solomon Islands,oilp,7.4,0.08,0.0108
SLB-1260,Malaita,Solomon Islands,oilp,8.9,0.09,0.0095
SLB-1263,Guadalcanal,Solomon Islands,oilp,67.9,0.3,0.0045
SLB-3507,Western,Solomon Islands,oilp,7.2,0.06,0.0089
SLB-1264,Isabel,Solomon Islands,oilp,4.5,0.06,0.0131
TLS-545,Ainaro,East Timor,maiz,1.0,0.13,0.121
TLS-550,Manatuto,East Timor,maiz,16.5,1.28,0.0775
TLS-550,Manatuto,East Timor,rice,10.3,21.7,2.1029
TLS-552,Viqueque,East Timor,maiz,8.1,0.99,0.1227
TLS-552,Viqueque,East Timor,rice,3.4,6.44,1.9053
TLS-553,Lautém,East Timor,maiz,3.0,0.51,0.1664
TLS-553,Lautém,East Timor,rice,1.6,4.78,2.9301
TLS-546,Baucau,East Timor,maiz,12.2,1.4,0.1153
TLS-546,Baucau,East Timor,rice,9.2,26.1,2.8498
PNG-1245,North Solomons,Papua New Guinea,oilp,2.5,0.81,0.3189
PNG-1245,North Solomons,Papua New Guinea,sugc,1.5,0.23,0.15
PNG-1257,West New Britain,Papua New Guinea,oilp,45.4,6.95,0.1533
PNG-1257,West New Britain,Papua New Guinea,sugc,18.6,1.91,0.1031
PNG-1250,East New Britain,Papua New Guinea,oilp,7.2,0.52,0.072
PNG-1250,East New Britain,Papua New Guinea,sugc,5.1,0.43,0.0842
PNG-1255,New Ireland,Papua New Guinea,oilp,2.1,0.09,0.0437
IDN-1231,Bangka-Belitung,Indonesia,oilp,2955.0,592.34,0.2005
IDN-1231,Bangka-Belitung,Indonesia,pota,2.2,0.45,0.2055
IDN-1231,Bangka-Belitung,Indonesia,rice,54.3,42.3,0.7796
PHL-2519,Basilan,Philippines,rice,1.7,5.0,2.9058
PHL-2519,Basilan,Philippines,sugc,80.3,6.02,0.075
PHL-2517,Siquijor,Philippines,maiz,12.4,1.7,0.1369
PHL-2517,Siquijor,Philippines,rice,1.8,10.84,6.0542
PHL-2517,Siquijor,Philippines,sugc,367.5,9.7,0.0264
PHL-2513,Bohol,Philippines,maiz,30.8,4.55,0.1475
PHL-2513,Bohol,Philippines,oilp,38.9,3.06,0.0785
PHL-2513,Bohol,Philippines,pota,1.2,0.06,0.0452
PHL-2513,Bohol,Philippines,rice,219.0,457.71,2.0899
PHL-2530,Guimaras,Philippines,maiz,4.5,3.54,0.7797
PHL-2530,Guimaras,Philippines,rice,2.9,17.61,6.1341
PHL-2530,Guimaras,Philippines,sugc,17.6,1.12,0.0636
PHL-2518,Negros Occidental,Philippines,pota,2.7,0.3,0.1092
PHL-2518,Negros Occidental,Philippines,rice,154.5,502.95,3.2547
PHL-2518,Negros Occidental,Philippines,sugc,22.8,1.09,0.0479
PHL-2516,Negros Oriental,Philippines,pota,2.4,0.2,0.0853
PHL-2516,Negros Oriental,Philippines,rice,97.0,271.2,2.7947
PHL-2516,Negros Oriental,Philippines,sugc,204.1,8.97,0.0439
PHL-5522,Cebu,Philippines,rice,1.6,11.02,6.885
PHL-5522,Cebu,Philippines,sugc,110.5,7.18,0.065
PHL-2514,Cebu,Philippines,maiz,193.9,29.06,0.1498
PHL-2514,Cebu,Philippines,pota,1.1,0.05,0.0456
PHL-2514,Cebu,Philippines,rice,6.7,38.56,5.7557
PHL-2514,Cebu,Philippines,sugc,98.2,5.63,0.0573
PHL-5533,Puerto Princesa,Philippines,maiz,1.7,0.08,0.0468
PHL-5533,Puerto Princesa,Philippines,oilp,4.1,0.07,0.0168
PHL-5533,Puerto Princesa,Philippines,rice,23.2,4.34,0.1869
PHL-5534,Ormoc,Philippines,maiz,22.7,0.6,0.0265
PHL-5534,Ormoc,Philippines,rice,70.3,158.42,2.2532
PHL-5534,Ormoc,Philippines,sugc,77.8,0.33,0.0043
PHL-2525,Aklan,Philippines,maiz,1.8,0.41,0.2262
PHL-2525,Aklan,Philippines,rice,79.1,152.87,1.9324
PHL-2525,Aklan,Philippines,sugc,537.9,20.22,0.0376
PHL-2526,Antique,Philippines,maiz,8.6,1.4,0.1624
PHL-2526,Antique,Philippines,rice,527.5,273.55,0.5186
PHL-2526,Antique,Philippines,sugc,524.7,16.98,0.0324
PHL-2529,Iloilo,Philippines,grou,1.7,1.31,0.7649
PHL-2529,Iloilo,Philippines,maiz,51.5,19.51,0.3786
PHL-2529,Iloilo,Philippines,pota,2.7,0.33,0.1242
PHL-2529,Iloilo,Philippines,rice,115.8,91.86,0.7932
PHL-2529,Iloilo,Philippines,sugc,320.0,14.3,0.0447
PHL-2528,Capiz,Philippines,maiz,28.4,5.27,0.1853
PHL-2528,Capiz,Philippines,rice,151.3,248.63,1.6429
PHL-2528,Capiz,Philippines,sugc,790.4,25.59,0.0324
PHL-2535,Romblon,Philippines,rice,23.4,46.41,1.9852
PHL-2535,Romblon,Philippines,sugc,327.7,6.13,0.0187
PHL-2586,Northern Samar,Philippines,maiz,22.5,0.59,0.0262
PHL-2586,Northern Samar,Philippines,pota,5.5,0.04,0.008
PHL-2586,Northern Samar,Philippines,rice,136.3,96.99,0.7116
PHL-2540,Masbate,Philippines,maiz,13.3,1.64,0.1228
PHL-2540,Masbate,Philippines,rice,109.6,182.05,1.6607
PHL-2571,Mindoro Oriental,Philippines,maiz,27.5,1.03,0.0375
PHL-2571,Mindoro Oriental,Philippines,rice,589.5,620.27,1.0522
PHL-2571,Mindoro Oriental,Philippines,sugc,553.9,5.91,0.0107
PHL-2570,Mindoro Occidental,Philippines,maiz,38.5,1.54,0.0399
PHL-2570,Mindoro Occidental,Philippines,rice,490.9,398.19,0.8112
PHL-2570,Mindoro Occidental,Philippines,sugc,892.2,10.71,0.012
PHL-2569,Marinduque,Philippines,rice,23.7,61.56,2.5943
PHL-2539,Catanduanes,Philippines,maiz,2.1,0.21,0.1014
PHL-2539,Catanduanes,Philippines,pota,1.5,0.05,0.0356
PHL-2539,Catanduanes,Philippines,rice,28.3,26.96,0.9523
PHL-2539,Catanduanes,Philippines,sugc,1414.2,32.38,0.0229
NCL-1259,Sud,New Caledonia,maiz,4.7,0.22,0.0461
NCL-1259,Sud,New Caledonia,pota,1.7,0.06,0.0381
FJI-2620,Western,Fiji,sugc,1195.7,17.85,0.0149
FJI-2617,Central,Fiji,rice,2.5,1.32,0.5292
FJI-2617,Central,Fiji,sugc,28.2,1.54,0.0545
SLB-3508,Choiseul,Solomon Islands,oilp,4.9,0.07,0.0135
CUB-1368,Las Tunas,Cuba,maiz,19.9,33.09,1.6654
CUB-1368,Las Tunas,Cuba,pota,7.2,1.53,0.2136
CUB-1368,Las Tunas,Cuba,rice,11.9,16.56,1.3953
CUB-1368,Las Tunas,Cuba,sugc,800.5,48.0,0.06
CUB-5489,Mayabeque,Cuba,maiz,7.5,7.08,0.9503
CUB-5489,Mayabeque,Cuba,pota,3.5,0.37,0.1052
CUB-5489,Mayabeque,Cuba,rice,19.8,60.27,3.047
CUB-5489,Mayabeque,Cuba,sugc,991.9,28.08,0.0283
CUB-1428,Ciudad de la Habana,Cuba,sugc,43.9,1.07,0.0245
CUB-1429,Artemisa,Cuba,maiz,3.4,1.2,0.3564
CUB-1429,Artemisa,Cuba,pota,1.6,0.09,0.0569
CUB-1429,Artemisa,Cuba,rice,8.2,29.82,3.6494
CUB-1429,Artemisa,Cuba,sugc,387.8,11.0,0.0284
CUB-1321,Pinar del Río,Cuba,maiz,17.9,18.96,1.0591
CUB-1321,Pinar del Río,Cuba,pota,15.2,1.33,0.0873
CUB-1321,Pinar del Río,Cuba,rice,30.9,97.03,3.1383
CUB-1321,Pinar del Río,Cuba,sugc,1696.9,131.01,0.0772
CUB-1319,Cienfuegos,Cuba,maiz,10.0,15.65,1.5664
CUB-1319,Cienfuegos,Cuba,pota,4.7,0.81,0.1736
CUB-1319,Cienfuegos,Cuba,rice,10.7,21.67,2.0306
CUB-1319,Cienfuegos,Cuba,sugc,613.4,56.69,0.0924
CUB-1366,Granma,Cuba,maiz,29.5,44.65,1.5144
CUB-1366,Granma,Cuba,pota,8.0,1.19,0.1484
CUB-1366,Granma,Cuba,rice,36.3,129.98,3.5836
CUB-1366,Granma,Cuba,sugc,1308.9,132.27,0.101
CUB-1369,Santiago de Cuba,Cuba,maiz,7.7,2.03,0.2618
CUB-1369,Santiago de Cuba,Cuba,pota,5.2,0.39,0.0758
CUB-1369,Santiago de Cuba,Cuba,rice,7.7,6.38,0.8325
CUB-1369,Santiago de Cuba,Cuba,sugc,541.9,10.88,0.0201
CAN-687,Prince Edward Island,Canada,barl,61.1,28.83,0.4721
CAN-687,Prince Edward Island,Canada,maiz,27.6,4.43,0.1602
CAN-687,Prince Edward Island,Canada,pota,966.3,124.37,0.1287
CAN-687,Prince Edward Island,Canada,soyb,32.2,8.53,0.2651
CAN-687,Prince Edward Island,Canada,whea,43.1,18.3,0.425
NZL-3408,Southland,New Zealand,barl,35.7,37.07,1.0368
NZL-3401,Marlborough District,New Zealand,barl,3.1,0.42,0.134
NZL-3401,Marlborough District,New Zealand,maiz,1.2,0.06,0.0521
NZL-3401,Marlborough District,New Zealand,whea,12.2,0.03,0.0026
NZL-3403,Tasman District,New Zealand,pota,1.3,0.06,0.0478
NZL-3406,West Coast,New Zealand,barl,5.2,5.7,1.0933
NZL-3407,Otago,New Zealand,barl,41.9,20.08,0.4796
NZL-3407,Otago,New Zealand,maiz,22.6,3.32,0.1469
NZL-3400,Canterbury,New Zealand,barl,168.8,41.0,0.2429
NZL-3400,Canterbury,New Zealand,maiz,152.4,28.02,0.1839
NZL-3400,Canterbury,New Zealand,rape,2.0,1.52,0.7648
NZL-3398,Auckland,New Zealand,pota,320.4,2.4,0.0075
NZL-3398,Auckland,New Zealand,whea,51.1,0.15,0.003
NZL-5468,Waikato,New Zealand,barl,18.2,37.73,2.0696
NZL-5468,Waikato,New Zealand,maiz,2.5,2.0,0.7901
NZL-5469,Wellington,New Zealand,barl,17.6,31.76,1.8089
NZL-5469,Wellington,New Zealand,maiz,3.8,7.32,1.9414
NZL-5469,Wellington,New Zealand,whea,31.2,1.03,0.0331
NZL-3334,Manawatu-Wanganui,New Zealand,barl,11.6,9.67,0.8325
NZL-3334,Manawatu-Wanganui,New Zealand,maiz,3.6,7.44,2.0782
NZL-3334,Manawatu-Wanganui,New Zealand,pota,132.4,11.2,0.0846
NZL-3334,Manawatu-Wanganui,New Zealand,whea,158.9,5.49,0.0345
NZL-3405,Taranaki,New Zealand,barl,4.1,4.54,1.1165
NZL-3404,Northland,New Zealand,barl,4.9,2.24,0.4602
NZL-3404,Northland,New Zealand,maiz,1.9,0.72,0.3734
NZL-3404,Northland,New Zealand,pota,52.8,0.59,0.0111
NZL-3404,Northland,New Zealand,whea,7.4,0.01,0.002
NZL-3399,Bay of Plenty,New Zealand,barl,4.5,7.38,1.64
NZL-3396,Gisborne District,New Zealand,barl,1.6,1.33,0.8568
NZL-3397,Hawke's Bay,New Zealand,barl,14.5,4.92,0.3401
NZL-3397,Hawke's Bay,New Zealand,pota,19.7,0.7,0.0353
NZL-3397,Hawke's Bay,New Zealand,whea,180.6,0.93,0.0051
ZWE-527,Midlands,Zimbabwe,barl,5.2,0.14,0.0276
ZWE-527,Midlands,Zimbabwe,cott,22.6,1.51,0.0666
ZWE-527,Midlands,Zimbabwe,grou,7.3,1.75,0.2411
ZWE-527,Midlands,Zimbabwe,maiz,153.1,15.84,0.1035
ZWE-527,Midlands,Zimbabwe,pota,29.3,0.0,0.0001
ZWE-527,Midlands,Zimbabwe,sorg,20.0,3.57,0.1787
ZWE-527,Midlands,Zimbabwe,soyb,10.5,0.52,0.0498
ZWE-527,Midlands,Zimbabwe,sugc,277.3,0.29,0.0011
ZWE-527,Midlands,Zimbabwe,whea,12.5,0.47,0.0378
ZWE-525,Harare,Zimbabwe,maiz,1.2,0.17,0.1341
ZWE-525,Harare,Zimbabwe,sugc,1.9,0.01,0.0032
ZWE-531,Bulawayo,Zimbabwe,maiz,1.3,0.17,0.1279
ZWE-531,Bulawayo,Zimbabwe,sugc,1.1,0.0,0.0009
YEM-337,Ma'rib,Yemen,barl,1.0,0.04,0.0422
YEM-337,Ma'rib,Yemen,maiz,1.2,0.02,0.0181
YEM-337,Ma'rib,Yemen,pota,17.3,0.07,0.0042
YEM-337,Ma'rib,Yemen,sorg,1.2,1.09,0.868
YEM-337,Ma'rib,Yemen,whea,4.9,1.12,0.228
YEM-3496,Sana'a,Yemen,maiz,7.3,1.44,0.1966
YEM-3496,Sana'a,Yemen,pota,12.1,0.09,0.0077
YEM-3496,Sana'a,Yemen,sorg,3.6,2.27,0.6256
YEM-3496,Sana'a,Yemen,whea,10.7,2.61,0.2449
YEM-3499,Raymah,Yemen,maiz,1.9,0.12,0.064
YEM-3499,Raymah,Yemen,sorg,2.7,1.96,0.7217
YEM-333,Al Bayda',Yemen,pota,3.0,0.03,0.0098
YEM-333,Al Bayda',Yemen,sorg,1.8,1.26,0.7177
YEM-333,Al Bayda',Yemen,whea,2.1,0.61,0.2877
YEM-155,Amran,Yemen,barl,6.9,2.06,0.2981
YEM-155,Amran,Yemen,maiz,4.0,0.6,0.1516
YEM-155,Amran,Yemen,pota,19.5,0.16,0.0084
YEM-155,Amran,Yemen,sorg,9.7,3.31,0.3419
YEM-155,Amran,Yemen,whea,6.4,1.34,0.2082
YEM-334,Al Dali',Yemen,maiz,2.1,0.87,0.4061
YEM-334,Al Dali',Yemen,sorg,2.1,1.82,0.8575
YEM-156,Ibb,Yemen,barl,2.2,0.88,0.4023
YEM-156,Ibb,Yemen,maiz,1.0,0.35,0.3441
YEM-156,Ibb,Yemen,pota,41.8,0.47,0.0113
YEM-156,Ibb,Yemen,sorg,9.7,9.47,0.9772
YEM-156,Ibb,Yemen,whea,4.3,1.0,0.2338
YEM-152,Al Mahwit,Yemen,maiz,2.5,0.71,0.2832
YEM-152,Al Mahwit,Yemen,pota,3.5,0.03,0.0086
YEM-152,Al Mahwit,Yemen,sorg,2.4,2.27,0.9454
YEM-152,Al Mahwit,Yemen,whea,1.0,0.38,0.36
YEM-153,Dhamar,Yemen,barl,6.0,1.28,0.2123
YEM-153,Dhamar,Yemen,maiz,2.7,0.27,0.1004
YEM-153,Dhamar,Yemen,pota,128.9,1.08,0.0084
YEM-153,Dhamar,Yemen,sorg,16.4,10.51,0.6417
YEM-153,Dhamar,Yemen,whea,11.6,1.4,0.1211
VNM-459,Hòa Bình,Vietnam,grou,5.6,1.18,0.2098
VNM-459,Hòa Bình,Vietnam,maiz,118.3,44.58,0.3767
VNM-459,Hòa Bình,Vietnam,pota,11.5,0.7,0.0611
VNM-459,Hòa Bình,Vietnam,rice,167.4,121.89,0.7282
VNM-459,Hòa Bình,Vietnam,sugc,217.1,9.14,0.0421
VNM-457,Tuyên Quang,Vietnam,grou,1.4,0.31,0.2229
VNM-457,Tuyên Quang,Vietnam,maiz,106.8,46.1,0.4315
VNM-457,Tuyên Quang,Vietnam,pota,3.5,0.26,0.0724
VNM-457,Tuyên Quang,Vietnam,rice,277.5,133.08,0.4795
VNM-457,Tuyên Quang,Vietnam,sugc,59.2,2.52,0.0426
VNM-458,Yên Bái,Vietnam,grou,4.9,1.04,0.2097
VNM-458,Yên Bái,Vietnam,maiz,97.9,36.79,0.3757
VNM-458,Yên Bái,Vietnam,pota,10.2,0.62,0.0611
VNM-458,Yên Bái,Vietnam,rice,221.2,169.97,0.7686
VNM-458,Yên Bái,Vietnam,sugc,195.7,8.26,0.0422
VNM-464,Vĩnh Phúc,Vietnam,grou,1.9,0.64,0.3256
VNM-464,Vĩnh Phúc,Vietnam,maiz,30.3,13.49,0.4456
VNM-464,Vĩnh Phúc,Vietnam,pota,2.4,0.19,0.0798
VNM-464,Vĩnh Phúc,Vietnam,rice,163.2,331.52,2.031
VNM-464,Vĩnh Phúc,Vietnam,sugc,49.3,2.33,0.0473
VNM-469,Phú Thọ,Vietnam,grou,9.5,2.41,0.2535
VNM-469,Phú Thọ,Vietnam,maiz,78.8,32.24,0.4093
VNM-469,Phú Thọ,Vietnam,pota,13.6,0.94,0.0688
VNM-469,Phú Thọ,Vietnam,rice,426.8,723.91,1.696
VNM-469,Phú Thọ,Vietnam,soyb,1.2,0.68,0.5537
VNM-469,Phú Thọ,Vietnam,sugc,310.2,13.65,0.044
VNM-462,Ha Noi,Vietnam,grou,10.2,3.34,0.3276
VNM-462,Ha Noi,Vietnam,maiz,125.5,51.09,0.4072
VNM-462,Ha Noi,Vietnam,pota,9.8,0.78,0.0801
VNM-462,Ha Noi,Vietnam,rice,1002.7,1962.52,1.9572
VNM-462,Ha Noi,Vietnam,soyb,1.4,0.95,0.6697
VNM-462,Ha Noi,Vietnam,sugc,231.4,11.07,0.0478
VNM-451,Đông Bắc,Vietnam,grou,5.2,1.01,0.1942
VNM-451,Đông Bắc,Vietnam,maiz,74.4,27.94,0.3756
VNM-451,Đông Bắc,Vietnam,pota,12.5,0.74,0.0592
VNM-451,Đông Bắc,Vietnam,rice,132.5,37.14,0.2804
VNM-451,Đông Bắc,Vietnam,sugc,199.0,8.3,0.0417
VNM-461,Đồng Bằng Sông Hồng,Vietnam,grou,2.7,0.64,0.237
VNM-461,Đồng Bằng Sông Hồng,Vietnam,maiz,19.6,7.8,0.399
VNM-461,Đồng Bằng Sông Hồng,Vietnam,pota,2.8,0.19,0.0651
VNM-461,Đồng Bằng Sông Hồng,Vietnam,rice,332.5,550.43,1.6555
VNM-461,Đồng Bằng Sông Hồng,Vietnam,sugc,56.7,2.51,0.0442
VNM-463,Bắc Ninh,Vietnam,grou,2.4,0.61,0.2586
VNM-463,Bắc Ninh,Vietnam,maiz,11.7,4.8,0.4124
VNM-463,Bắc Ninh,Vietnam,pota,2.5,0.18,0.0694
VNM-463,Bắc Ninh,Vietnam,rice,292.5,517.53,1.7694
VNM-463,Bắc Ninh,Vietnam,sugc,50.2,2.26,0.0451
VNM-470,Bắc Giang,Vietnam,grou,4.5,1.32,0.2921
VNM-470,Bắc Giang,Vietnam,maiz,48.7,20.57,0.4219
VNM-470,Bắc Giang,Vietnam,pota,8.2,0.61,0.074
VNM-470,Bắc Giang,Vietnam,rice,572.7,1103.41,1.9268
VNM-470,Bắc Giang,Vietnam,sugc,147.9,6.76,0.0457
VNM-452,Thái Nguyên,Vietnam,grou,7.2,1.86,0.2571
VNM-452,Thái Nguyên,Vietnam,maiz,86.4,34.98,0.4048
VNM-452,Thái Nguyên,Vietnam,pota,12.1,0.84,0.0695
VNM-452,Thái Nguyên,Vietnam,rice,542.5,961.47,1.7721
VNM-452,Thái Nguyên,Vietnam,sugc,258.4,11.45,0.0443
VNM-460,Hải Dương,Vietnam,grou,3.8,1.03,0.2739
VNM-460,Hải Dương,Vietnam,maiz,19.3,7.98,0.4141
VNM-460,Hải Dương,Vietnam,pota,4.4,0.32,0.0729
VNM-460,Hải Dương,Vietnam,rice,565.5,1023.2,1.8094
VNM-460,Hải Dương,Vietnam,sugc,81.2,3.74,0.046
VNM-467,Hà Nam,Vietnam,grou,4.3,1.23,0.2856
VNM-467,Hà Nam,Vietnam,maiz,37.7,16.25,0.4313
VNM-467,Hà Nam,Vietnam,pota,4.5,0.34,0.0743
VNM-467,Hà Nam,Vietnam,rice,527.5,1006.41,1.908
VNM-467,Hà Nam,Vietnam,sugc,93.2,4.31,0.0463
VNM-483,Bình Dương,Vietnam,grou,1.7,0.49,0.2821
VNM-483,Bình Dương,Vietnam,maiz,10.9,4.31,0.3948
VNM-483,Bình Dương,Vietnam,rice,98.4,66.64,0.677
VNM-483,Bình Dương,Vietnam,sugc,52.7,2.45,0.0465
VNM-480,Lâm Đồng,Vietnam,grou,2.2,0.46,0.2087
VNM-480,Lâm Đồng,Vietnam,maiz,51.5,19.49,0.3783
VNM-480,Lâm Đồng,Vietnam,rice,174.8,53.66,0.3069
VNM-480,Lâm Đồng,Vietnam,sugc,85.6,3.6,0.0421
VNM-499,Can Tho,Vietnam,grou,11.7,2.59,0.2207
VNM-499,Can Tho,Vietnam,maiz,9.0,3.45,0.3837
VNM-499,Can Tho,Vietnam,rice,1978.9,3114.65,1.5739
VNM-499,Can Tho,Vietnam,soyb,2.0,0.98,0.4861
VNM-499,Can Tho,Vietnam,sugc,207.3,9.14,0.0441
URY-15,Tacuarembó,Uruguay,barl,7.0,5.09,0.7301
URY-15,Tacuarembó,Uruguay,maiz,6.0,2.5,0.4177
URY-15,Tacuarembó,Uruguay,rape,1.3,1.63,1.2569
URY-15,Tacuarembó,Uruguay,soyb,24.6,2.42,0.0982
URY-15,Tacuarembó,Uruguay,whea,8.9,5.55,0.6238
URY-13,Durazno,Uruguay,barl,30.8,22.39,0.7258
URY-13,Durazno,Uruguay,maiz,21.9,9.07,0.415
URY-13,Durazno,Uruguay,pota,2.4,0.28,0.118
URY-13,Durazno,Uruguay,rape,5.5,6.81,1.2453
URY-13,Durazno,Uruguay,rice,1.3,0.51,0.3984
URY-13,Durazno,Uruguay,sorg,4.1,2.29,0.565
URY-13,Durazno,Uruguay,soyb,82.9,7.93,0.0957
URY-13,Durazno,Uruguay,whea,40.3,24.96,0.62
URY-7,Flores,Uruguay,barl,42.5,30.1,0.7084
URY-7,Flores,Uruguay,maiz,45.6,18.43,0.4043
URY-7,Flores,Uruguay,pota,3.9,0.45,0.1155
URY-7,Flores,Uruguay,rape,7.8,9.36,1.1972
URY-7,Flores,Uruguay,rice,2.5,0.89,0.3496
URY-7,Flores,Uruguay,sorg,5.7,3.1,0.5469
URY-7,Flores,Uruguay,soyb,138.6,8.81,0.0636
URY-7,Flores,Uruguay,whea,54.7,32.96,0.6028
URY-18,Florida,Uruguay,barl,56.2,26.87,0.4781
URY-18,Florida,Uruguay,maiz,50.4,13.29,0.2638
URY-18,Florida,Uruguay,pota,5.2,0.42,0.0792
URY-18,Florida,Uruguay,rape,10.0,8.23,0.8215
URY-18,Florida,Uruguay,rice,9.8,5.63,0.5777
URY-18,Florida,Uruguay,sorg,7.6,2.77,0.3663
URY-18,Florida,Uruguay,soyb,184.6,11.05,0.0598
URY-18,Florida,Uruguay,sugc,2.0,0.09,0.0437
URY-18,Florida,Uruguay,whea,72.9,29.66,0.4066
URY-19,Lavalleja,Uruguay,barl,17.1,10.62,0.6193
URY-19,Lavalleja,Uruguay,maiz,19.6,7.24,0.3693
URY-19,Lavalleja,Uruguay,pota,1.9,0.2,0.1063
URY-19,Lavalleja,Uruguay,rape,3.1,3.26,1.0563
URY-19,Lavalleja,Uruguay,rice,26.4,17.92,0.6802
URY-19,Lavalleja,Uruguay,sorg,2.4,1.16,0.487
URY-19,Lavalleja,Uruguay,soyb,59.0,3.79,0.0642
URY-19,Lavalleja,Uruguay,sugc,7.8,0.34,0.0434
URY-19,Lavalleja,Uruguay,whea,22.1,11.64,0.5268
VEN-45,Guárico,Venezuela,maiz,930.6,107.2,0.1152
VEN-45,Guárico,Venezuela,oilp,16.2,0.7,0.0435
VEN-45,Guárico,Venezuela,pota,18.0,0.74,0.0414
VEN-45,Guárico,Venezuela,rice,221.2,488.35,2.208
VEN-45,Guárico,Venezuela,sorg,21.8,3.96,0.182
VEN-45,Guárico,Venezuela,soyb,1.3,0.25,0.1885
VEN-45,Guárico,Venezuela,sugc,93.8,0.89,0.0095
VEN-32,Cojedes,Venezuela,maiz,47.9,17.61,0.3674
VEN-32,Cojedes,Venezuela,oilp,67.0,5.82,0.0868
VEN-32,Cojedes,Venezuela,rice,62.8,158.44,2.5222
VEN-32,Cojedes,Venezuela,sorg,3.6,2.54,0.7084
VEN-32,Cojedes,Venezuela,sugc,339.2,10.35,0.0305
VEN-26,Barinas,Venezuela,maiz,148.5,45.76,0.3081
VEN-26,Barinas,Venezuela,oilp,59.1,5.8,0.0981
VEN-26,Barinas,Venezuela,pota,26.1,2.28,0.0872
VEN-26,Barinas,Venezuela,rice,6.2,21.32,3.4278
VEN-26,Barinas,Venezuela,sorg,3.1,1.45,0.4711
VEN-26,Barinas,Venezuela,sugc,72.6,2.48,0.0341
VEN-34,Lara,Venezuela,maiz,20.6,2.11,0.1022
VEN-34,Lara,Venezuela,rice,70.9,15.03,0.212
VEN-34,Lara,Venezuela,sugc,408.8,3.69,0.009
VEN-35,Portuguesa,Venezuela,maiz,207.2,63.45,0.3062
VEN-35,Portuguesa,Venezuela,oilp,7.8,0.64,0.0828
VEN-35,Portuguesa,Venezuela,rice,92.1,207.99,2.2593
VEN-35,Portuguesa,Venezuela,sugc,1634.3,45.78,0.028
UKR-330,Poltava,Ukraine,barl,395.3,104.37,0.264
UKR-330,Poltava,Ukraine,maiz,1570.5,269.56,0.1716
UKR-330,Poltava,Ukraine,pota,862.7,61.77,0.0716
UKR-330,Poltava,Ukraine,rape,135.5,64.31,0.4746
UKR-330,Poltava,Ukraine,sorg,5.6,1.91,0.3406
UKR-330,Poltava,Ukraine,soyb,140.9,54.62,0.3877
UKR-330,Poltava,Ukraine,whea,1256.8,334.15,0.2659
UKR-290,Khmel'nyts'kyy,Ukraine,barl,258.5,22.73,0.0879
UKR-290,Khmel'nyts'kyy,Ukraine,maiz,1085.1,86.28,0.0795
UKR-290,Khmel'nyts'kyy,Ukraine,pota,954.4,38.61,0.0404
UKR-290,Khmel'nyts'kyy,Ukraine,rape,96.6,22.07,0.2285
UKR-290,Khmel'nyts'kyy,Ukraine,sorg,3.5,0.35,0.1
UKR-290,Khmel'nyts'kyy,Ukraine,soyb,103.6,12.55,0.1211
UKR-290,Khmel'nyts'kyy,Ukraine,whea,851.5,105.79,0.1242
UKR-292,Ternopil',Ukraine,barl,244.7,23.93,0.0978
UKR-292,Ternopil',Ukraine,maiz,957.5,86.7,0.0906
UKR-292,Ternopil',Ukraine,pota,993.1,45.9,0.0462
UKR-292,Ternopil',Ukraine,rape,88.5,23.14,0.2614
UKR-292,Ternopil',Ukraine,sorg,2.9,0.34,0.1153
UKR-292,Ternopil',Ukraine,soyb,88.5,11.06,0.1251
UKR-292,Ternopil',Ukraine,whea,844.9,115.7,0.137
UKR-326,Dnipropetrovs'k,Ukraine,barl,521.5,30.66,0.0588
UKR-326,Dnipropetrovs'k,Ukraine,maiz,2010.9,117.03,0.0582
UKR-326,Dnipropetrovs'k,Ukraine,pota,841.7,24.5,0.0291
UKR-326,Dnipropetrovs'k,Ukraine,rape,157.3,26.35,0.1675
UKR-326,Dnipropetrovs'k,Ukraine,rice,7.4,0.47,0.0632
UKR-326,Dnipropetrovs'k,Ukraine,sorg,7.7,0.54,0.0702
UKR-326,Dnipropetrovs'k,Ukraine,soyb,188.0,16.31,0.0868
UKR-326,Dnipropetrovs'k,Ukraine,whea,1608.9,147.57,0.0917
UKR-319,Cherkasy,Ukraine,barl,242.9,44.5,0.1832
UKR-319,Cherkasy,Ukraine,maiz,985.6,130.22,0.1321
UKR-319,Cherkasy,Ukraine,pota,708.2,42.95,0.0606
UKR-319,Cherkasy,Ukraine,rape,87.2,32.37,0.3712
UKR-319,Cherkasy,Ukraine,sorg,3.4,0.79,0.2337
UKR-319,Cherkasy,Ukraine,soyb,93.1,22.67,0.2437
UKR-319,Cherkasy,Ukraine,whea,790.7,167.5,0.2118
UKR-320,Kirovohrad,Ukraine,barl,407.1,23.17,0.0569
UKR-320,Kirovohrad,Ukraine,maiz,1600.0,93.47,0.0584
UKR-320,Kirovohrad,Ukraine,pota,710.9,21.82,0.0307
UKR-320,Kirovohrad,Ukraine,rape,138.2,23.36,0.169
UKR-320,Kirovohrad,Ukraine,rice,1.1,0.06,0.0565
UKR-320,Kirovohrad,Ukraine,sorg,5.8,0.38,0.0649
UKR-320,Kirovohrad,Ukraine,soyb,159.0,12.22,0.0769
UKR-320,Kirovohrad,Ukraine,whea,1316.7,119.91,0.0911
TUN-115,Siliana,Tunisia,barl,62.6,5.4,0.0863
TUN-115,Siliana,Tunisia,pota,19.8,0.59,0.0295
TUN-115,Siliana,Tunisia,whea,170.1,12.08,0.071
TUN-113,Sidi Bou Zid,Tunisia,barl,13.4,0.97,0.0723
TUN-113,Sidi Bou Zid,Tunisia,pota,69.8,1.86,0.0266
TUN-113,Sidi Bou Zid,Tunisia,whea,20.2,1.34,0.0662
TUN-118,Kairouan,Tunisia,barl,64.2,4.85,0.0755
TUN-118,Kairouan,Tunisia,pota,53.1,1.62,0.0305
TUN-118,Kairouan,Tunisia,whea,70.8,5.36,0.0757
TUN-120,Zaghouan,Tunisia,barl,25.5,1.93,0.0757
TUN-120,Zaghouan,Tunisia,pota,10.5,0.31,0.03
TUN-120,Zaghouan,Tunisia,whea,46.8,3.19,0.0683
CHE-3424,Bern,Switzerland,barl,43.2,11.69,0.2705
CHE-3424,Bern,Switzerland,maiz,34.8,4.36,0.1254
CHE-3424,Bern,Switzerland,pota,149.6,7.23,0.0484
CHE-3424,Bern,Switzerland,rape,15.0,8.75,0.5837
CHE-3424,Bern,Switzerland,whea,68.0,20.84,0.3064
CHE-163,Lucerne,Switzerland,barl,22.1,11.18,0.5058
CHE-163,Lucerne,Switzerland,maiz,22.0,5.4,0.2457
CHE-163,Lucerne,Switzerland,pota,15.1,1.27,0.0842
CHE-163,Lucerne,Switzerland,rape,7.8,8.04,1.0281
CHE-163,Lucerne,Switzerland,whea,122.2,68.91,0.5637
CHE-3421,Fribourg,Switzerland,barl,36.0,13.4,0.3721
CHE-3421,Fribourg,Switzerland,maiz,40.5,5.31,0.1311
CHE-3421,Fribourg,Switzerland,pota,124.4,7.43,0.0597
CHE-3421,Fribourg,Switzerland,rape,15.0,10.79,0.7182
CHE-3421,Fribourg,Switzerland,soyb,1.0,0.43,0.434
CHE-3421,Fribourg,Switzerland,whea,85.5,32.21,0.3767
PNG-1242,Chimbu,Papua New Guinea,oilp,132.7,9.29,0.07
PNG-1242,Chimbu,Papua New Guinea,sugc,9.1,0.42,0.0462
PNG-1238,Enga,Papua New Guinea,oilp,394.4,35.68,0.0905
PNG-1238,Enga,Papua New Guinea,sugc,39.8,2.41,0.0604
PNG-1247,Western Highlands,Papua New Guinea,oilp,1015.5,67.68,0.0666
PNG-1247,Western Highlands,Papua New Guinea,sugc,84.9,3.61,0.0426
PNG-1246,Southern Highlands,Papua New Guinea,oilp,483.9,25.02,0.0517
PNG-1246,Southern Highlands,Papua New Guinea,sugc,39.2,1.52,0.0388
PNG-1243,Eastern Highlands,Papua New Guinea,oilp,91.9,2.06,0.0225
PNG-1243,Eastern Highlands,Papua New Guinea,sugc,8.7,0.24,0.0278
MDA-1634,Criuleni,Moldova,barl,1.3,0.55,0.4262
MDA-1634,Criuleni,Moldova,maiz,10.8,1.1,0.1025
MDA-1634,Criuleni,Moldova,whea,6.8,0.85,0.1239
MDA-1647,Străşeni,Moldova,barl,1.2,1.49,1.2383
MDA-1647,Străşeni,Moldova,maiz,10.0,10.31,1.0329
MDA-1647,Străşeni,Moldova,whea,7.4,6.14,0.8282
MDA-1629,Anenii Noi,Moldova,barl,4.0,1.45,0.3673
MDA-1629,Anenii Noi,Moldova,maiz,26.9,2.13,0.0794
MDA-1629,Anenii Noi,Moldova,pota,4.8,0.19,0.0392
MDA-1629,Anenii Noi,Moldova,rape,1.7,0.6,0.3633
MDA-1629,Anenii Noi,Moldova,whea,20.8,2.09,0.1002
MDA-1643,Orhei,Moldova,barl,2.3,0.82,0.3552
MDA-1643,Orhei,Moldova,maiz,18.4,1.27,0.0687
MDA-1643,Orhei,Moldova,pota,3.3,0.13,0.0385
MDA-1643,Orhei,Moldova,rape,1.1,0.37,0.3491
MDA-1643,Orhei,Moldova,whea,13.4,1.18,0.0878
MDA-1648,Teleneşti,Moldova,barl,2.1,0.75,0.3502
MDA-1648,Teleneşti,Moldova,maiz,17.3,1.08,0.0625
MDA-1648,Teleneşti,Moldova,whea,11.3,0.92,0.082
MDA-1646,Şoldăneşti,Moldova,barl,1.5,0.49,0.3253
MDA-1646,Şoldăneşti,Moldova,maiz,14.9,0.78,0.0521
MDA-1646,Şoldăneşti,Moldova,whea,9.0,0.7,0.0775
MDA-1635,Floreşti,Moldova,barl,3.6,1.28,0.3525
MDA-1635,Floreşti,Moldova,maiz,29.0,1.84,0.0632
MDA-1635,Floreşti,Moldova,rape,1.6,0.55,0.3429
MDA-1635,Floreşti,Moldova,soyb,1.3,0.16,0.1209
MDA-1635,Floreşti,Moldova,whea,19.2,1.62,0.0843
MDA-1644,Rezina,Moldova,barl,1.4,0.5,0.3525
MDA-1644,Rezina,Moldova,maiz,11.4,0.73,0.0637
MDA-1644,Rezina,Moldova,whea,8.2,0.69,0.0842
MDA-1640,Ialoveni,Moldova,barl,1.5,0.55,0.3705
MDA-1640,Ialoveni,Moldova,maiz,11.0,0.91,0.0827
MDA-1640,Ialoveni,Moldova,whea,7.3,0.76,0.1045
TUR-2268,Bolu,Turkey,barl,27.0,8.9,0.3299
TUR-2268,Bolu,Turkey,maiz,108.8,18.84,0.1731
TUR-2268,Bolu,Turkey,pota,53.3,3.68,0.0691
TUR-2268,Bolu,Turkey,whea,77.4,25.6,0.3306
TUR-3008,Ankara,Turkey,barl,742.5,75.55,0.1017
TUR-3008,Ankara,Turkey,grou,5.0,0.49,0.097
TUR-3008,Ankara,Turkey,maiz,61.5,5.28,0.0859
TUR-3008,Ankara,Turkey,pota,88.3,2.53,0.0287
TUR-3008,Ankara,Turkey,rape,4.6,0.39,0.0832
TUR-3008,Ankara,Turkey,rice,1.4,0.25,0.1796
TUR-3008,Ankara,Turkey,whea,1539.8,161.25,0.1047
TUR-2263,Bilecik,Turkey,barl,34.1,5.01,0.1467
TUR-2263,Bilecik,Turkey,maiz,43.8,4.65,0.1062
TUR-2263,Bilecik,Turkey,pota,19.7,1.0,0.0509
TUR-2263,Bilecik,Turkey,rice,1.9,0.22,0.1148
TUR-2263,Bilecik,Turkey,whea,67.4,10.92,0.1622
TUR-2269,Eskisehir,Turkey,barl,241.0,28.54,0.1184
TUR-2269,Eskisehir,Turkey,grou,2.3,0.33,0.1437
TUR-2269,Eskisehir,Turkey,maiz,219.1,18.07,0.0825
TUR-2269,Eskisehir,Turkey,pota,79.7,2.63,0.033
TUR-2269,Eskisehir,Turkey,rape,2.2,0.21,0.0928
TUR-2269,Eskisehir,Turkey,rice,8.6,4.19,0.4852
TUR-2269,Eskisehir,Turkey,whea,513.1,64.22,0.1252
TUR-3009,Çankiri,Turkey,barl,51.4,5.13,0.0998
TUR-3009,Çankiri,Turkey,maiz,15.8,1.05,0.0664
TUR-3009,Çankiri,Turkey,pota,18.2,0.45,0.0246
TUR-3009,Çankiri,Turkey,rice,22.4,7.11,0.317
TUR-3009,Çankiri,Turkey,whea,268.4,26.1,0.0972
TUR-5520,Karabük,Turkey,barl,4.9,0.42,0.0857
TUR-5520,Karabük,Turkey,maiz,22.5,1.04,0.046
TUR-5520,Karabük,Turkey,whea,75.6,6.5,0.086
IND-3256,Jharkhand,India,barl,2.8,0.38,0.1374
IND-3256,Jharkhand,India,grou,58.5,6.9,0.1179
IND-3256,Jharkhand,India,maiz,807.8,103.85,0.1286
IND-3256,Jharkhand,India,pota,1313.3,48.93,0.0373
IND-3256,Jharkhand,India,rape,375.0,79.11,0.211
IND-3256,Jharkhand,India,rice,6220.2,1678.71,0.2699
IND-3256,Jharkhand,India,sorg,1.8,0.48,0.2689
IND-3256,Jharkhand,India,soyb,3.2,0.95,0.2972
IND-3256,Jharkhand,India,sugc,50.6,1.75,0.0345
IND-3256,Jharkhand,India,whea,590.3,74.93,0.1269
IND-2428,Delhi,India,cott,1.6,0.35,0.2193
IND-2428,Delhi,India,rape,7.3,0.95,0.13
IND-2428,Delhi,India,rice,23.7,17.5,0.7372
IND-2428,Delhi,India,sorg,1.2,0.28,0.2279
IND-2428,Delhi,India,sugc,28.3,0.25,0.0088
IND-2428,Delhi,India,whea,52.8,4.45,0.0842
IND-3261,Madhya Pradesh,India,barl,207.4,26.7,0.1288
IND-3261,Madhya Pradesh,India,cott,821.9,380.04,0.4624
IND-3261,Madhya Pradesh,India,grou,463.7,54.81,0.1182
IND-3261,Madhya Pradesh,India,maiz,4664.7,740.29,0.1587
IND-3261,Madhya Pradesh,India,pota,3660.8,146.04,0.0399
IND-3261,Madhya Pradesh,India,rape,1083.2,156.72,0.1447
IND-3261,Madhya Pradesh,India,rice,10301.5,2768.64,0.2688
IND-3261,Madhya Pradesh,India,sorg,144.8,38.62,0.2667
IND-3261,Madhya Pradesh,India,soyb,6125.6,1214.82,0.1983
IND-3261,Madhya Pradesh,India,sugc,8495.8,98.07,0.0115
IND-3261,Madhya Pradesh,India,whea,25476.3,4040.49,0.1586
USA-3526,Utah,United States of America,barl,25.9,3.1,0.1199
USA-3526,Utah,United States of America,maiz,94.6,8.74,0.0924
USA-3526,Utah,United States of America,pota,10.4,0.33,0.0316
USA-3526,Utah,United States of America,whea,151.1,26.17,0.1732
USA-3527,Wyoming,United States of America,barl,131.0,28.81,0.2199
USA-3527,Wyoming,United States of America,maiz,381.5,41.36,0.1084
USA-3527,Wyoming,United States of America,sorg,1.1,0.18,0.1692
USA-3527,Wyoming,United States of America,soyb,18.1,0.84,0.0463
USA-3527,Wyoming,United States of America,whea,150.2,60.19,0.4006
USA-3522,Colorado,United States of America,barl,108.1,7.18,0.0664
USA-3522,Colorado,United States of America,maiz,4989.8,228.77,0.0458
USA-3522,Colorado,United States of America,pota,978.5,18.17,0.0186
USA-3522,Colorado,United States of America,sorg,590.4,46.94,0.0795
USA-3522,Colorado,United States of America,soyb,34.8,1.45,0.0417
USA-3522,Colorado,United States of America,whea,2533.8,238.32,0.0941
USA-3534,South Dakota,United States of America,barl,35.5,3.83,0.1077
USA-3534,South Dakota,United States of America,maiz,17974.8,1639.75,0.0912
USA-3534,South Dakota,United States of America,pota,27.4,0.65,0.0238
USA-3534,South Dakota,United States of America,rape,19.3,3.15,0.1636
USA-3534,South Dakota,United States of America,sorg,300.5,50.26,0.1673
USA-3534,South Dakota,United States of America,soyb,6847.0,297.92,0.0435
USA-3534,South Dakota,United States of America,whea,1792.8,289.59,0.1615
USA-3532,Nebraska,United States of America,maiz,47273.9,3738.98,0.0791
USA-3532,Nebraska,United States of America,pota,347.9,11.07,0.0318
USA-3532,Nebraska,United States of America,sorg,266.1,39.15,0.1471
USA-3532,Nebraska,United States of America,soyb,7277.4,421.1,0.0579
USA-3532,Nebraska,United States of America,whea,1187.9,157.5,0.1326
USA-3530,Kansas,United States of America,barl,9.3,0.87,0.0934
USA-3530,Kansas,United States of America,cott,133.6,28.93,0.2165
USA-3530,Kansas,United States of America,maiz,21943.5,1504.06,0.0685
USA-3530,Kansas,United States of America,pota,72.1,1.53,0.0212
USA-3530,Kansas,United States of America,rape,7.5,1.61,0.2138
USA-3530,Kansas,United States of America,sorg,4758.1,567.61,0.1193
USA-3530,Kansas,United States of America,soyb,6799.8,284.42,0.0418
USA-3530,Kansas,United States of America,whea,8882.7,1095.48,0.1233
USA-3533,Oklahoma,United States of America,cott,385.0,113.54,0.2949
USA-3533,Oklahoma,United States of America,grou,26.0,4.12,0.1583
USA-3533,Oklahoma,United States of America,maiz,1508.5,173.66,0.1151
USA-3533,Oklahoma,United States of America,pota,38.8,1.03,0.0266
USA-3533,Oklahoma,United States of America,rape,9.5,3.65,0.3841
USA-3533,Oklahoma,United States of America,sorg,510.1,82.82,0.1623
USA-3533,Oklahoma,United States of America,soyb,736.4,63.46,0.0862
USA-3533,Oklahoma,United States of America,sugc,6.2,0.07,0.0109
USA-3533,Oklahoma,United States of America,whea,3726.2,468.62,0.1258
USA-3529,Iowa,United States of America,cott,1.6,0.36,0.223
USA-3529,Iowa,United States of America,maiz,49771.2,4412.05,0.0886
USA-3529,Iowa,United States of America,pota,20.4,0.47,0.0229
USA-3529,Iowa,United States of America,sorg,2.6,0.35,0.1363
USA-3529,Iowa,United States of America,soyb,13408.1,501.27,0.0374
USA-3529,Iowa,United States of America,whea,39.4,5.71,0.145
USA-3531,Missouri,United States of America,cott,267.6,141.27,0.5279
USA-3531,Missouri,United States of America,maiz,15318.4,1786.57,0.1166
USA-3531,Missouri,United States of America,pota,146.9,5.71,0.0389
USA-3531,Missouri,United States of America,rice,758.2,342.43,0.4516
USA-3531,Missouri,United States of America,sorg,38.5,8.16,0.2119
USA-3531,Missouri,United States of America,soyb,7295.7,430.95,0.0591
USA-3531,Missouri,United States of America,whea,581.0,153.67,0.2645
THA-438,Khon Kaen,Thailand,barl,5.4,1.81,0.3367
THA-438,Khon Kaen,Thailand,grou,2.2,0.29,0.1314
THA-438,Khon Kaen,Thailand,maiz,25.7,2.6,0.1012
THA-438,Khon Kaen,Thailand,oilp,5.8,0.18,0.0318
THA-438,Khon Kaen,Thailand,rice,924.8,1770.35,1.9143
THA-438,Khon Kaen,Thailand,sorg,3.7,1.39,0.3795
THA-438,Khon Kaen,Thailand,soyb,1.8,0.14,0.0785
THA-438,Khon Kaen,Thailand,sugc,4096.3,80.41,0.0196
THA-447,Sakon Nakhon,Thailand,maiz,1.0,0.09,0.0921
THA-447,Sakon Nakhon,Thailand,oilp,59.6,1.91,0.0321
THA-447,Sakon Nakhon,Thailand,rice,823.1,955.52,1.1609
THA-447,Sakon Nakhon,Thailand,sugc,610.2,11.39,0.0187
THA-403,Suphan Buri,Thailand,maiz,56.0,6.45,0.1152
THA-403,Suphan Buri,Thailand,oilp,9.6,0.4,0.0414
THA-403,Suphan Buri,Thailand,rice,1137.2,2987.35,2.6271
THA-403,Suphan Buri,Thailand,sugc,1170.5,28.1,0.024
THA-414,Sing Buri,Thailand,rice,173.3,644.18,3.7169
THA-407,Chai Nat,Thailand,oilp,1.9,0.08,0.0427
THA-407,Chai Nat,Thailand,rice,373.1,1345.27,3.6056
THA-406,Ang Thong,Thailand,rice,124.5,491.87,3.9492
THA-415,Saraburi,Thailand,maiz,69.0,15.1,0.219
THA-415,Saraburi,Thailand,oilp,9.3,0.67,0.0726
THA-415,Saraburi,Thailand,rice,390.4,1390.17,3.5607
THA-415,Saraburi,Thailand,sugc,460.8,15.2,0.033
THA-441,Nakhon Ratchasima,Thailand,maiz,463.1,51.1,0.1103
THA-441,Nakhon Ratchasima,Thailand,oilp,19.1,0.69,0.0359
THA-441,Nakhon Ratchasima,Thailand,rice,1276.8,1774.84,1.3901
THA-441,Nakhon Ratchasima,Thailand,sugc,4194.0,86.34,0.0206
THA-409,Nakhon Nayok,Thailand,maiz,8.9,2.08,0.2351
THA-409,Nakhon Nayok,Thailand,oilp,17.2,1.06,0.0617
THA-409,Nakhon Nayok,Thailand,rice,109.0,381.45,3.4992
THA-409,Nakhon Nayok,Thailand,sugc,73.1,2.63,0.0359
THA-413,Pathum Thani,Thailand,oilp,15.2,0.7,0.0462
THA-413,Pathum Thani,Thailand,rice,262.2,907.73,3.4613
THA-405,Uthai Thani,Thailand,maiz,93.2,9.53,0.1022
THA-405,Uthai Thani,Thailand,oilp,29.7,0.82,0.0276
THA-405,Uthai Thani,Thailand,rice,491.6,1514.48,3.0807
THA-405,Uthai Thani,Thailand,sugc,123.3,3.52,0.0286
THA-439,Kalasin,Thailand,maiz,1.0,0.09,0.0922
THA-439,Kalasin,Thailand,oilp,5.5,0.17,0.0306
THA-439,Kalasin,Thailand,rice,466.7,811.97,1.7397
THA-439,Kalasin,Thailand,sugc,161.9,3.11,0.0192
THA-442,Roi Et,Thailand,maiz,1.4,0.14,0.0972
THA-442,Roi Et,Thailand,oilp,6.6,0.21,0.0318
THA-442,Roi Et,Thailand,rice,799.4,1129.1,1.4125
THA-442,Roi Et,Thailand,sugc,1171.0,23.27,0.0199
THA-440,Maha Sarakham,Thailand,rice,252.9,659.01,2.6059
THA-440,Maha Sarakham,Thailand,sugc,648.0,12.72,0.0196
THA-449,Nong Bua Lam Phu,Thailand,barl,1.8,0.59,0.3236
THA-449,Nong Bua Lam Phu,Thailand,maiz,31.4,2.86,0.091
THA-449,Nong Bua Lam Phu,Thailand,oilp,21.3,0.65,0.0304
THA-449,Nong Bua Lam Phu,Thailand,rice,304.7,458.79,1.5059
THA-449,Nong Bua Lam Phu,Thailand,sugc,2136.0,40.82,0.0191
THA-408,Lop Buri,Thailand,maiz,238.8,39.88,0.167
THA-408,Lop Buri,Thailand,oilp,10.2,0.49,0.0479
THA-408,Lop Buri,Thailand,rice,595.0,2165.55,3.6397
THA-408,Lop Buri,Thailand,sugc,1469.8,39.51,0.0269
THA-448,Udon Thani,Thailand,maiz,4.7,0.44,0.0937
THA-448,Udon Thani,Thailand,oilp,66.1,2.05,0.031
THA-448,Udon Thani,Thailand,rice,725.0,994.92,1.3723
THA-448,Udon Thani,Thailand,sugc,2888.3,54.95,0.019
THA-412,Phra Nakhon Si Ayutthaya,Thailand,oilp,4.0,0.18,0.0437
THA-412,Phra Nakhon Si Ayutthaya,Thailand,rice,468.5,1621.19,3.4602
THA-412,Phra Nakhon Si Ayutthaya,Thailand,sugc,6.3,0.18,0.0291
THA-417,Nonthaburi,Thailand,rice,106.7,361.4,3.3858
THA-417,Nonthaburi,Thailand,sugc,61.1,1.65,0.027
THA-418,Nakhon Pathom,Thailand,rice,277.9,1198.72,4.3135
THA-400,Kamphaeng Phet,Thailand,maiz,64.9,5.68,0.0875
THA-400,Kamphaeng Phet,Thailand,oilp,15.6,0.39,0.0252
THA-400,Kamphaeng Phet,Thailand,rice,940.4,3091.18,3.2872
THA-391,Lampang,Thailand,barl,1.7,0.46,0.2718
THA-391,Lampang,Thailand,maiz,69.6,5.41,0.0777
THA-391,Lampang,Thailand,oilp,9.7,0.25,0.0256
THA-391,Lampang,Thailand,rice,432.2,1595.83,3.692
THA-391,Lampang,Thailand,sugc,199.4,3.37,0.0169
THA-397,Sukhothai,Thailand,maiz,41.6,3.23,0.0776
THA-397,Sukhothai,Thailand,oilp,17.6,0.42,0.0241
THA-397,Sukhothai,Thailand,rice,1148.6,3755.16,3.2694
THA-411,Nakhon Sawan,Thailand,maiz,59.2,6.64,0.1122
THA-411,Nakhon Sawan,Thailand,oilp,10.3,0.27,0.0259
THA-411,Nakhon Sawan,Thailand,rice,819.6,2208.83,2.6948
THA-411,Nakhon Sawan,Thailand,sugc,117.0,2.86,0.0245
THA-402,Phetchabun,Thailand,barl,1.1,0.34,0.3187
THA-402,Phetchabun,Thailand,maiz,87.0,7.77,0.0893
THA-402,Phetchabun,Thailand,oilp,23.8,0.61,0.0255
THA-402,Phetchabun,Thailand,pota,2.0,0.12,0.0601
THA-402,Phetchabun,Thailand,rice,522.8,1643.42,3.1434
THA-402,Phetchabun,Thailand,sugc,2850.8,50.23,0.0176
THA-401,Phichit,Thailand,maiz,34.6,2.91,0.0839
THA-401,Phichit,Thailand,oilp,2.1,0.05,0.0254
THA-401,Phichit,Thailand,rice,614.5,1482.24,2.4121
THA-401,Phichit,Thailand,sugc,528.2,8.8,0.0167
THA-437,Chaiyaphum,Thailand,maiz,132.1,13.62,0.1031
THA-437,Chaiyaphum,Thailand,oilp,13.6,0.43,0.0317
THA-437,Chaiyaphum,Thailand,rice,605.8,1276.9,2.1079
THA-437,Chaiyaphum,Thailand,sugc,4474.2,85.7,0.0192
THA-395,Phrae,Thailand,barl,12.3,3.36,0.2725
THA-395,Phrae,Thailand,grou,1.1,0.11,0.1028
THA-395,Phrae,Thailand,maiz,255.9,19.8,0.0774
THA-395,Phrae,Thailand,oilp,10.4,0.25,0.0243
THA-395,Phrae,Thailand,pota,4.7,0.26,0.0545
THA-395,Phrae,Thailand,rice,458.9,1683.18,3.6678
THA-395,Phrae,Thailand,sorg,2.5,0.78,0.3063
THA-395,Phrae,Thailand,sugc,311.9,4.71,0.0151
THA-392,Lamphun,Thailand,maiz,45.8,3.72,0.0812
THA-392,Lamphun,Thailand,oilp,1.7,0.04,0.0253
THA-392,Lamphun,Thailand,rice,133.8,554.26,4.1419
THA-392,Lamphun,Thailand,sugc,2008.9,44.51,0.0222
THA-410,Prachin Buri,Thailand,barl,2.6,1.29,0.5004
THA-410,Prachin Buri,Thailand,grou,1.1,0.24,0.2182
THA-410,Prachin Buri,Thailand,maiz,13.4,1.9,0.1414
THA-410,Prachin Buri,Thailand,oilp,42.3,2.07,0.0489
THA-410,Prachin Buri,Thailand,rice,278.6,1122.07,4.0273
THA-410,Prachin Buri,Thailand,sorg,1.5,0.85,0.5618
THA-410,Prachin Buri,Thailand,soyb,1.7,0.32,0.1899
THA-410,Prachin Buri,Thailand,sugc,230.3,6.17,0.0268
THA-428,Yasothon,Thailand,oilp,10.9,0.35,0.0317
THA-428,Yasothon,Thailand,rice,354.8,453.54,1.2782
THA-428,Yasothon,Thailand,sugc,573.1,11.26,0.0197
TLS-549,Ermera,East Timor,maiz,2.1,0.45,0.2148
TLS-544,Aileu,East Timor,maiz,3.7,0.54,0.1444
TWN-1173,Nantou,Taiwan,maiz,1.7,0.37,0.2121
TWN-1173,Nantou,Taiwan,sugc,3.3,0.11,0.0333
TUR-2297,Tokat,Turkey,barl,99.7,16.02,0.1608
TUR-2297,Tokat,Turkey,maiz,41.1,4.53,0.1103
TUR-2297,Tokat,Turkey,pota,54.3,2.34,0.0431
TUR-2297,Tokat,Turkey,rice,50.5,32.48,0.6427
TUR-2297,Tokat,Turkey,soyb,1.6,0.11,0.0656
TUR-2297,Tokat,Turkey,whea,268.2,45.45,0.1695
TUR-2295,Sivas,Turkey,barl,307.1,35.27,0.1149
TUR-2295,Sivas,Turkey,grou,6.4,0.78,0.1207
TUR-2295,Sivas,Turkey,maiz,11.2,1.09,0.0968
TUR-2295,Sivas,Turkey,pota,302.9,9.49,0.0313
TUR-2295,Sivas,Turkey,whea,666.5,78.61,0.1179
TUR-2291,Çorum,Turkey,barl,128.5,19.55,0.1522
TUR-2291,Çorum,Turkey,maiz,78.1,8.06,0.1033
TUR-2291,Çorum,Turkey,pota,61.7,2.61,0.0424
TUR-2291,Çorum,Turkey,rice,49.9,16.68,0.334
TUR-2291,Çorum,Turkey,soyb,1.3,0.08,0.0595
TUR-2291,Çorum,Turkey,whea,346.8,55.74,0.1608
TUR-2290,Amasya,Turkey,barl,89.9,15.25,0.1697
TUR-2290,Amasya,Turkey,maiz,50.2,5.63,0.1122
TUR-2290,Amasya,Turkey,pota,41.1,1.9,0.0461
TUR-2290,Amasya,Turkey,rice,50.5,32.67,0.6473
TUR-2290,Amasya,Turkey,soyb,1.8,0.12,0.0684
TUR-2290,Amasya,Turkey,whea,241.8,43.95,0.1818
TZA-3379,Morogoro,United Republic of Tanzania,grou,7.0,1.9,0.2702
TZA-3379,Morogoro,United Republic of Tanzania,maiz,246.7,33.5,0.1358
TZA-3379,Morogoro,United Republic of Tanzania,pota,13.5,0.51,0.0375
TZA-3379,Morogoro,United Republic of Tanzania,rice,792.5,371.14,0.4683
TZA-3379,Morogoro,United Republic of Tanzania,sorg,13.6,3.26,0.2396
TZA-3379,Morogoro,United Republic of Tanzania,sugc,1943.3,12.41,0.0064
TZA-3385,Dodoma,United Republic of Tanzania,cott,2.8,0.26,0.0922
TZA-3385,Dodoma,United Republic of Tanzania,grou,169.5,14.04,0.0829
TZA-3385,Dodoma,United Republic of Tanzania,maiz,379.0,16.82,0.0444
TZA-3385,Dodoma,United Republic of Tanzania,pota,15.6,0.35,0.0222
TZA-3385,Dodoma,United Republic of Tanzania,rice,37.1,12.26,0.33
TZA-3385,Dodoma,United Republic of Tanzania,sorg,196.4,13.3,0.0677
TZA-3385,Dodoma,United Republic of Tanzania,sugc,36.7,0.08,0.0022
TZA-3385,Dodoma,United Republic of Tanzania,whea,6.8,0.39,0.0565
TZA-3392,Manyara,United Republic of Tanzania,barl,1.5,0.21,0.1401
TZA-3392,Manyara,United Republic of Tanzania,grou,20.2,2.98,0.1475
TZA-3392,Manyara,United Republic of Tanzania,maiz,471.6,35.04,0.0743
TZA-3392,Manyara,United Republic of Tanzania,pota,7.1,0.19,0.0261
TZA-3392,Manyara,United Republic of Tanzania,rice,32.3,13.56,0.4203
TZA-3392,Manyara,United Republic of Tanzania,sorg,32.5,3.62,0.1116
TZA-3392,Manyara,United Republic of Tanzania,sugc,158.2,0.66,0.0042
TZA-3392,Manyara,United Republic of Tanzania,whea,4.4,0.42,0.0954
IRN-3215,Semnan,Iran,barl,44.1,12.06,0.2737
IRN-3215,Semnan,Iran,cott,2.3,0.95,0.4117
IRN-3215,Semnan,Iran,pota,30.8,1.6,0.052
IRN-3215,Semnan,Iran,rape,1.3,0.21,0.1656
IRN-3215,Semnan,Iran,sugc,40.9,0.43,0.0105
IRN-3215,Semnan,Iran,whea,83.6,18.38,0.2198
IRN-3234,Zanjan,Iran,barl,99.5,11.39,0.1145
IRN-3234,Zanjan,Iran,pota,171.6,5.27,0.0307
IRN-3234,Zanjan,Iran,rape,1.9,0.2,0.1059
IRN-3234,Zanjan,Iran,rice,18.9,7.1,0.376
IRN-3234,Zanjan,Iran,whea,802.8,67.25,0.0838
IRN-3235,Qazvin,Iran,barl,78.5,16.45,0.2097
IRN-3235,Qazvin,Iran,maiz,2.5,0.37,0.149
IRN-3235,Qazvin,Iran,pota,14.2,0.56,0.0396
IRN-3235,Qazvin,Iran,rape,8.8,1.25,0.1418
IRN-3235,Qazvin,Iran,rice,20.8,1.24,0.0594
IRN-3235,Qazvin,Iran,whea,355.8,58.33,0.164
SYR-138,Hamah,Syria,barl,52.6,4.13,0.0785
SYR-138,Hamah,Syria,cott,7.1,0.54,0.076
SYR-138,Hamah,Syria,grou,4.0,0.24,0.061
SYR-138,Hamah,Syria,maiz,17.2,0.57,0.0335
SYR-138,Hamah,Syria,pota,40.2,0.2,0.005
SYR-138,Hamah,Syria,whea,192.7,11.33,0.0588
SVN-967,Medvode,Slovenia,barl,3.4,5.01,1.4598
SVN-967,Medvode,Slovenia,maiz,3.6,3.73,1.043
SVN-967,Medvode,Slovenia,pota,8.4,2.36,0.2812
SVN-967,Medvode,Slovenia,whea,8.2,12.87,1.5618
SVN-963,Ljubno,Slovenia,maiz,4.0,0.74,0.1855
SVN-199,Benedikt,Slovenia,barl,9.9,2.73,0.2741
SVN-199,Benedikt,Slovenia,maiz,62.4,14.3,0.2292
SVN-199,Benedikt,Slovenia,pota,4.4,0.29,0.0657
SVN-199,Benedikt,Slovenia,soyb,1.2,0.54,0.4458
SVN-199,Benedikt,Slovenia,whea,15.3,6.08,0.3975
SVN-960,Laško,Slovenia,barl,2.2,0.69,0.3146
SVN-960,Laško,Slovenia,maiz,10.7,2.59,0.2429
SVN-960,Laško,Slovenia,whea,2.3,0.96,0.4137
SVN-1045,Murska Sobota,Slovenia,barl,17.5,2.69,0.1534
SVN-1045,Murska Sobota,Slovenia,maiz,62.5,7.29,0.1168
SVN-1045,Murska Sobota,Slovenia,pota,8.6,0.3,0.0355
SVN-1045,Murska Sobota,Slovenia,rape,1.4,0.56,0.4081
SVN-1045,Murska Sobota,Slovenia,whea,18.6,3.79,0.2036
SVN-1011,Gorenja vas-Poljane,Slovenia,maiz,1.0,0.19,0.1817
SVN-964,Logatec,Slovenia,maiz,1.7,0.3,0.182
SVN-964,Logatec,Slovenia,whea,1.1,0.38,0.3325
SVN-1001,Velenje,Slovenia,barl,3.9,1.02,0.2624
SVN-1001,Velenje,Slovenia,maiz,13.2,2.7,0.2051
SVN-1001,Velenje,Slovenia,pota,1.7,0.11,0.0647
SVN-1001,Velenje,Slovenia,whea,4.1,1.5,0.3666
SVN-1007,Zrece,Slovenia,barl,3.2,0.85,0.268
SVN-1007,Zrece,Slovenia,maiz,10.0,2.07,0.2062
SVN-1007,Zrece,Slovenia,pota,1.3,0.09,0.0642
SVN-1007,Zrece,Slovenia,whea,3.4,1.26,0.3717
SVN-961,Litija,Slovenia,maiz,3.1,0.59,0.1904
SVN-1000,Velike Lašče,Slovenia,barl,2.1,2.51,1.2024
SVN-1000,Velike Lašče,Slovenia,maiz,3.0,2.19,0.7367
SVN-1000,Velike Lašče,Slovenia,pota,4.3,1.19,0.2782
SVN-1000,Velike Lašče,Slovenia,whea,4.5,6.4,1.4384
SVN-937,Borovnica,Slovenia,barl,2.4,3.44,1.4402
SVN-937,Borovnica,Slovenia,maiz,3.8,2.64,0.6974
SVN-937,Borovnica,Slovenia,pota,4.0,1.55,0.3835
SVN-937,Borovnica,Slovenia,whea,4.5,8.51,1.883
SVN-205,Domžale,Slovenia,barl,3.1,1.98,0.6383
SVN-205,Domžale,Slovenia,maiz,3.3,0.95,0.2909
SVN-205,Domžale,Slovenia,pota,7.6,1.01,0.1332
SVN-205,Domžale,Slovenia,whea,7.4,5.54,0.745
SWE-186,Västmanland,Sweden,barl,90.9,87.4,0.9614
SWE-186,Västmanland,Sweden,pota,18.2,2.55,0.1402
SWE-186,Västmanland,Sweden,rape,20.5,36.49,1.7764
SWE-186,Västmanland,Sweden,whea,250.5,200.01,0.7986
SWE-179,Jönköping,Sweden,barl,60.9,57.25,0.9393
SWE-179,Jönköping,Sweden,pota,18.5,2.67,0.1444
SWE-179,Jönköping,Sweden,rape,8.7,15.17,1.742
SWE-179,Jönköping,Sweden,whea,150.7,121.47,0.8059
SWE-183,Orebro,Sweden,barl,85.5,90.83,1.062
SWE-183,Orebro,Sweden,pota,16.0,3.1,0.1935
SWE-183,Orebro,Sweden,rape,19.4,37.45,1.9313
SWE-183,Orebro,Sweden,whea,230.3,201.74,0.8761
SWE-182,Kronoberg,Sweden,barl,15.2,21.43,1.4119
SWE-182,Kronoberg,Sweden,pota,4.7,1.03,0.2177
SWE-182,Kronoberg,Sweden,rape,2.2,5.4,2.488
SWE-182,Kronoberg,Sweden,whea,37.9,44.39,1.171
SUR-68,Para,Suriname,rice,6.8,62.86,9.2711
SDN-875,Gezira,Sudan,cott,181.2,36.02,0.1988
SDN-875,Gezira,Sudan,grou,244.6,39.67,0.1622
SDN-875,Gezira,Sudan,maiz,3.3,0.89,0.2751
SDN-875,Gezira,Sudan,pota,36.6,0.44,0.0119
SDN-875,Gezira,Sudan,rice,21.3,0.64,0.03
SDN-875,Gezira,Sudan,sorg,220.0,50.49,0.2295
SDN-875,Gezira,Sudan,sugc,709.2,4.96,0.007
SDN-875,Gezira,Sudan,whea,334.2,59.09,0.1768
SDN-874,Khartoum,Sudan,sorg,24.0,11.07,0.4618
SDN-874,Khartoum,Sudan,sugc,2570.7,16.9,0.0066
SDN-874,Khartoum,Sudan,whea,17.5,2.82,0.1613
SDN-883,North Kordufan,Sudan,grou,1047.6,73.18,0.0699
SDN-883,North Kordufan,Sudan,sorg,13.2,2.13,0.161
SDS-863,Lakes,S. Sudan,grou,8.5,19.14,2.2622
SDS-863,Lakes,S. Sudan,maiz,9.2,17.62,1.919
SDS-863,Lakes,S. Sudan,rice,1.1,9.29,8.6009
SDS-863,Lakes,S. Sudan,sorg,24.2,38.24,1.58
SDS-872,Warrap,S. Sudan,grou,17.4,31.26,1.7932
SDS-872,Warrap,S. Sudan,maiz,18.4,26.04,1.4153
SDS-872,Warrap,S. Sudan,rice,1.9,13.62,7.2058
SDS-872,Warrap,S. Sudan,sorg,46.1,56.99,1.235
ESP-5853,Zaragoza,Spain,barl,834.8,119.45,0.1431
ESP-5853,Zaragoza,Spain,maiz,449.0,49.06,0.1093
ESP-5853,Zaragoza,Spain,pota,10.0,0.32,0.0319
ESP-5853,Zaragoza,Spain,rape,6.5,1.72,0.2637
ESP-5853,Zaragoza,Spain,rice,16.1,23.15,1.4343
ESP-5853,Zaragoza,Spain,sorg,1.2,0.22,0.1766
ESP-5853,Zaragoza,Spain,whea,303.1,52.65,0.1737
ESP-5828,La Rioja,Spain,barl,85.3,19.51,0.2287
ESP-5828,La Rioja,Spain,maiz,30.9,3.3,0.1069
ESP-5828,La Rioja,Spain,pota,26.1,1.37,0.0525
ESP-5828,La Rioja,Spain,rape,4.0,1.33,0.3351
ESP-5828,La Rioja,Spain,rice,2.0,1.88,0.9261
ESP-5828,La Rioja,Spain,whea,51.9,16.46,0.3171
ESP-5801,Álava,Spain,barl,64.2,26.21,0.4083
ESP-5801,Álava,Spain,maiz,2.1,0.53,0.2526
ESP-5801,Álava,Spain,pota,30.0,4.21,0.1404
ESP-5801,Álava,Spain,rape,1.5,0.71,0.4811
ESP-5801,Álava,Spain,whea,8.2,2.51,0.3045
ESP-5802,Albacete,Spain,barl,503.1,26.48,0.0526
ESP-5802,Albacete,Spain,maiz,58.5,2.24,0.0383
ESP-5802,Albacete,Spain,pota,17.1,0.3,0.0175
ESP-5802,Albacete,Spain,rape,4.2,0.41,0.096
ESP-5802,Albacete,Spain,whea,208.5,14.59,0.07
ESP-5847,Teruel,Spain,barl,624.3,78.63,0.126
ESP-5847,Teruel,Spain,maiz,48.3,5.74,0.1189
ESP-5847,Teruel,Spain,pota,1.8,0.05,0.0283
ESP-5847,Teruel,Spain,rape,4.0,0.98,0.2449
ESP-5847,Teruel,Spain,rice,1.6,2.59,1.6308
ESP-5847,Teruel,Spain,sorg,1.2,0.18,0.1504
ESP-5847,Teruel,Spain,whea,241.3,39.17,0.1623
ESP-5818,Cuenca,Spain,barl,817.5,37.8,0.0462
ESP-5818,Cuenca,Spain,maiz,19.2,0.74,0.0384
ESP-5818,Cuenca,Spain,pota,8.4,0.09,0.0105
ESP-5818,Cuenca,Spain,rape,7.1,0.63,0.0877
ESP-5818,Cuenca,Spain,whea,340.3,19.28,0.0567
ESP-5848,Toledo,Spain,barl,713.2,53.02,0.0743
ESP-5848,Toledo,Spain,maiz,46.5,2.87,0.0617
ESP-5848,Toledo,Spain,pota,13.1,0.26,0.0197
ESP-5848,Toledo,Spain,rape,6.8,0.93,0.1356
ESP-5848,Toledo,Spain,whea,301.5,25.68,0.0852
ESP-5830,León,Spain,barl,393.3,52.24,0.1328
ESP-5830,León,Spain,maiz,341.7,26.44,0.0774
ESP-5830,León,Spain,pota,90.5,2.55,0.0282
ESP-5830,León,Spain,rape,7.8,2.09,0.2674
ESP-5830,León,Spain,whea,198.0,35.97,0.1817
ESP-5845,Soria,Spain,barl,399.3,39.72,0.0995
ESP-5845,Soria,Spain,maiz,5.3,0.53,0.0998
ESP-5845,Soria,Spain,pota,29.5,0.62,0.0211
ESP-5845,Soria,Spain,rape,8.1,1.61,0.1999
ESP-5845,Soria,Spain,whea,203.7,26.16,0.1285
ESP-5810,Burgos,Spain,barl,676.6,72.22,0.1067
ESP-5810,Burgos,Spain,maiz,11.7,0.85,0.0725
ESP-5810,Burgos,Spain,pota,56.4,1.64,0.029
ESP-5810,Burgos,Spain,rape,15.5,3.36,0.2159
ESP-5810,Burgos,Spain,whea,358.0,54.96,0.1535
ESP-5806,Ávila,Spain,barl,406.1,44.58,0.1098
ESP-5806,Ávila,Spain,maiz,79.6,6.03,0.0758
ESP-5806,Ávila,Spain,pota,45.0,1.08,0.0241
ESP-5806,Ávila,Spain,rape,8.6,1.86,0.215
ESP-5806,Ávila,Spain,whea,203.5,28.12,0.1382
ZAF-1208,Gauteng,South Africa,maiz,654.2,69.02,0.1055
ZAF-1208,Gauteng,South Africa,pota,1290.1,33.86,0.0262
ZAF-1208,Gauteng,South Africa,sorg,1.9,0.3,0.1589
ZAF-1208,Gauteng,South Africa,soyb,44.7,7.0,0.1568
ZAF-1208,Gauteng,South Africa,whea,11.1,1.35,0.1215
SVN-1008,Bled,Slovenia,barl,1.5,0.3,0.1987
SVN-1008,Bled,Slovenia,pota,4.1,0.2,0.0501
SVN-1008,Bled,Slovenia,whea,3.6,1.06,0.2958
SVN-1022,Ajdovščina,Slovenia,barl,1.1,0.28,0.2648
SVN-1022,Ajdovščina,Slovenia,maiz,1.3,0.26,0.2071
SVN-1022,Ajdovščina,Slovenia,pota,2.8,0.18,0.0651
SVN-1022,Ajdovščina,Slovenia,whea,2.5,0.94,0.3718
SVN-242,Mirna Pec,Slovenia,barl,3.9,0.91,0.2371
SVN-242,Mirna Pec,Slovenia,maiz,14.2,2.71,0.1903
SVN-242,Mirna Pec,Slovenia,pota,1.6,0.09,0.0595
SVN-242,Mirna Pec,Slovenia,whea,4.1,1.38,0.3396
SVN-999,Trebnje,Slovenia,barl,2.5,0.55,0.2231
SVN-999,Trebnje,Slovenia,maiz,7.2,1.3,0.1818
SVN-999,Trebnje,Slovenia,pota,2.8,0.16,0.0576
SVN-999,Trebnje,Slovenia,whea,3.8,1.24,0.3266
SEN-763,Diourbel,Senegal,grou,144.7,5.52,0.0382
SEN-763,Diourbel,Senegal,maiz,12.1,0.39,0.0322
SEN-763,Diourbel,Senegal,sorg,24.7,0.79,0.032
SAU-1097,Ar Riyad,Saudi Arabia,barl,116.8,18.57,0.1589
SAU-1097,Ar Riyad,Saudi Arabia,maiz,3.3,0.77,0.236
SAU-1097,Ar Riyad,Saudi Arabia,pota,18.7,0.94,0.0502
SAU-1097,Ar Riyad,Saudi Arabia,whea,86.5,8.25,0.0955
SAU-846,Al Quassim,Saudi Arabia,barl,190.0,31.76,0.1672
SAU-846,Al Quassim,Saudi Arabia,maiz,2.0,0.67,0.3394
SAU-846,Al Quassim,Saudi Arabia,pota,11.5,0.78,0.0682
SAU-846,Al Quassim,Saudi Arabia,whea,34.1,3.38,0.0991
SAU-847,Ha'il,Saudi Arabia,barl,95.3,15.29,0.1604
SAU-847,Ha'il,Saudi Arabia,maiz,2.2,0.58,0.2631
SAU-847,Ha'il,Saudi Arabia,pota,12.9,0.71,0.0547
SAU-847,Ha'il,Saudi Arabia,whea,71.9,6.28,0.0873
SAU-885,Al Bahah,Saudi Arabia,maiz,1.4,0.43,0.3178
SAU-885,Al Bahah,Saudi Arabia,pota,7.7,0.49,0.0641
ROU-296,Cluj,Romania,barl,17.2,2.36,0.1372
ROU-296,Cluj,Romania,maiz,171.0,15.72,0.0919
ROU-296,Cluj,Romania,pota,32.1,0.99,0.031
ROU-296,Cluj,Romania,rape,14.4,3.36,0.2331
ROU-296,Cluj,Romania,soyb,7.7,0.98,0.1277
ROU-296,Cluj,Romania,whea,130.7,18.22,0.1394
ROU-295,Bistrita-Nasaud,Romania,barl,6.3,0.79,0.126
ROU-295,Bistrita-Nasaud,Romania,maiz,82.5,7.39,0.0897
ROU-295,Bistrita-Nasaud,Romania,pota,11.6,0.33,0.0281
ROU-295,Bistrita-Nasaud,Romania,rape,5.0,1.06,0.2116
ROU-295,Bistrita-Nasaud,Romania,soyb,3.0,0.35,0.1156
ROU-295,Bistrita-Nasaud,Romania,whea,49.4,6.19,0.1254
ROU-300,Salaj,Romania,barl,8.6,0.88,0.1015
ROU-300,Salaj,Romania,maiz,131.1,10.41,0.0794
ROU-300,Salaj,Romania,pota,16.0,0.37,0.0229
ROU-300,Salaj,Romania,rape,7.0,1.15,0.1639
ROU-300,Salaj,Romania,soyb,5.0,0.55,0.11
ROU-300,Salaj,Romania,whea,68.1,7.16,0.1051
ROU-130,Dâmbovita,Romania,barl,23.2,2.21,0.0949
ROU-130,Dâmbovita,Romania,maiz,206.2,14.55,0.0706
ROU-130,Dâmbovita,Romania,pota,23.0,0.47,0.0204
ROU-130,Dâmbovita,Romania,rape,22.1,3.27,0.1479
ROU-130,Dâmbovita,Romania,whea,95.7,9.06,0.0946
ROU-4844,Ilfov,Romania,barl,8.0,0.99,0.1247
ROU-4844,Ilfov,Romania,maiz,50.8,4.73,0.0931
ROU-4844,Ilfov,Romania,pota,9.5,0.26,0.027
ROU-4844,Ilfov,Romania,rape,11.8,2.31,0.1952
ROU-4844,Ilfov,Romania,whea,40.3,5.0,0.1242
ROU-302,Arges,Romania,barl,21.1,2.34,0.111
ROU-302,Arges,Romania,maiz,173.8,15.04,0.0865
ROU-302,Arges,Romania,pota,21.2,0.5,0.0236
ROU-302,Arges,Romania,rape,19.9,3.42,0.1715
ROU-302,Arges,Romania,whea,81.3,8.89,0.1094
ROU-123,Gorj,Romania,barl,8.1,1.32,0.1621
ROU-123,Gorj,Romania,maiz,76.1,9.42,0.1238
ROU-123,Gorj,Romania,pota,8.9,0.31,0.0346
ROU-123,Gorj,Romania,rape,3.8,0.98,0.2577
ROU-123,Gorj,Romania,whea,36.8,5.94,0.1614
ROU-297,Hunedoara,Romania,barl,3.4,0.57,0.1682
ROU-297,Hunedoara,Romania,maiz,75.7,8.71,0.115
ROU-297,Hunedoara,Romania,pota,9.9,0.36,0.0364
ROU-297,Hunedoara,Romania,rape,6.3,1.83,0.2886
ROU-297,Hunedoara,Romania,soyb,3.0,0.49,0.1625
ROU-297,Hunedoara,Romania,whea,40.4,6.9,0.1708
ROU-304,Vâlcea,Romania,barl,4.8,0.74,0.1556
ROU-304,Vâlcea,Romania,maiz,55.3,6.85,0.1238
ROU-304,Vâlcea,Romania,pota,5.5,0.19,0.0346
ROU-304,Vâlcea,Romania,rape,2.3,0.59,0.2513
ROU-304,Vâlcea,Romania,whea,22.1,3.47,0.157
ROU-310,Prahova,Romania,barl,22.0,2.27,0.1032
ROU-310,Prahova,Romania,maiz,200.1,15.42,0.077
ROU-310,Prahova,Romania,pota,21.6,0.48,0.022
ROU-310,Prahova,Romania,rape,20.6,3.28,0.1595
ROU-310,Prahova,Romania,whea,87.3,8.88,0.1018
ROU-306,Covasna,Romania,barl,9.0,0.77,0.0855
ROU-306,Covasna,Romania,maiz,103.6,6.9,0.0666
ROU-306,Covasna,Romania,pota,21.6,0.41,0.019
ROU-306,Covasna,Romania,rape,3.0,0.41,0.1361
ROU-306,Covasna,Romania,soyb,3.6,0.34,0.0931
ROU-306,Covasna,Romania,whea,90.9,7.85,0.0863
ROU-317,Vrancea,Romania,barl,28.5,1.78,0.0626
ROU-317,Vrancea,Romania,maiz,180.5,8.58,0.0475
ROU-317,Vrancea,Romania,pota,22.1,0.3,0.0134
ROU-317,Vrancea,Romania,rape,11.7,1.08,0.093
ROU-317,Vrancea,Romania,whea,97.9,6.02,0.0615
ROU-314,Buzau,Romania,barl,86.0,5.61,0.0653
ROU-314,Buzau,Romania,maiz,432.3,21.21,0.0491
ROU-314,Buzau,Romania,pota,60.7,0.84,0.0138
ROU-314,Buzau,Romania,rape,37.9,3.92,0.1032
ROU-314,Buzau,Romania,sorg,1.6,0.12,0.0726
ROU-314,Buzau,Romania,whea,276.0,17.79,0.0645
ROU-305,Brasov,Romania,barl,9.8,1.01,0.1031
ROU-305,Brasov,Romania,maiz,102.6,7.68,0.0748
ROU-305,Brasov,Romania,pota,21.6,0.47,0.0218
ROU-305,Brasov,Romania,rape,3.0,0.46,0.1566
ROU-305,Brasov,Romania,soyb,3.8,0.41,0.1093
ROU-305,Brasov,Romania,whea,98.3,10.16,0.1033
ROU-303,Sibiu,Romania,barl,7.3,0.66,0.0894
ROU-303,Sibiu,Romania,maiz,95.1,6.36,0.0669
ROU-303,Sibiu,Romania,pota,16.6,0.33,0.0201
ROU-303,Sibiu,Romania,rape,2.4,0.38,0.1574
ROU-303,Sibiu,Romania,soyb,2.8,0.26,0.0901
ROU-303,Sibiu,Romania,whea,71.8,6.52,0.0907
ROU-299,Mures,Romania,barl,19.2,1.59,0.0828
ROU-299,Mures,Romania,maiz,219.3,14.13,0.0645
ROU-299,Mures,Romania,pota,44.9,0.82,0.0183
ROU-299,Mures,Romania,rape,6.8,0.9,0.1335
ROU-299,Mures,Romania,soyb,7.8,0.7,0.0889
ROU-299,Mures,Romania,whea,190.7,16.08,0.0843
ROU-307,Harghita,Romania,barl,15.9,1.29,0.0811
ROU-307,Harghita,Romania,maiz,19.2,1.33,0.0693
ROU-307,Harghita,Romania,pota,36.6,0.68,0.0185
ROU-307,Harghita,Romania,rape,5.2,0.72,0.14
ROU-307,Harghita,Romania,whea,143.8,11.81,0.0821
ROU-309,Neamt,Romania,barl,7.2,0.62,0.0861
ROU-309,Neamt,Romania,maiz,176.3,10.59,0.0601
ROU-309,Neamt,Romania,pota,24.7,0.45,0.0182
ROU-309,Neamt,Romania,rape,7.4,0.94,0.1258
ROU-309,Neamt,Romania,soyb,2.0,0.16,0.0816
ROU-309,Neamt,Romania,whea,101.5,8.37,0.0825
ROU-312,Bacau,Romania,barl,8.7,0.71,0.0808
ROU-312,Bacau,Romania,maiz,221.4,13.31,0.0601
ROU-312,Bacau,Romania,pota,24.1,0.44,0.0182
ROU-312,Bacau,Romania,rape,7.6,0.94,0.1227
ROU-312,Bacau,Romania,soyb,1.7,0.15,0.0853
ROU-312,Bacau,Romania,whea,98.4,8.02,0.0815
ROU-294,Alba,Romania,barl,11.8,1.33,0.1126
ROU-294,Alba,Romania,maiz,123.4,9.62,0.078
ROU-294,Alba,Romania,pota,27.7,0.68,0.0247
ROU-294,Alba,Romania,rape,4.7,0.91,0.1928
ROU-294,Alba,Romania,soyb,4.8,0.52,0.1091
ROU-294,Alba,Romania,whea,113.6,12.53,0.1103
SVN-951,Hrastnik,Slovenia,barl,2.4,0.56,0.2326
SVN-951,Hrastnik,Slovenia,maiz,8.4,1.58,0.1891
SVN-951,Hrastnik,Slovenia,pota,1.1,0.06,0.0585
SVN-951,Hrastnik,Slovenia,whea,2.6,0.87,0.3372
SVN-221,Slovenska Bistrica,Slovenia,barl,9.3,2.73,0.2942
SVN-221,Slovenska Bistrica,Slovenia,maiz,30.4,6.83,0.2247
SVN-221,Slovenska Bistrica,Slovenia,pota,4.2,0.29,0.07
SVN-221,Slovenska Bistrica,Slovenia,whea,9.9,3.95,0.3977
SVN-984,Semic,Slovenia,maiz,2.3,0.44,0.1863
SRB-830,Nišavski,Republic of Serbia,barl,18.5,1.26,0.0681
SRB-830,Nišavski,Republic of Serbia,maiz,234.5,9.79,0.0418
SRB-830,Nišavski,Republic of Serbia,pota,38.3,0.68,0.0177
SRB-830,Nišavski,Republic of Serbia,soyb,1.1,0.05,0.0468
SRB-830,Nišavski,Republic of Serbia,whea,95.2,12.06,0.1268
SRB-832,Pomoravski,Republic of Serbia,barl,24.7,1.42,0.0575
SRB-832,Pomoravski,Republic of Serbia,maiz,297.0,9.98,0.0336
SRB-832,Pomoravski,Republic of Serbia,pota,55.4,0.78,0.0141
SRB-832,Pomoravski,Republic of Serbia,soyb,8.1,0.31,0.0388
SRB-832,Pomoravski,Republic of Serbia,whea,111.6,11.39,0.1021
SRB-839,Šumadijski,Republic of Serbia,barl,14.9,0.94,0.063
SRB-839,Šumadijski,Republic of Serbia,maiz,181.8,6.8,0.0374
SRB-839,Šumadijski,Republic of Serbia,pota,34.0,0.53,0.0156
SRB-839,Šumadijski,Republic of Serbia,soyb,4.9,0.25,0.0495
SRB-839,Šumadijski,Republic of Serbia,whea,67.5,7.19,0.1065
SRB-829,Moravicki,Republic of Serbia,barl,11.9,1.25,0.1048
SRB-829,Moravicki,Republic of Serbia,maiz,104.2,6.0,0.0576
SRB-829,Moravicki,Republic of Serbia,pota,25.2,0.68,0.0268
SRB-829,Moravicki,Republic of Serbia,soyb,3.2,0.2,0.0615
SRB-829,Moravicki,Republic of Serbia,whea,55.9,11.5,0.2056
SRB-837,Kolubarski,Republic of Serbia,barl,16.6,1.2,0.0722
SRB-837,Kolubarski,Republic of Serbia,maiz,199.3,8.5,0.0426
SRB-837,Kolubarski,Republic of Serbia,pota,36.5,0.64,0.0176
SRB-837,Kolubarski,Republic of Serbia,soyb,5.5,0.32,0.0592
SRB-837,Kolubarski,Republic of Serbia,whea,75.0,8.89,0.1185
NOR-920,Oppland,Norway,barl,147.8,567.3,3.8393
NOR-920,Oppland,Norway,pota,81.3,50.24,0.6179
NOR-920,Oppland,Norway,rape,2.0,15.01,7.3574
NOR-920,Oppland,Norway,whea,4.9,20.38,4.1509
MWI-1908,Dowa,Malawi,grou,33.7,7.48,0.2223
MWI-1908,Dowa,Malawi,maiz,176.6,21.43,0.1213
MWI-1908,Dowa,Malawi,pota,3.6,0.15,0.0425
MWI-1908,Dowa,Malawi,soyb,1.4,0.17,0.1236
MWI-1915,Balaka,Malawi,cott,2.6,1.15,0.4348
MWI-1915,Balaka,Malawi,grou,3.3,0.8,0.2394
MWI-1915,Balaka,Malawi,maiz,63.1,8.04,0.1275
MWI-1915,Balaka,Malawi,pota,129.0,5.42,0.042
MWI-1915,Balaka,Malawi,sorg,2.3,0.35,0.1483
MWI-1917,Chiradzulu,Malawi,grou,4.1,2.34,0.5744
MWI-1917,Chiradzulu,Malawi,maiz,44.2,14.0,0.3165
MWI-1917,Chiradzulu,Malawi,sorg,4.3,1.64,0.383
MWI-1921,Blantyre,Malawi,grou,5.4,1.63,0.3034
MWI-1921,Blantyre,Malawi,maiz,68.1,10.49,0.1541
MWI-1921,Blantyre,Malawi,sorg,5.0,0.96,0.1914
MWI-1913,Ntchisi,Malawi,grou,13.9,3.56,0.2567
MWI-1913,Ntchisi,Malawi,maiz,112.0,16.82,0.1502
MWI-1913,Ntchisi,Malawi,pota,23.3,1.55,0.0666
LTU-1069,Kauno,Lithuania,barl,107.2,69.85,0.6514
LTU-1069,Kauno,Lithuania,maiz,17.3,1.9,0.1097
LTU-1069,Kauno,Lithuania,pota,45.0,7.79,0.1729
LTU-1069,Kauno,Lithuania,rape,157.0,128.32,0.8175
LTU-1069,Kauno,Lithuania,whea,766.8,387.99,0.506
DOM-1392,Valverde,Dominican Republic,maiz,2.6,1.88,0.7075
DOM-1392,Valverde,Dominican Republic,oilp,12.2,2.7,0.2209
DOM-1392,Valverde,Dominican Republic,rice,87.6,77.63,0.8861
DOM-1392,Valverde,Dominican Republic,sugc,170.0,6.62,0.0389
DOM-1391,Santiago Rodríguez,Dominican Republic,maiz,1.1,0.75,0.7047
DOM-1391,Santiago Rodríguez,Dominican Republic,oilp,1.6,0.35,0.216
DOM-1391,Santiago Rodríguez,Dominican Republic,rice,40.6,50.78,1.2498
DOM-1391,Santiago Rodríguez,Dominican Republic,sugc,50.1,1.98,0.0394
DOM-1975,La Vega,Dominican Republic,maiz,2.2,1.43,0.6647
DOM-1975,La Vega,Dominican Republic,oilp,9.2,1.72,0.1869
DOM-1975,La Vega,Dominican Republic,pota,43.9,7.01,0.1594
DOM-1975,La Vega,Dominican Republic,rice,75.0,78.6,1.0487
DOM-1975,La Vega,Dominican Republic,sugc,142.8,4.74,0.0332
DOM-1968,Hermanas,Dominican Republic,oilp,11.4,2.44,0.2148
DOM-1968,Hermanas,Dominican Republic,sugc,86.1,3.1,0.036
DOM-1979,Duarte,Dominican Republic,oilp,12.4,2.3,0.1854
DOM-1979,Duarte,Dominican Republic,sugc,117.6,3.3,0.0281
DOM-1390,Santiago,Dominican Republic,maiz,2.4,1.84,0.7792
DOM-1390,Santiago,Dominican Republic,oilp,8.1,1.79,0.2205
DOM-1390,Santiago,Dominican Republic,pota,40.8,6.49,0.159
DOM-1390,Santiago,Dominican Republic,rice,93.8,50.8,0.5417
DOM-1390,Santiago,Dominican Republic,sugc,136.9,5.73,0.0419
DOM-1393,San Juan,Dominican Republic,maiz,3.9,1.98,0.5025
DOM-1393,San Juan,Dominican Republic,oilp,3.1,0.65,0.2118
DOM-1393,San Juan,Dominican Republic,rice,105.3,25.1,0.2383
DOM-1393,San Juan,Dominican Republic,sugc,343.4,10.24,0.0298
AZE-1737,Şuşa,Azerbaijan,barl,2.7,0.92,0.347
AZE-1737,Şuşa,Azerbaijan,whea,3.3,1.42,0.43
AZE-1739,Xocalı,Azerbaijan,barl,2.7,0.54,0.2015
AZE-1739,Xocalı,Azerbaijan,cott,1.2,0.6,0.5059
AZE-1739,Xocalı,Azerbaijan,whea,12.9,3.49,0.2707
AZE-1691,Ağdam,Azerbaijan,barl,15.9,2.79,0.1751
AZE-1691,Ağdam,Azerbaijan,cott,11.7,4.37,0.3741
AZE-1691,Ağdam,Azerbaijan,maiz,7.6,0.66,0.0864
AZE-1691,Ağdam,Azerbaijan,pota,9.9,0.34,0.0344
AZE-1691,Ağdam,Azerbaijan,whea,119.1,28.85,0.2422
AZE-1738,Tərtər,Azerbaijan,barl,8.7,1.8,0.2077
AZE-1738,Tərtər,Azerbaijan,cott,6.2,2.75,0.4437
AZE-1738,Tərtər,Azerbaijan,pota,4.8,0.18,0.0379
AZE-1738,Tərtər,Azerbaijan,whea,18.5,5.06,0.2733
AZE-1681,Goranboy,Azerbaijan,barl,63.2,10.87,0.172
AZE-1681,Goranboy,Azerbaijan,cott,11.4,4.48,0.3936
AZE-1681,Goranboy,Azerbaijan,maiz,8.3,0.69,0.0834
AZE-1681,Goranboy,Azerbaijan,pota,8.6,0.3,0.0348
AZE-1681,Goranboy,Azerbaijan,whea,25.2,6.11,0.2423
AZE-1734,Xocavənd,Azerbaijan,whea,4.7,1.29,0.2728
AZE-1694,Hajigabul,Azerbaijan,barl,22.2,5.22,0.2348
AZE-1694,Hajigabul,Azerbaijan,cott,5.5,2.33,0.4226
AZE-1694,Hajigabul,Azerbaijan,maiz,4.9,0.42,0.0865
AZE-1694,Hajigabul,Azerbaijan,pota,4.5,0.17,0.0373
AZE-1694,Hajigabul,Azerbaijan,whea,17.1,4.43,0.2598
AZE-1680,Xanlar,Azerbaijan,barl,9.1,1.81,0.1996
AZE-1680,Xanlar,Azerbaijan,pota,7.1,0.43,0.0602
AZE-1680,Xanlar,Azerbaijan,whea,7.4,1.83,0.2476
AZE-1706,Kürdəmir,Azerbaijan,barl,82.0,14.02,0.1709
AZE-1706,Kürdəmir,Azerbaijan,cott,13.7,5.48,0.4004
AZE-1706,Kürdəmir,Azerbaijan,maiz,7.3,0.6,0.0825
AZE-1706,Kürdəmir,Azerbaijan,pota,15.0,0.52,0.0344
AZE-1706,Kürdəmir,Azerbaijan,whea,46.5,11.26,0.242
AZE-1721,Zərdab,Azerbaijan,barl,13.8,2.61,0.1893
AZE-1721,Zərdab,Azerbaijan,cott,3.1,1.28,0.4129
AZE-1721,Zərdab,Azerbaijan,maiz,2.1,0.19,0.0887
AZE-1721,Zərdab,Azerbaijan,pota,2.5,0.09,0.0373
AZE-1721,Zərdab,Azerbaijan,whea,22.1,5.82,0.2635
AZE-1714,Sabirabad,Azerbaijan,barl,42.7,7.94,0.1861
AZE-1714,Sabirabad,Azerbaijan,cott,17.4,7.1,0.4093
AZE-1714,Sabirabad,Azerbaijan,maiz,5.3,0.46,0.0862
AZE-1714,Sabirabad,Azerbaijan,pota,13.1,0.48,0.0368
AZE-1714,Sabirabad,Azerbaijan,whea,45.4,11.63,0.2561
UGA-3069,Kamuli,Uganda,grou,1.4,0.68,0.5037
UGA-3069,Kamuli,Uganda,maiz,26.2,3.51,0.134
UGA-3069,Kamuli,Uganda,sugc,12.9,0.14,0.0112
UGA-5592,Luuka,Uganda,grou,2.0,0.43,0.2145
UGA-5592,Luuka,Uganda,maiz,26.5,1.26,0.0475
UGA-5592,Luuka,Uganda,rice,33.5,111.55,3.3349
UGA-5592,Luuka,Uganda,soyb,1.5,0.07,0.0448
UGA-5592,Luuka,Uganda,sugc,313.2,3.42,0.0109
UGA-5593,Buyende,Uganda,cott,1.8,11.55,6.5983
UGA-5593,Buyende,Uganda,grou,1.7,5.92,3.5268
UGA-5593,Buyende,Uganda,maiz,91.1,92.08,1.0103
UGA-5593,Buyende,Uganda,rice,1.1,1.51,1.3174
UGA-5593,Buyende,Uganda,soyb,1.4,1.25,0.9221
UGA-5593,Buyende,Uganda,sugc,39.5,2.8,0.0709
UGA-3064,Jinja,Uganda,grou,1.1,27.36,26.0552
UGA-3064,Jinja,Uganda,maiz,13.1,10.79,0.8231
UGA-3064,Jinja,Uganda,sugc,6.5,0.96,0.1486
UGA-5604,Apac,Uganda,cott,3.1,3.22,1.0485
UGA-5604,Apac,Uganda,grou,4.4,14.44,3.3034
UGA-5604,Apac,Uganda,maiz,77.0,22.34,0.2899
UGA-5604,Apac,Uganda,rice,1.9,1.11,0.5767
UGA-5604,Apac,Uganda,sorg,2.5,2.04,0.8095
UGA-5604,Apac,Uganda,soyb,27.2,19.52,0.7168
UGA-5604,Apac,Uganda,sugc,81.0,1.81,0.0224
UGA-3090,Nakasongola,Uganda,cott,3.2,1.31,0.4084
UGA-3090,Nakasongola,Uganda,grou,1.7,1.76,1.0103
UGA-3090,Nakasongola,Uganda,maiz,86.3,6.32,0.0732
UGA-3090,Nakasongola,Uganda,soyb,2.2,0.11,0.0493
UGA-3090,Nakasongola,Uganda,sugc,71.0,0.55,0.0077
UGA-3102,Masindi,Uganda,cott,1.9,4.9,2.6048
UGA-3102,Masindi,Uganda,grou,2.4,2.79,1.1422
UGA-3102,Masindi,Uganda,maiz,84.8,12.65,0.1493
UGA-3102,Masindi,Uganda,pota,2.4,0.13,0.0543
UGA-3102,Masindi,Uganda,sugc,39.4,0.46,0.0117
UGA-3067,Kayunga,Uganda,cott,1.7,4.87,2.8641
UGA-3067,Kayunga,Uganda,grou,1.5,4.45,3.0486
UGA-3067,Kayunga,Uganda,maiz,39.5,21.37,0.5407
UGA-3067,Kayunga,Uganda,sugc,31.2,1.03,0.0329
UGA-3092,Luweero,Uganda,cott,2.6,0.2,0.0785
UGA-3092,Luweero,Uganda,grou,1.9,0.28,0.1481
UGA-3092,Luweero,Uganda,maiz,90.7,3.31,0.0365
UGA-3092,Luweero,Uganda,sugc,81.0,0.33,0.004
UGA-3070,Amolatar,Uganda,cott,1.2,7.93,6.5033
UGA-3070,Amolatar,Uganda,maiz,22.8,16.07,0.706
UGA-3070,Amolatar,Uganda,sugc,21.6,1.16,0.0539
UGA-3094,Mityana,Uganda,cott,1.7,0.29,0.1765
UGA-3094,Mityana,Uganda,grou,1.0,0.23,0.2192
UGA-3094,Mityana,Uganda,maiz,55.6,4.29,0.0771
UGA-3094,Mityana,Uganda,sugc,49.2,0.33,0.0067
UGA-3089,Kiboga,Uganda,cott,1.1,0.73,0.6682
UGA-3089,Kiboga,Uganda,maiz,16.3,3.06,0.188
UGA-3089,Kiboga,Uganda,sugc,13.9,0.21,0.0148
UGA-3078,Mpigi,Uganda,cott,1.3,0.51,0.3797
UGA-3078,Mpigi,Uganda,grou,1.2,0.81,0.6915
UGA-3078,Mpigi,Uganda,maiz,50.3,5.71,0.1135
UGA-3078,Mpigi,Uganda,sugc,46.1,0.48,0.0104
UGA-5600,Gomba,Uganda,cott,1.8,1.91,1.0432
UGA-5600,Gomba,Uganda,maiz,41.2,9.27,0.225
UGA-5600,Gomba,Uganda,sugc,40.2,0.75,0.0188
UGA-3091,Wakiso,Uganda,maiz,9.5,2.23,0.2354
UGA-3091,Wakiso,Uganda,sugc,11.2,0.24,0.0217
UGA-3095,Nakaseke,Uganda,cott,4.4,7.16,1.6247
UGA-3095,Nakaseke,Uganda,grou,1.8,3.93,2.2051
UGA-3095,Nakaseke,Uganda,maiz,123.3,31.39,0.2547
UGA-3095,Nakaseke,Uganda,sugc,97.8,1.97,0.0201
UGA-5602,Kyankwanzi,Uganda,cott,2.8,3.85,1.3814
UGA-5602,Kyankwanzi,Uganda,grou,1.1,1.83,1.7419
UGA-5602,Kyankwanzi,Uganda,maiz,71.1,10.56,0.1485
UGA-5602,Kyankwanzi,Uganda,sugc,71.1,0.9,0.0126
UGA-3066,Kaberamaido,Uganda,cott,1.6,8.46,5.4237
UGA-3066,Kaberamaido,Uganda,grou,2.3,10.69,4.6294
UGA-3066,Kaberamaido,Uganda,maiz,17.8,22.71,1.2773
UGA-3066,Kaberamaido,Uganda,rice,2.2,3.38,1.563
UGA-3066,Kaberamaido,Uganda,sorg,4.3,19.07,4.4035
UGA-3066,Kaberamaido,Uganda,sugc,40.1,3.8,0.0947
UGA-3100,Dokolo,Uganda,cott,1.1,0.63,0.5953
UGA-3100,Dokolo,Uganda,maiz,22.8,4.24,0.1858
UGA-3100,Dokolo,Uganda,rice,1.1,0.5,0.4486
UGA-3100,Dokolo,Uganda,sorg,1.7,0.59,0.3434
UGA-3100,Dokolo,Uganda,sugc,26.8,0.33,0.0122
UGA-3107,Kyenjojo,Uganda,cott,2.8,0.42,0.1518
UGA-3107,Kyenjojo,Uganda,grou,7.2,1.14,0.1578
UGA-3107,Kyenjojo,Uganda,maiz,85.9,5.24,0.061
UGA-3107,Kyenjojo,Uganda,sorg,1.1,0.15,0.1387
UGA-3107,Kyenjojo,Uganda,sugc,98.6,0.46,0.0046
UGA-3107,Kyenjojo,Uganda,whea,1.2,0.05,0.0466
UGA-3368,Kamwenge,Uganda,cott,1.9,1.62,0.8751
UGA-3368,Kamwenge,Uganda,grou,5.8,2.83,0.4869
UGA-3368,Kamwenge,Uganda,maiz,40.5,12.58,0.3103
UGA-3368,Kamwenge,Uganda,sugc,53.7,0.98,0.0182
UGA-3368,Kamwenge,Uganda,whea,1.1,0.23,0.2178
UGA-5611,Kyegegwa,Uganda,grou,1.3,0.11,0.0865
UGA-5611,Kyegegwa,Uganda,maiz,27.7,0.45,0.0164
UGA-5611,Kyegegwa,Uganda,sugc,19.5,0.04,0.0019
UGA-3077,Sembabule,Uganda,cott,2.4,0.26,0.1102
UGA-3077,Sembabule,Uganda,grou,1.4,0.29,0.2028
UGA-3077,Sembabule,Uganda,maiz,73.5,3.29,0.0448
UGA-3077,Sembabule,Uganda,sugc,86.6,0.35,0.0041
UGA-3108,Kibale,Uganda,cott,4.1,1.18,0.2914
UGA-3108,Kibale,Uganda,grou,4.1,3.83,0.94
UGA-3108,Kibale,Uganda,maiz,229.0,17.22,0.0752
UGA-3108,Kibale,Uganda,pota,3.3,0.11,0.0318
UGA-3108,Kibale,Uganda,rice,19.1,39.95,2.0885
UGA-3108,Kibale,Uganda,sugc,291.4,2.19,0.0075
UGA-3093,Mubende,Uganda,cott,5.7,3.29,0.5745
UGA-3093,Mubende,Uganda,grou,4.2,2.12,0.5043
UGA-3093,Mubende,Uganda,maiz,147.9,26.93,0.182
UGA-3093,Mubende,Uganda,rice,6.9,15.13,2.1891
UGA-3093,Mubende,Uganda,sugc,317.1,3.49,0.011
ROU-313,Braila,Romania,barl,44.3,2.71,0.0611
ROU-313,Braila,Romania,maiz,419.7,18.67,0.0445
ROU-313,Braila,Romania,pota,73.2,0.94,0.0129
ROU-313,Braila,Romania,rape,17.6,1.63,0.0926
ROU-313,Braila,Romania,sorg,1.5,0.1,0.0634
ROU-313,Braila,Romania,soyb,68.4,4.13,0.0605
ROU-313,Braila,Romania,whea,139.6,8.32,0.0596
ROU-132,Ialomita,Romania,barl,44.4,4.02,0.0907
ROU-132,Ialomita,Romania,maiz,239.6,16.44,0.0686
ROU-132,Ialomita,Romania,pota,39.6,0.79,0.02
ROU-132,Ialomita,Romania,rape,38.3,5.65,0.1474
ROU-132,Ialomita,Romania,sorg,1.1,0.12,0.1055
ROU-132,Ialomita,Romania,soyb,3.2,0.27,0.0853
ROU-132,Ialomita,Romania,whea,179.8,16.55,0.092
PRT-755,Viseu,Portugal,maiz,18.1,2.96,0.164
PRT-755,Viseu,Portugal,pota,8.6,0.52,0.0598
PRT-755,Viseu,Portugal,rice,2.1,3.12,1.4722
PHL-2588,Agusan del Sur,Philippines,maiz,240.5,55.63,0.2313
PHL-2588,Agusan del Sur,Philippines,oilp,117.4,8.35,0.0711
PHL-2588,Agusan del Sur,Philippines,pota,3.7,0.08,0.0211
PHL-2588,Agusan del Sur,Philippines,rice,342.4,432.16,1.2622
PHL-2588,Agusan del Sur,Philippines,sugc,7103.8,67.21,0.0095
PHL-2589,Bukidnon,Philippines,maiz,1535.3,569.83,0.3712
PHL-2589,Bukidnon,Philippines,oilp,9.2,1.96,0.2128
PHL-2589,Bukidnon,Philippines,pota,2.1,0.23,0.11
PHL-2589,Bukidnon,Philippines,rice,501.3,1096.52,2.1873
PHL-2589,Bukidnon,Philippines,sugc,305.4,22.34,0.0731
PHL-2579,Cotabato,Philippines,maiz,38.0,11.92,0.3135
PHL-2579,Cotabato,Philippines,oilp,75.2,16.44,0.2187
PHL-2579,Cotabato,Philippines,rice,472.4,1528.19,3.2351
PHL-2579,Cotabato,Philippines,sugc,563.4,39.05,0.0693
PHL-2599,South Cotabato,Philippines,maiz,14.1,5.14,0.3644
PHL-2599,South Cotabato,Philippines,oilp,8.7,2.09,0.241
PHL-2599,South Cotabato,Philippines,rice,90.1,264.9,2.9394
PHL-2599,South Cotabato,Philippines,sugc,29.8,2.43,0.0815
PER-571,Cusco,Peru,barl,19.3,5.27,0.2728
PER-571,Cusco,Peru,maiz,81.9,14.24,0.1739
PER-571,Cusco,Peru,oilp,2.2,0.15,0.0691
PER-571,Cusco,Peru,pota,517.5,26.91,0.052
PER-571,Cusco,Peru,rice,11.5,0.96,0.083
PER-571,Cusco,Peru,whea,13.5,3.18,0.2343
PER-586,Ayacucho,Peru,barl,18.9,4.68,0.2481
PER-586,Ayacucho,Peru,maiz,52.3,7.84,0.1501
PER-586,Ayacucho,Peru,pota,197.3,10.3,0.0522
PER-586,Ayacucho,Peru,rice,42.6,2.11,0.0495
PER-586,Ayacucho,Peru,whea,14.0,3.51,0.2516
PER-569,Apurímac,Peru,barl,7.8,2.71,0.3469
PER-569,Apurímac,Peru,maiz,75.3,11.92,0.1584
PER-569,Apurímac,Peru,pota,125.4,6.74,0.0537
PER-569,Apurímac,Peru,rice,2.4,0.12,0.0519
PER-569,Apurímac,Peru,whea,7.9,2.7,0.3411
PER-588,Huancavelica,Peru,barl,22.6,4.39,0.1945
PER-588,Huancavelica,Peru,maiz,43.4,5.41,0.1246
PER-588,Huancavelica,Peru,pota,224.4,9.48,0.0422
PER-588,Huancavelica,Peru,rice,27.7,1.4,0.0506
PER-588,Huancavelica,Peru,whea,6.0,1.33,0.2219
PER-582,San Martín,Peru,maiz,69.1,18.66,0.2698
PER-582,San Martín,Peru,oilp,247.6,57.6,0.2327
PER-582,San Martín,Peru,pota,1.9,0.15,0.0781
PER-582,San Martín,Peru,rice,819.1,137.67,0.1681
PER-579,Huánuco,Peru,barl,9.1,3.44,0.3798
PER-579,Huánuco,Peru,maiz,65.2,46.25,0.7099
PER-579,Huánuco,Peru,oilp,61.8,32.02,0.5179
PER-579,Huánuco,Peru,pota,294.3,23.62,0.0802
PER-579,Huánuco,Peru,rice,70.0,45.51,0.6505
PER-579,Huánuco,Peru,whea,11.3,4.87,0.4299
PER-581,Pasco,Peru,maiz,21.2,7.76,0.3653
PER-581,Pasco,Peru,oilp,55.3,5.68,0.1026
PER-581,Pasco,Peru,pota,67.3,14.2,0.211
PER-581,Pasco,Peru,rice,10.4,1.1,0.1064
PER-590,Junín,Peru,barl,15.2,3.46,0.2271
PER-590,Junín,Peru,maiz,72.8,14.77,0.203
PER-590,Junín,Peru,pota,262.3,22.91,0.0874
PER-590,Junín,Peru,rice,5.9,0.59,0.1003
PER-590,Junín,Peru,whea,6.6,1.92,0.2897
PRY-606,San Pedro,Paraguay,cott,1.2,0.24,0.1919
PRY-606,San Pedro,Paraguay,grou,1.2,0.72,0.5926
PRY-606,San Pedro,Paraguay,maiz,224.3,18.87,0.0841
PRY-606,San Pedro,Paraguay,rape,4.7,0.97,0.206
PRY-606,San Pedro,Paraguay,sorg,5.1,2.57,0.5053
PRY-606,San Pedro,Paraguay,soyb,430.6,22.96,0.0533
PRY-606,San Pedro,Paraguay,sugc,71.3,0.64,0.009
PRY-606,San Pedro,Paraguay,whea,64.2,7.6,0.1183
PRY-617,Caaguazú,Paraguay,grou,1.3,0.69,0.552
PRY-617,Caaguazú,Paraguay,maiz,167.9,13.36,0.0796
PRY-617,Caaguazú,Paraguay,rape,5.0,0.92,0.1833
PRY-617,Caaguazú,Paraguay,rice,513.7,315.1,0.6134
PRY-617,Caaguazú,Paraguay,sorg,5.1,2.49,0.4929
PRY-617,Caaguazú,Paraguay,soyb,356.1,15.87,0.0445
PRY-617,Caaguazú,Paraguay,sugc,2422.0,29.12,0.012
PRY-617,Caaguazú,Paraguay,whea,56.3,6.03,0.107
PRY-604,Cordillera,Paraguay,maiz,12.7,1.91,0.15
PRY-604,Cordillera,Paraguay,soyb,22.1,3.73,0.1687
PRY-604,Cordillera,Paraguay,sugc,3.6,0.05,0.0137
PRY-604,Cordillera,Paraguay,whea,3.0,0.76,0.2497
PRY-618,Caazapá,Paraguay,maiz,76.0,6.83,0.0898
PRY-618,Caazapá,Paraguay,rape,2.2,0.48,0.2116
PRY-618,Caazapá,Paraguay,rice,267.7,163.71,0.6116
PRY-618,Caazapá,Paraguay,sorg,2.2,1.14,0.5113
PRY-618,Caazapá,Paraguay,soyb,149.1,9.34,0.0627
PRY-618,Caazapá,Paraguay,sugc,1188.4,14.94,0.0126
PRY-618,Caazapá,Paraguay,whea,24.3,3.01,0.1238
PRY-611,Paraguarí,Paraguay,maiz,32.4,3.31,0.1021
PRY-611,Paraguarí,Paraguay,soyb,57.5,4.83,0.084
PRY-611,Paraguarí,Paraguay,sugc,9.2,0.09,0.0101
PRY-611,Paraguarí,Paraguay,whea,7.8,1.22,0.1561
PRY-608,Guairá,Paraguay,maiz,29.7,2.77,0.0934
PRY-608,Guairá,Paraguay,soyb,60.8,4.08,0.0672
PRY-608,Guairá,Paraguay,sugc,9.4,0.09,0.0096
PRY-608,Guairá,Paraguay,whea,8.3,1.11,0.1335
PAK-1110,F.C.T.,Pakistan,grou,2.5,2.12,0.8331
PAK-1110,F.C.T.,Pakistan,maiz,54.2,23.3,0.4303
PAK-1110,F.C.T.,Pakistan,sorg,1.4,2.17,1.6044
PAK-1110,F.C.T.,Pakistan,whea,111.4,81.01,0.7273
NIC-666,Matagalpa,Nicaragua,grou,8.0,0.4,0.0494
NIC-666,Matagalpa,Nicaragua,maiz,14.2,5.35,0.3762
NIC-666,Matagalpa,Nicaragua,oilp,17.8,0.73,0.041
NIC-666,Matagalpa,Nicaragua,pota,2.9,0.1,0.0345
NIC-666,Matagalpa,Nicaragua,rice,15.9,13.82,0.8669
NIC-666,Matagalpa,Nicaragua,sorg,2.6,0.82,0.3122
NIC-666,Matagalpa,Nicaragua,sugc,259.9,2.91,0.0112
NIC-668,Boaco,Nicaragua,grou,13.4,0.63,0.047
NIC-668,Boaco,Nicaragua,maiz,25.6,9.65,0.3762
NIC-668,Boaco,Nicaragua,oilp,5.2,0.22,0.0423
NIC-668,Boaco,Nicaragua,pota,4.4,0.15,0.0344
NIC-668,Boaco,Nicaragua,rice,9.6,0.68,0.0703
NIC-668,Boaco,Nicaragua,sorg,5.8,1.76,0.3045
NIC-669,Chontales,Nicaragua,cott,1.0,0.17,0.1621
NIC-669,Chontales,Nicaragua,grou,21.1,1.1,0.0522
NIC-669,Chontales,Nicaragua,maiz,46.8,18.61,0.3981
NIC-669,Chontales,Nicaragua,oilp,45.6,2.13,0.0466
NIC-669,Chontales,Nicaragua,pota,7.6,0.27,0.0354
NIC-669,Chontales,Nicaragua,rice,31.7,17.1,0.5392
NIC-669,Chontales,Nicaragua,sorg,9.1,2.96,0.3258
NIC-669,Chontales,Nicaragua,soyb,1.3,0.12,0.0913
NIC-669,Chontales,Nicaragua,sugc,283.1,3.17,0.0112
NIC-664,Estelí,Nicaragua,maiz,1.6,0.63,0.386
NIC-655,Granada,Nicaragua,grou,6.3,3.17,0.5013
NIC-655,Granada,Nicaragua,maiz,8.2,15.6,1.8904
NIC-655,Granada,Nicaragua,pota,1.7,0.22,0.1298
NIC-655,Granada,Nicaragua,rice,39.1,56.24,1.4372
NIC-655,Granada,Nicaragua,sorg,2.5,3.57,1.4155
NIC-655,Granada,Nicaragua,sugc,776.9,24.9,0.0321
NIC-660,Masaya,Nicaragua,grou,3.2,0.31,0.0987
NIC-660,Masaya,Nicaragua,maiz,3.3,1.89,0.5671
NIC-660,Masaya,Nicaragua,rice,10.6,13.02,1.2236
NIC-660,Masaya,Nicaragua,sorg,1.0,0.44,0.4221
NIC-660,Masaya,Nicaragua,sugc,289.7,3.36,0.0116
NLD-902,Flevoland,Netherlands,barl,12.1,13.84,1.1432
NLD-902,Flevoland,Netherlands,pota,679.7,131.1,0.1929
NLD-902,Flevoland,Netherlands,whea,58.1,68.48,1.1781
NLD-3484,Utrecht,Netherlands,pota,1.8,0.36,0.1984
NLD-3484,Utrecht,Netherlands,whea,10.9,23.85,2.1781
MAR-1446,Fès - Boulemane,Morocco,barl,12.2,4.53,0.3719
MAR-1446,Fès - Boulemane,Morocco,grou,1.1,0.33,0.2928
MAR-1446,Fès - Boulemane,Morocco,pota,29.3,0.79,0.027
MAR-1446,Fès - Boulemane,Morocco,rice,1.5,0.12,0.0804
MAR-1446,Fès - Boulemane,Morocco,sugc,4.5,0.07,0.0157
MAR-1446,Fès - Boulemane,Morocco,whea,46.3,13.63,0.2945
MAR-1453,Tadla - Azilal,Morocco,barl,44.8,14.92,0.3332
MAR-1453,Tadla - Azilal,Morocco,grou,2.0,0.37,0.1807
MAR-1453,Tadla - Azilal,Morocco,pota,162.9,3.15,0.0193
MAR-1453,Tadla - Azilal,Morocco,rice,6.4,0.32,0.05
MAR-1453,Tadla - Azilal,Morocco,sugc,10.8,0.11,0.0099
MAR-1453,Tadla - Azilal,Morocco,whea,144.8,29.7,0.2051
MDA-1632,Călărași,Moldova,maiz,6.1,0.55,0.0903
MDA-1632,Călărași,Moldova,whea,4.7,0.52,0.111
MDA-1619,Drochia,Moldova,barl,1.4,0.52,0.3559
MDA-1619,Drochia,Moldova,maiz,12.0,0.82,0.0683
MDA-1619,Drochia,Moldova,whea,7.5,0.68,0.0902
MDA-1622,Sîngerei,Moldova,barl,3.7,1.31,0.3511
MDA-1622,Sîngerei,Moldova,maiz,31.6,1.99,0.0629
MDA-1622,Sîngerei,Moldova,rape,1.7,0.59,0.3422
MDA-1622,Sîngerei,Moldova,soyb,1.3,0.15,0.1194
MDA-1622,Sîngerei,Moldova,whea,20.5,1.69,0.0826
MDG-5862,Analamanga,Madagascar,grou,2.0,2.02,1.0202
MDG-5862,Analamanga,Madagascar,maiz,6.5,1.67,0.2549
MDG-5862,Analamanga,Madagascar,pota,30.1,3.38,0.1121
MDG-5862,Analamanga,Madagascar,rice,178.1,786.2,4.4156
MDG-5862,Analamanga,Madagascar,sugc,10.0,1.92,0.1928
MDG-5869,Betsiboka,Madagascar,grou,2.5,5.22,2.1146
MDG-5869,Betsiboka,Madagascar,maiz,3.9,3.47,0.8799
MDG-5869,Betsiboka,Madagascar,pota,1.1,0.09,0.0877
MDG-5869,Betsiboka,Madagascar,rice,139.0,295.06,2.1227
MDG-5869,Betsiboka,Madagascar,sugc,27.1,4.44,0.164
MDG-5871,Bongolava,Madagascar,grou,2.9,1.02,0.3483
MDG-5871,Bongolava,Madagascar,maiz,9.4,1.49,0.158
MDG-5871,Bongolava,Madagascar,pota,6.2,0.32,0.0513
MDG-5871,Bongolava,Madagascar,rice,266.2,603.15,2.266
MDG-5871,Bongolava,Madagascar,sugc,24.6,0.46,0.0186
MDG-5881,Vakinankaratra,Madagascar,grou,3.6,1.59,0.4375
MDG-5881,Vakinankaratra,Madagascar,maiz,29.5,5.17,0.1752
MDG-5881,Vakinankaratra,Madagascar,pota,124.1,8.17,0.0658
MDG-5881,Vakinankaratra,Madagascar,rice,196.2,401.2,2.0452
MDG-5881,Vakinankaratra,Madagascar,sugc,6.4,0.15,0.0231
MDG-5861,Amoron'i Mania,Madagascar,grou,3.1,0.9,0.2948
MDG-5861,Amoron'i Mania,Madagascar,maiz,10.1,2.29,0.2261
MDG-5861,Amoron'i Mania,Madagascar,pota,30.9,2.37,0.0765
MDG-5861,Amoron'i Mania,Madagascar,rice,389.6,761.78,1.9552
MDG-5861,Amoron'i Mania,Madagascar,sugc,59.8,1.24,0.0208
MDG-5860,Alaotra-Mangoro,Madagascar,grou,2.6,16.58,6.3525
MDG-5860,Alaotra-Mangoro,Madagascar,maiz,6.3,13.22,2.1077
MDG-5860,Alaotra-Mangoro,Madagascar,pota,3.4,0.5,0.1479
MDG-5860,Alaotra-Mangoro,Madagascar,rice,256.2,1956.42,7.636
MDG-5860,Alaotra-Mangoro,Madagascar,sugc,231.0,99.51,0.4308
LVA-5798,Smiltenes,Latvia,barl,2.1,1.48,0.6893
LVA-5798,Smiltenes,Latvia,pota,1.3,0.16,0.1233
LVA-5798,Smiltenes,Latvia,rape,3.4,3.14,0.9254
LVA-5798,Smiltenes,Latvia,whea,18.6,10.53,0.5647
LVA-1063,Balvu,Latvia,barl,3.2,6.14,1.9311
LVA-1063,Balvu,Latvia,pota,1.7,0.58,0.347
LVA-1063,Balvu,Latvia,rape,4.0,9.37,2.3667
LVA-1063,Balvu,Latvia,whea,23.4,33.66,1.4373
LVA-5795,Strencu,Latvia,barl,3.4,4.61,1.3685
LVA-5795,Strencu,Latvia,pota,2.1,0.51,0.2478
LVA-5795,Strencu,Latvia,rape,5.3,9.21,1.7445
LVA-5795,Strencu,Latvia,whea,29.0,30.78,1.0594
LVA-5784,Burtnieku,Latvia,barl,2.1,2.75,1.2846
LVA-5784,Burtnieku,Latvia,pota,1.2,0.27,0.2299
LVA-5784,Burtnieku,Latvia,rape,3.1,5.07,1.6312
LVA-5784,Burtnieku,Latvia,whea,18.2,17.98,0.9891
LVA-5788,Kocenu,Latvia,barl,1.9,2.83,1.5194
LVA-5788,Kocenu,Latvia,pota,1.0,0.29,0.274
LVA-5788,Kocenu,Latvia,rape,2.6,5.05,1.9129
LVA-5788,Kocenu,Latvia,whea,16.2,18.85,1.1665
LVA-1066,Rezeknes,Latvia,barl,4.9,6.18,1.2542
LVA-1066,Rezeknes,Latvia,pota,2.9,0.66,0.2294
LVA-1066,Rezeknes,Latvia,rape,7.2,11.1,1.5337
LVA-1066,Rezeknes,Latvia,whea,41.2,38.09,0.9252
LVA-5799,Raunas,Latvia,barl,1.6,2.1,1.3259
LVA-5799,Raunas,Latvia,rape,2.5,4.17,1.7008
LVA-5799,Raunas,Latvia,whea,13.7,14.4,1.048
LVA-5793,Pargaujas,Latvia,barl,3.0,2.54,0.8512
LVA-5793,Pargaujas,Latvia,pota,1.8,0.27,0.1517
LVA-5793,Pargaujas,Latvia,rape,4.5,5.0,1.108
LVA-5793,Pargaujas,Latvia,whea,27.8,19.01,0.6829
LVA-1083,Gulbene,Latvia,barl,4.3,3.29,0.7647
LVA-1083,Gulbene,Latvia,pota,2.1,0.29,0.1366
LVA-1083,Gulbene,Latvia,rape,5.2,5.22,0.9975
LVA-1083,Gulbene,Latvia,whea,29.7,18.36,0.6174
LVA-5741,Rugaju,Latvia,barl,1.2,2.56,2.1325
LVA-5741,Rugaju,Latvia,rape,1.4,3.73,2.5724
LVA-5741,Rugaju,Latvia,whea,8.6,13.32,1.5574
LVA-5787,Jaunpiebalgas,Latvia,whea,3.6,3.42,0.9506
LVA-5748,Aglonas,Latvia,whea,2.9,2.6,0.885
LVA-5752,Riebinu,Latvia,barl,1.5,2.54,1.696
LVA-5752,Riebinu,Latvia,rape,2.2,4.67,2.0769
LVA-5752,Riebinu,Latvia,whea,13.0,16.47,1.264
LVA-5753,Vilanu,Latvia,barl,2.4,6.3,2.6475
LVA-5753,Vilanu,Latvia,pota,1.3,0.63,0.4823
LVA-5753,Vilanu,Latvia,rape,3.2,10.43,3.2291
LVA-5753,Vilanu,Latvia,whea,19.3,37.64,1.9533
LVA-5767,Kekavas,Latvia,barl,1.0,3.08,3.0176
LVA-5767,Kekavas,Latvia,rape,1.9,6.63,3.5667
LVA-5767,Kekavas,Latvia,whea,10.8,23.18,2.1547
LVA-5771,Marupes,Latvia,barl,1.6,4.6,2.8395
LVA-5771,Marupes,Latvia,pota,1.0,0.53,0.5175
LVA-5771,Marupes,Latvia,rape,2.8,9.62,3.4357
LVA-5771,Marupes,Latvia,whea,16.5,34.12,2.073
LVA-5775,Salaspils,Latvia,barl,1.7,3.33,1.939
LVA-5775,Salaspils,Latvia,pota,1.1,0.4,0.3591
LVA-5775,Salaspils,Latvia,rape,3.0,7.23,2.4272
LVA-5775,Salaspils,Latvia,whea,17.2,25.22,1.4688
LVA-5778,Siguldas,Latvia,barl,1.4,2.31,1.6175
LVA-5778,Siguldas,Latvia,rape,2.3,4.56,1.9908
LVA-5778,Siguldas,Latvia,whea,13.9,16.94,1.2208
LVA-1087,Madona,Latvia,barl,2.5,5.96,2.4343
LVA-1087,Madona,Latvia,pota,1.3,0.56,0.425
LVA-1087,Madona,Latvia,rape,2.9,8.45,2.9121
LVA-1087,Madona,Latvia,whea,16.4,29.72,1.8111
LVA-5790,Lubanas,Latvia,barl,1.8,4.81,2.6849
LVA-5790,Lubanas,Latvia,rape,2.1,7.02,3.3118
LVA-5790,Lubanas,Latvia,whea,12.6,25.33,2.009
LVA-5800,Varaklanu,Latvia,barl,2.4,7.12,2.916
LVA-5800,Varaklanu,Latvia,pota,1.3,0.71,0.5389
LVA-5800,Varaklanu,Latvia,rape,3.1,11.2,3.6498
LVA-5800,Varaklanu,Latvia,whea,18.1,39.71,2.1962
LVA-5781,Amatas,Latvia,whea,1.3,1.15,0.9047
LVA-5786,Erglu,Latvia,whea,4.1,1.22,0.2995
LVA-1088,Ogre,Latvia,barl,4.1,5.47,1.3351
LVA-1088,Ogre,Latvia,pota,2.4,0.57,0.2393
LVA-1088,Ogre,Latvia,rape,6.3,10.65,1.6981
LVA-1088,Ogre,Latvia,whea,38.2,39.57,1.0345
LVA-5761,Ikskiles,Latvia,barl,1.5,3.03,2.0093
LVA-5761,Ikskiles,Latvia,rape,2.7,6.68,2.4929
LVA-5761,Ikskiles,Latvia,whea,15.5,23.41,1.5134
LVA-5766,Keguma,Latvia,barl,3.1,5.37,1.7432
LVA-5766,Keguma,Latvia,pota,2.0,0.62,0.3126
LVA-5766,Keguma,Latvia,rape,5.2,11.16,2.146
LVA-5766,Keguma,Latvia,whea,30.3,39.56,1.3047
LVA-5736,Iecavas,Latvia,barl,4.0,5.53,1.3827
LVA-5736,Iecavas,Latvia,pota,2.5,0.67,0.2639
LVA-5736,Iecavas,Latvia,rape,6.4,11.36,1.7857
LVA-5736,Iecavas,Latvia,whea,36.6,39.41,1.0761
LVA-5728,Plavinu,Latvia,barl,2.7,3.33,1.2457
LVA-5728,Plavinu,Latvia,pota,1.5,0.33,0.2231
LVA-5728,Plavinu,Latvia,rape,3.8,5.95,1.5824
LVA-5728,Plavinu,Latvia,whea,23.0,22.26,0.9698
LVA-5729,Kokneses,Latvia,barl,1.5,2.5,1.6434
LVA-5729,Kokneses,Latvia,rape,2.4,4.96,2.0762
LVA-5729,Kokneses,Latvia,whea,14.4,18.26,1.2714
LVA-5731,Skriveru,Latvia,barl,1.8,2.95,1.6315
LVA-5731,Skriveru,Latvia,pota,1.1,0.32,0.2926
LVA-5731,Skriveru,Latvia,rape,2.8,5.78,2.0352
LVA-5731,Skriveru,Latvia,whea,17.5,21.74,1.2418
LVA-1089,Preilu,Latvia,barl,2.1,5.03,2.4067
LVA-1089,Preilu,Latvia,pota,1.2,0.52,0.4336
LVA-1089,Preilu,Latvia,rape,3.0,8.89,2.9424
LVA-1089,Preilu,Latvia,whea,17.9,31.91,1.7816
LVA-5750,Livanu,Latvia,barl,1.1,3.7,3.2726
LVA-5750,Livanu,Latvia,rape,1.6,6.22,3.9643
LVA-5750,Livanu,Latvia,whea,9.2,22.28,2.4109
LVA-5751,Varkavas,Latvia,barl,2.5,3.71,1.4828
LVA-5751,Varkavas,Latvia,pota,1.5,0.4,0.2678
LVA-5751,Varkavas,Latvia,rape,3.8,6.83,1.7984
LVA-5751,Varkavas,Latvia,whea,21.9,23.83,1.0891
LVA-5725,Jekabpils,Latvia,barl,5.0,9.35,1.8821
LVA-5725,Jekabpils,Latvia,pota,2.7,0.92,0.3387
LVA-5725,Jekabpils,Latvia,rape,6.7,15.67,2.3394
LVA-5725,Jekabpils,Latvia,whea,40.2,57.09,1.4211
LVA-5726,Krustpils,Latvia,barl,2.5,5.12,2.0713
LVA-5726,Krustpils,Latvia,pota,1.4,0.52,0.3741
LVA-5726,Krustpils,Latvia,rape,3.4,8.67,2.5642
LVA-5726,Krustpils,Latvia,whea,19.9,30.79,1.5467
LVA-5714,Aizputes,Latvia,barl,3.2,1.92,0.607
LVA-5714,Aizputes,Latvia,pota,1.8,0.19,0.1055
LVA-5714,Aizputes,Latvia,rape,5.0,3.97,0.8008
LVA-5714,Aizputes,Latvia,whea,30.8,15.52,0.5036
LVA-5709,Kuldigas,Latvia,barl,8.3,10.63,1.2855
LVA-5709,Kuldigas,Latvia,pota,4.6,1.08,0.2346
LVA-5709,Kuldigas,Latvia,rape,11.9,19.65,1.6527
LVA-5709,Kuldigas,Latvia,whea,74.7,75.72,1.0138
LVA-5712,Skrundas,Latvia,barl,2.2,2.67,1.1889
LVA-5712,Skrundas,Latvia,pota,1.2,0.26,0.2112
LVA-5712,Skrundas,Latvia,rape,3.4,5.05,1.4894
LVA-5712,Skrundas,Latvia,whea,21.1,19.29,0.9159
LVA-5765,Kandavas,Latvia,barl,13.1,4.41,0.338
LVA-5765,Kandavas,Latvia,pota,7.2,0.42,0.0579
LVA-5765,Kandavas,Latvia,rape,19.6,9.33,0.4768
LVA-5765,Kandavas,Latvia,whea,112.1,34.52,0.308
LVA-1092,Tukums,Latvia,barl,10.3,10.12,0.9826
LVA-1092,Tukums,Latvia,pota,6.1,1.15,0.1873
LVA-1092,Tukums,Latvia,rape,16.4,20.81,1.2699
LVA-1092,Tukums,Latvia,whea,92.9,72.81,0.7834
LVA-1082,Dobele,Latvia,barl,15.5,10.71,0.6888
LVA-1082,Dobele,Latvia,pota,8.7,1.07,0.1237
LVA-1082,Dobele,Latvia,rape,22.6,22.3,0.9859
LVA-1082,Dobele,Latvia,whea,128.4,73.0,0.5686
LVA-5711,Brocenu,Latvia,barl,2.5,3.14,1.28
LVA-5711,Brocenu,Latvia,pota,1.4,0.29,0.2086
LVA-5711,Brocenu,Latvia,rape,3.9,6.67,1.7026
LVA-5711,Brocenu,Latvia,whea,22.2,20.93,0.9442
LVA-5737,Ozolnieku,Latvia,barl,4.9,9.8,1.988
LVA-5737,Ozolnieku,Latvia,pota,2.9,1.13,0.3883
LVA-5737,Ozolnieku,Latvia,rape,7.3,19.11,2.6003
LVA-5737,Ozolnieku,Latvia,whea,41.8,66.06,1.5799
KGZ-1115,Bishkek,Kyrgyzstan,barl,11.8,0.72,0.0611
KGZ-1115,Bishkek,Kyrgyzstan,maiz,17.4,0.66,0.0381
KGZ-1115,Bishkek,Kyrgyzstan,pota,14.8,0.16,0.0111
KGZ-1115,Bishkek,Kyrgyzstan,whea,16.1,1.19,0.074
KEN-1196,Nairobi,Kenya,maiz,4.3,0.69,0.161
KEN-1195,Central,Kenya,maiz,298.5,46.78,0.1567
KEN-1195,Central,Kenya,pota,659.8,63.01,0.0955
KEN-1195,Central,Kenya,rice,122.8,146.62,1.1935
KEN-1195,Central,Kenya,sorg,5.3,1.52,0.2897
KEN-1195,Central,Kenya,whea,17.9,6.18,0.3462
JOR-856,Jarash,Jordan,pota,1.3,0.05,0.0391
JPN-3503,Gunma,Japan,barl,4.5,2.37,0.5302
JPN-3503,Gunma,Japan,pota,6.5,0.43,0.0662
JPN-3503,Gunma,Japan,rice,77.8,66.95,0.8609
JPN-3503,Gunma,Japan,whea,15.0,9.68,0.6439
JPN-1844,Nagano,Japan,pota,31.5,0.57,0.018
JPN-1844,Nagano,Japan,rice,224.1,95.68,0.4269
JPN-1844,Nagano,Japan,soyb,3.1,0.54,0.1735
JPN-1844,Nagano,Japan,whea,11.1,2.46,0.2212
JPN-1859,Tochigi,Japan,barl,38.9,8.09,0.2077
JPN-1859,Tochigi,Japan,pota,17.6,0.59,0.0332
JPN-1859,Tochigi,Japan,rice,460.0,313.0,0.6804
JPN-1859,Tochigi,Japan,soyb,3.5,2.21,0.6397
JPN-1859,Tochigi,Japan,whea,12.9,4.29,0.3315
JPN-1841,Gifu,Japan,pota,9.7,0.4,0.0414
JPN-1841,Gifu,Japan,rice,182.4,114.51,0.6276
JPN-1841,Gifu,Japan,soyb,4.5,2.46,0.5489
JPN-1841,Gifu,Japan,whea,17.6,7.04,0.4005
JPN-1853,Shiga,Japan,barl,3.5,1.07,0.3048
JPN-1853,Shiga,Japan,pota,6.1,0.28,0.0456
JPN-1853,Shiga,Japan,rice,251.6,134.63,0.535
JPN-1853,Shiga,Japan,soyb,8.3,1.96,0.2353
JPN-1853,Shiga,Japan,whea,29.6,13.86,0.4684
JPN-1858,Saitama,Japan,barl,1.5,0.64,0.4217
JPN-1858,Saitama,Japan,pota,22.0,6.04,0.2744
JPN-1858,Saitama,Japan,rice,235.1,300.44,1.2777
JPN-1858,Saitama,Japan,soyb,1.1,2.27,2.1262
JPN-1858,Saitama,Japan,whea,20.4,35.62,1.7476
JPN-1861,Yamanashi,Japan,pota,9.0,0.16,0.0174
JPN-1861,Yamanashi,Japan,rice,42.5,17.07,0.4014
JPN-1851,Nara,Japan,pota,3.6,0.13,0.0354
JPN-1851,Nara,Japan,rice,48.0,22.26,0.464
CIV-3446,Haut-Sassandra,Ivory Coast,cott,23.9,2.06,0.0863
CIV-3446,Haut-Sassandra,Ivory Coast,grou,12.5,0.66,0.0527
CIV-3446,Haut-Sassandra,Ivory Coast,maiz,44.5,1.22,0.0274
CIV-3446,Haut-Sassandra,Ivory Coast,oilp,222.1,0.68,0.0031
CIV-3446,Haut-Sassandra,Ivory Coast,rice,85.5,16.2,0.1895
CIV-3446,Haut-Sassandra,Ivory Coast,sorg,3.3,0.29,0.0883
CIV-3446,Haut-Sassandra,Ivory Coast,sugc,337.3,2.74,0.0081
CIV-3451,Agnéby,Ivory Coast,cott,12.7,1.8,0.1422
CIV-3451,Agnéby,Ivory Coast,grou,6.3,0.7,0.1113
CIV-3451,Agnéby,Ivory Coast,maiz,26.4,1.57,0.0597
CIV-3451,Agnéby,Ivory Coast,oilp,190.2,2.97,0.0156
CIV-3451,Agnéby,Ivory Coast,rice,44.6,6.17,0.1382
CIV-3451,Agnéby,Ivory Coast,sorg,1.9,0.54,0.2822
CIV-3451,Agnéby,Ivory Coast,sugc,30.6,0.1,0.0033
CIV-3452,N'zi-Comoé,Ivory Coast,cott,14.6,2.0,0.1374
CIV-3452,N'zi-Comoé,Ivory Coast,grou,11.5,0.81,0.0707
CIV-3452,N'zi-Comoé,Ivory Coast,maiz,58.0,2.44,0.042
CIV-3452,N'zi-Comoé,Ivory Coast,oilp,154.5,0.39,0.0025
CIV-3452,N'zi-Comoé,Ivory Coast,rice,66.5,9.66,0.1453
CIV-3452,N'zi-Comoé,Ivory Coast,sorg,4.4,0.65,0.1464
CIV-3452,N'zi-Comoé,Ivory Coast,sugc,62.0,0.33,0.0053
CIV-3444,Marahoué,Ivory Coast,cott,15.3,2.18,0.1424
CIV-3444,Marahoué,Ivory Coast,grou,8.3,0.82,0.0994
CIV-3444,Marahoué,Ivory Coast,maiz,28.7,1.74,0.0605
CIV-3444,Marahoué,Ivory Coast,oilp,157.6,0.84,0.0053
CIV-3444,Marahoué,Ivory Coast,rice,51.0,6.89,0.1352
CIV-3444,Marahoué,Ivory Coast,sorg,2.2,0.6,0.277
CIV-3444,Marahoué,Ivory Coast,sugc,40.5,0.1,0.0025
CIV-3445,Fromager,Ivory Coast,cott,11.1,0.96,0.0863
CIV-3445,Fromager,Ivory Coast,grou,5.0,0.27,0.0538
CIV-3445,Fromager,Ivory Coast,maiz,16.8,0.47,0.0279
CIV-3445,Fromager,Ivory Coast,oilp,163.5,0.42,0.0026
CIV-3445,Fromager,Ivory Coast,rice,38.1,4.08,0.1073
CIV-3445,Fromager,Ivory Coast,sorg,1.2,0.1,0.0879
CIV-3445,Fromager,Ivory Coast,sugc,29.0,0.07,0.0023
CIV-3450,Vallée du Bandama,Ivory Coast,cott,30.4,3.01,0.099
CIV-3450,Vallée du Bandama,Ivory Coast,grou,15.8,1.02,0.0646
CIV-3450,Vallée du Bandama,Ivory Coast,maiz,96.3,3.59,0.0373
CIV-3450,Vallée du Bandama,Ivory Coast,oilp,3.2,0.02,0.0047
CIV-3450,Vallée du Bandama,Ivory Coast,rice,96.0,13.87,0.1445
CIV-3450,Vallée du Bandama,Ivory Coast,sorg,6.0,0.81,0.1344
CIV-3450,Vallée du Bandama,Ivory Coast,sugc,120.1,0.62,0.0052
CIV-3461,Lacs,Ivory Coast,cott,11.1,2.4,0.2168
CIV-3461,Lacs,Ivory Coast,grou,7.1,0.81,0.114
CIV-3461,Lacs,Ivory Coast,maiz,30.1,2.24,0.0746
CIV-3461,Lacs,Ivory Coast,oilp,124.2,0.37,0.003
CIV-3461,Lacs,Ivory Coast,rice,41.0,6.85,0.1668
CIV-3461,Lacs,Ivory Coast,sorg,2.3,0.58,0.2555
CIV-3461,Lacs,Ivory Coast,sugc,26.9,0.09,0.0034
CIV-3443,Worodougou,Ivory Coast,cott,45.3,3.72,0.0823
CIV-3443,Worodougou,Ivory Coast,grou,18.6,0.99,0.053
CIV-3443,Worodougou,Ivory Coast,maiz,95.5,2.57,0.0269
CIV-3443,Worodougou,Ivory Coast,rice,120.2,14.95,0.1244
CIV-3443,Worodougou,Ivory Coast,sorg,5.6,0.49,0.0883
CIV-3443,Worodougou,Ivory Coast,sugc,163.4,0.94,0.0058
IRL-721,Kildare,Ireland,barl,133.6,104.21,0.78
IRL-721,Kildare,Ireland,pota,29.9,4.64,0.1552
IRL-721,Kildare,Ireland,rape,6.5,8.8,1.3627
IRL-721,Kildare,Ireland,whea,25.0,26.69,1.0677
IRL-77,Carlow,Ireland,barl,69.9,25.48,0.3647
IRL-77,Carlow,Ireland,pota,12.6,1.08,0.0855
IRL-77,Carlow,Ireland,rape,2.5,2.14,0.8641
IRL-77,Carlow,Ireland,whea,16.8,8.93,0.5316
IRL-723,Laoighis,Ireland,barl,86.6,83.68,0.9666
IRL-723,Laoighis,Ireland,pota,16.4,3.6,0.2187
IRL-723,Laoighis,Ireland,rape,3.3,6.39,1.9247
IRL-723,Laoighis,Ireland,whea,17.6,20.88,1.1856
IRL-716,Offaly,Ireland,barl,23.8,23.62,0.9911
IRL-716,Offaly,Ireland,pota,5.7,1.19,0.2092
IRL-716,Offaly,Ireland,rape,1.2,2.23,1.7872
IRL-716,Offaly,Ireland,whea,3.9,5.06,1.3078
IRL-717,Westmeath,Ireland,barl,22.6,24.74,1.0962
IRL-717,Westmeath,Ireland,pota,5.7,1.31,0.2314
IRL-717,Westmeath,Ireland,rape,1.2,2.45,1.96
IRL-717,Westmeath,Ireland,whea,3.8,5.5,1.4336
IRL-724,North Tipperary,Ireland,barl,110.0,191.89,1.7445
IRL-724,North Tipperary,Ireland,pota,14.6,5.4,0.3694
IRL-724,North Tipperary,Ireland,rape,2.2,6.72,3.055
IRL-724,North Tipperary,Ireland,whea,29.8,65.77,2.2084
IRL-5572,South Tipperary,Ireland,barl,101.6,54.37,0.5353
IRL-5572,South Tipperary,Ireland,pota,13.8,1.52,0.1105
IRL-5572,South Tipperary,Ireland,rape,2.1,2.07,0.9933
IRL-5572,South Tipperary,Ireland,whea,27.8,21.21,0.7629
HND-646,Comayagua,Honduras,maiz,36.8,13.13,0.3569
HND-646,Comayagua,Honduras,oilp,13.3,1.22,0.0914
HND-646,Comayagua,Honduras,pota,2.7,0.3,0.1139
HND-646,Comayagua,Honduras,rice,4.9,9.65,1.9728
HND-646,Comayagua,Honduras,sorg,1.1,0.49,0.4307
HND-646,Comayagua,Honduras,sugc,263.8,5.88,0.0223
HND-643,Yoro,Honduras,maiz,36.8,15.06,0.4092
HND-643,Yoro,Honduras,oilp,146.5,16.94,0.1156
HND-643,Yoro,Honduras,rice,1.4,0.69,0.4818
HND-643,Yoro,Honduras,sorg,1.3,0.65,0.4977
HND-643,Yoro,Honduras,sugc,262.6,6.03,0.023
HND-639,Francisco Morazán,Honduras,maiz,35.7,13.99,0.3925
HND-639,Francisco Morazán,Honduras,sorg,1.4,0.64,0.4691
HND-639,Francisco Morazán,Honduras,sugc,161.3,3.8,0.0236
GIN-5644,Kissidougou,Guinea,grou,20.9,3.27,0.1565
GIN-5644,Kissidougou,Guinea,maiz,17.9,2.07,0.1156
GIN-5644,Kissidougou,Guinea,pota,3.3,0.05,0.016
GIN-5644,Kissidougou,Guinea,rice,74.8,18.23,0.2438
GIN-5644,Kissidougou,Guinea,sorg,1.2,0.12,0.1025
GIN-5644,Kissidougou,Guinea,sugc,11.1,0.1,0.0092
GIN-5642,Kérouané,Guinea,grou,6.9,1.56,0.2272
GIN-5642,Kérouané,Guinea,maiz,6.4,1.06,0.1662
GIN-5642,Kérouané,Guinea,pota,3.0,0.06,0.0197
GIN-5642,Kérouané,Guinea,rice,22.2,7.0,0.3147
GIN-5642,Kérouané,Guinea,sugc,10.4,0.1,0.01
GIN-5660,Télimélé,Guinea,grou,41.6,4.82,0.1158
GIN-5660,Télimélé,Guinea,maiz,19.3,1.89,0.0979
GIN-5660,Télimélé,Guinea,oilp,54.5,1.15,0.0211
GIN-5660,Télimélé,Guinea,pota,2.3,0.02,0.0106
GIN-5660,Télimélé,Guinea,rice,103.5,22.43,0.2168
GIN-5660,Télimélé,Guinea,sorg,1.2,0.1,0.0868
GIN-5660,Télimélé,Guinea,sugc,6.2,0.04,0.0066
GIN-5649,Lélouma,Guinea,grou,9.8,1.77,0.1811
GIN-5649,Lélouma,Guinea,maiz,20.9,2.94,0.1407
GIN-5649,Lélouma,Guinea,rice,22.2,6.01,0.2705
GIN-5649,Lélouma,Guinea,sugc,1.5,0.01,0.0086
GIN-5633,Dalaba,Guinea,grou,16.6,2.24,0.1352
GIN-5633,Dalaba,Guinea,maiz,25.9,2.69,0.1039
GIN-5633,Dalaba,Guinea,pota,1.7,0.02,0.0134
GIN-5633,Dalaba,Guinea,rice,41.8,9.91,0.2373
GIN-5633,Dalaba,Guinea,sorg,1.2,0.11,0.091
GIN-5633,Dalaba,Guinea,sugc,4.6,0.03,0.0063
GIN-5648,Labé,Guinea,grou,8.8,2.0,0.2283
GIN-5648,Labé,Guinea,maiz,22.2,3.3,0.1484
GIN-5648,Labé,Guinea,rice,16.2,5.27,0.3258
GIN-5648,Labé,Guinea,sugc,2.3,0.02,0.0094
GIN-5656,Pita,Guinea,grou,17.4,2.27,0.1303
GIN-5656,Pita,Guinea,maiz,25.7,2.72,0.1056
GIN-5656,Pita,Guinea,pota,1.8,0.02,0.0126
GIN-5656,Pita,Guinea,rice,42.2,9.73,0.2305
GIN-5656,Pita,Guinea,sorg,1.2,0.11,0.0933
GIN-5656,Pita,Guinea,sugc,4.5,0.03,0.0056
GIN-5647,Kouroussa,Guinea,cott,3.3,0.42,0.1254
GIN-5647,Kouroussa,Guinea,grou,41.9,4.95,0.1182
GIN-5647,Kouroussa,Guinea,maiz,38.7,3.51,0.0906
GIN-5647,Kouroussa,Guinea,oilp,1.2,0.01,0.0069
GIN-5647,Kouroussa,Guinea,pota,18.2,0.19,0.0105
GIN-5647,Kouroussa,Guinea,rice,131.8,68.77,0.5217
GIN-5647,Kouroussa,Guinea,sorg,4.5,0.36,0.0795
GIN-5647,Kouroussa,Guinea,sugc,24.5,0.13,0.0053
GIN-5638,Fria,Guinea,grou,12.7,1.38,0.1085
GIN-5638,Fria,Guinea,maiz,7.4,0.65,0.0875
GIN-5638,Fria,Guinea,oilp,18.0,0.44,0.0247
GIN-5638,Fria,Guinea,rice,24.2,5.48,0.2265
GTM-1949,Chimaltenango,Guatemala,maiz,40.6,20.68,0.5094
GTM-1949,Chimaltenango,Guatemala,pota,22.2,1.58,0.0712
GTM-1949,Chimaltenango,Guatemala,sorg,1.2,0.92,0.7821
GTM-1953,Sacatepéquez,Guatemala,maiz,4.9,3.66,0.7523
GTM-1953,Sacatepéquez,Guatemala,pota,14.1,1.06,0.0753
GTM-1951,Guatemala,Guatemala,maiz,18.2,7.92,0.4356
GTM-1951,Guatemala,Guatemala,pota,9.6,0.48,0.05
GTM-1961,Jalapa,Guatemala,maiz,11.6,3.49,0.3017
GTM-1961,Jalapa,Guatemala,pota,1.6,0.02,0.0145
GTM-1961,Jalapa,Guatemala,sugc,18.8,0.08,0.0044
GTM-1956,El Progreso,Guatemala,maiz,59.8,19.07,0.3186
GTM-1956,El Progreso,Guatemala,pota,1.4,0.05,0.0315
GTM-1956,El Progreso,Guatemala,sorg,2.3,0.73,0.3129
GTM-1956,El Progreso,Guatemala,sugc,40.4,0.31,0.0076
GTM-1954,Sololá,Guatemala,maiz,10.1,2.71,0.2687
GTM-1945,Quezaltenango,Guatemala,maiz,109.6,40.67,0.371
GTM-1945,Quezaltenango,Guatemala,oilp,119.0,4.71,0.0396
GTM-1945,Quezaltenango,Guatemala,pota,83.0,3.64,0.0439
GTM-1942,Baja Verapaz,Guatemala,maiz,59.2,17.78,0.3003
GTM-1942,Baja Verapaz,Guatemala,sugc,6.0,0.05,0.0082
GTM-1955,Totonicapán,Guatemala,maiz,68.0,22.34,0.3288
GTM-1955,Totonicapán,Guatemala,pota,21.2,0.96,0.0454
GHA-2158,Ashanti,Ghana,cott,2.0,0.7,0.3595
GHA-2158,Ashanti,Ghana,grou,11.1,1.19,0.1073
GHA-2158,Ashanti,Ghana,maiz,433.9,40.34,0.093
GHA-2158,Ashanti,Ghana,oilp,755.9,3.28,0.0043
GHA-2158,Ashanti,Ghana,rice,55.5,12.36,0.2227
GHA-2158,Ashanti,Ghana,sorg,1.7,0.3,0.1818
GHA-2158,Ashanti,Ghana,sugc,13.4,0.35,0.0257
GHA-2161,Eastern,Ghana,cott,1.3,0.44,0.3492
GHA-2161,Eastern,Ghana,grou,14.9,1.79,0.1202
GHA-2161,Eastern,Ghana,maiz,482.3,51.39,0.1066
GHA-2161,Eastern,Ghana,oilp,102.5,0.58,0.0056
GHA-2161,Eastern,Ghana,rice,40.4,16.84,0.4171
GHA-2161,Eastern,Ghana,sugc,9.6,0.25,0.026
DEU-1574,Hessen,Germany,barl,571.4,84.77,0.1483
DEU-1574,Hessen,Germany,maiz,118.3,10.17,0.0859
DEU-1574,Hessen,Germany,pota,223.4,5.35,0.0239
DEU-1574,Hessen,Germany,rape,149.6,44.88,0.3
DEU-1574,Hessen,Germany,soyb,3.4,0.62,0.1816
DEU-1574,Hessen,Germany,whea,1163.1,191.77,0.1649
DEU-1577,Thüringen,Germany,barl,653.5,59.73,0.0914
DEU-1577,Thüringen,Germany,maiz,51.5,1.85,0.036
DEU-1577,Thüringen,Germany,pota,95.1,1.47,0.0154
DEU-1577,Thüringen,Germany,rape,325.9,59.37,0.1822
DEU-1577,Thüringen,Germany,soyb,1.4,0.14,0.1044
DEU-1577,Thüringen,Germany,whea,1545.7,156.0,0.1009
DEU-1600,Sachsen-Anhalt,Germany,barl,760.6,117.59,0.1546
DEU-1600,Sachsen-Anhalt,Germany,maiz,187.8,19.81,0.1055
DEU-1600,Sachsen-Anhalt,Germany,pota,640.0,15.64,0.0244
DEU-1600,Sachsen-Anhalt,Germany,rape,366.5,105.01,0.2866
DEU-1600,Sachsen-Anhalt,Germany,soyb,3.4,0.98,0.2893
DEU-1600,Sachsen-Anhalt,Germany,whea,2391.6,368.16,0.1539
DEU-1599,Berlin,Germany,barl,2.3,0.95,0.4148
DEU-1599,Berlin,Germany,pota,1.3,0.09,0.0669
DEU-1599,Berlin,Germany,whea,3.7,1.41,0.3837
GAB-2621,Moyen-Ogooué,Gabon,maiz,3.3,0.52,0.1555
GAB-2621,Moyen-Ogooué,Gabon,oilp,25.4,0.08,0.0031
GAB-2621,Moyen-Ogooué,Gabon,sugc,16.9,0.13,0.0075
EST-2348,Rapla,Estonia,barl,27.1,88.67,3.2718
EST-2348,Rapla,Estonia,pota,4.2,2.22,0.5329
EST-2348,Rapla,Estonia,rape,9.0,48.67,5.3903
EST-2348,Rapla,Estonia,whea,41.3,127.47,3.0833
EST-1656,Järva,Estonia,barl,69.9,140.38,2.0083
EST-1656,Järva,Estonia,pota,11.5,3.63,0.3167
EST-1656,Järva,Estonia,rape,28.7,85.55,2.9786
EST-1656,Järva,Estonia,whea,102.0,197.87,1.9402
ERI-1561,Anseba,Eritrea,barl,1.1,0.07,0.0619
ERI-1561,Anseba,Eritrea,sorg,5.3,0.67,0.126
SLV-1345,Cuscatlán,El Salvador,maiz,48.4,10.48,0.2167
SLV-1345,Cuscatlán,El Salvador,sorg,3.8,0.46,0.1231
SLV-1345,Cuscatlán,El Salvador,sugc,194.7,2.61,0.0134
SLV-1349,San Salvador,El Salvador,maiz,10.2,2.6,0.254
SLV-1349,San Salvador,El Salvador,sugc,72.4,1.15,0.0158
EGY-1533,Al Qahirah,Egypt,maiz,141.1,28.39,0.2012
EGY-1533,Al Qahirah,Egypt,pota,43.9,2.1,0.0478
EGY-1533,Al Qahirah,Egypt,rice,5.5,3.23,0.5907
EGY-1533,Al Qahirah,Egypt,sugc,1.6,0.04,0.027
EGY-1533,Al Qahirah,Egypt,whea,27.8,2.36,0.0848
EGY-1544,Al Jizah,Egypt,barl,1.2,0.29,0.238
EGY-1544,Al Jizah,Egypt,grou,4.5,0.83,0.183
EGY-1544,Al Jizah,Egypt,maiz,175.4,33.51,0.191
EGY-1544,Al Jizah,Egypt,pota,46.4,2.82,0.0609
EGY-1544,Al Jizah,Egypt,rice,296.3,159.1,0.5369
EGY-1544,Al Jizah,Egypt,sorg,4.1,0.64,0.1574
EGY-1544,Al Jizah,Egypt,soyb,5.7,1.5,0.2616
EGY-1544,Al Jizah,Egypt,sugc,61.9,1.65,0.0266
EGY-1544,Al Jizah,Egypt,whea,31.4,4.18,0.1335
EGY-1545,Al Minya,Egypt,barl,2.0,0.09,0.0452
EGY-1545,Al Minya,Egypt,maiz,1181.0,37.38,0.0316
EGY-1545,Al Minya,Egypt,pota,638.4,4.02,0.0063
EGY-1545,Al Minya,Egypt,whea,552.8,15.13,0.0274
EGY-1542,Al Fayyum,Egypt,barl,5.4,0.89,0.1634
EGY-1542,Al Fayyum,Egypt,cott,8.9,4.85,0.5454
EGY-1542,Al Fayyum,Egypt,maiz,282.5,52.08,0.1844
EGY-1542,Al Fayyum,Egypt,pota,1.5,0.08,0.0493
EGY-1542,Al Fayyum,Egypt,rice,8.9,5.25,0.589
EGY-1542,Al Fayyum,Egypt,sorg,65.9,10.33,0.1568
EGY-1542,Al Fayyum,Egypt,sugc,11.2,0.13,0.012
EGY-1542,Al Fayyum,Egypt,whea,525.3,58.73,0.1118
EGY-1546,Bani Suwayf,Egypt,barl,1.5,0.28,0.1822
EGY-1546,Bani Suwayf,Egypt,cott,2.1,1.24,0.5817
EGY-1546,Bani Suwayf,Egypt,grou,2.7,0.5,0.1858
EGY-1546,Bani Suwayf,Egypt,maiz,326.5,64.14,0.1964
EGY-1546,Bani Suwayf,Egypt,rice,31.4,19.14,0.6099
EGY-1546,Bani Suwayf,Egypt,sorg,29.3,4.79,0.1638
EGY-1546,Bani Suwayf,Egypt,soyb,4.2,1.14,0.2686
EGY-1546,Bani Suwayf,Egypt,sugc,14.1,0.31,0.0222
EGY-1546,Bani Suwayf,Egypt,whea,112.6,13.88,0.1233
EGY-1532,Al Minufiyah,Egypt,cott,2.3,0.86,0.3708
EGY-1532,Al Minufiyah,Egypt,maiz,128.4,9.83,0.0765
EGY-1532,Al Minufiyah,Egypt,pota,456.6,6.32,0.0138
EGY-1532,Al Minufiyah,Egypt,rice,67.1,38.14,0.5686
EGY-1532,Al Minufiyah,Egypt,sorg,19.8,0.99,0.0501
EGY-1532,Al Minufiyah,Egypt,sugc,8.7,0.06,0.0071
EGY-1532,Al Minufiyah,Egypt,whea,278.6,11.49,0.0413
EGY-1534,Al Qalyubiyah,Egypt,maiz,125.6,20.55,0.1636
EGY-1534,Al Qalyubiyah,Egypt,pota,192.1,4.79,0.0249
EGY-1534,Al Qalyubiyah,Egypt,sorg,6.0,0.27,0.0448
EGY-1534,Al Qalyubiyah,Egypt,whea,102.1,6.15,0.0602
EGY-1530,Al Gharbiyah,Egypt,cott,5.0,1.45,0.2912
EGY-1530,Al Gharbiyah,Egypt,maiz,152.2,14.16,0.093
EGY-1530,Al Gharbiyah,Egypt,pota,330.1,8.01,0.0243
EGY-1530,Al Gharbiyah,Egypt,rice,222.8,125.97,0.5655
EGY-1530,Al Gharbiyah,Egypt,sorg,9.3,0.84,0.0896
EGY-1530,Al Gharbiyah,Egypt,sugc,35.6,0.25,0.0069
EGY-1530,Al Gharbiyah,Egypt,whea,297.3,18.39,0.0619
EGY-1552,Suhaj,Egypt,grou,2.0,0.29,0.1455
EGY-1552,Suhaj,Egypt,maiz,236.3,45.47,0.1924
EGY-1552,Suhaj,Egypt,pota,25.1,1.27,0.0505
EGY-1552,Suhaj,Egypt,sorg,1.1,0.19,0.1667
EGY-1552,Suhaj,Egypt,sugc,243.7,3.15,0.0129
EGY-1552,Suhaj,Egypt,whea,328.1,39.07,0.1191
EGY-1551,Qina,Egypt,barl,5.6,0.91,0.163
EGY-1551,Qina,Egypt,grou,5.4,0.64,0.1184
EGY-1551,Qina,Egypt,maiz,493.9,89.63,0.1815
EGY-1551,Qina,Egypt,pota,80.7,3.78,0.0468
EGY-1551,Qina,Egypt,sorg,64.9,9.87,0.152
EGY-1551,Qina,Egypt,sugc,3679.2,56.54,0.0154
EGY-1551,Qina,Egypt,whea,378.1,51.31,0.1357
EGY-1549,Asyut,Egypt,maiz,530.1,101.62,0.1917
EGY-1549,Asyut,Egypt,pota,28.7,1.87,0.0653
EGY-1549,Asyut,Egypt,sugc,74.1,0.97,0.0131
EGY-1549,Asyut,Egypt,whea,479.6,73.39,0.153
ECU-1266,Azuay,Ecuador,maiz,29.0,6.17,0.2129
ECU-1266,Azuay,Ecuador,oilp,2.9,0.13,0.0442
ECU-1266,Azuay,Ecuador,pota,23.3,1.41,0.0604
ECU-1266,Azuay,Ecuador,rice,33.5,30.46,0.9094
ECU-1266,Azuay,Ecuador,sugc,1052.6,8.57,0.0081
ECU-1278,Cañar,Ecuador,maiz,10.3,7.2,0.7005
ECU-1278,Cañar,Ecuador,oilp,15.9,2.61,0.1645
ECU-1278,Cañar,Ecuador,pota,9.7,1.02,0.1057
ECU-1278,Cañar,Ecuador,rice,16.4,51.02,3.1149
ECU-1278,Cañar,Ecuador,sugc,759.4,251.61,0.3313
ECU-1289,Napo,Ecuador,maiz,13.6,7.05,0.5195
ECU-1289,Napo,Ecuador,pota,52.2,6.54,0.1251
ECU-1289,Napo,Ecuador,rice,7.6,1.99,0.2613
ECU-1289,Napo,Ecuador,sugc,631.4,8.13,0.0129
ECU-1290,Tungurahua,Ecuador,maiz,34.6,13.49,0.3903
ECU-1290,Tungurahua,Ecuador,pota,7.8,0.98,0.1243
ECU-1290,Tungurahua,Ecuador,rice,1.5,0.41,0.2662
ECU-1284,Chimborazo,Ecuador,barl,3.9,1.23,0.3171
ECU-1284,Chimborazo,Ecuador,maiz,21.0,5.15,0.2454
ECU-1284,Chimborazo,Ecuador,pota,65.8,6.39,0.0972
ECU-1284,Chimborazo,Ecuador,rice,1.1,0.21,0.1839
ECU-1284,Chimborazo,Ecuador,sugc,95.4,0.9,0.0094
ECU-1284,Chimborazo,Ecuador,whea,1.9,0.32,0.1714
ECU-1277,Bolivar,Ecuador,barl,1.7,0.35,0.2011
ECU-1277,Bolivar,Ecuador,maiz,105.5,30.45,0.2887
ECU-1277,Bolivar,Ecuador,pota,35.0,4.15,0.1188
ECU-1277,Bolivar,Ecuador,rice,9.2,2.13,0.2323
ECU-1277,Bolivar,Ecuador,sugc,211.4,2.19,0.0104
ECU-1277,Bolivar,Ecuador,whea,2.1,0.25,0.1168
ECU-1410,Imbabura,Ecuador,barl,1.1,0.32,0.3057
ECU-1410,Imbabura,Ecuador,maiz,24.6,7.68,0.3121
ECU-1410,Imbabura,Ecuador,oilp,14.7,0.77,0.0521
ECU-1410,Imbabura,Ecuador,pota,6.8,0.89,0.1318
ECU-1410,Imbabura,Ecuador,rice,9.7,1.53,0.1587
ECU-1410,Imbabura,Ecuador,sugc,85.0,1.06,0.0125
ECU-1410,Imbabura,Ecuador,whea,1.8,0.28,0.1547
ECU-1279,Cotopaxi,Ecuador,barl,2.2,0.33,0.1509
ECU-1279,Cotopaxi,Ecuador,maiz,37.6,12.22,0.3252
ECU-1279,Cotopaxi,Ecuador,oilp,12.8,0.62,0.0482
ECU-1279,Cotopaxi,Ecuador,pota,43.0,5.0,0.1161
ECU-1279,Cotopaxi,Ecuador,rice,6.4,1.55,0.2406
ECU-1279,Cotopaxi,Ecuador,soyb,1.3,0.14,0.1062
ECU-1279,Cotopaxi,Ecuador,sugc,191.8,1.59,0.0083
ECU-1281,Los Rios,Ecuador,maiz,52.0,48.83,0.9384
ECU-1281,Los Rios,Ecuador,oilp,156.4,7.52,0.0481
ECU-1281,Los Rios,Ecuador,rice,27.0,24.29,0.9
ECU-1281,Los Rios,Ecuador,soyb,14.0,11.11,0.7927
ECU-1281,Los Rios,Ecuador,sugc,262.8,20.67,0.0787
ECU-1287,Pichincha,Ecuador,barl,1.9,1.51,0.7845
ECU-1287,Pichincha,Ecuador,maiz,26.0,16.29,0.626
ECU-1287,Pichincha,Ecuador,oilp,2.3,0.24,0.1075
ECU-1287,Pichincha,Ecuador,pota,37.5,5.42,0.1446
ECU-1287,Pichincha,Ecuador,rice,12.0,3.64,0.304
ECU-1287,Pichincha,Ecuador,sugc,876.2,10.52,0.012
ECU-1287,Pichincha,Ecuador,whea,1.7,0.46,0.2738
ECU-5508,Santo Domingo de los Tsáchilas,Ecuador,maiz,2.1,1.31,0.6314
ECU-5508,Santo Domingo de los Tsáchilas,Ecuador,oilp,1.9,0.11,0.056
ECU-5508,Santo Domingo de los Tsáchilas,Ecuador,rice,28.6,11.98,0.4181
ECU-5508,Santo Domingo de los Tsáchilas,Ecuador,sugc,6.0,0.08,0.013
DOM-1976,Monseñor Nouel,Dominican Republic,oilp,2.4,0.56,0.2325
DOM-1976,Monseñor Nouel,Dominican Republic,sugc,48.6,1.91,0.0393
DOM-1395,Sánchez Ramírez,Dominican Republic,maiz,1.2,0.66,0.5563
DOM-1395,Sánchez Ramírez,Dominican Republic,oilp,12.0,2.25,0.1877
DOM-1395,Sánchez Ramírez,Dominican Republic,rice,56.8,60.88,1.0723
DOM-1395,Sánchez Ramírez,Dominican Republic,sugc,127.7,3.83,0.03
DOM-1978,San José de Ocoa,Dominican Republic,sugc,12.6,0.64,0.0506
DOM-1981,Monte Plata,Dominican Republic,maiz,1.5,1.2,0.8192
DOM-1981,Monte Plata,Dominican Republic,oilp,15.9,3.63,0.2286
DOM-1981,Monte Plata,Dominican Republic,sugc,245.6,9.64,0.0393
HRV-1607,Bjelovarsko-bilogorska,Croatia,barl,32.9,1.62,0.0492
HRV-1607,Bjelovarsko-bilogorska,Croatia,maiz,205.1,13.14,0.0641
HRV-1607,Bjelovarsko-bilogorska,Croatia,pota,6.8,0.16,0.0239
HRV-1607,Bjelovarsko-bilogorska,Croatia,rape,11.7,1.9,0.162
HRV-1607,Bjelovarsko-bilogorska,Croatia,soyb,30.9,2.37,0.0768
HRV-1607,Bjelovarsko-bilogorska,Croatia,whea,71.6,6.39,0.0893
HRV-1589,Grad Zagreb,Croatia,barl,4.5,2.67,0.598
HRV-1589,Grad Zagreb,Croatia,maiz,46.9,20.62,0.4394
HRV-1589,Grad Zagreb,Croatia,pota,4.7,0.8,0.1706
HRV-1589,Grad Zagreb,Croatia,rape,1.5,1.74,1.1497
HRV-1589,Grad Zagreb,Croatia,soyb,1.4,1.46,1.0146
HRV-1589,Grad Zagreb,Croatia,whea,15.0,9.94,0.6628
HRV-1604,Brodsko-Posavska,Croatia,barl,15.7,0.82,0.0526
HRV-1604,Brodsko-Posavska,Croatia,maiz,95.4,7.02,0.0736
HRV-1604,Brodsko-Posavska,Croatia,pota,2.8,0.07,0.0251
HRV-1604,Brodsko-Posavska,Croatia,rape,5.7,1.1,0.1932
HRV-1604,Brodsko-Posavska,Croatia,soyb,14.9,1.23,0.082
HRV-1604,Brodsko-Posavska,Croatia,whea,33.2,3.46,0.1041
CRI-1331,San José,Costa Rica,maiz,3.3,0.6,0.1837
CRI-1331,San José,Costa Rica,oilp,46.0,1.83,0.0397
CRI-1331,San José,Costa Rica,pota,4.1,0.5,0.1218
CRI-1331,San José,Costa Rica,sugc,197.6,3.03,0.0154
CRI-1327,Cartago,Costa Rica,pota,24.8,2.58,0.1041
CRI-1327,Cartago,Costa Rica,rice,28.0,33.21,1.1864
CRI-1327,Cartago,Costa Rica,sugc,297.8,4.09,0.0137
COL-1403,Caquetá,Colombia,maiz,26.5,4.43,0.1673
COL-1403,Caquetá,Colombia,oilp,7.6,0.57,0.0748
COL-1403,Caquetá,Colombia,rice,12.4,4.62,0.3712
COL-1403,Caquetá,Colombia,sugc,405.1,4.76,0.0117
COL-1405,Huila,Colombia,cott,1.2,0.56,0.4675
COL-1405,Huila,Colombia,maiz,70.4,11.15,0.1584
COL-1405,Huila,Colombia,pota,4.5,0.38,0.0839
COL-1405,Huila,Colombia,rice,151.6,116.01,0.765
COL-1405,Huila,Colombia,sugc,898.6,11.77,0.0131
COL-1423,Guaviare,Colombia,maiz,7.9,1.78,0.2256
COL-1423,Guaviare,Colombia,oilp,3.7,0.39,0.1068
COL-1423,Guaviare,Colombia,rice,10.3,4.35,0.4209
COL-1423,Guaviare,Colombia,sugc,94.1,1.45,0.0154
COL-1397,Caldas,Colombia,maiz,3.0,0.64,0.2082
COL-1397,Caldas,Colombia,pota,15.7,0.9,0.0572
COL-1397,Caldas,Colombia,sugc,912.4,14.13,0.0155
COL-1422,Casanare,Colombia,maiz,16.2,4.38,0.2695
COL-1422,Casanare,Colombia,oilp,790.3,73.45,0.0929
COL-1422,Casanare,Colombia,pota,6.2,0.39,0.0624
COL-1422,Casanare,Colombia,rice,854.9,747.77,0.8747
COL-1422,Casanare,Colombia,soyb,5.3,1.11,0.2112
COL-1422,Casanare,Colombia,sugc,216.7,3.61,0.0167
COL-1425,Meta,Colombia,maiz,228.8,57.61,0.2518
COL-1425,Meta,Colombia,oilp,2124.0,183.81,0.0865
COL-1425,Meta,Colombia,rice,378.1,283.0,0.7484
COL-1425,Meta,Colombia,soyb,111.5,23.9,0.2145
COL-1425,Meta,Colombia,sugc,1531.0,27.88,0.0182
COL-1399,Bogota,Colombia,maiz,10.4,1.56,0.1499
COL-1399,Bogota,Colombia,pota,58.0,3.17,0.0547
COL-1399,Bogota,Colombia,sugc,159.8,2.22,0.0139
COL-1317,Santander,Colombia,maiz,28.4,9.85,0.3468
COL-1317,Santander,Colombia,oilp,769.4,124.69,0.1621
COL-1317,Santander,Colombia,pota,72.3,4.95,0.0685
COL-1317,Santander,Colombia,rice,16.5,13.66,0.8271
COL-1317,Santander,Colombia,sugc,2394.1,50.83,0.0212
COL-1402,Tolima,Colombia,cott,6.8,3.21,0.4703
COL-1402,Tolima,Colombia,maiz,102.0,16.94,0.1661
COL-1402,Tolima,Colombia,pota,23.1,1.23,0.0532
COL-1402,Tolima,Colombia,rice,455.2,332.26,0.7298
COL-1402,Tolima,Colombia,sorg,1.3,0.45,0.3346
COL-1402,Tolima,Colombia,sugc,1000.2,12.85,0.0128
COL-1400,Quindío,Colombia,maiz,1.6,0.52,0.3269
COL-1400,Quindío,Colombia,sugc,6.1,0.09,0.0154
COL-1398,Cundinamarca,Colombia,maiz,33.9,10.41,0.3068
COL-1398,Cundinamarca,Colombia,oilp,156.2,16.88,0.108
COL-1398,Cundinamarca,Colombia,pota,940.0,55.07,0.0586
COL-1398,Cundinamarca,Colombia,rice,10.0,6.45,0.6452
COL-1398,Cundinamarca,Colombia,sugc,2627.6,44.94,0.0171
COL-1401,Risaralda,Colombia,maiz,2.2,0.47,0.2126
COL-1401,Risaralda,Colombia,sugc,617.5,8.93,0.0145
CHN-1155,Beijing,China,cott,2.4,0.43,0.1766
CHN-1155,Beijing,China,grou,15.6,2.09,0.1343
CHN-1155,Beijing,China,maiz,466.1,56.19,0.1206
CHN-1155,Beijing,China,pota,25.8,0.83,0.0322
CHN-1155,Beijing,China,rice,2.9,2.23,0.7756
CHN-1155,Beijing,China,sorg,1.5,0.17,0.1091
CHN-1155,Beijing,China,soyb,5.6,1.1,0.1956
CHN-1155,Beijing,China,whea,144.6,20.55,0.1421
COD-1896,Kasaï-Oriental,Democratic Republic of the Congo,cott,2.3,0.76,0.3252
COD-1896,Kasaï-Oriental,Democratic Republic of the Congo,grou,38.5,8.5,0.2211
COD-1896,Kasaï-Oriental,Democratic Republic of the Congo,maiz,175.4,42.84,0.2443
COD-1896,Kasaï-Oriental,Democratic Republic of the Congo,oilp,395.5,2.64,0.0067
COD-1896,Kasaï-Oriental,Democratic Republic of the Congo,rice,221.9,71.85,0.3237
COD-1896,Kasaï-Oriental,Democratic Republic of the Congo,soyb,3.9,1.35,0.346
COD-1896,Kasaï-Oriental,Democratic Republic of the Congo,sugc,66.8,0.17,0.0025
COD-1895,Maniema,Democratic Republic of the Congo,cott,2.3,0.77,0.3355
COD-1895,Maniema,Democratic Republic of the Congo,grou,3.3,0.88,0.2693
COD-1895,Maniema,Democratic Republic of the Congo,maiz,26.7,7.71,0.2886
COD-1895,Maniema,Democratic Republic of the Congo,oilp,196.7,2.55,0.013
COD-1895,Maniema,Democratic Republic of the Congo,rice,29.6,10.78,0.3647
COD-1895,Maniema,Democratic Republic of the Congo,soyb,2.9,1.1,0.376
COD-1895,Maniema,Democratic Republic of the Congo,sugc,1.9,0.0,0.0
CHN-1809,Sichuan,China,barl,37.2,11.99,0.3222
CHN-1809,Sichuan,China,cott,22.6,3.24,0.1431
CHN-1809,Sichuan,China,grou,1020.5,173.75,0.1703
CHN-1809,Sichuan,China,maiz,10968.6,1711.06,0.156
CHN-1809,Sichuan,China,pota,13330.1,544.75,0.0409
CHN-1809,Sichuan,China,rape,2551.6,1067.29,0.4183
CHN-1809,Sichuan,China,rice,13051.7,23782.09,1.8221
CHN-1809,Sichuan,China,sorg,190.5,26.23,0.1377
CHN-1809,Sichuan,China,soyb,872.0,163.1,0.187
CHN-1809,Sichuan,China,sugc,805.8,19.71,0.0245
CHN-1809,Sichuan,China,whea,3615.6,632.12,0.1748
CHN-1154,Chongqing,China,barl,2.0,0.74,0.3677
CHN-1154,Chongqing,China,grou,251.5,48.32,0.1921
CHN-1154,Chongqing,China,maiz,2841.2,574.03,0.202
CHN-1154,Chongqing,China,pota,6751.7,377.47,0.0559
CHN-1154,Chongqing,China,rape,543.6,235.38,0.433
CHN-1154,Chongqing,China,rice,4630.4,6728.94,1.4532
CHN-1154,Chongqing,China,sorg,94.1,14.14,0.1503
CHN-1154,Chongqing,China,soyb,240.9,54.92,0.228
CHN-1154,Chongqing,China,sugc,163.7,5.16,0.0315
CHN-1154,Chongqing,China,whea,193.5,42.37,0.219
CHN-1153,Guizhou,China,barl,8.3,2.09,0.2525
CHN-1153,Guizhou,China,cott,5.9,0.97,0.1647
CHN-1153,Guizhou,China,grou,194.4,22.47,0.1156
CHN-1153,Guizhou,China,maiz,4902.5,495.06,0.101
CHN-1153,Guizhou,China,pota,13068.5,375.86,0.0288
CHN-1153,Guizhou,China,rape,1036.4,244.92,0.2363
CHN-1153,Guizhou,China,rice,4777.6,2507.41,0.5248
CHN-1153,Guizhou,China,sorg,258.8,22.37,0.0864
CHN-1153,Guizhou,China,soyb,444.2,59.02,0.1329
CHN-1153,Guizhou,China,sugc,815.6,14.89,0.0183
CHN-1153,Guizhou,China,whea,814.4,96.94,0.119
CHN-1808,Hunan,China,barl,4.5,2.79,0.6267
CHN-1808,Hunan,China,cott,500.8,427.14,0.8529
CHN-1808,Hunan,China,grou,424.8,119.98,0.2825
CHN-1808,Hunan,China,maiz,2268.2,542.45,0.2392
CHN-1808,Hunan,China,pota,1551.5,120.17,0.0775
CHN-1808,Hunan,China,rape,2568.0,2734.08,1.0647
CHN-1808,Hunan,China,rice,28230.9,37874.0,1.3416
CHN-1808,Hunan,China,sorg,39.9,7.67,0.1924
CHN-1808,Hunan,China,soyb,255.1,124.14,0.4866
CHN-1808,Hunan,China,sugc,731.0,27.78,0.038
CHN-1808,Hunan,China,whea,181.6,119.59,0.6585
CHN-1803,Ningxia,China,maiz,1883.0,226.47,0.1203
CHN-1803,Ningxia,China,pota,2243.8,60.99,0.0272
CHN-1803,Ningxia,China,rape,6.8,1.17,0.1737
CHN-1803,Ningxia,China,rice,534.1,276.08,0.5169
CHN-1803,Ningxia,China,sorg,16.1,1.08,0.067
CHN-1803,Ningxia,China,soyb,16.6,2.97,0.1785
CHN-1803,Ningxia,China,whea,683.3,79.03,0.1157
CHN-1804,Shaanxi,China,barl,10.5,2.19,0.2083
CHN-1804,Shaanxi,China,cott,47.4,8.26,0.1745
CHN-1804,Shaanxi,China,grou,158.5,20.46,0.129
CHN-1804,Shaanxi,China,maiz,7502.0,794.87,0.106
CHN-1804,Shaanxi,China,pota,5813.6,175.44,0.0302
CHN-1804,Shaanxi,China,rape,377.5,115.05,0.3048
CHN-1804,Shaanxi,China,rice,718.2,452.95,0.6306
CHN-1804,Shaanxi,China,sorg,91.5,6.8,0.0743
CHN-1804,Shaanxi,China,soyb,354.2,40.57,0.1145
CHN-1804,Shaanxi,China,sugc,56.3,0.79,0.0139
CHN-1804,Shaanxi,China,whea,5399.4,681.5,0.1262
CHN-1151,Qinghai,China,barl,156.6,26.87,0.1716
CHN-1151,Qinghai,China,maiz,117.4,5.38,0.0458
CHN-1151,Qinghai,China,pota,1720.6,30.15,0.0175
CHN-1151,Qinghai,China,rape,314.0,40.27,0.1282
CHN-1151,Qinghai,China,whea,539.6,32.89,0.061
CHN-1805,Shanxi,China,cott,19.8,2.51,0.1264
CHN-1805,Shanxi,China,grou,28.3,2.32,0.0819
CHN-1805,Shanxi,China,maiz,11095.4,732.66,0.066
CHN-1805,Shanxi,China,pota,3233.1,58.4,0.0181
CHN-1805,Shanxi,China,rape,44.4,6.11,0.1377
CHN-1805,Shanxi,China,rice,9.6,4.71,0.4904
CHN-1805,Shanxi,China,sorg,193.0,10.62,0.055
CHN-1805,Shanxi,China,soyb,316.9,24.65,0.0778
CHN-1805,Shanxi,China,sugc,9.2,0.06,0.006
CHN-1805,Shanxi,China,whea,3246.1,256.59,0.079
CHN-1817,Jiangxi,China,cott,282.7,100.61,0.3559
CHN-1817,Jiangxi,China,grou,647.3,125.58,0.194
CHN-1817,Jiangxi,China,maiz,233.9,43.73,0.187
CHN-1817,Jiangxi,China,pota,721.4,41.72,0.0578
CHN-1817,Jiangxi,China,rape,1028.4,540.7,0.5258
CHN-1817,Jiangxi,China,rice,23874.8,29141.4,1.2206
CHN-1817,Jiangxi,China,sorg,13.3,2.42,0.1816
CHN-1817,Jiangxi,China,soyb,240.4,80.16,0.3334
CHN-1817,Jiangxi,China,sugc,1176.8,28.72,0.0244
CHN-1817,Jiangxi,China,whea,76.9,28.13,0.3658
CHN-1812,Henan,China,barl,80.7,21.63,0.2679
CHN-1812,Henan,China,cott,251.6,45.66,0.1815
CHN-1812,Henan,China,grou,4461.9,589.22,0.1321
CHN-1812,Henan,China,maiz,24494.7,2911.83,0.1189
CHN-1812,Henan,China,pota,33.2,1.02,0.0309
CHN-1812,Henan,China,rape,346.2,104.64,0.3022
CHN-1812,Henan,China,rice,4494.2,3138.4,0.6983
CHN-1812,Henan,China,sorg,97.8,8.96,0.0917
CHN-1812,Henan,China,soyb,870.0,132.01,0.1517
CHN-1812,Henan,China,sugc,163.5,3.26,0.0199
CHN-1812,Henan,China,whea,32323.4,4670.73,0.1445
CHN-1807,Hubei,China,barl,23.3,21.82,0.9374
CHN-1807,Hubei,China,cott,1060.6,625.61,0.5899
CHN-1807,Hubei,China,grou,948.8,263.04,0.2772
CHN-1807,Hubei,China,maiz,4679.7,993.43,0.2123
CHN-1807,Hubei,China,pota,2973.8,194.74,0.0655
CHN-1807,Hubei,China,rape,1993.0,2051.8,1.0295
CHN-1807,Hubei,China,rice,15997.1,22604.98,1.4131
CHN-1807,Hubei,China,sorg,23.2,6.69,0.2878
CHN-1807,Hubei,China,soyb,481.0,374.53,0.7786
CHN-1807,Hubei,China,sugc,506.9,17.47,0.0345
CHN-1807,Hubei,China,whea,6125.3,1593.35,0.2601
CHN-1179,Anhui,China,barl,1.8,1.2,0.65
CHN-1179,Anhui,China,cott,553.5,461.32,0.8334
CHN-1179,Anhui,China,grou,568.0,166.37,0.2929
CHN-1179,Anhui,China,maiz,7170.3,998.02,0.1392
CHN-1179,Anhui,China,pota,114.6,11.06,0.0965
CHN-1179,Anhui,China,rape,804.3,1292.58,1.6072
CHN-1179,Anhui,China,rice,17728.2,22291.02,1.2574
CHN-1179,Anhui,China,sorg,2.0,0.7,0.348
CHN-1179,Anhui,China,soyb,1433.8,653.86,0.456
CHN-1179,Anhui,China,sugc,159.0,4.52,0.0284
CHN-1179,Anhui,China,whea,15968.6,2917.14,0.1827
TCD-5581,Barh El Gazel,Chad,cott,4.7,1.05,0.2227
TCD-5581,Barh El Gazel,Chad,maiz,2.2,1.89,0.8548
TCD-1487,Tandjilé,Chad,cott,13.6,14.06,1.0312
TCD-1487,Tandjilé,Chad,grou,45.0,27.58,0.6128
TCD-1487,Tandjilé,Chad,maiz,12.1,16.07,1.3268
TCD-1487,Tandjilé,Chad,pota,2.6,0.27,0.1031
TCD-1487,Tandjilé,Chad,rice,89.0,159.51,1.793
TCD-1487,Tandjilé,Chad,sorg,38.8,36.27,0.9351
TCD-1487,Tandjilé,Chad,sugc,42.5,0.49,0.0116
TCD-1484,Logone Occidental,Chad,cott,12.0,8.54,0.7096
TCD-1484,Logone Occidental,Chad,grou,63.2,21.62,0.3422
TCD-1484,Logone Occidental,Chad,maiz,15.7,4.31,0.2737
TCD-1484,Logone Occidental,Chad,pota,1.8,0.07,0.0408
TCD-1484,Logone Occidental,Chad,rice,22.1,12.37,0.5595
TCD-1484,Logone Occidental,Chad,sorg,30.9,11.58,0.3753
TCD-1484,Logone Occidental,Chad,sugc,45.1,0.33,0.0074
TCD-1474,Guéra,Chad,cott,4.7,2.79,0.5919
TCD-1474,Guéra,Chad,grou,40.0,12.09,0.3024
TCD-1474,Guéra,Chad,maiz,4.1,0.99,0.2376
TCD-1474,Guéra,Chad,pota,2.7,0.12,0.0446
TCD-1474,Guéra,Chad,sorg,78.4,27.63,0.3523
TCD-1472,Batha,Chad,cott,14.0,4.27,0.3041
TCD-1472,Batha,Chad,grou,30.7,5.64,0.1837
TCD-1472,Batha,Chad,maiz,2.1,0.28,0.1341
TCD-1472,Batha,Chad,pota,1.7,0.05,0.0276
TCD-1472,Batha,Chad,sorg,88.3,19.23,0.2179
CMR-798,Ouest,Cameroon,grou,25.9,3.68,0.1423
CMR-798,Ouest,Cameroon,maiz,19.0,11.39,0.6
CMR-798,Ouest,Cameroon,pota,195.2,5.09,0.026
CMR-798,Ouest,Cameroon,rice,8.5,18.72,2.2052
CMR-798,Ouest,Cameroon,soyb,5.7,0.26,0.0449
CMR-1480,Centre,Cameroon,grou,110.3,10.4,0.0943
CMR-1480,Centre,Cameroon,maiz,120.9,12.38,0.1024
CMR-1480,Centre,Cameroon,rice,13.2,4.79,0.364
CMR-1480,Centre,Cameroon,soyb,1.8,0.08,0.0469
KHM-1785,Kâmpóng Chhnang,Cambodia,maiz,18.0,2.81,0.1564
KHM-1785,Kâmpóng Chhnang,Cambodia,oilp,72.1,6.91,0.0958
KHM-1785,Kâmpóng Chhnang,Cambodia,rice,501.6,480.46,0.9579
KHM-1785,Kâmpóng Chhnang,Cambodia,sugc,30.2,3.78,0.1251
KHM-1788,Kâmpóng Thum,Cambodia,maiz,35.6,3.8,0.1067
KHM-1788,Kâmpóng Thum,Cambodia,oilp,2.1,0.26,0.1238
KHM-1788,Kâmpóng Thum,Cambodia,rice,963.1,430.43,0.4469
KHM-1788,Kâmpóng Thum,Cambodia,sugc,160.0,9.3,0.0581
KHM-1787,Kâmpóng Spœ,Cambodia,maiz,6.6,0.79,0.1206
KHM-1787,Kâmpóng Spœ,Cambodia,rice,592.9,686.12,1.1572
KHM-1787,Kâmpóng Spœ,Cambodia,sugc,9.7,1.23,0.1265
KHM-1789,Phnom Penh,Cambodia,rice,40.6,73.74,1.8163
KHM-1789,Phnom Penh,Cambodia,sugc,4.8,0.59,0.1211
BRA-1294,Goiás,Brazil,cott,233.1,190.05,0.8153
BRA-1294,Goiás,Brazil,maiz,9858.5,2213.5,0.2245
BRA-1294,Goiás,Brazil,pota,160.5,15.68,0.0977
BRA-1294,Goiás,Brazil,rape,13.2,6.23,0.4729
BRA-1294,Goiás,Brazil,rice,192.8,50.42,0.2615
BRA-1294,Goiás,Brazil,sorg,993.9,521.61,0.5248
BRA-1294,Goiás,Brazil,soyb,11689.7,1397.58,0.1196
BRA-1294,Goiás,Brazil,sugc,70202.9,1608.87,0.0229
BRA-1294,Goiás,Brazil,whea,59.1,25.79,0.4367
BRA-599,Distrito Federal,Brazil,maiz,317.9,77.57,0.244
BRA-599,Distrito Federal,Brazil,rice,1.2,0.32,0.2569
BRA-599,Distrito Federal,Brazil,sorg,20.0,11.18,0.5584
BRA-599,Distrito Federal,Brazil,soyb,209.3,32.4,0.1548
BRA-599,Distrito Federal,Brazil,sugc,25.9,0.68,0.0264
BRA-599,Distrito Federal,Brazil,whea,4.8,2.17,0.4499
BRA-601,Minas Gerais,Brazil,barl,2.2,1.33,0.6138
BRA-601,Minas Gerais,Brazil,cott,172.4,182.93,1.0612
BRA-601,Minas Gerais,Brazil,grou,14.1,3.09,0.2199
BRA-601,Minas Gerais,Brazil,maiz,6411.8,1698.47,0.2649
BRA-601,Minas Gerais,Brazil,pota,1115.6,133.32,0.1195
BRA-601,Minas Gerais,Brazil,rice,19.3,5.84,0.3017
BRA-601,Minas Gerais,Brazil,sorg,738.4,446.86,0.6052
BRA-601,Minas Gerais,Brazil,soyb,5421.6,770.06,0.142
BRA-601,Minas Gerais,Brazil,sugc,77089.9,1846.23,0.0239
BRA-601,Minas Gerais,Brazil,whea,241.3,114.19,0.4733
BRA-596,Tocantins,Brazil,cott,99.2,52.52,0.5294
BRA-596,Tocantins,Brazil,grou,1.3,0.17,0.1282
BRA-596,Tocantins,Brazil,maiz,1709.1,265.15,0.1551
BRA-596,Tocantins,Brazil,oilp,15.6,1.12,0.0714
BRA-596,Tocantins,Brazil,rice,789.7,370.99,0.4698
BRA-596,Tocantins,Brazil,sorg,115.5,40.13,0.3475
BRA-596,Tocantins,Brazil,soyb,3669.3,467.16,0.1273
BRA-596,Tocantins,Brazil,sugc,3629.5,55.39,0.0153
BRA-596,Tocantins,Brazil,whea,1.4,0.38,0.2737
BWA-2647,Kweneng,Botswana,maiz,17.2,5.05,0.2935
BWA-2647,Kweneng,Botswana,sorg,5.1,0.32,0.0614
BOL-1291,Cochabamba,Bolivia,barl,3.1,1.63,0.5279
BOL-1291,Cochabamba,Bolivia,maiz,92.7,19.35,0.2088
BOL-1291,Cochabamba,Bolivia,pota,282.8,34.41,0.1217
BOL-1291,Cochabamba,Bolivia,rice,14.1,4.35,0.3087
BOL-1291,Cochabamba,Bolivia,sorg,1.5,0.12,0.0772
BOL-1291,Cochabamba,Bolivia,sugc,8.7,0.06,0.0074
BOL-1291,Cochabamba,Bolivia,whea,29.1,10.71,0.3677
BTN-2481,Chirang,Bhutan,maiz,2.9,0.44,0.153
BTN-2481,Chirang,Bhutan,pota,1.1,0.08,0.073
BTN-2481,Chirang,Bhutan,rice,23.8,15.65,0.6578
BTN-2487,Wangdi Phodrang,Bhutan,pota,6.3,0.23,0.0369
BTN-2487,Wangdi Phodrang,Bhutan,rice,5.2,4.88,0.9338
BTN-2434,Daga,Bhutan,maiz,1.8,0.25,0.1385
BTN-2440,Punakha,Bhutan,rice,12.8,10.51,0.8213
BTN-2490,Mongar,Bhutan,maiz,4.9,0.58,0.118
BTN-2490,Mongar,Bhutan,pota,3.5,0.23,0.0671
BTN-2491,Pemagatsel,Bhutan,maiz,4.1,0.58,0.1417
BTN-2491,Pemagatsel,Bhutan,pota,11.9,0.76,0.0637
BTN-2491,Pemagatsel,Bhutan,rape,1.3,0.5,0.3754
BTN-2491,Pemagatsel,Bhutan,rice,50.3,13.22,0.2629
BTN-2491,Pemagatsel,Bhutan,sugc,1.9,0.04,0.0206
BLR-2345,Minsk,Belarus,barl,297.2,1065.69,3.5852
BLR-2345,Minsk,Belarus,maiz,256.2,589.03,2.2991
BLR-2345,Minsk,Belarus,pota,859.9,580.52,0.6751
BLR-2345,Minsk,Belarus,rape,175.6,1034.28,5.8906
BLR-2345,Minsk,Belarus,whea,615.4,1833.14,2.9786
AZE-1713,Saatlı,Azerbaijan,barl,22.3,4.33,0.1937
AZE-1713,Saatlı,Azerbaijan,cott,6.2,2.54,0.4115
AZE-1713,Saatlı,Azerbaijan,maiz,6.8,0.6,0.0885
AZE-1713,Saatlı,Azerbaijan,pota,14.0,0.52,0.0374
AZE-1713,Saatlı,Azerbaijan,whea,88.4,22.97,0.26
AZE-1696,Bərdə,Azerbaijan,barl,7.3,1.41,0.1914
AZE-1696,Bərdə,Azerbaijan,cott,20.5,8.51,0.4147
AZE-1696,Bərdə,Azerbaijan,maiz,1.1,0.09,0.0876
AZE-1696,Bərdə,Azerbaijan,pota,3.7,0.14,0.0366
AZE-1696,Bərdə,Azerbaijan,whea,49.8,13.03,0.2615
AZE-1685,Şəmkir,Azerbaijan,barl,9.7,1.87,0.1919
AZE-1685,Şəmkir,Azerbaijan,maiz,20.9,1.74,0.0834
AZE-1685,Şəmkir,Azerbaijan,pota,164.6,5.66,0.0344
AZE-1685,Şəmkir,Azerbaijan,whea,35.2,8.36,0.2373
AZE-1693,Ağsu,Azerbaijan,barl,27.4,4.65,0.1694
AZE-1693,Ağsu,Azerbaijan,cott,4.8,1.73,0.3589
AZE-1693,Ağsu,Azerbaijan,maiz,9.0,0.74,0.0821
AZE-1693,Ağsu,Azerbaijan,pota,5.8,0.2,0.0344
AZE-1693,Ağsu,Azerbaijan,whea,47.8,11.67,0.2441
CAF-807,Nana-Grébizi,Central African Republic,cott,1.7,0.37,0.216
CAF-807,Nana-Grébizi,Central African Republic,grou,12.8,0.45,0.0353
CAF-807,Nana-Grébizi,Central African Republic,maiz,7.5,0.63,0.0842
CAF-807,Nana-Grébizi,Central African Republic,rice,1.5,0.43,0.2859
CAF-807,Nana-Grébizi,Central African Republic,sugc,6.5,0.1,0.0158
AZE-1716,Şamaxı,Azerbaijan,barl,35.2,4.56,0.1296
AZE-1716,Şamaxı,Azerbaijan,cott,1.8,0.47,0.2693
AZE-1716,Şamaxı,Azerbaijan,maiz,2.6,0.14,0.0535
AZE-1716,Şamaxı,Azerbaijan,pota,6.6,0.15,0.0225
AZE-1728,Quba,Azerbaijan,barl,11.4,1.9,0.1666
AZE-1728,Quba,Azerbaijan,maiz,2.5,0.19,0.0776
AZE-1728,Quba,Azerbaijan,pota,29.3,0.97,0.0332
AZE-1728,Quba,Azerbaijan,whea,58.5,13.47,0.2303
AZE-1718,Ucar,Azerbaijan,barl,27.9,5.72,0.2051
AZE-1718,Ucar,Azerbaijan,cott,5.9,2.47,0.4162
AZE-1718,Ucar,Azerbaijan,maiz,6.0,0.55,0.0921
AZE-1718,Ucar,Azerbaijan,pota,8.0,0.32,0.0407
AZE-1718,Ucar,Azerbaijan,rice,1.6,3.67,2.2497
AZE-1718,Ucar,Azerbaijan,whea,39.8,10.42,0.2615
AZE-1711,Qobustan,Azerbaijan,barl,20.8,3.49,0.1675
AZE-1711,Qobustan,Azerbaijan,pota,1.2,0.04,0.0322
AZE-1705,İsmayıllı,Azerbaijan,barl,13.0,2.41,0.1859
AZE-1705,İsmayıllı,Azerbaijan,maiz,2.5,0.2,0.0833
AZE-1705,İsmayıllı,Azerbaijan,pota,10.3,0.36,0.0352
AZE-1705,İsmayıllı,Azerbaijan,whea,20.5,5.14,0.2507
AZE-1703,Göyçay,Azerbaijan,barl,35.9,6.82,0.1898
AZE-1703,Göyçay,Azerbaijan,cott,1.2,0.5,0.4254
AZE-1703,Göyçay,Azerbaijan,maiz,1.4,0.13,0.0893
AZE-1703,Göyçay,Azerbaijan,pota,6.6,0.24,0.036
AZE-1703,Göyçay,Azerbaijan,whea,51.1,13.38,0.2618
AZE-1692,Ağdaş,Azerbaijan,barl,73.8,14.01,0.1897
AZE-1692,Ağdaş,Azerbaijan,cott,15.8,6.48,0.41
AZE-1692,Ağdaş,Azerbaijan,maiz,2.9,0.25,0.0874
AZE-1692,Ağdaş,Azerbaijan,pota,4.8,0.18,0.0374
AZE-1692,Ağdaş,Azerbaijan,rice,1.6,3.13,1.9791
AZE-1692,Ağdaş,Azerbaijan,whea,34.6,8.89,0.2566
AZE-1722,Ağcabədi,Azerbaijan,barl,16.3,3.25,0.1988
AZE-1722,Ağcabədi,Azerbaijan,cott,38.1,17.09,0.4486
AZE-1722,Ağcabədi,Azerbaijan,maiz,12.6,1.15,0.0919
AZE-1722,Ağcabədi,Azerbaijan,pota,4.2,0.16,0.0381
AZE-1722,Ağcabədi,Azerbaijan,whea,124.2,33.04,0.2661
ARM-1673,Kotayk,Armenia,barl,5.0,2.21,0.4378
ARM-1673,Kotayk,Armenia,whea,10.7,5.16,0.4831
ARM-1675,Erevan,Armenia,whea,1.5,0.88,0.5873
ARG-1310,Santa Fe,Argentina,barl,58.1,7.52,0.1295
ARG-1310,Santa Fe,Argentina,cott,103.7,8.55,0.0824
ARG-1310,Santa Fe,Argentina,grou,23.6,2.24,0.0951
ARG-1310,Santa Fe,Argentina,maiz,6301.0,401.9,0.0638
ARG-1310,Santa Fe,Argentina,pota,62.2,0.95,0.0153
ARG-1310,Santa Fe,Argentina,rice,198.9,94.42,0.4748
ARG-1310,Santa Fe,Argentina,sorg,339.0,20.63,0.0609
ARG-1310,Santa Fe,Argentina,soyb,8610.1,416.49,0.0484
ARG-1310,Santa Fe,Argentina,sugc,104.0,12.11,0.1164
ARG-1310,Santa Fe,Argentina,whea,3356.6,799.66,0.2382
ARG-1305,Tucumán,Argentina,barl,1.8,0.09,0.0486
ARG-1305,Tucumán,Argentina,grou,2.1,0.1,0.0466
ARG-1305,Tucumán,Argentina,maiz,634.1,18.72,0.0295
ARG-1305,Tucumán,Argentina,pota,323.7,2.63,0.0081
ARG-1305,Tucumán,Argentina,sorg,19.9,0.82,0.0414
ARG-1305,Tucumán,Argentina,soyb,525.2,19.4,0.0369
ARG-1305,Tucumán,Argentina,sugc,10034.9,67.29,0.0067
ARG-1305,Tucumán,Argentina,whea,226.5,17.15,0.0757
ARG-1304,Santiago del Estero,Argentina,barl,37.9,1.36,0.0358
ARG-1304,Santiago del Estero,Argentina,cott,463.5,19.18,0.0414
ARG-1304,Santiago del Estero,Argentina,maiz,5058.2,95.43,0.0189
ARG-1304,Santiago del Estero,Argentina,pota,10.0,0.02,0.0024
ARG-1304,Santiago del Estero,Argentina,sorg,251.9,5.11,0.0203
ARG-1304,Santiago del Estero,Argentina,soyb,3134.5,58.55,0.0187
ARG-1304,Santiago del Estero,Argentina,sugc,266.1,22.16,0.0833
ARG-1304,Santiago del Estero,Argentina,whea,1121.4,58.58,0.0522
ARG-1298,San Luis,Argentina,barl,2.2,0.33,0.1505
ARG-1298,San Luis,Argentina,cott,10.3,0.28,0.0276
ARG-1298,San Luis,Argentina,grou,71.8,3.69,0.0514
ARG-1298,San Luis,Argentina,maiz,2815.3,45.31,0.0161
ARG-1298,San Luis,Argentina,pota,117.7,0.7,0.0059
ARG-1298,San Luis,Argentina,sorg,44.1,0.74,0.0167
ARG-1298,San Luis,Argentina,soyb,865.9,12.29,0.0142
ARG-1298,San Luis,Argentina,whea,48.6,3.99,0.0823
ARG-1296,La Pampa,Argentina,barl,193.1,16.77,0.0869
ARG-1296,La Pampa,Argentina,grou,41.7,3.38,0.0811
ARG-1296,La Pampa,Argentina,maiz,2336.8,80.61,0.0345
ARG-1296,La Pampa,Argentina,pota,1.2,0.0,0.0034
ARG-1296,La Pampa,Argentina,sorg,47.1,1.07,0.0226
ARG-1296,La Pampa,Argentina,soyb,1135.0,14.6,0.0129
ARG-1296,La Pampa,Argentina,whea,718.6,83.06,0.1156
ARG-1299,Córdoba,Argentina,barl,64.6,9.51,0.1473
ARG-1299,Córdoba,Argentina,cott,2.9,0.18,0.0614
ARG-1299,Córdoba,Argentina,grou,1022.2,121.64,0.119
ARG-1299,Córdoba,Argentina,maiz,18327.1,996.69,0.0544
ARG-1299,Córdoba,Argentina,pota,883.9,11.94,0.0135
ARG-1299,Córdoba,Argentina,sorg,318.8,13.25,0.0415
ARG-1299,Córdoba,Argentina,soyb,12869.3,237.95,0.0185
ARG-1299,Córdoba,Argentina,sugc,1.5,0.1,0.0664
ARG-1299,Córdoba,Argentina,whea,3145.3,618.07,0.1965
AGO-1886,Bié,Angola,grou,24.4,10.45,0.4285
AGO-1886,Bié,Angola,maiz,445.7,60.24,0.1352
AGO-1886,Bié,Angola,pota,53.2,1.82,0.0342
AGO-1886,Bié,Angola,rice,3.5,4.28,1.2191
AGO-1886,Bié,Angola,soyb,6.0,1.46,0.2436
AGO-1878,Cuanza Norte,Angola,grou,16.0,2.68,0.1681
AGO-1878,Cuanza Norte,Angola,maiz,29.7,2.34,0.079
AGO-1878,Cuanza Norte,Angola,pota,11.8,0.25,0.0211
AGO-1878,Cuanza Norte,Angola,sugc,5.2,0.03,0.0048
AGO-1878,Cuanza Norte,Angola,whea,1.0,0.09,0.0911
AGO-1891,Huíla,Angola,grou,5.3,0.68,0.1278
AGO-1891,Huíla,Angola,maiz,284.8,16.82,0.059
AGO-1891,Huíla,Angola,oilp,1.2,0.01,0.004
AGO-1891,Huíla,Angola,pota,70.8,1.02,0.0144
AGO-1891,Huíla,Angola,sorg,11.0,3.19,0.2893
AGO-1891,Huíla,Angola,soyb,1.4,0.08,0.0545
AGO-1891,Huíla,Angola,sugc,4.1,0.03,0.0078
AGO-1890,Huambo,Angola,grou,13.2,1.35,0.1021
AGO-1890,Huambo,Angola,maiz,649.2,76.38,0.1177
AGO-1890,Huambo,Angola,pota,96.5,2.56,0.0265
AGO-1890,Huambo,Angola,soyb,19.9,1.83,0.0917
AGO-1890,Huambo,Angola,sugc,282.1,2.22,0.0079
AGO-1890,Huambo,Angola,whea,2.2,0.26,0.1161
DZA-2215,Sétif,Algeria,barl,40.1,6.57,0.1638
DZA-2215,Sétif,Algeria,pota,53.8,1.2,0.0223
DZA-2215,Sétif,Algeria,rape,1.2,0.26,0.2142
DZA-2215,Sétif,Algeria,whea,95.9,11.76,0.1227
DZA-2207,Bordj Bou Arréridj,Algeria,barl,24.9,3.64,0.1461
DZA-2207,Bordj Bou Arréridj,Algeria,pota,99.2,2.31,0.0233
DZA-2207,Bordj Bou Arréridj,Algeria,whea,57.5,6.1,0.1061
DZA-2210,Bouira,Algeria,barl,17.9,3.82,0.2138
DZA-2210,Bouira,Algeria,pota,181.1,4.35,0.024
DZA-2210,Bouira,Algeria,whea,39.9,6.5,0.1629
DZA-2209,Blida,Algeria,barl,2.2,1.19,0.536
DZA-2209,Blida,Algeria,pota,75.7,2.1,0.0277
DZA-2209,Blida,Algeria,whea,5.5,2.35,0.4286
DZA-2206,Tissemsilt,Algeria,barl,29.1,2.0,0.069
DZA-2206,Tissemsilt,Algeria,pota,57.9,1.21,0.0209
DZA-2206,Tissemsilt,Algeria,whea,80.2,3.92,0.0489
DZA-2199,Aïn Defla,Algeria,barl,29.4,2.33,0.0792
DZA-2199,Aïn Defla,Algeria,pota,84.6,1.73,0.0205
DZA-2199,Aïn Defla,Algeria,whea,72.2,4.55,0.0631
DZA-2203,Relizane,Algeria,barl,36.3,2.02,0.0555
DZA-2203,Relizane,Algeria,pota,160.3,2.95,0.0184
DZA-2203,Relizane,Algeria,whea,90.6,3.76,0.0416
DZA-2190,El Bayadh,Algeria,barl,3.8,0.73,0.1914
DZA-2190,El Bayadh,Algeria,pota,17.4,0.27,0.0157
DZA-2190,El Bayadh,Algeria,whea,5.8,0.72,0.1232
DZA-2204,Saïda,Algeria,barl,49.6,2.84,0.0574
DZA-2204,Saïda,Algeria,pota,180.0,3.03,0.0168
DZA-2204,Saïda,Algeria,whea,144.5,6.19,0.0428
DZA-2146,Sidi Bel Abbès,Algeria,barl,68.3,3.22,0.0471
DZA-2146,Sidi Bel Abbès,Algeria,pota,234.5,3.53,0.015
DZA-2146,Sidi Bel Abbès,Algeria,rape,1.0,0.12,0.116
DZA-2146,Sidi Bel Abbès,Algeria,whea,181.8,6.41,0.0352
DZA-2201,Mascara,Algeria,barl,56.9,3.48,0.0611
DZA-2201,Mascara,Algeria,pota,125.7,2.52,0.02
DZA-2201,Mascara,Algeria,rape,1.1,0.15,0.1355
DZA-2201,Mascara,Algeria,whea,150.6,6.89,0.0458
DZA-2193,Laghouat,Algeria,barl,7.3,1.24,0.1702
DZA-2193,Laghouat,Algeria,pota,17.5,0.28,0.016
DZA-2193,Laghouat,Algeria,whea,11.6,1.33,0.115
DZA-2213,Médéa,Algeria,barl,54.2,4.75,0.0877
DZA-2213,Médéa,Algeria,pota,94.7,1.49,0.0157
DZA-2213,Médéa,Algeria,rape,1.0,0.16,0.1598
DZA-2213,Médéa,Algeria,whea,125.1,8.29,0.0663
DZA-2205,Tiaret,Algeria,barl,149.0,7.07,0.0475
DZA-2205,Tiaret,Algeria,grou,1.0,0.14,0.1337
DZA-2205,Tiaret,Algeria,pota,547.3,11.42,0.0209
DZA-2205,Tiaret,Algeria,rape,3.0,0.34,0.1128
DZA-2205,Tiaret,Algeria,whea,421.3,14.45,0.0343
DZA-2214,M'Sila,Algeria,barl,25.0,2.77,0.1108
DZA-2214,M'Sila,Algeria,pota,195.3,3.56,0.0182
DZA-2214,M'Sila,Algeria,whea,47.7,3.81,0.08
DZA-2216,Batna,Algeria,barl,51.4,4.77,0.0928
DZA-2216,Batna,Algeria,pota,54.4,1.03,0.019
DZA-2216,Batna,Algeria,whea,126.0,8.61,0.0683
DZA-2219,Khenchela,Algeria,barl,40.5,2.14,0.0528
DZA-2219,Khenchela,Algeria,pota,33.7,0.7,0.0206
DZA-2219,Khenchela,Algeria,whea,110.6,4.12,0.0373
DZA-2218,Guelma,Algeria,barl,30.2,2.93,0.0971
DZA-2218,Guelma,Algeria,pota,332.1,6.15,0.0185
DZA-2218,Guelma,Algeria,whea,77.1,5.63,0.0731
DZA-2217,Constantine,Algeria,barl,19.0,1.47,0.077
DZA-2217,Constantine,Algeria,pota,84.7,1.48,0.0174
DZA-2217,Constantine,Algeria,whea,50.0,2.93,0.0586
DZA-2220,Mila,Algeria,barl,25.4,2.84,0.1119
DZA-2220,Mila,Algeria,pota,80.1,1.72,0.0215
DZA-2220,Mila,Algeria,whea,61.8,5.14,0.0832
DZA-2221,Oum el Bouaghi,Algeria,barl,86.1,5.74,0.0667
DZA-2221,Oum el Bouaghi,Algeria,pota,218.6,4.76,0.0218
DZA-2221,Oum el Bouaghi,Algeria,rape,2.0,0.28,0.1405
DZA-2221,Oum el Bouaghi,Algeria,whea,244.0,12.22,0.0501
DZA-2211,Biskra,Algeria,barl,5.3,0.42,0.0794
DZA-2211,Biskra,Algeria,grou,1.1,0.12,0.1126
DZA-2211,Biskra,Algeria,pota,147.4,2.28,0.0154
DZA-2211,Biskra,Algeria,whea,11.2,0.69,0.0618
DZA-2212,Djelfa,Algeria,barl,68.1,5.98,0.0878
DZA-2212,Djelfa,Algeria,whea,158.1,9.59,0.0607
ALB-1523,Berat,Albania,barl,1.0,0.16,0.1634
ALB-1523,Berat,Albania,maiz,4.9,0.36,0.0734
ALB-1523,Berat,Albania,pota,7.0,0.18,0.0259
ALB-1523,Berat,Albania,whea,12.0,2.85,0.2385
AFG-1752,Uruzgan,Afghanistan,maiz,13.9,0.7,0.0506
AFG-1752,Uruzgan,Afghanistan,pota,10.3,0.13,0.0123
AFG-1752,Uruzgan,Afghanistan,rice,14.6,0.29,0.0197
AFG-1752,Uruzgan,Afghanistan,whea,59.4,5.76,0.0969
AFG-1757,Ghazni,Afghanistan,maiz,4.5,0.13,0.0281
AFG-1757,Ghazni,Afghanistan,pota,35.3,0.36,0.0102
AFG-1757,Ghazni,Afghanistan,whea,280.8,15.71,0.056
AFG-1769,Parwan,Afghanistan,maiz,1.2,0.09,0.0685
AFG-1769,Parwan,Afghanistan,whea,10.8,1.07,0.0987
AFG-1767,Kabul,Afghanistan,maiz,4.8,0.19,0.039
AFG-1767,Kabul,Afghanistan,pota,4.7,0.04,0.0089
AFG-1767,Kabul,Afghanistan,rice,3.1,0.08,0.0243
AFG-1767,Kabul,Afghanistan,whea,84.5,6.47,0.0765
AFG-1770,Laghman,Afghanistan,cott,1.6,0.33,0.2103
AFG-1770,Laghman,Afghanistan,maiz,2.7,0.25,0.0955
AFG-1770,Laghman,Afghanistan,pota,4.8,0.09,0.0193
AFG-1770,Laghman,Afghanistan,rice,22.6,29.97,1.3242
AFG-1770,Laghman,Afghanistan,whea,30.4,4.26,0.1401
AFG-1771,Logar,Afghanistan,maiz,4.1,0.18,0.0429
AFG-1771,Logar,Afghanistan,pota,8.3,0.09,0.0113
AFG-1771,Logar,Afghanistan,whea,48.0,3.31,0.0689
AFG-1768,Kapisa,Afghanistan,maiz,20.0,0.96,0.048
AFG-1768,Kapisa,Afghanistan,pota,7.5,0.1,0.013
AFG-1768,Kapisa,Afghanistan,whea,41.2,3.15,0.0765
AFG-1774,Wardak,Afghanistan,pota,6.5,0.07,0.0111
AFG-1774,Wardak,Afghanistan,whea,82.6,5.64,0.0682
AFG-1743,Bamyan,Afghanistan,barl,2.4,0.41,0.1725
AFG-1743,Bamyan,Afghanistan,pota,1.7,0.01,0.0081
AFG-1743,Bamyan,Afghanistan,rice,1.3,0.51,0.3992
AFG-1743,Bamyan,Afghanistan,whea,64.6,6.87,0.1063
AFG-1772,Parwan,Afghanistan,maiz,6.7,0.28,0.0425
AFG-1772,Parwan,Afghanistan,pota,5.7,0.08,0.0139
AFG-1772,Parwan,Afghanistan,whea,35.3,2.97,0.0842
AFG-1748,Sari Pul,Afghanistan,barl,13.5,0.57,0.0425
AFG-1748,Sari Pul,Afghanistan,pota,39.2,0.4,0.0101
AFG-1748,Sari Pul,Afghanistan,whea,285.3,12.85,0.045
AFG-1747,Ghor,Afghanistan,barl,2.0,0.28,0.14
AFG-1747,Ghor,Afghanistan,pota,2.4,0.05,0.0196
AFG-1747,Ghor,Afghanistan,whea,71.8,5.28,0.0736
AFG-1766,Baghlan,Afghanistan,barl,7.3,0.9,0.1233
AFG-1766,Baghlan,Afghanistan,cott,2.6,0.32,0.1263
AFG-1766,Baghlan,Afghanistan,pota,19.3,0.19,0.0098
AFG-1766,Baghlan,Afghanistan,rice,85.9,82.13,0.9565
AFG-1766,Baghlan,Afghanistan,whea,188.0,10.83,0.0576
AFG-1773,Samangan,Afghanistan,barl,6.8,0.49,0.0721
AFG-1773,Samangan,Afghanistan,pota,7.3,0.09,0.0125
AFG-1773,Samangan,Afghanistan,whea,126.2,5.67,0.0449
AFG-1753,Uruzgan,Afghanistan,maiz,2.5,0.13,0.0526
AFG-1753,Uruzgan,Afghanistan,pota,4.2,0.06,0.0144
AFG-1753,Uruzgan,Afghanistan,rice,8.6,0.15,0.0177
AFG-1753,Uruzgan,Afghanistan,whea,80.3,7.36,0.0917
GBR-2113,Caerphilly,United Kingdom,whea,2.1,1.11,0.5186
GBR-2115,"Rhondda, Cynon, Taff",United Kingdom,barl,1.2,0.53,0.4425
GBR-2115,"Rhondda, Cynon, Taff",United Kingdom,whea,8.5,5.84,0.6893
UGA-3103,Oyam,Uganda,cott,2.2,1.72,0.7926
UGA-3103,Oyam,Uganda,grou,1.8,2.6,1.4869
UGA-3103,Oyam,Uganda,maiz,63.3,18.43,0.2909
UGA-3103,Oyam,Uganda,rice,1.4,0.74,0.5232
UGA-3103,Oyam,Uganda,sorg,1.6,0.86,0.5342
UGA-3103,Oyam,Uganda,soyb,6.1,1.31,0.2141
UGA-3103,Oyam,Uganda,sugc,52.2,0.91,0.0175
UGA-3099,Lira,Uganda,grou,1.1,0.21,0.1903
UGA-3099,Lira,Uganda,maiz,20.9,0.87,0.0417
UGA-3099,Lira,Uganda,rice,16.5,26.16,1.5848
UGA-3099,Lira,Uganda,soyb,7.2,0.26,0.0366
UGA-3099,Lira,Uganda,sugc,210.5,1.84,0.0088
UGA-5605,Kole,Uganda,cott,1.1,0.09,0.0789
UGA-5605,Kole,Uganda,maiz,26.6,0.91,0.0343
UGA-5605,Kole,Uganda,sugc,26.1,0.09,0.0035
UGA-3101,Pader,Uganda,cott,2.2,0.16,0.071
UGA-3101,Pader,Uganda,grou,2.8,0.41,0.1476
UGA-3101,Pader,Uganda,maiz,22.3,0.53,0.0238
UGA-3101,Pader,Uganda,rice,5.7,1.69,0.2963
UGA-3101,Pader,Uganda,sorg,2.2,0.16,0.0734
UGA-3101,Pader,Uganda,soyb,3.6,0.12,0.0343
UGA-3101,Pader,Uganda,sugc,50.5,0.18,0.0035
UGA-3369,Ibanda,Uganda,grou,2.5,2.36,0.9589
UGA-3369,Ibanda,Uganda,maiz,10.4,4.43,0.4256
UGA-3369,Ibanda,Uganda,sugc,26.1,0.4,0.0154
UGA-3374,Mbarara,Uganda,cott,1.9,0.19,0.1016
UGA-3374,Mbarara,Uganda,maiz,7.3,0.31,0.0425
UGA-3374,Mbarara,Uganda,pota,3.5,0.09,0.0244
UGA-3374,Mbarara,Uganda,sugc,45.7,0.14,0.003
UGA-3374,Mbarara,Uganda,whea,1.0,0.07,0.0709
UGA-3098,Gulu,Uganda,cott,2.5,0.19,0.0772
UGA-3098,Gulu,Uganda,grou,3.9,0.72,0.1855
UGA-3098,Gulu,Uganda,maiz,36.5,1.02,0.0278
UGA-3098,Gulu,Uganda,rice,8.2,2.54,0.3076
UGA-3098,Gulu,Uganda,sorg,2.6,0.25,0.0957
UGA-3098,Gulu,Uganda,soyb,5.1,0.19,0.0379
UGA-3098,Gulu,Uganda,sugc,88.9,0.28,0.0032
UGA-5609,Kiryandongo,Uganda,cott,1.5,0.16,0.1026
UGA-5609,Kiryandongo,Uganda,grou,2.4,0.42,0.1775
UGA-5609,Kiryandongo,Uganda,maiz,109.1,3.96,0.0363
UGA-5609,Kiryandongo,Uganda,pota,2.0,0.04,0.0213
UGA-5609,Kiryandongo,Uganda,rice,1.1,0.35,0.3143
UGA-5609,Kiryandongo,Uganda,sugc,46.4,0.18,0.0039
UGA-3068,Iganga,Uganda,maiz,4.1,0.24,0.0585
UGA-3068,Iganga,Uganda,sugc,2.3,0.01,0.0047
UGA-5617,Lwengo,Uganda,cott,1.6,0.33,0.2096
UGA-5617,Lwengo,Uganda,grou,1.2,0.33,0.2853
UGA-5617,Lwengo,Uganda,maiz,52.2,4.08,0.0781
UGA-5617,Lwengo,Uganda,sugc,48.8,0.31,0.0062
UGA-5619,Bukomansimbi,Uganda,maiz,21.0,2.49,0.1184
UGA-5619,Bukomansimbi,Uganda,sugc,21.8,0.23,0.0105
UGA-5620,Kalungu,Uganda,maiz,11.3,3.58,0.3178
UGA-5620,Kalungu,Uganda,sugc,12.0,0.34,0.0282
UGA-3088,Kampala,Uganda,maiz,15.0,2.18,0.1458
UGA-3088,Kampala,Uganda,sugc,11.8,0.12,0.0106
UGA-3071,Kaliro,Uganda,grou,3.1,1.8,0.5873
UGA-3071,Kaliro,Uganda,maiz,43.0,14.21,0.3301
UGA-3071,Kaliro,Uganda,soyb,2.2,0.35,0.1609
UGA-3071,Kaliro,Uganda,sugc,23.0,0.48,0.0208
UGA-5608,Agago,Uganda,cott,2.9,0.23,0.0781
UGA-5608,Agago,Uganda,grou,3.6,0.55,0.1507
UGA-5608,Agago,Uganda,maiz,26.7,0.59,0.0222
UGA-5608,Agago,Uganda,rice,6.1,1.78,0.2945
UGA-5608,Agago,Uganda,sorg,2.7,0.21,0.076
UGA-5608,Agago,Uganda,soyb,8.5,0.25,0.0297
UGA-5608,Agago,Uganda,sugc,56.3,0.18,0.0031
UGA-3123,Kotido,Uganda,maiz,16.6,1.52,0.0917
UGA-3123,Kotido,Uganda,sorg,13.4,4.05,0.302
UGA-3123,Kotido,Uganda,sugc,13.8,0.08,0.0059
UGA-5607,Otuke,Uganda,cott,1.1,0.08,0.0752
UGA-5607,Otuke,Uganda,grou,1.8,0.32,0.1761
UGA-5607,Otuke,Uganda,maiz,21.1,0.55,0.026
UGA-5607,Otuke,Uganda,sorg,1.2,0.11,0.095
UGA-5607,Otuke,Uganda,soyb,9.6,0.27,0.0282
UGA-5607,Otuke,Uganda,sugc,23.0,0.08,0.0035
UGA-5606,Alebtong,Uganda,cott,2.9,1.03,0.3543
UGA-5606,Alebtong,Uganda,grou,4.2,1.08,0.2552
UGA-5606,Alebtong,Uganda,maiz,77.1,4.17,0.0541
UGA-5606,Alebtong,Uganda,rice,2.5,0.9,0.369
UGA-5606,Alebtong,Uganda,sorg,3.4,0.87,0.2553
UGA-5606,Alebtong,Uganda,soyb,20.6,0.83,0.0404
UGA-5606,Alebtong,Uganda,sugc,82.8,0.42,0.0051
UGA-3124,Amuria,Uganda,cott,1.6,0.23,0.1447
UGA-3124,Amuria,Uganda,grou,4.9,1.67,0.3387
UGA-3124,Amuria,Uganda,maiz,18.6,1.0,0.054
UGA-3124,Amuria,Uganda,rice,1.8,0.68,0.3773
UGA-3124,Amuria,Uganda,sorg,4.3,0.75,0.1748
UGA-3124,Amuria,Uganda,soyb,1.4,0.1,0.0693
UGA-3124,Amuria,Uganda,sugc,43.2,0.2,0.0047
UGA-3122,Katakwi,Uganda,cott,1.7,0.68,0.412
UGA-3122,Katakwi,Uganda,grou,2.5,1.51,0.6126
UGA-3122,Katakwi,Uganda,maiz,13.1,1.3,0.099
UGA-3122,Katakwi,Uganda,rice,1.6,0.73,0.4563
UGA-3122,Katakwi,Uganda,sorg,4.5,1.78,0.3951
UGA-3122,Katakwi,Uganda,sugc,25.6,0.19,0.0076
UGA-5596,Serere,Uganda,cott,1.2,7.65,6.4286
UGA-5596,Serere,Uganda,grou,1.6,33.63,20.5049
UGA-5596,Serere,Uganda,maiz,11.0,18.29,1.6629
UGA-5596,Serere,Uganda,rice,1.1,2.23,2.0639
UGA-5596,Serere,Uganda,sorg,3.1,14.52,4.7159
UGA-5596,Serere,Uganda,sugc,24.1,3.09,0.1284
UGA-3074,Soroti,Uganda,cott,1.9,0.37,0.1968
UGA-3074,Soroti,Uganda,grou,3.1,1.98,0.6273
UGA-3074,Soroti,Uganda,maiz,21.4,1.59,0.0743
UGA-3074,Soroti,Uganda,rice,2.4,0.99,0.4169
UGA-3074,Soroti,Uganda,sorg,5.2,1.19,0.23
UGA-3074,Soroti,Uganda,soyb,1.0,0.12,0.1135
UGA-3074,Soroti,Uganda,sugc,49.4,0.29,0.0058
UGA-3076,Pallisa,Uganda,cott,1.4,0.88,0.6504
UGA-3076,Pallisa,Uganda,grou,3.2,34.57,10.8034
UGA-3076,Pallisa,Uganda,maiz,44.6,12.88,0.2889
UGA-3076,Pallisa,Uganda,rice,5.0,2.51,0.5073
UGA-3076,Pallisa,Uganda,sorg,1.2,1.91,1.6474
UGA-3076,Pallisa,Uganda,soyb,2.3,4.59,2.0323
UGA-3076,Pallisa,Uganda,sugc,30.0,1.15,0.0384
UGA-3371,Mbarara,Uganda,cott,4.7,2.13,0.4527
UGA-3371,Mbarara,Uganda,grou,8.3,5.63,0.6808
UGA-3371,Mbarara,Uganda,maiz,23.3,6.16,0.2644
UGA-3371,Mbarara,Uganda,sorg,1.4,0.62,0.4397
UGA-3371,Mbarara,Uganda,sugc,122.7,1.21,0.0099
UGA-3371,Mbarara,Uganda,whea,1.8,0.31,0.1774
UGA-5618,Lyantonde,Uganda,cott,2.0,0.2,0.1005
UGA-5618,Lyantonde,Uganda,grou,1.7,0.35,0.2076
UGA-5618,Lyantonde,Uganda,maiz,31.7,1.28,0.0405
UGA-5618,Lyantonde,Uganda,sugc,48.6,0.18,0.0037
UGA-3362,Masaka,Uganda,maiz,8.5,7.45,0.8768
UGA-3362,Masaka,Uganda,sugc,7.8,0.52,0.0668
GBR-2007,North Lanarkshire,United Kingdom,barl,43.2,43.18,0.9986
GBR-2007,North Lanarkshire,United Kingdom,pota,25.4,4.31,0.17
GBR-2007,North Lanarkshire,United Kingdom,rape,1.4,3.85,2.7092
GBR-2007,North Lanarkshire,United Kingdom,whea,40.7,49.22,1.2087
GBR-2001,East Ayrshire,United Kingdom,barl,80.2,101.69,1.2687
GBR-2001,East Ayrshire,United Kingdom,pota,46.2,9.69,0.2101
GBR-2001,East Ayrshire,United Kingdom,rape,2.6,8.79,3.3284
GBR-2001,East Ayrshire,United Kingdom,whea,75.6,114.64,1.5168
GBR-2010,South Lanarkshire,United Kingdom,barl,90.9,112.77,1.2404
GBR-2010,South Lanarkshire,United Kingdom,pota,49.8,10.38,0.2084
GBR-2010,South Lanarkshire,United Kingdom,rape,2.9,9.43,3.2979
GBR-2010,South Lanarkshire,United Kingdom,whea,85.7,127.34,1.4854
GBR-2093,Magherafelt,United Kingdom,barl,5.8,5.42,0.9279
GBR-2093,Magherafelt,United Kingdom,pota,5.7,0.93,0.1636
GBR-2093,Magherafelt,United Kingdom,whea,56.7,68.16,1.2026
GBR-2084,Omagh,United Kingdom,barl,11.1,15.63,1.4134
GBR-2084,Omagh,United Kingdom,pota,12.2,2.96,0.2436
GBR-2084,Omagh,United Kingdom,whea,113.2,198.26,1.7506
GBR-2091,Mid Ulster,United Kingdom,barl,11.4,10.23,0.8996
GBR-2091,Mid Ulster,United Kingdom,pota,12.0,1.89,0.1577
GBR-2091,Mid Ulster,United Kingdom,whea,113.8,133.11,1.1693
GBR-2087,Banbridge,United Kingdom,barl,11.5,6.48,0.5617
GBR-2087,Banbridge,United Kingdom,pota,12.1,1.23,0.102
GBR-2087,Banbridge,United Kingdom,whea,114.8,90.38,0.787
GBR-2092,Antrim,United Kingdom,barl,6.2,3.95,0.638
GBR-2092,Antrim,United Kingdom,pota,6.2,0.71,0.1148
GBR-2092,Antrim,United Kingdom,whea,60.8,53.13,0.8742
GBR-2101,Ballymoney,United Kingdom,barl,5.1,5.35,1.0558
GBR-2101,Ballymoney,United Kingdom,pota,4.9,0.89,0.1832
GBR-2101,Ballymoney,United Kingdom,whea,49.8,66.78,1.3418
GBR-2094,Ballymena,United Kingdom,barl,10.3,9.89,0.9584
GBR-2094,Ballymena,United Kingdom,pota,9.9,1.66,0.1669
GBR-2094,Ballymena,United Kingdom,whea,100.1,124.38,1.2421
GBR-2120,York,United Kingdom,barl,41.6,9.44,0.2269
GBR-2120,York,United Kingdom,pota,34.3,2.31,0.0672
GBR-2120,York,United Kingdom,rape,6.2,4.96,0.8005
GBR-2120,York,United Kingdom,whea,28.2,12.5,0.4426
GBR-2042,Hertfordshire,United Kingdom,barl,158.2,10.08,0.0637
GBR-2042,Hertfordshire,United Kingdom,pota,13.8,0.29,0.0208
GBR-2042,Hertfordshire,United Kingdom,rape,22.7,5.08,0.2238
GBR-2042,Hertfordshire,United Kingdom,whea,51.2,6.52,0.1272
GBR-5705,Barnet,United Kingdom,barl,18.3,1.18,0.0645
GBR-5705,Barnet,United Kingdom,pota,1.4,0.02,0.0133
GBR-5705,Barnet,United Kingdom,rape,2.7,0.6,0.2221
GBR-5705,Barnet,United Kingdom,whea,7.3,0.92,0.127
GBR-2053,Cambridgeshire,United Kingdom,barl,190.8,27.65,0.1449
GBR-2053,Cambridgeshire,United Kingdom,pota,495.3,39.23,0.0792
GBR-2053,Cambridgeshire,United Kingdom,rape,30.9,16.14,0.5216
GBR-2053,Cambridgeshire,United Kingdom,whea,60.2,14.04,0.2332
GBR-2038,Milton Keynes,United Kingdom,barl,50.9,4.08,0.0801
GBR-2038,Milton Keynes,United Kingdom,pota,4.6,0.07,0.0155
GBR-2038,Milton Keynes,United Kingdom,rape,8.3,2.31,0.2762
GBR-2038,Milton Keynes,United Kingdom,whea,23.3,3.48,0.1493
GBR-2040,Buckinghamshire,United Kingdom,barl,123.4,10.17,0.0824
GBR-2040,Buckinghamshire,United Kingdom,pota,16.5,0.29,0.0173
GBR-2040,Buckinghamshire,United Kingdom,rape,20.0,5.53,0.2771
GBR-2040,Buckinghamshire,United Kingdom,whea,83.5,13.06,0.1564
GBR-2752,Luton,United Kingdom,barl,72.3,4.48,0.062
GBR-2752,Luton,United Kingdom,pota,3.9,0.05,0.0126
GBR-2752,Luton,United Kingdom,rape,9.9,2.15,0.2171
GBR-2752,Luton,United Kingdom,whea,22.1,2.75,0.1241
GBR-5698,Bedford,United Kingdom,barl,72.1,5.5,0.0762
GBR-5698,Bedford,United Kingdom,pota,6.3,0.14,0.0219
GBR-5698,Bedford,United Kingdom,rape,10.3,2.75,0.2672
GBR-5698,Bedford,United Kingdom,whea,21.8,3.32,0.1523
GBR-2762,Rutland,United Kingdom,barl,39.3,3.0,0.0762
GBR-2762,Rutland,United Kingdom,pota,6.8,0.1,0.0152
GBR-2762,Rutland,United Kingdom,rape,11.1,2.82,0.2548
GBR-2762,Rutland,United Kingdom,whea,30.7,4.32,0.1408
GBR-2764,Nottinghamshire,United Kingdom,barl,109.3,21.62,0.1979
GBR-2764,Nottinghamshire,United Kingdom,pota,63.8,2.79,0.0437
GBR-2764,Nottinghamshire,United Kingdom,rape,29.6,19.03,0.6438
GBR-2764,Nottinghamshire,United Kingdom,whea,83.3,29.07,0.3488
GBR-2749,Northamptonshire,United Kingdom,barl,183.8,14.1,0.0767
GBR-2749,Northamptonshire,United Kingdom,pota,32.0,0.49,0.0153
GBR-2749,Northamptonshire,United Kingdom,rape,50.0,12.76,0.2551
GBR-2749,Northamptonshire,United Kingdom,whea,143.3,20.21,0.141
GBR-2760,Peterborough,United Kingdom,barl,66.2,23.98,0.3622
GBR-2760,Peterborough,United Kingdom,pota,92.1,7.51,0.0816
GBR-2760,Peterborough,United Kingdom,rape,12.1,10.92,0.9031
GBR-2760,Peterborough,United Kingdom,whea,26.0,10.73,0.4132
GBR-5689,Doncaster,United Kingdom,barl,81.4,27.14,0.3336
GBR-5689,Doncaster,United Kingdom,pota,53.8,3.57,0.0662
GBR-5689,Doncaster,United Kingdom,rape,12.1,12.4,1.0245
GBR-5689,Doncaster,United Kingdom,whea,55.3,29.02,0.5244
GBR-2054,Leicestershire,United Kingdom,barl,107.2,14.31,0.1334
GBR-2054,Leicestershire,United Kingdom,pota,22.1,0.72,0.0326
GBR-2054,Leicestershire,United Kingdom,rape,29.4,13.3,0.4526
GBR-2054,Leicestershire,United Kingdom,whea,83.5,21.02,0.2518
GBR-5706,Cheshire East,United Kingdom,barl,12.0,9.34,0.7786
GBR-5706,Cheshire East,United Kingdom,pota,12.3,1.88,0.1533
GBR-5706,Cheshire East,United Kingdom,whea,27.3,31.25,1.1455
GBR-2059,Derbyshire,United Kingdom,barl,169.1,54.73,0.3237
GBR-2059,Derbyshire,United Kingdom,pota,29.8,1.87,0.0627
GBR-2059,Derbyshire,United Kingdom,rape,45.7,48.43,1.0603
GBR-2059,Derbyshire,United Kingdom,whea,130.3,72.07,0.5533
GBR-5686,Rotherham,United Kingdom,barl,53.6,13.22,0.2466
GBR-5686,Rotherham,United Kingdom,pota,33.6,2.02,0.0603
GBR-5686,Rotherham,United Kingdom,rape,10.6,8.95,0.8451
GBR-5686,Rotherham,United Kingdom,whea,38.1,17.69,0.4645
GBR-5687,Sheffield,United Kingdom,barl,13.1,5.06,0.3857
GBR-5687,Sheffield,United Kingdom,pota,6.5,0.53,0.0825
GBR-5687,Sheffield,United Kingdom,rape,2.6,2.92,1.1418
GBR-5687,Sheffield,United Kingdom,whea,9.3,5.73,0.6186
GBR-2777,Staffordshire,United Kingdom,barl,147.5,66.41,0.4504
GBR-2777,Staffordshire,United Kingdom,pota,83.5,7.15,0.0856
GBR-2777,Staffordshire,United Kingdom,rape,34.8,47.89,1.3745
GBR-2777,Staffordshire,United Kingdom,whea,169.7,120.25,0.7085
GBR-2063,Bromley,United Kingdom,barl,2.5,0.18,0.0733
GBR-2063,Bromley,United Kingdom,whea,2.2,0.33,0.1505
GBR-2776,Worcestershire,United Kingdom,barl,65.5,16.84,0.2571
GBR-2776,Worcestershire,United Kingdom,pota,92.5,6.99,0.0756
GBR-2776,Worcestershire,United Kingdom,rape,14.4,12.72,0.8802
GBR-2776,Worcestershire,United Kingdom,whea,81.0,38.75,0.4786
GBR-2750,Warwickshire,United Kingdom,barl,38.7,4.65,0.12
GBR-2750,Warwickshire,United Kingdom,pota,48.6,3.14,0.0646
GBR-2750,Warwickshire,United Kingdom,rape,8.7,3.46,0.3967
GBR-2750,Warwickshire,United Kingdom,whea,39.3,8.97,0.2285
GBR-2751,Oxfordshire,United Kingdom,barl,207.1,29.86,0.1442
GBR-2751,Oxfordshire,United Kingdom,pota,38.8,1.18,0.0305
GBR-2751,Oxfordshire,United Kingdom,rape,33.9,16.94,0.4995
GBR-2751,Oxfordshire,United Kingdom,whea,194.2,56.1,0.2889
GBR-5683,Stockport,United Kingdom,barl,5.1,4.45,0.8745
GBR-5683,Stockport,United Kingdom,pota,5.5,0.86,0.1554
GBR-5683,Stockport,United Kingdom,whea,13.2,15.59,1.1787
GBR-2774,Warrington,United Kingdom,barl,6.9,4.32,0.6243
GBR-2774,Warrington,United Kingdom,pota,7.2,0.81,0.1127
GBR-2774,Warrington,United Kingdom,whea,17.9,16.06,0.8972
GBR-5700,West Berkshire,United Kingdom,barl,57.4,12.52,0.2181
GBR-5700,West Berkshire,United Kingdom,pota,9.5,0.42,0.0446
GBR-5700,West Berkshire,United Kingdom,rape,9.2,7.25,0.7837
GBR-5700,West Berkshire,United Kingdom,whea,51.1,22.2,0.4346
GBR-5701,Wokingham,United Kingdom,barl,11.0,1.76,0.1599
GBR-5701,Wokingham,United Kingdom,pota,1.8,0.06,0.0322
GBR-5701,Wokingham,United Kingdom,rape,1.7,0.95,0.5517
GBR-5701,Wokingham,United Kingdom,whea,9.8,2.99,0.3056
GBR-2755,Surrey,United Kingdom,barl,29.5,6.42,0.218
GBR-2755,Surrey,United Kingdom,pota,5.1,0.22,0.0423
GBR-2755,Surrey,United Kingdom,rape,4.6,3.51,0.7635
GBR-2755,Surrey,United Kingdom,whea,28.0,11.26,0.4021
GBR-2043,Bath and North East Somerset,United Kingdom,barl,35.0,9.93,0.2835
GBR-2043,Bath and North East Somerset,United Kingdom,pota,11.5,0.64,0.0559
GBR-2043,Bath and North East Somerset,United Kingdom,rape,3.7,3.54,0.9544
GBR-2043,Bath and North East Somerset,United Kingdom,whea,50.7,25.74,0.5083
GBR-2757,Wiltshire,United Kingdom,barl,129.5,33.11,0.2556
GBR-2757,Wiltshire,United Kingdom,pota,40.1,2.04,0.0509
GBR-2757,Wiltshire,United Kingdom,rape,13.2,11.57,0.8731
GBR-2757,Wiltshire,United Kingdom,whea,185.2,88.38,0.4773
GBR-5671,Kirklees,United Kingdom,barl,47.9,26.75,0.559
GBR-5671,Kirklees,United Kingdom,pota,30.5,3.17,0.1042
GBR-5671,Kirklees,United Kingdom,rape,7.3,12.24,1.6767
GBR-5671,Kirklees,United Kingdom,whea,32.7,26.78,0.8196
GBR-2761,Leicester,United Kingdom,barl,26.8,3.08,0.1149
GBR-2761,Leicester,United Kingdom,pota,4.6,0.1,0.0228
GBR-2761,Leicester,United Kingdom,rape,7.3,2.79,0.3822
GBR-2761,Leicester,United Kingdom,whea,20.6,4.3,0.2083
UGA-3075,Mukono,Uganda,cott,1.2,1.05,0.8669
UGA-3075,Mukono,Uganda,maiz,45.1,10.71,0.2374
UGA-3075,Mukono,Uganda,rice,8.8,30.38,3.4402
UGA-3075,Mukono,Uganda,sugc,342.4,6.14,0.0179
UGA-5597,Buikwe,Uganda,maiz,17.2,2.17,0.1264
UGA-5597,Buikwe,Uganda,rice,14.3,57.6,4.0169
UGA-5597,Buikwe,Uganda,sugc,143.4,1.72,0.012
UGA-3128,Nakapiripirit,Uganda,maiz,11.3,1.31,0.1163
UGA-3128,Nakapiripirit,Uganda,sorg,8.5,2.96,0.3486
UGA-3128,Nakapiripirit,Uganda,sugc,9.2,0.14,0.0154
UGA-5612,Kween,Uganda,maiz,26.6,1.59,0.0596
UGA-5612,Kween,Uganda,pota,6.6,0.25,0.038
UGA-5612,Kween,Uganda,rice,1.3,0.41,0.3254
UGA-5612,Kween,Uganda,sugc,7.6,0.04,0.0056
UGA-5624,Buhweju,Uganda,maiz,5.8,1.79,0.3079
UGA-5624,Buhweju,Uganda,pota,2.8,0.41,0.1463
UGA-5624,Buhweju,Uganda,sugc,4.6,0.26,0.0557
UGA-5623,Sheema,Uganda,maiz,3.4,0.53,0.1549
UGA-5623,Sheema,Uganda,pota,2.1,0.14,0.067
UGA-5623,Sheema,Uganda,sugc,17.4,0.22,0.0125
UGA-5622,Mitooma,Uganda,maiz,6.0,1.91,0.3172
UGA-5622,Mitooma,Uganda,pota,2.0,0.29,0.14
UGA-5622,Mitooma,Uganda,sugc,14.3,0.31,0.0218
UGA-3114,Sironko,Uganda,maiz,24.6,1.08,0.044
UGA-3114,Sironko,Uganda,pota,6.6,0.19,0.0286
UGA-3114,Sironko,Uganda,rice,3.1,0.88,0.2836
UGA-3114,Sironko,Uganda,sugc,16.0,0.08,0.0048
UGA-3117,Bugiri,Uganda,grou,2.2,23.12,10.7042
UGA-3117,Bugiri,Uganda,maiz,13.4,9.61,0.7159
UGA-3117,Bugiri,Uganda,soyb,1.5,3.11,2.1136
UGA-3117,Bugiri,Uganda,sugc,7.4,0.79,0.1056
UGA-5625,Nwoya,Uganda,cott,1.3,0.17,0.1258
UGA-5625,Nwoya,Uganda,grou,1.3,0.29,0.2195
UGA-5625,Nwoya,Uganda,maiz,13.8,0.5,0.0362
UGA-5625,Nwoya,Uganda,rice,4.4,1.36,0.31
UGA-5625,Nwoya,Uganda,sorg,1.4,0.19,0.1399
UGA-5625,Nwoya,Uganda,soyb,1.3,0.06,0.0469
UGA-5625,Nwoya,Uganda,sugc,42.3,0.16,0.0037
UGA-3119,Butaleja,Uganda,grou,2.0,22.75,11.0995
UGA-3119,Butaleja,Uganda,maiz,25.9,17.59,0.6793
UGA-3119,Butaleja,Uganda,rice,2.2,1.79,0.8145
UGA-3119,Butaleja,Uganda,sorg,1.1,0.99,0.9064
UGA-3119,Butaleja,Uganda,soyb,1.4,3.13,2.222
UGA-3119,Butaleja,Uganda,sugc,11.1,1.15,0.1039
UGA-5595,Kibuku,Uganda,grou,3.4,1.89,0.5577
UGA-5595,Kibuku,Uganda,maiz,6.7,0.32,0.0483
UGA-5595,Kibuku,Uganda,rice,1.3,0.4,0.3101
UGA-5595,Kibuku,Uganda,soyb,2.2,0.25,0.1122
UGA-5595,Kibuku,Uganda,sugc,11.7,0.07,0.0057
UGA-5615,Napak,Uganda,grou,1.7,0.71,0.4228
UGA-5615,Napak,Uganda,maiz,28.5,2.18,0.0766
UGA-5615,Napak,Uganda,sorg,17.4,4.48,0.2566
UGA-5615,Napak,Uganda,sugc,21.6,0.12,0.0057
UGA-3065,Kumi,Uganda,cott,1.8,2.44,1.3453
UGA-3065,Kumi,Uganda,grou,6.1,19.18,3.1231
UGA-3065,Kumi,Uganda,maiz,20.7,4.68,0.2264
UGA-3065,Kumi,Uganda,rice,2.1,1.29,0.6157
UGA-3065,Kumi,Uganda,sorg,5.0,5.69,1.1409
UGA-3065,Kumi,Uganda,soyb,1.8,1.97,1.0723
UGA-3065,Kumi,Uganda,sugc,52.5,1.14,0.0218
UGA-5590,Ngora,Uganda,grou,1.2,16.24,13.8829
UGA-5590,Ngora,Uganda,maiz,1.3,0.21,0.1594
UGA-5590,Ngora,Uganda,sugc,4.7,0.5,0.106
UGA-5591,Bukedea,Uganda,grou,1.6,0.53,0.3273
UGA-5591,Bukedea,Uganda,maiz,10.1,0.59,0.0586
UGA-5591,Bukedea,Uganda,rice,1.1,0.41,0.3591
UGA-5591,Bukedea,Uganda,sorg,2.6,0.45,0.172
UGA-5591,Bukedea,Uganda,sugc,25.8,0.11,0.0043
UGA-3073,Namutumba,Uganda,grou,1.4,10.26,7.0779
UGA-3073,Namutumba,Uganda,maiz,34.0,13.74,0.4036
UGA-3073,Namutumba,Uganda,soyb,1.1,1.48,1.3615
UGA-3073,Namutumba,Uganda,sugc,18.2,0.7,0.0384
TUR-2276,Kütahya,Turkey,barl,154.5,13.44,0.087
TUR-2276,Kütahya,Turkey,maiz,47.7,2.74,0.0574
TUR-2276,Kütahya,Turkey,pota,127.8,2.88,0.0226
TUR-2276,Kütahya,Turkey,whea,249.4,22.58,0.0905
TUR-3011,Konya,Turkey,barl,1104.2,221.55,0.2006
TUR-3011,Konya,Turkey,grou,1.3,0.29,0.2296
TUR-3011,Konya,Turkey,maiz,1276.3,172.76,0.1354
TUR-3011,Konya,Turkey,pota,559.3,31.62,0.0565
TUR-3011,Konya,Turkey,rape,16.7,2.67,0.16
TUR-3011,Konya,Turkey,whea,1444.3,311.77,0.2159
TUR-3012,Karaman,Turkey,barl,131.8,26.47,0.2008
TUR-3012,Karaman,Turkey,cott,1.2,0.39,0.3267
TUR-3012,Karaman,Turkey,grou,1.8,0.41,0.2225
TUR-3012,Karaman,Turkey,maiz,92.0,13.23,0.1438
TUR-3012,Karaman,Turkey,pota,64.1,3.83,0.0597
TUR-3012,Karaman,Turkey,rape,1.8,0.29,0.1613
TUR-3012,Karaman,Turkey,soyb,1.5,0.12,0.0807
TUR-3012,Karaman,Turkey,whea,193.7,42.65,0.2201
TUR-3020,Nigde,Turkey,barl,132.2,19.87,0.1503
TUR-3020,Nigde,Turkey,maiz,14.4,1.52,0.1054
TUR-3020,Nigde,Turkey,pota,181.6,7.19,0.0396
TUR-3020,Nigde,Turkey,rice,1.3,0.1,0.0773
TUR-3020,Nigde,Turkey,whea,194.5,30.82,0.1585
TUR-2287,Kayseri,Turkey,barl,258.1,31.2,0.1209
TUR-2287,Kayseri,Turkey,maiz,3.9,0.33,0.0843
TUR-2287,Kayseri,Turkey,pota,230.6,7.41,0.0321
TUR-2287,Kayseri,Turkey,whea,611.8,73.96,0.1209
TUR-2275,Isparta,Turkey,barl,75.1,7.42,0.0987
TUR-2275,Isparta,Turkey,cott,2.6,0.35,0.133
TUR-2275,Isparta,Turkey,grou,1.4,0.13,0.0944
TUR-2275,Isparta,Turkey,maiz,12.5,0.82,0.0656
TUR-2275,Isparta,Turkey,pota,9.6,0.25,0.0258
TUR-2275,Isparta,Turkey,whea,144.8,14.95,0.1032
TUR-2277,Manisa,Turkey,barl,202.7,23.64,0.1166
TUR-2277,Manisa,Turkey,cott,31.6,5.46,0.1728
TUR-2277,Manisa,Turkey,grou,16.4,1.78,0.1091
TUR-2277,Manisa,Turkey,maiz,75.7,5.31,0.0701
TUR-2277,Manisa,Turkey,pota,206.4,5.9,0.0286
TUR-2277,Manisa,Turkey,whea,312.0,37.28,0.1195
TUR-2274,Denizli,Turkey,barl,95.5,10.92,0.1143
TUR-2274,Denizli,Turkey,cott,107.7,17.23,0.1601
TUR-2274,Denizli,Turkey,grou,11.7,1.33,0.1136
TUR-2274,Denizli,Turkey,maiz,86.3,6.45,0.0748
TUR-2274,Denizli,Turkey,pota,29.0,0.79,0.0274
TUR-2274,Denizli,Turkey,whea,273.9,32.12,0.1173
TUR-2273,Burdur,Turkey,barl,76.4,9.52,0.1245
TUR-2273,Burdur,Turkey,cott,4.4,0.67,0.1518
TUR-2273,Burdur,Turkey,grou,3.0,0.36,0.1179
TUR-2273,Burdur,Turkey,maiz,10.6,0.68,0.0644
TUR-2273,Burdur,Turkey,pota,8.0,0.21,0.0265
TUR-2273,Burdur,Turkey,whea,154.2,19.52,0.1265
TUR-3021,Aksaray,Turkey,barl,228.0,32.28,0.1416
TUR-3021,Aksaray,Turkey,grou,1.1,0.18,0.1667
TUR-3021,Aksaray,Turkey,maiz,24.6,2.44,0.0993
TUR-3021,Aksaray,Turkey,pota,274.7,10.36,0.0377
TUR-3021,Aksaray,Turkey,rice,1.9,0.15,0.0788
TUR-3021,Aksaray,Turkey,whea,326.7,47.73,0.1461
TUR-2288,Nevsehir,Turkey,barl,189.7,21.35,0.1126
TUR-2288,Nevsehir,Turkey,maiz,14.9,1.18,0.0796
TUR-2288,Nevsehir,Turkey,pota,196.0,6.58,0.0336
TUR-2288,Nevsehir,Turkey,whea,289.6,34.63,0.1196
TUR-3026,Yozgat,Turkey,barl,227.3,24.45,0.1075
TUR-3026,Yozgat,Turkey,maiz,5.4,0.43,0.0788
TUR-3026,Yozgat,Turkey,pota,183.7,5.59,0.0304
TUR-3026,Yozgat,Turkey,whea,579.0,61.6,0.1064
TUR-2286,Kirsehir,Turkey,barl,298.1,32.83,0.1101
TUR-2286,Kirsehir,Turkey,maiz,33.0,2.48,0.0752
TUR-2286,Kirsehir,Turkey,pota,286.2,9.25,0.0323
TUR-2286,Kirsehir,Turkey,rice,1.8,0.12,0.0643
TUR-2286,Kirsehir,Turkey,whea,439.2,51.06,0.1163
TUR-3014,Usak,Turkey,barl,62.8,5.62,0.0895
TUR-3014,Usak,Turkey,cott,5.4,0.64,0.1185
TUR-3014,Usak,Turkey,grou,2.6,0.21,0.08
TUR-3014,Usak,Turkey,maiz,19.2,1.04,0.054
TUR-3014,Usak,Turkey,pota,50.0,1.1,0.0219
TUR-3014,Usak,Turkey,whea,98.1,8.96,0.0913
TUR-2300,Erzincan,Turkey,barl,50.6,6.73,0.133
TUR-2300,Erzincan,Turkey,grou,1.1,0.09,0.0847
TUR-2300,Erzincan,Turkey,maiz,2.6,0.29,0.1124
TUR-2300,Erzincan,Turkey,pota,51.4,1.51,0.0295
TUR-2300,Erzincan,Turkey,whea,92.0,12.25,0.1332
TUR-3045,Tunceli,Turkey,barl,37.7,5.48,0.1455
TUR-3045,Tunceli,Turkey,whea,64.4,9.23,0.1432
TUR-2272,Afyonkarahisar,Turkey,barl,229.6,36.86,0.1605
TUR-2272,Afyonkarahisar,Turkey,cott,4.2,0.55,0.1312
TUR-2272,Afyonkarahisar,Turkey,grou,2.5,0.23,0.0912
TUR-2272,Afyonkarahisar,Turkey,maiz,116.2,9.7,0.0835
TUR-2272,Afyonkarahisar,Turkey,pota,200.2,5.79,0.0289
TUR-2272,Afyonkarahisar,Turkey,whea,356.9,55.88,0.1566
TUR-3019,Kinkkale,Turkey,barl,142.8,15.72,0.1101
TUR-3019,Kinkkale,Turkey,grou,2.2,0.29,0.132
TUR-3019,Kinkkale,Turkey,maiz,22.4,1.7,0.0755
TUR-3019,Kinkkale,Turkey,pota,143.8,4.66,0.0324
TUR-3019,Kinkkale,Turkey,rice,1.5,0.13,0.0887
TUR-3019,Kinkkale,Turkey,whea,206.6,24.02,0.1163
TUR-2283,K. Maras,Turkey,barl,71.9,43.61,0.6063
TUR-2283,K. Maras,Turkey,cott,61.2,38.25,0.6247
TUR-2283,K. Maras,Turkey,grou,6.7,2.74,0.4114
TUR-2283,K. Maras,Turkey,maiz,244.3,51.4,0.2103
TUR-2283,K. Maras,Turkey,pota,74.2,4.56,0.0615
TUR-2283,K. Maras,Turkey,soyb,7.1,2.6,0.3687
TUR-2283,K. Maras,Turkey,whea,397.1,154.55,0.3892
TUR-2310,Mus,Turkey,barl,101.3,12.83,0.1266
TUR-2310,Mus,Turkey,maiz,6.1,0.36,0.0589
TUR-2310,Mus,Turkey,pota,94.7,2.11,0.0223
TUR-2310,Mus,Turkey,whea,310.3,37.3,0.1202
TUR-2299,Erzurum,Turkey,barl,133.3,24.1,0.1808
TUR-2299,Erzurum,Turkey,pota,118.7,3.66,0.0308
TUR-2299,Erzurum,Turkey,whea,242.5,43.03,0.1775
TUR-2284,Malatya,Turkey,barl,82.6,10.53,0.1274
TUR-2284,Malatya,Turkey,cott,2.7,0.76,0.2808
TUR-2284,Malatya,Turkey,grou,1.4,0.18,0.1341
TUR-2284,Malatya,Turkey,maiz,4.2,0.58,0.1388
TUR-2284,Malatya,Turkey,pota,5.9,0.17,0.0291
TUR-2284,Malatya,Turkey,whea,161.4,20.74,0.1286
TUR-2282,Elazig,Turkey,barl,119.9,17.18,0.1432
TUR-2282,Elazig,Turkey,grou,2.2,0.29,0.1271
TUR-2282,Elazig,Turkey,whea,204.2,29.01,0.1421
TUR-2311,Bitlis,Turkey,barl,32.8,3.79,0.1155
TUR-2311,Bitlis,Turkey,maiz,1.6,0.12,0.0748
TUR-2311,Bitlis,Turkey,pota,30.7,0.64,0.021
TUR-2311,Bitlis,Turkey,whea,105.3,11.06,0.105
TUR-2308,Bingöl,Turkey,barl,20.1,6.58,0.3276
TUR-2308,Bingöl,Turkey,cott,1.2,0.45,0.3847
TUR-2308,Bingöl,Turkey,maiz,2.3,0.4,0.1726
TUR-2308,Bingöl,Turkey,whea,38.6,12.11,0.3134
NGA-2841,Abia,Nigeria,grou,10.1,1.13,0.1118
NGA-2841,Abia,Nigeria,maiz,128.7,9.09,0.0706
NGA-2841,Abia,Nigeria,oilp,283.5,10.49,0.037
NGA-2841,Abia,Nigeria,rice,79.3,46.31,0.5842
NGA-2841,Abia,Nigeria,sorg,2.0,0.22,0.1078
NGA-2863,Ebonyi,Nigeria,grou,5.4,0.57,0.105
NGA-2863,Ebonyi,Nigeria,maiz,152.7,8.47,0.0555
NGA-2863,Ebonyi,Nigeria,oilp,379.4,2.78,0.0073
NGA-2863,Ebonyi,Nigeria,pota,19.5,0.46,0.0234
NGA-2863,Ebonyi,Nigeria,rice,107.8,59.97,0.5563
NGA-2863,Ebonyi,Nigeria,sorg,17.0,1.58,0.0933
NGA-2857,Anambra,Nigeria,maiz,102.0,15.04,0.1475
NGA-2857,Anambra,Nigeria,oilp,6.2,1.19,0.191
NGA-2857,Anambra,Nigeria,pota,16.7,1.11,0.0663
NGA-2857,Anambra,Nigeria,rice,65.4,45.37,0.6939
NGA-2861,Edo,Nigeria,grou,9.2,2.49,0.2722
NGA-2861,Edo,Nigeria,maiz,225.5,30.48,0.1352
NGA-2861,Edo,Nigeria,oilp,704.7,46.83,0.0665
NGA-2861,Edo,Nigeria,pota,1.5,0.16,0.1013
NGA-2861,Edo,Nigeria,rice,136.0,89.01,0.6546
NGA-2861,Edo,Nigeria,sorg,140.6,20.08,0.1428
NGA-2861,Edo,Nigeria,soyb,5.6,2.06,0.367
NGA-2861,Edo,Nigeria,sugc,1.2,0.07,0.0597
NGA-2858,Bauchi,Nigeria,cott,32.0,4.99,0.1559
NGA-2858,Bauchi,Nigeria,grou,597.3,48.76,0.0816
NGA-2858,Bauchi,Nigeria,maiz,661.9,24.53,0.0371
NGA-2858,Bauchi,Nigeria,oilp,21.9,0.57,0.0259
NGA-2858,Bauchi,Nigeria,pota,2.6,0.15,0.0587
NGA-2858,Bauchi,Nigeria,rice,287.3,170.37,0.5931
NGA-2858,Bauchi,Nigeria,sorg,361.6,19.57,0.0541
NGA-2858,Bauchi,Nigeria,soyb,35.2,2.63,0.0749
NGA-2858,Bauchi,Nigeria,sugc,115.7,3.58,0.0309
NGA-2858,Bauchi,Nigeria,whea,5.3,1.69,0.3219
NGA-2866,Plateau,Nigeria,cott,4.0,1.96,0.4878
NGA-2866,Plateau,Nigeria,grou,60.4,8.12,0.1344
NGA-2866,Plateau,Nigeria,maiz,478.5,30.56,0.0639
NGA-2866,Plateau,Nigeria,oilp,16.3,0.95,0.0585
NGA-2866,Plateau,Nigeria,pota,335.4,17.39,0.0519
NGA-2866,Plateau,Nigeria,rice,245.8,212.12,0.8631
NGA-2866,Plateau,Nigeria,sorg,242.0,22.77,0.0941
NGA-2866,Plateau,Nigeria,soyb,53.7,6.17,0.1151
NGA-2866,Plateau,Nigeria,sugc,12.9,0.84,0.0649
NGA-2866,Plateau,Nigeria,whea,2.2,1.29,0.5729
NGA-2867,Nassarawa,Nigeria,cott,6.7,1.46,0.2166
NGA-2867,Nassarawa,Nigeria,grou,183.8,19.87,0.1081
NGA-2867,Nassarawa,Nigeria,maiz,278.7,15.5,0.0556
NGA-2867,Nassarawa,Nigeria,oilp,8.7,0.13,0.015
NGA-2867,Nassarawa,Nigeria,pota,64.8,2.02,0.0312
NGA-2867,Nassarawa,Nigeria,rice,420.6,238.19,0.5663
NGA-2867,Nassarawa,Nigeria,sorg,166.7,14.59,0.0875
NGA-2867,Nassarawa,Nigeria,soyb,40.5,4.48,0.1106
NGA-2867,Nassarawa,Nigeria,sugc,36.7,1.83,0.0499
NGA-2859,Gombe,Nigeria,cott,14.2,1.5,0.1052
NGA-2859,Gombe,Nigeria,grou,107.4,7.52,0.07
NGA-2859,Gombe,Nigeria,maiz,708.0,15.51,0.0219
NGA-2859,Gombe,Nigeria,oilp,11.7,0.2,0.0167
NGA-2859,Gombe,Nigeria,pota,30.5,0.37,0.0121
NGA-2859,Gombe,Nigeria,rice,265.5,151.42,0.5704
NGA-2859,Gombe,Nigeria,sorg,261.4,8.26,0.0316
NGA-2859,Gombe,Nigeria,soyb,52.5,2.38,0.0452
NGA-2859,Gombe,Nigeria,sugc,55.1,1.73,0.0314
NGA-2859,Gombe,Nigeria,whea,2.9,1.42,0.489
NGA-2862,Enugu,Nigeria,grou,5.7,0.58,0.1025
NGA-2862,Enugu,Nigeria,maiz,168.0,8.74,0.052
NGA-2862,Enugu,Nigeria,oilp,356.2,2.32,0.0065
NGA-2862,Enugu,Nigeria,pota,47.0,1.12,0.0239
NGA-2862,Enugu,Nigeria,rice,89.6,50.06,0.5588
NGA-2862,Enugu,Nigeria,sorg,13.3,1.03,0.0774
NGA-2865,Kogi,Nigeria,grou,117.0,14.18,0.1212
NGA-2865,Kogi,Nigeria,maiz,399.3,22.72,0.0569
NGA-2865,Kogi,Nigeria,oilp,476.5,5.7,0.012
NGA-2865,Kogi,Nigeria,pota,8.3,0.24,0.029
NGA-2865,Kogi,Nigeria,rice,535.5,310.08,0.579
NGA-2865,Kogi,Nigeria,sorg,116.4,11.58,0.0995
NGA-2865,Kogi,Nigeria,soyb,37.5,4.48,0.1195
NGA-2865,Kogi,Nigeria,sugc,27.3,1.56,0.0571
NGA-2855,Osun,Nigeria,grou,26.0,2.61,0.1001
NGA-2855,Osun,Nigeria,maiz,312.9,16.48,0.0527
NGA-2855,Osun,Nigeria,oilp,448.5,3.94,0.0088
NGA-2855,Osun,Nigeria,pota,4.8,0.1,0.0218
NGA-2855,Osun,Nigeria,rice,91.3,53.61,0.5871
NGA-2855,Osun,Nigeria,soyb,19.7,1.91,0.0973
NGA-2843,Imo,Nigeria,grou,5.5,0.68,0.1225
NGA-2843,Imo,Nigeria,maiz,99.4,6.1,0.0614
NGA-2843,Imo,Nigeria,oilp,20.4,0.18,0.0087
NGA-2843,Imo,Nigeria,pota,8.3,0.24,0.0294
NGA-2843,Imo,Nigeria,rice,67.7,40.15,0.593
TUR-4842,Osmaniye,Turkey,barl,16.0,3.0,0.1871
TUR-4842,Osmaniye,Turkey,cott,31.3,9.66,0.3087
TUR-4842,Osmaniye,Turkey,grou,3.8,0.63,0.1661
TUR-4842,Osmaniye,Turkey,maiz,110.5,14.62,0.1322
TUR-4842,Osmaniye,Turkey,pota,17.3,0.94,0.0541
TUR-4842,Osmaniye,Turkey,soyb,5.2,0.42,0.0796
TUR-4842,Osmaniye,Turkey,whea,86.0,18.27,0.2124
TUR-2281,Adiyaman,Turkey,barl,112.3,13.85,0.1234
TUR-2281,Adiyaman,Turkey,cott,84.5,15.62,0.1849
TUR-2281,Adiyaman,Turkey,grou,1.4,0.16,0.1188
TUR-2281,Adiyaman,Turkey,maiz,39.1,3.79,0.097
TUR-2281,Adiyaman,Turkey,whea,271.8,36.34,0.1337
TUR-2309,Diyarbakir,Turkey,barl,206.6,48.16,0.2331
TUR-2309,Diyarbakir,Turkey,cott,216.3,72.36,0.3345
TUR-2309,Diyarbakir,Turkey,grou,3.2,0.54,0.1689
TUR-2309,Diyarbakir,Turkey,maiz,402.1,60.71,0.151
TUR-2309,Diyarbakir,Turkey,rice,4.4,1.92,0.4357
TUR-2309,Diyarbakir,Turkey,soyb,1.4,0.12,0.0899
TUR-2309,Diyarbakir,Turkey,whea,784.9,192.42,0.2452
TUR-3042,Batman,Turkey,barl,32.7,6.95,0.2126
TUR-3042,Batman,Turkey,cott,38.5,11.3,0.2935
TUR-3042,Batman,Turkey,maiz,77.3,10.31,0.1334
TUR-3042,Batman,Turkey,whea,148.6,32.56,0.2191
TUR-3043,Siirt,Turkey,barl,20.7,4.59,0.2224
TUR-3043,Siirt,Turkey,cott,23.5,6.4,0.2725
TUR-3043,Siirt,Turkey,maiz,53.8,6.84,0.1269
TUR-3043,Siirt,Turkey,whea,78.6,16.99,0.2161
TUR-3032,Bayburt,Turkey,barl,20.8,3.0,0.1443
TUR-3032,Bayburt,Turkey,maiz,3.0,0.29,0.099
TUR-3032,Bayburt,Turkey,pota,23.6,0.78,0.0329
TUR-3032,Bayburt,Turkey,whea,40.4,5.74,0.1421
TUR-3031,Gümüshane,Turkey,barl,8.8,1.45,0.1657
TUR-3031,Gümüshane,Turkey,maiz,26.9,2.89,0.1074
TUR-3031,Gümüshane,Turkey,pota,49.5,2.26,0.0457
TUR-3031,Gümüshane,Turkey,whea,18.3,3.21,0.1754
TZA-3390,Singida,United Republic of Tanzania,cott,7.0,0.69,0.0993
TZA-3390,Singida,United Republic of Tanzania,grou,28.8,2.61,0.0904
TZA-3390,Singida,United Republic of Tanzania,maiz,272.8,11.74,0.043
TZA-3390,Singida,United Republic of Tanzania,pota,32.8,0.9,0.0274
TZA-3390,Singida,United Republic of Tanzania,rice,25.7,7.39,0.2879
TZA-3390,Singida,United Republic of Tanzania,sorg,100.5,6.82,0.0679
TZA-3359,Tabora,United Republic of Tanzania,cott,31.6,8.22,0.2601
TZA-3359,Tabora,United Republic of Tanzania,grou,120.3,45.11,0.3748
TZA-3359,Tabora,United Republic of Tanzania,maiz,468.1,70.29,0.1502
TZA-3359,Tabora,United Republic of Tanzania,oilp,1.2,0.02,0.0149
TZA-3359,Tabora,United Republic of Tanzania,pota,112.3,2.71,0.0241
TZA-3359,Tabora,United Republic of Tanzania,rice,469.4,165.32,0.3522
TZA-3359,Tabora,United Republic of Tanzania,sorg,33.5,8.72,0.2608
TZA-3359,Tabora,United Republic of Tanzania,sugc,11.1,0.03,0.0023
TZA-3386,Iringa,United Republic of Tanzania,grou,3.0,0.3,0.101
TZA-3386,Iringa,United Republic of Tanzania,maiz,220.3,11.1,0.0504
TZA-3386,Iringa,United Republic of Tanzania,pota,24.4,0.59,0.0242
TZA-3386,Iringa,United Republic of Tanzania,rice,74.4,33.94,0.4561
TZA-3386,Iringa,United Republic of Tanzania,sorg,8.7,0.65,0.0751
TZA-3386,Iringa,United Republic of Tanzania,sugc,30.1,0.06,0.002
TZA-3386,Iringa,United Republic of Tanzania,whea,4.8,0.18,0.0377
TZA-3357,Mwanza,United Republic of Tanzania,cott,40.8,18.33,0.4496
TZA-3357,Mwanza,United Republic of Tanzania,grou,27.7,20.02,0.722
TZA-3357,Mwanza,United Republic of Tanzania,maiz,209.6,77.19,0.3683
TZA-3357,Mwanza,United Republic of Tanzania,pota,189.7,15.84,0.0835
TZA-3357,Mwanza,United Republic of Tanzania,rice,393.1,206.16,0.5244
TZA-3357,Mwanza,United Republic of Tanzania,sorg,22.8,14.37,0.6313
TZA-3357,Mwanza,United Republic of Tanzania,sugc,14.4,0.15,0.0103
TZA-5585,Simiyu,United Republic of Tanzania,cott,137.6,21.26,0.1546
TZA-5585,Simiyu,United Republic of Tanzania,grou,21.0,2.67,0.1273
TZA-5585,Simiyu,United Republic of Tanzania,maiz,294.5,19.65,0.0667
TZA-5585,Simiyu,United Republic of Tanzania,pota,54.6,2.01,0.0369
TZA-5585,Simiyu,United Republic of Tanzania,rice,183.8,65.97,0.3589
TZA-5585,Simiyu,United Republic of Tanzania,sorg,68.0,7.48,0.11
TZA-5585,Simiyu,United Republic of Tanzania,sugc,4.8,0.02,0.0037
TZA-5586,Geita,United Republic of Tanzania,cott,38.2,17.59,0.4606
TZA-5586,Geita,United Republic of Tanzania,grou,44.2,15.91,0.36
TZA-5586,Geita,United Republic of Tanzania,maiz,206.6,35.12,0.1699
TZA-5586,Geita,United Republic of Tanzania,oilp,12.1,3.98,0.3294
TZA-5586,Geita,United Republic of Tanzania,pota,73.6,3.82,0.0519
TZA-5586,Geita,United Republic of Tanzania,rice,292.8,128.8,0.4398
TZA-5586,Geita,United Republic of Tanzania,sorg,9.6,3.71,0.3864
TZA-5586,Geita,United Republic of Tanzania,sugc,4.9,0.22,0.0451
TZA-3358,Shinyanga,United Republic of Tanzania,cott,56.3,7.98,0.1417
TZA-3358,Shinyanga,United Republic of Tanzania,grou,70.4,9.7,0.1378
TZA-3358,Shinyanga,United Republic of Tanzania,maiz,234.5,17.31,0.0738
TZA-3358,Shinyanga,United Republic of Tanzania,pota,70.6,1.83,0.0259
TZA-3358,Shinyanga,United Republic of Tanzania,rice,592.5,234.65,0.3961
TZA-3358,Shinyanga,United Republic of Tanzania,sorg,51.8,6.24,0.1205
TZA-3358,Shinyanga,United Republic of Tanzania,sugc,18.0,0.03,0.0017
LKA-2463,Ratnapura,Sri Lanka,grou,1.1,0.34,0.3027
LKA-2463,Ratnapura,Sri Lanka,maiz,8.6,2.48,0.2893
LKA-2463,Ratnapura,Sri Lanka,pota,1.8,0.26,0.1469
LKA-2463,Ratnapura,Sri Lanka,rice,7.3,1.48,0.2026
LKA-2468,Mŏṇarāgala,Sri Lanka,grou,6.6,1.39,0.2107
LKA-2468,Mŏṇarāgala,Sri Lanka,maiz,105.9,28.82,0.2722
LKA-2468,Mŏṇarāgala,Sri Lanka,pota,1.4,0.18,0.1312
LKA-2468,Mŏṇarāgala,Sri Lanka,rice,172.0,93.25,0.5423
LKA-2468,Mŏṇarāgala,Sri Lanka,sugc,656.1,22.98,0.035
LKA-2469,Kægalla,Sri Lanka,maiz,1.1,0.33,0.2861
LKA-2469,Kægalla,Sri Lanka,pota,1.6,0.23,0.1399
LKA-2469,Kægalla,Sri Lanka,rice,22.4,4.86,0.217
LKA-2467,Badulla,Sri Lanka,maiz,35.9,9.75,0.2717
LKA-2467,Badulla,Sri Lanka,pota,33.4,4.43,0.1327
LKA-2467,Badulla,Sri Lanka,rice,180.3,142.99,0.7929
LKA-2467,Badulla,Sri Lanka,sugc,1.5,0.05,0.034
LKA-2449,Mātale,Sri Lanka,maiz,3.6,1.03,0.2822
LKA-2449,Mātale,Sri Lanka,pota,3.6,0.49,0.1343
LKA-2449,Mātale,Sri Lanka,rice,175.2,177.97,1.0158
LKA-2449,Mātale,Sri Lanka,sugc,1.1,0.04,0.0327
LKA-2453,Pŏḷŏnnaruva,Sri Lanka,maiz,3.9,2.65,0.6758
LKA-2453,Pŏḷŏnnaruva,Sri Lanka,pota,1.2,0.22,0.1797
LKA-2453,Pŏḷŏnnaruva,Sri Lanka,rice,655.0,661.54,1.01
LKA-2461,Kuruṇægala,Sri Lanka,grou,4.3,1.7,0.3981
LKA-2461,Kuruṇægala,Sri Lanka,maiz,6.1,2.27,0.374
LKA-2461,Kuruṇægala,Sri Lanka,pota,2.9,0.5,0.1739
LKA-2461,Kuruṇægala,Sri Lanka,rice,362.5,398.37,1.0991
LKA-2455,Anurādhapura,Sri Lanka,grou,2.1,2.05,0.9675
LKA-2455,Anurādhapura,Sri Lanka,maiz,61.8,29.29,0.4741
LKA-2455,Anurādhapura,Sri Lanka,rice,1253.5,1242.86,0.9915
LKA-2455,Anurādhapura,Sri Lanka,soyb,5.9,1.33,0.2267
LKA-2455,Anurādhapura,Sri Lanka,sugc,1.0,0.03,0.0333
LKA-2450,Nuvara Ĕliya,Sri Lanka,maiz,1.3,0.36,0.2762
LKA-2450,Nuvara Ĕliya,Sri Lanka,pota,6.7,0.9,0.1347
LKA-2450,Nuvara Ĕliya,Sri Lanka,rice,27.8,6.14,0.2211
LKA-2456,Vavuniyāva,Sri Lanka,grou,1.5,2.48,1.6864
LKA-2456,Vavuniyāva,Sri Lanka,maiz,10.6,4.68,0.444
LKA-2456,Vavuniyāva,Sri Lanka,rice,129.3,168.38,1.3025
LKA-2448,Mahanuvara,Sri Lanka,maiz,2.5,0.71,0.2914
LKA-2448,Mahanuvara,Sri Lanka,pota,2.6,0.34,0.1348
LKA-2448,Mahanuvara,Sri Lanka,rice,35.3,36.21,1.0271
SOM-2313,Bay,Somalia,grou,1.6,0.14,0.0853
SOM-2313,Bay,Somalia,maiz,10.2,0.55,0.054
SOM-2313,Bay,Somalia,sorg,35.2,2.63,0.0745
SOM-2313,Bay,Somalia,sugc,3.8,0.0,0.0
RUS-2378,Bashkortostan,Russia,barl,1116.1,181.6,0.1627
RUS-2378,Bashkortostan,Russia,maiz,82.5,6.16,0.0747
RUS-2378,Bashkortostan,Russia,pota,799.5,15.35,0.0192
RUS-2378,Bashkortostan,Russia,rape,47.7,12.29,0.2579
RUS-2378,Bashkortostan,Russia,sorg,1.9,0.63,0.33
RUS-2378,Bashkortostan,Russia,soyb,6.0,1.08,0.1797
RUS-2378,Bashkortostan,Russia,whea,2545.4,238.02,0.0935
RUS-2386,Sverdlovsk,Russia,barl,362.2,372.99,1.0299
RUS-2386,Sverdlovsk,Russia,pota,504.3,80.04,0.1587
RUS-2386,Sverdlovsk,Russia,rape,26.3,46.83,1.7834
RUS-2386,Sverdlovsk,Russia,whea,503.5,440.44,0.8748
RUS-2363,Lipetsk,Russia,barl,501.6,186.19,0.3712
RUS-2363,Lipetsk,Russia,maiz,332.8,42.93,0.129
RUS-2363,Lipetsk,Russia,pota,452.9,14.43,0.0318
RUS-2363,Lipetsk,Russia,rape,86.3,44.58,0.5167
RUS-2363,Lipetsk,Russia,soyb,138.4,31.74,0.2294
RUS-2363,Lipetsk,Russia,whea,1472.7,194.34,0.132
RUS-2375,Tambov,Russia,barl,689.7,92.34,0.1339
RUS-2375,Tambov,Russia,maiz,715.1,44.13,0.0617
RUS-2375,Tambov,Russia,pota,291.6,6.73,0.0231
RUS-2375,Tambov,Russia,rape,19.6,7.18,0.3666
RUS-2375,Tambov,Russia,soyb,231.4,45.24,0.1955
RUS-2375,Tambov,Russia,whea,1520.8,175.5,0.1154
RUS-2167,Tomsk,Russia,barl,48.6,208.27,4.2855
RUS-2167,Tomsk,Russia,maiz,1.2,2.29,1.9117
RUS-2167,Tomsk,Russia,pota,135.1,87.77,0.6494
RUS-2167,Tomsk,Russia,rape,36.8,265.4,7.2159
RUS-2167,Tomsk,Russia,whea,311.8,1101.56,3.5328
RUS-2394,Tatarstan,Russia,barl,1225.0,150.57,0.1229
RUS-2394,Tatarstan,Russia,maiz,250.0,15.35,0.0614
RUS-2394,Tatarstan,Russia,pota,763.0,15.37,0.0201
RUS-2394,Tatarstan,Russia,rape,168.5,35.15,0.2086
RUS-2394,Tatarstan,Russia,sorg,1.6,0.38,0.2335
RUS-2394,Tatarstan,Russia,soyb,7.8,0.82,0.1045
RUS-2394,Tatarstan,Russia,whea,2448.7,251.77,0.1028
RUS-2395,Ul'yanovsk,Russia,barl,391.2,135.17,0.3456
RUS-2395,Ul'yanovsk,Russia,maiz,72.1,12.16,0.1686
RUS-2395,Ul'yanovsk,Russia,pota,215.6,10.59,0.0491
RUS-2395,Ul'yanovsk,Russia,rape,31.2,17.07,0.5476
RUS-2395,Ul'yanovsk,Russia,soyb,18.7,8.97,0.4807
RUS-2395,Ul'yanovsk,Russia,whea,1205.6,320.13,0.2655
RUS-2373,Penza,Russia,barl,333.2,74.74,0.2243
RUS-2373,Penza,Russia,maiz,202.4,16.49,0.0814
RUS-2373,Penza,Russia,pota,404.5,8.59,0.0212
RUS-2373,Penza,Russia,rape,11.3,4.23,0.3738
RUS-2373,Penza,Russia,soyb,77.1,13.71,0.1779
RUS-2373,Penza,Russia,whea,1781.9,192.71,0.1081
RUS-2401,Kemerovo,Russia,barl,279.7,62.68,0.2241
RUS-2401,Kemerovo,Russia,maiz,8.1,1.04,0.128
RUS-2401,Kemerovo,Russia,pota,354.4,10.85,0.0306
RUS-2401,Kemerovo,Russia,rape,143.4,53.78,0.375
RUS-2401,Kemerovo,Russia,sorg,1.1,0.95,0.8706
RUS-2401,Kemerovo,Russia,soyb,10.4,3.71,0.3567
RUS-2401,Kemerovo,Russia,whea,1036.8,173.3,0.1672
RUS-2366,Orel,Russia,barl,394.0,87.65,0.2225
RUS-2366,Orel,Russia,maiz,503.8,37.45,0.0743
RUS-2366,Orel,Russia,pota,298.7,4.71,0.0158
RUS-2366,Orel,Russia,rape,93.5,27.46,0.2936
RUS-2366,Orel,Russia,soyb,176.3,16.26,0.0922
RUS-2366,Orel,Russia,whea,1628.2,100.42,0.0617
RUS-2602,Irkutsk,Russia,barl,206.6,236.05,1.1426
RUS-2602,Irkutsk,Russia,pota,292.8,50.31,0.1718
RUS-2602,Irkutsk,Russia,rape,83.6,162.4,1.9431
RUS-2602,Irkutsk,Russia,whea,721.8,695.61,0.9637
RUS-2402,Khakass,Russia,barl,11.5,1.3,0.1136
RUS-2402,Khakass,Russia,pota,67.4,0.66,0.0098
RUS-2402,Khakass,Russia,rape,7.5,1.28,0.1701
RUS-2402,Khakass,Russia,whea,117.7,7.25,0.0615
RUS-2372,Mordovia,Russia,barl,369.6,18.78,0.0508
RUS-2372,Mordovia,Russia,maiz,85.4,2.25,0.0264
RUS-2372,Mordovia,Russia,pota,301.0,1.99,0.0066
RUS-2372,Mordovia,Russia,rape,31.1,2.57,0.0827
RUS-2372,Mordovia,Russia,soyb,33.8,2.77,0.082
RUS-2372,Mordovia,Russia,whea,745.8,31.35,0.042
RUS-2361,Kaluga,Russia,barl,27.2,11.33,0.4161
RUS-2361,Kaluga,Russia,maiz,19.3,3.67,0.1899
RUS-2361,Kaluga,Russia,pota,135.3,3.49,0.0258
RUS-2361,Kaluga,Russia,rape,11.5,6.34,0.5512
RUS-2361,Kaluga,Russia,soyb,1.7,2.22,1.2913
RUS-2361,Kaluga,Russia,whea,198.5,32.21,0.1623
RUS-2356,Kostroma,Russia,barl,17.4,23.07,1.3288
RUS-2356,Kostroma,Russia,pota,68.5,13.88,0.2025
RUS-2356,Kostroma,Russia,rape,1.2,2.69,2.3164
RUS-2356,Kostroma,Russia,whea,28.4,28.19,0.9934
RUS-2360,Yaroslavl',Russia,barl,34.0,38.91,1.1434
RUS-2360,Yaroslavl',Russia,pota,148.7,19.95,0.1342
RUS-2360,Yaroslavl',Russia,rape,2.0,3.36,1.6614
RUS-2360,Yaroslavl',Russia,whea,50.2,30.24,0.6023
RUS-2376,Vladimir,Russia,barl,46.8,38.74,0.8281
RUS-2376,Vladimir,Russia,maiz,10.4,5.1,0.4916
RUS-2376,Vladimir,Russia,pota,172.6,16.85,0.0976
RUS-2376,Vladimir,Russia,rape,6.6,13.31,2.0262
RUS-2376,Vladimir,Russia,whea,152.6,71.72,0.4701
RUS-2374,Ryazan',Russia,barl,436.2,320.72,0.7352
RUS-2374,Ryazan',Russia,maiz,134.7,43.32,0.3216
RUS-2374,Ryazan',Russia,pota,322.8,35.07,0.1087
RUS-2374,Ryazan',Russia,rape,99.5,130.61,1.3128
RUS-2374,Ryazan',Russia,soyb,90.8,74.9,0.8251
RUS-2374,Ryazan',Russia,whea,1356.6,833.91,0.6147
RUS-2355,Ivanovo,Russia,barl,46.4,34.93,0.7531
RUS-2355,Ivanovo,Russia,pota,95.0,9.41,0.099
RUS-2355,Ivanovo,Russia,rape,1.7,2.32,1.3994
RUS-2355,Ivanovo,Russia,whea,115.7,66.0,0.5704
RUS-2357,Nizhegorod,Russia,barl,352.8,149.97,0.4251
RUS-2357,Nizhegorod,Russia,maiz,41.0,6.63,0.1616
RUS-2357,Nizhegorod,Russia,pota,598.6,33.13,0.0553
RUS-2357,Nizhegorod,Russia,rape,17.6,12.13,0.6877
RUS-2357,Nizhegorod,Russia,whea,1001.1,263.33,0.263
RUS-2368,Tula,Russia,barl,286.5,48.75,0.1702
RUS-2368,Tula,Russia,maiz,126.8,7.63,0.0602
RUS-2368,Tula,Russia,pota,599.6,7.45,0.0124
RUS-2368,Tula,Russia,rape,125.2,27.75,0.2216
RUS-2368,Tula,Russia,soyb,65.2,5.92,0.0908
RUS-2368,Tula,Russia,whea,1361.2,72.02,0.0529
KOR-2503,Daejeon,South Korea,pota,1.6,0.17,0.1116
KOR-2503,Daejeon,South Korea,rice,7.6,3.8,0.5008
KOR-2494,North Chungcheong,South Korea,maiz,15.2,9.41,0.6173
KOR-2494,North Chungcheong,South Korea,pota,42.6,3.79,0.0889
KOR-2494,North Chungcheong,South Korea,rice,225.5,227.4,1.0086
KOR-2494,North Chungcheong,South Korea,soyb,8.7,12.02,1.3754
RUS-2389,Chuvash,Russia,barl,243.1,31.33,0.1289
RUS-2389,Chuvash,Russia,maiz,5.9,0.32,0.054
RUS-2389,Chuvash,Russia,pota,329.3,6.63,0.0201
RUS-2389,Chuvash,Russia,rape,15.8,3.54,0.2236
RUS-2389,Chuvash,Russia,whea,503.8,51.51,0.1022
RUS-2359,Vologda,Russia,barl,167.4,230.49,1.3769
RUS-2359,Vologda,Russia,pota,173.2,31.93,0.1844
RUS-2359,Vologda,Russia,rape,3.2,7.18,2.2647
RUS-2359,Vologda,Russia,whea,37.0,34.49,0.9316
RUS-2334,Novgorod,Russia,barl,4.3,19.52,4.4988
RUS-2334,Novgorod,Russia,pota,219.1,170.98,0.7802
RUS-2334,Novgorod,Russia,rape,4.7,41.52,8.834
RUS-2334,Novgorod,Russia,whea,26.5,107.98,4.073
RUS-2358,Tver',Russia,barl,20.7,40.42,1.9546
RUS-2358,Tver',Russia,pota,235.1,44.77,0.1904
RUS-2358,Tver',Russia,rape,6.4,28.68,4.4673
RUS-2358,Tver',Russia,whea,72.2,99.08,1.3727
RUS-2364,Moskovskaya,Russia,barl,104.6,269.56,2.5758
RUS-2364,Moskovskaya,Russia,maiz,27.6,43.89,1.5897
RUS-2364,Moskovskaya,Russia,pota,420.5,157.87,0.3755
RUS-2364,Moskovskaya,Russia,rape,52.6,228.12,4.3329
RUS-2364,Moskovskaya,Russia,soyb,14.3,36.11,2.5216
RUS-2364,Moskovskaya,Russia,whea,330.4,599.1,1.8133
RUS-2365,Moskva,Russia,barl,1.8,1.38,0.7732
RUS-2365,Moskva,Russia,maiz,1.2,0.32,0.272
RUS-2365,Moskva,Russia,pota,12.5,0.9,0.0722
RUS-2365,Moskva,Russia,whea,7.0,1.83,0.2622
RUS-2385,Mariy-El,Russia,barl,101.5,13.84,0.1363
RUS-2385,Mariy-El,Russia,maiz,1.6,0.04,0.0269
RUS-2385,Mariy-El,Russia,pota,204.4,3.73,0.0182
RUS-2385,Mariy-El,Russia,rape,13.6,2.84,0.2085
RUS-2385,Mariy-El,Russia,whea,188.4,15.97,0.0848
RUS-2384,Kirov,Russia,barl,282.2,72.97,0.2585
RUS-2384,Kirov,Russia,maiz,3.1,0.28,0.0884
RUS-2384,Kirov,Russia,pota,145.7,3.56,0.0244
RUS-2384,Kirov,Russia,rape,28.0,8.95,0.319
RUS-2384,Kirov,Russia,whea,299.9,31.43,0.1048
RUS-2387,Udmurt,Russia,barl,326.0,24.73,0.0759
RUS-2387,Udmurt,Russia,maiz,3.4,0.3,0.0889
RUS-2387,Udmurt,Russia,pota,451.9,3.88,0.0086
RUS-2387,Udmurt,Russia,rape,33.3,3.78,0.1138
RUS-2387,Udmurt,Russia,whea,325.2,16.07,0.0494
RUS-2383,Komi,Russia,pota,36.6,9.57,0.2612
RUS-3200,Perm',Russia,barl,180.5,48.39,0.2681
RUS-3200,Perm',Russia,pota,305.1,7.25,0.0238
RUS-3200,Perm',Russia,rape,5.5,1.78,0.3263
RUS-3200,Perm',Russia,whea,337.0,34.59,0.1026
RUS-2392,Samara,Russia,barl,696.6,236.97,0.3402
RUS-2392,Samara,Russia,maiz,293.4,50.87,0.1734
RUS-2392,Samara,Russia,pota,278.0,14.9,0.0536
RUS-2392,Samara,Russia,rape,9.1,4.37,0.4814
RUS-2392,Samara,Russia,soyb,51.2,51.25,1.0016
RUS-2392,Samara,Russia,whea,1828.1,526.81,0.2882
RUS-2306,Stavropol',Russia,barl,747.9,196.1,0.2622
RUS-2306,Stavropol',Russia,maiz,902.6,79.66,0.0883
RUS-2306,Stavropol',Russia,pota,338.7,6.26,0.0185
RUS-2306,Stavropol',Russia,rape,40.9,14.0,0.3421
RUS-2306,Stavropol',Russia,soyb,23.4,2.36,0.1008
RUS-2306,Stavropol',Russia,whea,5564.0,388.12,0.0698
RUS-2279,Adygey,Russia,barl,29.0,7.07,0.244
RUS-2279,Adygey,Russia,maiz,83.1,6.63,0.0798
RUS-2279,Adygey,Russia,pota,34.3,0.56,0.0165
RUS-2279,Adygey,Russia,rape,8.7,2.98,0.3409
RUS-2279,Adygey,Russia,rice,7.0,0.79,0.1136
RUS-2279,Adygey,Russia,soyb,7.6,0.87,0.1137
RUS-2279,Adygey,Russia,whea,243.6,17.91,0.0735
POL-3148,Masovian,Poland,barl,164.4,40.56,0.2466
POL-3148,Masovian,Poland,maiz,736.2,108.87,0.1479
POL-3148,Masovian,Poland,pota,914.6,30.17,0.033
POL-3148,Masovian,Poland,rape,173.7,56.29,0.3241
POL-3148,Masovian,Poland,whea,1558.4,280.94,0.1803
POL-3147,Łódź,Poland,barl,198.1,32.24,0.1628
POL-3147,Łódź,Poland,maiz,393.6,41.06,0.1043
POL-3147,Łódź,Poland,pota,858.6,18.01,0.021
POL-3147,Łódź,Poland,rape,98.5,22.21,0.2254
POL-3147,Łódź,Poland,whea,608.1,70.84,0.1165
POL-3145,Kuyavian-Pomeranian,Poland,barl,280.9,111.63,0.3975
POL-3145,Kuyavian-Pomeranian,Poland,maiz,854.5,167.96,0.1966
POL-3145,Kuyavian-Pomeranian,Poland,pota,642.6,31.32,0.0487
POL-3145,Kuyavian-Pomeranian,Poland,rape,267.5,137.28,0.5132
POL-3145,Kuyavian-Pomeranian,Poland,whea,975.8,279.45,0.2864
POL-3144,Greater Poland,Poland,barl,504.5,183.65,0.364
POL-3144,Greater Poland,Poland,maiz,1362.8,258.54,0.1897
POL-3144,Greater Poland,Poland,pota,1080.7,47.99,0.0444
POL-3144,Greater Poland,Poland,rape,305.7,140.72,0.4603
POL-3144,Greater Poland,Poland,whea,1277.4,336.22,0.2632
POL-3149,Świętokrzyskie,Poland,barl,131.9,16.85,0.1277
POL-3149,Świętokrzyskie,Poland,maiz,90.9,6.92,0.0761
POL-3149,Świętokrzyskie,Poland,pota,354.1,5.41,0.0153
POL-3149,Świętokrzyskie,Poland,rape,53.2,9.57,0.1799
POL-3149,Świętokrzyskie,Poland,whea,496.1,46.41,0.0936
PHL-2557,Nueva Ecija,Philippines,maiz,27.4,3.08,0.1122
PHL-2557,Nueva Ecija,Philippines,rice,973.7,1649.33,1.6939
PHL-2557,Nueva Ecija,Philippines,sugc,6.7,0.18,0.027
PHL-2566,Laguna,Philippines,maiz,13.7,2.16,0.1576
PHL-2566,Laguna,Philippines,rice,63.5,358.99,5.6578
PHL-2566,Laguna,Philippines,sugc,9.5,12.91,1.3622
PHL-2567,Rizal,Philippines,rice,11.2,30.63,2.723
PHL-2567,Rizal,Philippines,sugc,175.4,7.58,0.0432
PHL-5550,Marikina,Philippines,rice,13.4,84.23,6.2904
PHL-5550,Marikina,Philippines,sugc,222.7,7.19,0.0323
PHL-2554,Quirino,Philippines,maiz,479.6,100.75,0.2101
PHL-2554,Quirino,Philippines,rice,83.0,62.79,0.7564
PHL-2554,Quirino,Philippines,sugc,106.5,1.78,0.0167
PHL-2553,Nueva Vizcaya,Philippines,maiz,241.7,36.62,0.1515
PHL-2553,Nueva Vizcaya,Philippines,rice,488.9,672.3,1.3752
PHL-2559,Benguet,Philippines,maiz,91.8,9.18,0.1001
PHL-2559,Benguet,Philippines,pota,5.5,0.2,0.0371
PHL-2559,Benguet,Philippines,rice,127.9,124.12,0.9701
PHL-2551,Ifugao,Philippines,maiz,407.1,41.71,0.1024
PHL-2551,Ifugao,Philippines,rice,40.7,77.2,1.8982
PHL-2552,Mountain Province,Philippines,maiz,103.3,9.95,0.0963
PHL-2552,Mountain Province,Philippines,pota,1.9,0.06,0.0333
PHL-2552,Mountain Province,Philippines,rice,38.0,14.68,0.3864
PHL-2556,Tarlac,Philippines,maiz,72.8,22.44,0.3082
PHL-2556,Tarlac,Philippines,pota,5.3,0.45,0.0843
PHL-2556,Tarlac,Philippines,rice,55.6,121.0,2.175
PHL-2556,Tarlac,Philippines,sugc,551.0,16.28,0.0295
PHL-2546,Apayao,Philippines,maiz,30.2,5.11,0.1692
PHL-2546,Apayao,Philippines,rice,101.8,60.86,0.598
PHL-2546,Apayao,Philippines,sugc,57.3,1.11,0.0193
PHL-4931,Kalinga,Philippines,maiz,10.2,1.45,0.1415
PHL-4931,Kalinga,Philippines,rice,82.8,161.53,1.9504
PHL-4931,Kalinga,Philippines,sugc,56.7,1.13,0.0199
PHL-2542,Abra,Philippines,maiz,26.7,2.64,0.099
PHL-2542,Abra,Philippines,rice,256.2,313.09,1.2222
PHL-2542,Abra,Philippines,sugc,1.9,0.04,0.0201
OMN-2404,Ad Dakhliyah,Oman,maiz,7.1,0.56,0.08
OMN-2404,Ad Dakhliyah,Oman,pota,3.3,0.12,0.0362
OMN-2404,Ad Dakhliyah,Oman,sorg,45.2,0.46,0.0102
NGA-2854,Ekiti,Nigeria,grou,51.9,5.04,0.0972
NGA-2854,Ekiti,Nigeria,maiz,255.6,12.49,0.0489
NGA-2854,Ekiti,Nigeria,oilp,13.3,0.08,0.0062
NGA-2854,Ekiti,Nigeria,rice,131.5,70.95,0.5396
NGA-2854,Ekiti,Nigeria,soyb,8.9,0.87,0.0982
NGA-2864,Kaduna,Nigeria,cott,4.2,1.34,0.3212
NGA-2864,Kaduna,Nigeria,grou,260.4,36.87,0.1416
NGA-2864,Kaduna,Nigeria,maiz,763.1,51.58,0.0676
NGA-2864,Kaduna,Nigeria,oilp,45.4,1.16,0.0255
NGA-2864,Kaduna,Nigeria,pota,80.6,2.77,0.0344
NGA-2864,Kaduna,Nigeria,rice,334.6,180.38,0.5391
NGA-2864,Kaduna,Nigeria,sorg,461.7,56.99,0.1234
NGA-2864,Kaduna,Nigeria,soyb,96.4,13.16,0.1365
NGA-2864,Kaduna,Nigeria,sugc,35.8,3.43,0.0958
NGA-2864,Kaduna,Nigeria,whea,5.1,2.12,0.4176
NGA-2869,Kano,Nigeria,cott,19.1,2.07,0.1084
NGA-2869,Kano,Nigeria,grou,288.0,15.45,0.0536
NGA-2869,Kano,Nigeria,maiz,291.7,8.79,0.0301
NGA-2869,Kano,Nigeria,oilp,6.3,0.13,0.0202
NGA-2869,Kano,Nigeria,pota,53.1,0.92,0.0172
NGA-2869,Kano,Nigeria,rice,259.1,147.39,0.5688
NGA-2869,Kano,Nigeria,sorg,731.2,30.39,0.0416
NGA-2869,Kano,Nigeria,soyb,80.2,4.26,0.0531
NGA-2869,Kano,Nigeria,sugc,49.3,1.92,0.0389
NGA-2869,Kano,Nigeria,whea,11.1,3.38,0.305
NGA-3470,Federal Capital Territory,Nigeria,cott,10.3,2.14,0.2078
NGA-3470,Federal Capital Territory,Nigeria,grou,80.9,7.89,0.0975
NGA-3470,Federal Capital Territory,Nigeria,maiz,332.7,16.18,0.0486
NGA-3470,Federal Capital Territory,Nigeria,oilp,3.9,0.05,0.012
NGA-3470,Federal Capital Territory,Nigeria,rice,313.6,179.13,0.5712
NGA-3470,Federal Capital Territory,Nigeria,sorg,60.3,4.7,0.0779
NGA-3470,Federal Capital Territory,Nigeria,soyb,30.6,2.86,0.0934
PRK-3305,P'yŏngyang,North Korea,barl,1.4,0.14,0.0993
PRK-3305,P'yŏngyang,North Korea,cott,4.8,1.15,0.2378
PRK-3305,P'yŏngyang,North Korea,maiz,67.5,3.52,0.0522
PRK-3305,P'yŏngyang,North Korea,pota,32.2,1.74,0.054
PRK-3305,P'yŏngyang,North Korea,rice,186.9,181.87,0.9728
PRK-3305,P'yŏngyang,North Korea,sorg,1.6,0.21,0.1381
PRK-3305,P'yŏngyang,North Korea,soyb,11.9,1.1,0.0925
PRK-3305,P'yŏngyang,North Korea,whea,7.5,1.36,0.1824
NAM-3351,Oshana,Namibia,maiz,2.8,0.3,0.1094
NAM-3351,Oshana,Namibia,pota,1.3,0.02,0.0144
NAM-3355,Oshikoto,Namibia,maiz,14.1,0.9,0.0637
NAM-3355,Oshikoto,Namibia,sorg,1.6,0.26,0.1692
NAM-3355,Oshikoto,Namibia,whea,2.7,0.05,0.0185
MNG-3328,Darhan-Uul,Mongolia,rape,1.3,0.96,0.75
MNG-3328,Darhan-Uul,Mongolia,whea,14.2,3.4,0.2391
MNG-3329,Töv,Mongolia,pota,61.8,2.07,0.0336
MNG-3329,Töv,Mongolia,rape,4.1,4.03,0.9732
MNG-3329,Töv,Mongolia,whea,65.7,18.54,0.2822
MNG-3316,Arhangay,Mongolia,whea,11.0,11.52,1.0482
MNG-3324,Orhon,Mongolia,whea,2.6,17.07,6.6432
MNG-3327,Övörhangay,Mongolia,pota,32.2,3.99,0.1238
MNG-3327,Övörhangay,Mongolia,whea,4.1,30.26,7.362
MEX-2731,México,Mexico,barl,21.2,1.75,0.0829
MEX-2731,México,Mexico,maiz,1832.3,74.45,0.0406
MEX-2731,México,Mexico,pota,176.9,0.93,0.0053
MEX-2731,México,Mexico,sorg,2.0,0.07,0.035
MEX-2731,México,Mexico,sugc,5.0,0.03,0.0052
MEX-2731,México,Mexico,whea,21.6,0.81,0.0377
MEX-2724,Puebla,Mexico,barl,92.3,7.34,0.0795
MEX-2724,Puebla,Mexico,grou,13.3,2.23,0.167
MEX-2724,Puebla,Mexico,maiz,2020.8,146.08,0.0723
MEX-2724,Puebla,Mexico,pota,208.2,2.46,0.0118
MEX-2724,Puebla,Mexico,rape,1.1,0.18,0.1649
MEX-2724,Puebla,Mexico,sorg,83.6,4.57,0.0547
MEX-2724,Puebla,Mexico,sugc,1231.6,12.12,0.0098
MEX-2724,Puebla,Mexico,whea,31.2,2.02,0.0648
MEX-2732,Morelos,Mexico,grou,1.3,0.16,0.1191
MEX-2732,Morelos,Mexico,maiz,189.3,13.14,0.0694
MEX-2732,Morelos,Mexico,rice,5.3,0.21,0.0397
MEX-2732,Morelos,Mexico,sorg,95.1,7.11,0.0748
MEX-2732,Morelos,Mexico,sugc,1346.0,11.92,0.0089
MEX-2733,Querétaro,Mexico,barl,11.8,4.78,0.4056
MEX-2733,Querétaro,Mexico,maiz,387.0,126.6,0.3271
MEX-2733,Querétaro,Mexico,sorg,7.1,0.89,0.1255
MEX-2733,Querétaro,Mexico,whea,4.2,1.42,0.3411
MEX-2730,Hidalgo,Mexico,barl,375.6,26.36,0.0702
MEX-2730,Hidalgo,Mexico,maiz,965.7,157.51,0.1631
MEX-2730,Hidalgo,Mexico,pota,4.5,0.03,0.0065
MEX-2730,Hidalgo,Mexico,sugc,35.0,0.15,0.0044
MEX-2730,Hidalgo,Mexico,whea,50.4,3.27,0.0649
MEX-2728,Guanajuato,Mexico,barl,165.1,10.32,0.0625
MEX-2728,Guanajuato,Mexico,grou,2.2,0.1,0.0447
MEX-2728,Guanajuato,Mexico,maiz,1521.8,71.09,0.0467
MEX-2728,Guanajuato,Mexico,pota,18.4,0.1,0.0056
MEX-2728,Guanajuato,Mexico,sorg,555.3,30.07,0.0541
MEX-2728,Guanajuato,Mexico,sugc,79.3,0.78,0.0098
MEX-2728,Guanajuato,Mexico,whea,387.9,13.53,0.0349
MEX-2715,San Luis Potosí,Mexico,barl,11.4,0.73,0.0638
MEX-2715,San Luis Potosí,Mexico,grou,3.5,0.43,0.125
MEX-2715,San Luis Potosí,Mexico,maiz,572.1,83.02,0.1451
MEX-2715,San Luis Potosí,Mexico,pota,5.1,0.08,0.0152
MEX-2715,San Luis Potosí,Mexico,rice,2.1,3.56,1.7213
MEX-2715,San Luis Potosí,Mexico,sorg,97.5,14.13,0.145
MEX-2715,San Luis Potosí,Mexico,soyb,19.2,1.26,0.0656
MEX-2715,San Luis Potosí,Mexico,sugc,5631.6,103.85,0.0184
MEX-2715,San Luis Potosí,Mexico,whea,2.5,0.07,0.0293
MEX-2713,Zacatecas,Mexico,barl,57.4,3.22,0.0561
MEX-2713,Zacatecas,Mexico,maiz,673.0,77.66,0.1154
MEX-2713,Zacatecas,Mexico,pota,23.8,0.3,0.0127
MEX-2713,Zacatecas,Mexico,whea,45.8,2.45,0.0535
MEX-2717,Aguascalientes,Mexico,maiz,124.7,26.39,0.2116
MEX-2717,Aguascalientes,Mexico,sugc,25.6,1.1,0.0431
MEX-2710,Durango,Mexico,barl,29.3,0.64,0.0219
MEX-2710,Durango,Mexico,cott,7.8,1.21,0.1562
MEX-2710,Durango,Mexico,maiz,500.3,11.87,0.0237
MEX-2710,Durango,Mexico,pota,11.5,0.05,0.0042
MEX-2710,Durango,Mexico,sorg,8.6,0.71,0.0822
MEX-2710,Durango,Mexico,whea,36.5,1.15,0.0315
MEX-2726,Tlaxcala,Mexico,barl,52.4,5.14,0.0982
MEX-2726,Tlaxcala,Mexico,maiz,320.5,34.51,0.1077
MEX-2726,Tlaxcala,Mexico,pota,23.5,0.35,0.0149
MEX-2726,Tlaxcala,Mexico,whea,80.7,6.23,0.0772
MEX-2727,Distrito Federal,Mexico,maiz,16.2,3.98,0.2461
MEX-2727,Distrito Federal,Mexico,pota,1.8,0.07,0.041
MEX-2727,Distrito Federal,Mexico,sorg,3.2,0.12,0.0362
MRT-2798,Tagant,Mauritania,sorg,1.5,0.6,0.4047
MRT-2798,Tagant,Mauritania,whea,2.6,1.38,0.5323
MKD-2918,Želino,Macedonia,barl,2.1,0.29,0.1363
MKD-2918,Želino,Macedonia,maiz,1.8,0.18,0.0978
MKD-2918,Želino,Macedonia,pota,2.9,0.07,0.0263
MKD-2918,Želino,Macedonia,whea,3.3,0.65,0.1994
MKD-2928,Dolneni,Macedonia,barl,16.0,1.15,0.0721
MKD-2928,Dolneni,Macedonia,maiz,14.0,0.68,0.0481
MKD-2928,Dolneni,Macedonia,pota,19.5,0.33,0.017
MKD-2928,Dolneni,Macedonia,rice,1.7,0.48,0.2887
MKD-2928,Dolneni,Macedonia,whea,25.9,3.21,0.1238
MKD-2945,Mogila,Macedonia,barl,16.6,1.25,0.0756
MKD-2945,Mogila,Macedonia,maiz,14.6,0.74,0.0507
MKD-2945,Mogila,Macedonia,pota,21.3,0.39,0.0182
MKD-2945,Mogila,Macedonia,rice,1.6,0.53,0.3365
MKD-2945,Mogila,Macedonia,whea,26.1,3.37,0.1292
MKD-2922,Čaška,Macedonia,barl,3.5,0.31,0.0887
MKD-2922,Čaška,Macedonia,maiz,4.0,0.25,0.0607
MKD-2922,Čaška,Macedonia,pota,5.0,0.09,0.0187
MKD-2922,Čaška,Macedonia,whea,5.6,0.79,0.1417
MKD-2946,Negotino,Macedonia,barl,2.6,0.2,0.0764
MKD-2946,Negotino,Macedonia,maiz,2.4,0.12,0.0523
MKD-2946,Negotino,Macedonia,pota,3.1,0.06,0.0186
MKD-2946,Negotino,Macedonia,whea,4.4,0.59,0.1336
MKD-2897,Demir Hisar,Macedonia,maiz,1.2,0.07,0.0566
MKD-2897,Demir Hisar,Macedonia,pota,1.2,0.02,0.0161
MKD-2897,Demir Hisar,Macedonia,whea,1.1,0.13,0.1189
MKD-2912,Studeničani,Macedonia,pota,1.0,0.02,0.0212
MKD-2912,Studeničani,Macedonia,whea,1.2,0.22,0.1744
MKD-2904,Probištip,Macedonia,barl,8.6,0.66,0.0777
MKD-2904,Probištip,Macedonia,maiz,7.6,0.41,0.0538
MKD-2904,Probištip,Macedonia,pota,10.6,0.2,0.0193
MKD-2904,Probištip,Macedonia,rice,1.1,0.32,0.3019
MKD-2904,Probištip,Macedonia,whea,15.6,2.1,0.1343
MKD-2917,Zelenikovo,Macedonia,barl,4.2,0.38,0.0912
MKD-2917,Zelenikovo,Macedonia,maiz,5.7,0.36,0.0641
MKD-2917,Zelenikovo,Macedonia,pota,6.0,0.12,0.0208
MKD-2917,Zelenikovo,Macedonia,whea,6.6,1.0,0.15
MKD-2914,Sveti Nikole,Macedonia,barl,9.3,0.71,0.0759
MKD-2914,Sveti Nikole,Macedonia,maiz,8.6,0.46,0.0536
MKD-2914,Sveti Nikole,Macedonia,pota,11.8,0.21,0.0178
MKD-2914,Sveti Nikole,Macedonia,rice,1.1,0.32,0.2891
MKD-2914,Sveti Nikole,Macedonia,whea,16.3,2.13,0.1311
MKD-2930,Gradsko,Macedonia,barl,5.5,0.43,0.0787
MKD-2930,Gradsko,Macedonia,maiz,4.7,0.27,0.057
MKD-2930,Gradsko,Macedonia,pota,6.6,0.12,0.0184
MKD-2930,Gradsko,Macedonia,whea,9.9,1.36,0.1369
MKD-2911,Štip,Macedonia,barl,2.3,0.18,0.0776
MKD-2911,Štip,Macedonia,maiz,2.9,0.16,0.0551
MKD-2911,Štip,Macedonia,pota,3.0,0.06,0.0191
MKD-2911,Štip,Macedonia,whea,4.0,0.54,0.1345
MKD-2939,Kočani,Macedonia,barl,6.8,0.63,0.0929
MKD-2939,Kočani,Macedonia,maiz,6.5,0.41,0.0633
MKD-2939,Kočani,Macedonia,pota,9.7,0.22,0.0226
MKD-2939,Kočani,Macedonia,whea,11.0,1.65,0.1505
MKD-3003,Vinica,Macedonia,maiz,1.2,0.14,0.1132
MKD-3003,Vinica,Macedonia,pota,1.1,0.03,0.0302
MKD-3003,Vinica,Macedonia,whea,1.4,0.32,0.2193
MKD-2905,Radoviš,Macedonia,barl,2.0,0.17,0.0817
MKD-2905,Radoviš,Macedonia,maiz,2.5,0.14,0.0551
MKD-2905,Radoviš,Macedonia,pota,2.7,0.05,0.0196
MKD-2905,Radoviš,Macedonia,whea,3.6,0.48,0.1343
MKD-2995,Vasilevo,Macedonia,barl,2.6,0.32,0.1229
MKD-2995,Vasilevo,Macedonia,maiz,2.9,0.25,0.0864
MKD-2995,Vasilevo,Macedonia,pota,3.2,0.07,0.0236
MKD-2995,Vasilevo,Macedonia,whea,4.5,0.88,0.1941
LBY-2973,Al Jifarah,Libya,barl,5.8,2.15,0.3727
LBY-2973,Al Jifarah,Libya,grou,2.9,0.31,0.1073
LBY-2973,Al Jifarah,Libya,pota,60.4,0.68,0.0113
LBY-2973,Al Jifarah,Libya,whea,15.5,3.85,0.2484
LBY-2976,Mizdah,Libya,barl,1.6,1.09,0.6968
LBY-2976,Mizdah,Libya,pota,6.2,0.08,0.0123
LBY-2976,Mizdah,Libya,whea,3.3,1.21,0.366
LBY-2964,Al Jufrah,Libya,pota,9.8,0.08,0.0078
LBY-2964,Al Jufrah,Libya,whea,1.7,0.22,0.1293
LBY-2971,Sabha,Libya,barl,1.0,0.23,0.226
LBY-2971,Sabha,Libya,pota,16.4,0.15,0.0093
LBY-2971,Sabha,Libya,whea,2.7,0.45,0.1672
LBY-5488,Wadi al Hayaa,Libya,pota,9.4,0.11,0.0119
LBY-5488,Wadi al Hayaa,Libya,whea,1.3,0.22,0.1723
KAZ-3202,Aqmola,Kazakhstan,barl,843.6,63.68,0.0755
KAZ-3202,Aqmola,Kazakhstan,maiz,47.5,0.74,0.0156
KAZ-3202,Aqmola,Kazakhstan,pota,175.3,1.76,0.01
KAZ-3202,Aqmola,Kazakhstan,rape,25.4,4.26,0.1682
KAZ-3202,Aqmola,Kazakhstan,rice,12.2,0.09,0.0074
KAZ-3202,Aqmola,Kazakhstan,soyb,5.9,0.21,0.035
KAZ-3202,Aqmola,Kazakhstan,whea,4483.2,224.82,0.0501
KAZ-3203,Qaraghandy,Kazakhstan,barl,227.5,13.24,0.0582
KAZ-3203,Qaraghandy,Kazakhstan,maiz,5.8,0.09,0.0153
KAZ-3203,Qaraghandy,Kazakhstan,pota,173.9,1.96,0.0113
KAZ-3203,Qaraghandy,Kazakhstan,rice,1.6,0.0,0.0
KAZ-3203,Qaraghandy,Kazakhstan,whea,728.6,29.68,0.0407
IRQ-3063,Baghdad,Iraq,pota,6.1,0.1,0.0165
IRQ-3063,Baghdad,Iraq,rice,1.3,0.1,0.0795
IRQ-3063,Baghdad,Iraq,whea,6.8,0.49,0.0713
IRQ-3472,Babil,Iraq,barl,21.8,2.06,0.0948
IRQ-3472,Babil,Iraq,maiz,93.1,6.78,0.0728
IRQ-3472,Babil,Iraq,pota,100.2,1.75,0.0175
IRQ-3472,Babil,Iraq,rice,125.6,125.95,1.0024
IRQ-3472,Babil,Iraq,whea,318.1,20.08,0.0631
IRQ-3224,Al-Qādisiyyah,Iraq,barl,361.6,27.59,0.0763
IRQ-3224,Al-Qādisiyyah,Iraq,maiz,8.2,0.54,0.0661
IRQ-3224,Al-Qādisiyyah,Iraq,pota,3.1,0.04,0.0127
IRQ-3224,Al-Qādisiyyah,Iraq,rice,8.1,9.33,1.1566
IRQ-3224,Al-Qādisiyyah,Iraq,whea,481.2,24.23,0.0503
IRQ-3225,Dhi-Qar,Iraq,barl,23.9,1.24,0.0519
IRQ-3225,Dhi-Qar,Iraq,whea,206.1,9.33,0.0453
IRQ-3062,Karbala',Iraq,barl,1.7,0.24,0.1356
IRQ-3062,Karbala',Iraq,maiz,4.7,0.46,0.0966
IRQ-3062,Karbala',Iraq,whea,62.6,3.31,0.053
IRN-3231,Markazi,Iran,barl,148.7,29.43,0.1979
IRN-3231,Markazi,Iran,pota,97.6,4.24,0.0434
IRN-3231,Markazi,Iran,rape,2.9,0.39,0.1361
IRN-3231,Markazi,Iran,rice,1.9,0.1,0.0537
IRN-3231,Markazi,Iran,whea,545.4,83.0,0.1522
IRN-3211,Esfahan,Iran,barl,134.4,37.85,0.2816
IRN-3211,Esfahan,Iran,cott,1.4,0.66,0.4549
IRN-3211,Esfahan,Iran,pota,391.6,22.07,0.0564
IRN-3211,Esfahan,Iran,rape,1.4,0.25,0.1839
IRN-3211,Esfahan,Iran,rice,31.9,14.67,0.4602
IRN-3211,Esfahan,Iran,sugc,133.8,1.6,0.0119
IRN-3211,Esfahan,Iran,whea,209.1,42.39,0.2027
IRN-3218,Chahar Mahall and Bakhtiari,Iran,barl,53.7,12.96,0.2414
IRN-3218,Chahar Mahall and Bakhtiari,Iran,pota,107.1,6.11,0.0571
IRN-3218,Chahar Mahall and Bakhtiari,Iran,rice,14.6,0.96,0.0658
IRN-3218,Chahar Mahall and Bakhtiari,Iran,whea,134.7,24.96,0.1854
IRN-3209,Kohgiluyeh and Buyer Ahmad,Iran,barl,58.4,9.64,0.165
IRN-3209,Kohgiluyeh and Buyer Ahmad,Iran,maiz,13.4,2.13,0.1588
IRN-3209,Kohgiluyeh and Buyer Ahmad,Iran,rape,1.7,0.21,0.1235
IRN-3209,Kohgiluyeh and Buyer Ahmad,Iran,rice,27.4,2.2,0.0803
IRN-3209,Kohgiluyeh and Buyer Ahmad,Iran,sugc,21.8,0.23,0.0107
IRN-3209,Kohgiluyeh and Buyer Ahmad,Iran,whea,171.2,22.39,0.1308
IRN-3212,Fars,Iran,barl,332.1,78.77,0.2372
IRN-3212,Fars,Iran,cott,20.7,9.92,0.4788
IRN-3212,Fars,Iran,maiz,46.3,10.02,0.2163
IRN-3212,Fars,Iran,pota,190.2,12.11,0.0637
IRN-3212,Fars,Iran,rape,22.8,3.81,0.1668
IRN-3212,Fars,Iran,rice,154.0,62.33,0.4047
IRN-3212,Fars,Iran,sugc,915.0,11.02,0.012
IRN-3212,Fars,Iran,whea,840.9,157.72,0.1876
IRN-3248,Kerman,Iran,barl,70.1,17.77,0.2534
IRN-3248,Kerman,Iran,cott,1.5,0.61,0.4156
IRN-3248,Kerman,Iran,maiz,90.7,16.3,0.1797
IRN-3248,Kerman,Iran,pota,314.9,16.83,0.0534
IRN-3248,Kerman,Iran,rape,4.1,0.58,0.1391
IRN-3248,Kerman,Iran,rice,49.2,2.99,0.0607
IRN-3248,Kerman,Iran,sugc,1904.8,19.53,0.0103
IRN-3248,Kerman,Iran,whea,180.0,29.14,0.1619
IRN-3233,Hamadan,Iran,barl,279.1,35.65,0.1277
IRN-3233,Hamadan,Iran,maiz,5.7,0.79,0.1379
IRN-3233,Hamadan,Iran,pota,152.4,5.43,0.0357
IRN-3233,Hamadan,Iran,rape,4.9,0.5,0.102
IRN-3233,Hamadan,Iran,whea,1033.4,97.41,0.0943
IRN-3220,Lorestan,Iran,barl,282.6,52.29,0.185
IRN-3220,Lorestan,Iran,maiz,4.4,0.84,0.1883
IRN-3220,Lorestan,Iran,pota,156.8,8.84,0.0564
IRN-3220,Lorestan,Iran,rape,3.1,0.43,0.1369
IRN-3220,Lorestan,Iran,rice,1.6,0.13,0.0808
IRN-3220,Lorestan,Iran,whea,518.9,76.93,0.1483
IRN-3217,Yazd,Iran,barl,6.8,0.96,0.1422
IRN-3217,Yazd,Iran,maiz,3.9,0.37,0.0941
IRN-3217,Yazd,Iran,pota,1.5,0.03,0.0185
IRN-3217,Yazd,Iran,sugc,64.7,0.37,0.0057
IRN-3217,Yazd,Iran,whea,21.5,2.48,0.1153
IRN-3232,Qom,Iran,barl,46.3,13.81,0.2985
IRN-3232,Qom,Iran,pota,315.4,13.82,0.0438
IRN-3232,Qom,Iran,rape,2.0,0.32,0.1629
IRN-3232,Qom,Iran,whea,31.6,8.77,0.2778
IRN-3216,Tehran,Iran,barl,68.0,24.83,0.365
IRN-3216,Tehran,Iran,pota,24.1,1.38,0.0575
IRN-3216,Tehran,Iran,rape,3.8,0.85,0.225
IRN-3216,Tehran,Iran,rice,4.4,2.7,0.6122
IRN-3216,Tehran,Iran,sugc,73.8,0.86,0.0116
IRN-3216,Tehran,Iran,whea,91.0,28.67,0.3151
IRN-5490,Alborz,Iran,barl,23.6,7.98,0.3389
IRN-5490,Alborz,Iran,pota,4.1,0.24,0.0585
IRN-5490,Alborz,Iran,whea,37.6,10.95,0.2909
IND-3260,Chhattisgarh,India,barl,5.0,1.04,0.208
IND-3260,Chhattisgarh,India,cott,24.5,22.53,0.9194
IND-3260,Chhattisgarh,India,grou,52.0,11.71,0.2252
IND-3260,Chhattisgarh,India,maiz,417.0,117.33,0.2814
IND-3260,Chhattisgarh,India,pota,286.8,18.34,0.0639
IND-3260,Chhattisgarh,India,rape,60.4,23.44,0.3884
IND-3260,Chhattisgarh,India,rice,16110.4,7068.81,0.4388
IND-3260,Chhattisgarh,India,sorg,2.9,1.52,0.5295
IND-3260,Chhattisgarh,India,soyb,94.2,33.23,0.3526
IND-3260,Chhattisgarh,India,sugc,2775.6,56.0,0.0202
IND-3260,Chhattisgarh,India,whea,371.4,102.08,0.2749
IND-2430,Haryana,India,barl,61.8,4.54,0.0735
IND-2430,Haryana,India,cott,947.5,226.44,0.239
IND-2430,Haryana,India,grou,18.0,1.14,0.0635
IND-2430,Haryana,India,maiz,42.9,7.47,0.1743
IND-2430,Haryana,India,pota,840.6,20.94,0.0249
IND-2430,Haryana,India,rape,813.6,98.13,0.1206
IND-2430,Haryana,India,rice,5513.3,4132.84,0.7496
IND-2430,Haryana,India,sorg,34.0,5.01,0.1475
IND-2430,Haryana,India,soyb,11.0,0.68,0.0618
IND-2430,Haryana,India,sugc,12091.5,127.82,0.0106
IND-2430,Haryana,India,whea,8081.1,744.67,0.0921
IND-20011,Telangana,India,cott,2667.9,2198.13,0.8239
IND-20011,Telangana,India,grou,270.5,51.48,0.1903
IND-20011,Telangana,India,maiz,1901.3,554.8,0.2918
IND-20011,Telangana,India,pota,42.3,3.41,0.0806
IND-20011,Telangana,India,rice,8980.7,13456.82,1.4984
IND-20011,Telangana,India,sorg,79.8,50.54,0.6333
IND-20011,Telangana,India,soyb,198.1,102.9,0.5194
IND-20011,Telangana,India,sugc,2760.9,91.89,0.0333
IND-20011,Telangana,India,whea,24.8,12.78,0.5145
HUN-3175,Jász-Nagykun-Szolnok,Hungary,barl,65.1,7.94,0.122
HUN-3175,Jász-Nagykun-Szolnok,Hungary,maiz,489.9,46.72,0.0954
HUN-3175,Jász-Nagykun-Szolnok,Hungary,pota,23.1,1.05,0.0457
HUN-3175,Jász-Nagykun-Szolnok,Hungary,rape,28.2,6.79,0.2404
HUN-3175,Jász-Nagykun-Szolnok,Hungary,rice,1.4,0.48,0.3537
HUN-3175,Jász-Nagykun-Szolnok,Hungary,sorg,7.2,1.0,0.1391
HUN-3175,Jász-Nagykun-Szolnok,Hungary,soyb,2.8,0.53,0.1896
HUN-3175,Jász-Nagykun-Szolnok,Hungary,whea,281.5,38.07,0.1352
HUN-3162,Fejér,Hungary,barl,80.2,21.42,0.2669
HUN-3162,Fejér,Hungary,maiz,514.9,97.18,0.1887
HUN-3162,Fejér,Hungary,pota,9.5,0.83,0.0872
HUN-3162,Fejér,Hungary,rape,50.6,26.16,0.5169
HUN-3162,Fejér,Hungary,sorg,4.2,1.33,0.3146
HUN-3162,Fejér,Hungary,soyb,2.9,1.59,0.5427
HUN-3162,Fejér,Hungary,whea,277.0,79.63,0.2875
HUN-3158,Veszprém,Hungary,barl,60.1,20.47,0.3403
HUN-3158,Veszprém,Hungary,maiz,316.9,83.75,0.2643
HUN-3158,Veszprém,Hungary,pota,4.3,0.35,0.0806
HUN-3158,Veszprém,Hungary,rape,39.6,24.94,0.6305
HUN-3158,Veszprém,Hungary,sorg,2.8,1.15,0.4174
HUN-3158,Veszprém,Hungary,soyb,4.6,2.5,0.5464
HUN-3158,Veszprém,Hungary,whea,180.0,68.18,0.3788
HUN-3165,Tolna,Hungary,barl,72.2,19.37,0.2682
HUN-3165,Tolna,Hungary,maiz,508.4,97.48,0.1917
HUN-3165,Tolna,Hungary,pota,2.2,0.15,0.0655
HUN-3165,Tolna,Hungary,rape,48.6,25.76,0.53
HUN-3165,Tolna,Hungary,sorg,3.7,1.13,0.3051
HUN-3165,Tolna,Hungary,soyb,16.1,8.77,0.544
HUN-3165,Tolna,Hungary,whea,241.0,69.75,0.2894
HUN-3160,Budapest,Hungary,barl,4.7,0.64,0.1359
HUN-3160,Budapest,Hungary,maiz,28.9,2.89,0.0999
HUN-3160,Budapest,Hungary,pota,2.4,0.11,0.0468
HUN-3160,Budapest,Hungary,rape,3.3,0.93,0.2799
HUN-3160,Budapest,Hungary,whea,27.8,4.45,0.1602
HUN-4907,Érd,Hungary,barl,6.5,1.3,0.198
HUN-4907,Érd,Hungary,maiz,40.8,5.73,0.1405
HUN-4907,Érd,Hungary,pota,2.0,0.07,0.0376
HUN-4907,Érd,Hungary,rape,4.3,1.65,0.3826
HUN-4907,Érd,Hungary,whea,24.6,5.04,0.2049
HUN-3174,Heves,Hungary,barl,32.5,2.56,0.0789
HUN-3174,Heves,Hungary,maiz,162.1,9.44,0.0582
HUN-3174,Heves,Hungary,pota,4.4,0.15,0.0336
HUN-3174,Heves,Hungary,rape,23.8,3.84,0.1616
HUN-3174,Heves,Hungary,sorg,4.6,0.39,0.0847
HUN-3174,Heves,Hungary,soyb,2.7,0.32,0.1193
HUN-3174,Heves,Hungary,whea,165.6,14.59,0.0881
HUN-4920,Eger,Hungary,barl,4.4,0.39,0.0876
HUN-4920,Eger,Hungary,maiz,19.0,1.22,0.064
HUN-4920,Eger,Hungary,rape,3.9,0.69,0.179
HUN-4920,Eger,Hungary,whea,23.2,2.26,0.0975
HUN-4922,Miskolc,Hungary,barl,1.3,0.1,0.0756
HUN-4922,Miskolc,Hungary,maiz,5.3,0.28,0.0532
HUN-4922,Miskolc,Hungary,rape,1.2,0.19,0.1516
HUN-4922,Miskolc,Hungary,whea,6.9,0.57,0.0829
HUN-4917,Hódmezôvásárhely,Hungary,barl,12.2,0.91,0.0747
HUN-4917,Hódmezôvásárhely,Hungary,maiz,59.4,3.3,0.0555
HUN-4917,Hódmezôvásárhely,Hungary,pota,7.1,0.23,0.0324
HUN-4917,Hódmezôvásárhely,Hungary,rape,5.0,0.77,0.1548
HUN-4917,Hódmezôvásárhely,Hungary,sorg,1.0,0.08,0.0817
HUN-4917,Hódmezôvásárhely,Hungary,whea,32.9,2.73,0.0833
HUN-4925,Dunaújváros,Hungary,barl,8.6,0.85,0.0996
HUN-4925,Dunaújváros,Hungary,maiz,50.0,3.58,0.0716
HUN-4925,Dunaújváros,Hungary,pota,2.7,0.12,0.0434
HUN-4925,Dunaújváros,Hungary,rape,5.1,1.04,0.2041
HUN-4925,Dunaújváros,Hungary,whea,27.5,3.04,0.1106
HUN-4915,Kecskemét,Hungary,barl,10.6,0.81,0.0768
HUN-4915,Kecskemét,Hungary,maiz,49.4,2.79,0.0564
HUN-4915,Kecskemét,Hungary,pota,1.8,0.05,0.0293
HUN-4915,Kecskemét,Hungary,rape,4.5,0.73,0.1601
HUN-4915,Kecskemét,Hungary,whea,31.7,2.77,0.0872
GEO-3030,Imereti,Georgia,maiz,63.3,29.17,0.4605
FIN-3178,Northern Savonia,Finland,barl,57.1,183.1,3.2066
FIN-3178,Northern Savonia,Finland,pota,20.5,10.71,0.523
FIN-3178,Northern Savonia,Finland,rape,1.9,14.48,7.6619
FIN-3178,Northern Savonia,Finland,whea,65.9,225.67,3.425
FIN-3189,Southern Savonia,Finland,barl,35.0,71.24,2.0348
FIN-3189,Southern Savonia,Finland,pota,5.2,1.45,0.2802
FIN-3189,Southern Savonia,Finland,rape,1.3,8.63,6.4887
FIN-3189,Southern Savonia,Finland,whea,33.2,75.49,2.2732
FIN-3177,Central Finland,Finland,barl,83.5,219.4,2.6279
FIN-3177,Central Finland,Finland,whea,29.1,80.66,2.7716
FIN-3183,Southern Ostrobothnia,Finland,barl,183.9,530.33,2.8839
FIN-3183,Southern Ostrobothnia,Finland,pota,4.4,0.99,0.2268
FIN-3183,Southern Ostrobothnia,Finland,rape,2.6,25.81,10.0436
FIN-3183,Southern Ostrobothnia,Finland,whea,60.5,182.62,3.0176
FIN-3186,Pirkanmaa,Finland,barl,107.0,191.32,1.7882
FIN-3186,Pirkanmaa,Finland,rape,3.0,18.89,6.3167
FIN-3186,Pirkanmaa,Finland,whea,35.2,65.68,1.8658
FIN-3185,Tavastia Proper,Finland,barl,81.4,144.26,1.7729
FIN-3185,Tavastia Proper,Finland,pota,61.5,12.14,0.1972
FIN-3185,Tavastia Proper,Finland,rape,2.2,13.91,6.2386
FIN-3185,Tavastia Proper,Finland,whea,28.8,53.43,1.8571
FIN-3184,Päijät-Häme,Finland,barl,49.8,87.63,1.7615
FIN-3184,Päijät-Häme,Finland,pota,34.2,4.71,0.1379
FIN-3184,Päijät-Häme,Finland,rape,1.3,6.56,5.1622
FIN-3184,Päijät-Häme,Finland,whea,17.7,33.64,1.8964
ETH-3135,Dire Dawa,Ethiopia,maiz,5.3,0.15,0.0293
ETH-3135,Dire Dawa,Ethiopia,pota,1.6,0.02,0.0099
ETH-3135,Dire Dawa,Ethiopia,sorg,38.8,2.22,0.0572
ETH-3136,Harari People,Ethiopia,grou,3.6,0.2,0.0537
ETH-3136,Harari People,Ethiopia,maiz,15.2,0.47,0.0306
ETH-3136,Harari People,Ethiopia,pota,2.2,0.02,0.0081
ETH-3136,Harari People,Ethiopia,sorg,42.7,1.19,0.0278
ETH-3136,Harari People,Ethiopia,whea,1.1,0.07,0.067
BDI-2639,Gitega,Burundi,maiz,39.9,15.41,0.386
BDI-2639,Gitega,Burundi,pota,47.6,17.67,0.3708
BDI-3365,Muramvya,Burundi,maiz,18.3,4.39,0.2404
BDI-3365,Muramvya,Burundi,pota,58.9,2.78,0.0472
BDI-3365,Muramvya,Burundi,whea,1.4,0.62,0.4371
BDI-2633,Karuzi,Burundi,maiz,26.0,23.24,0.8951
BDI-2633,Karuzi,Burundi,pota,26.3,4.91,0.1865
BFA-2803,Balé,Burkina Faso,cott,15.3,1.52,0.0998
BFA-2803,Balé,Burkina Faso,grou,13.3,0.67,0.0504
BFA-2803,Balé,Burkina Faso,maiz,75.3,3.12,0.0414
BFA-2803,Balé,Burkina Faso,rice,7.1,3.65,0.5132
BFA-2803,Balé,Burkina Faso,sorg,40.9,2.49,0.0609
BFA-2803,Balé,Burkina Faso,soyb,1.2,0.05,0.0466
BFA-2819,Sanguié,Burkina Faso,cott,10.4,0.95,0.0914
BFA-2819,Sanguié,Burkina Faso,grou,18.1,0.83,0.0455
BFA-2819,Sanguié,Burkina Faso,maiz,22.0,0.84,0.0381
BFA-2819,Sanguié,Burkina Faso,rice,5.0,2.47,0.4948
BFA-2819,Sanguié,Burkina Faso,sorg,73.4,3.9,0.0531
BFA-2834,Tuy,Burkina Faso,cott,36.7,3.6,0.0981
BFA-2834,Tuy,Burkina Faso,grou,17.1,0.98,0.0577
BFA-2834,Tuy,Burkina Faso,maiz,142.8,6.73,0.0472
BFA-2834,Tuy,Burkina Faso,rice,10.6,5.6,0.5275
BFA-2834,Tuy,Burkina Faso,sorg,42.7,2.96,0.0694
BFA-2834,Tuy,Burkina Faso,soyb,8.6,0.47,0.0542
BFA-2832,Bougouriba,Burkina Faso,cott,4.0,0.89,0.2214
BFA-2832,Bougouriba,Burkina Faso,grou,5.9,0.51,0.0861
BFA-2832,Bougouriba,Burkina Faso,maiz,37.5,2.81,0.0749
BFA-2832,Bougouriba,Burkina Faso,rice,3.1,1.77,0.5629
BFA-2832,Bougouriba,Burkina Faso,sorg,19.5,2.06,0.1056
BFA-2804,Mou Houn,Burkina Faso,cott,49.9,4.28,0.0857
BFA-2804,Mou Houn,Burkina Faso,grou,18.6,0.79,0.0424
BFA-2804,Mou Houn,Burkina Faso,maiz,81.5,3.11,0.0382
BFA-2804,Mou Houn,Burkina Faso,pota,1.6,0.06,0.0362
BFA-2804,Mou Houn,Burkina Faso,rice,26.4,14.96,0.5657
BFA-2804,Mou Houn,Burkina Faso,sorg,117.6,6.21,0.0528
BFA-2804,Mou Houn,Burkina Faso,soyb,1.8,0.08,0.0437
BFA-2829,Kouritenga,Burkina Faso,cott,9.3,0.9,0.0959
BFA-2829,Kouritenga,Burkina Faso,grou,14.1,0.74,0.0527
BFA-2829,Kouritenga,Burkina Faso,maiz,15.8,0.72,0.0458
BFA-2829,Kouritenga,Burkina Faso,rice,8.8,10.35,1.1811
BFA-2829,Kouritenga,Burkina Faso,sorg,48.8,3.27,0.067
BFA-2829,Kouritenga,Burkina Faso,sugc,4.0,0.02,0.0043
BFA-2828,Ganzourgou,Burkina Faso,cott,3.2,0.26,0.0826
BFA-2828,Ganzourgou,Burkina Faso,grou,7.4,0.27,0.0361
BFA-2828,Ganzourgou,Burkina Faso,maiz,33.9,1.12,0.033
BFA-2828,Ganzourgou,Burkina Faso,rice,5.5,2.71,0.4972
BFA-2828,Ganzourgou,Burkina Faso,sorg,39.3,1.76,0.0448
BFA-2831,Zoundwéogo,Burkina Faso,cott,8.8,0.95,0.108
BFA-2831,Zoundwéogo,Burkina Faso,grou,18.4,1.11,0.0604
BFA-2831,Zoundwéogo,Burkina Faso,maiz,41.0,1.99,0.0486
BFA-2831,Zoundwéogo,Burkina Faso,rice,15.2,8.61,0.5663
BFA-2831,Zoundwéogo,Burkina Faso,sorg,27.6,1.94,0.0703
BFA-2821,Ziro,Burkina Faso,cott,8.8,0.97,0.1104
BFA-2821,Ziro,Burkina Faso,grou,14.8,0.77,0.0518
BFA-2821,Ziro,Burkina Faso,maiz,62.1,2.44,0.0394
BFA-2821,Ziro,Burkina Faso,rice,3.2,1.59,0.492
BFA-2821,Ziro,Burkina Faso,sorg,50.0,3.09,0.0617
BFA-2821,Ziro,Burkina Faso,soyb,2.3,0.12,0.0542
BFA-2812,Boulkiemdé,Burkina Faso,cott,10.7,0.84,0.0784
BFA-2812,Boulkiemdé,Burkina Faso,grou,23.7,0.89,0.0374
BFA-2812,Boulkiemdé,Burkina Faso,maiz,8.9,0.31,0.0354
BFA-2812,Boulkiemdé,Burkina Faso,rice,3.3,1.64,0.5024
BFA-2812,Boulkiemdé,Burkina Faso,sorg,68.5,3.12,0.0456
BFA-2815,Kadiogo,Burkina Faso,grou,9.5,0.47,0.0497
BFA-2815,Kadiogo,Burkina Faso,maiz,26.8,1.09,0.0408
BFA-2815,Kadiogo,Burkina Faso,rice,5.4,2.81,0.5207
BFA-2815,Kadiogo,Burkina Faso,sorg,21.3,1.25,0.0588
BFA-2816,Oubritenga,Burkina Faso,cott,1.8,0.15,0.0788
BFA-2816,Oubritenga,Burkina Faso,grou,9.7,0.36,0.0373
BFA-2816,Oubritenga,Burkina Faso,maiz,14.5,0.45,0.0309
BFA-2816,Oubritenga,Burkina Faso,rice,2.9,1.45,0.4946
BFA-2816,Oubritenga,Burkina Faso,sorg,46.6,2.0,0.0429
BFA-2184,Gourma,Burkina Faso,cott,9.1,1.27,0.1386
BFA-2184,Gourma,Burkina Faso,grou,4.0,0.28,0.0684
BFA-2184,Gourma,Burkina Faso,maiz,22.9,1.26,0.0552
BFA-2184,Gourma,Burkina Faso,rice,6.4,3.94,0.62
BFA-2184,Gourma,Burkina Faso,sorg,47.9,4.49,0.0938
BFA-2184,Gourma,Burkina Faso,soyb,1.5,0.12,0.0816
BFA-2874,Gnagna,Burkina Faso,cott,16.4,1.64,0.1002
BFA-2874,Gnagna,Burkina Faso,grou,77.9,5.17,0.0663
BFA-2874,Gnagna,Burkina Faso,maiz,23.0,1.17,0.0508
BFA-2874,Gnagna,Burkina Faso,pota,1.3,0.05,0.0376
BFA-2874,Gnagna,Burkina Faso,rice,4.3,2.73,0.6322
BFA-2874,Gnagna,Burkina Faso,sorg,96.8,7.38,0.0763
BFA-2814,Bazéga,Burkina Faso,cott,1.5,0.13,0.0924
BFA-2814,Bazéga,Burkina Faso,grou,15.5,0.77,0.0498
BFA-2814,Bazéga,Burkina Faso,maiz,28.6,1.18,0.0412
BFA-2814,Bazéga,Burkina Faso,rice,3.9,2.04,0.5194
BFA-2814,Bazéga,Burkina Faso,sorg,30.4,1.84,0.0606
BFA-2813,Kourwéogo,Burkina Faso,cott,3.3,0.26,0.0783
BFA-2813,Kourwéogo,Burkina Faso,grou,9.2,0.34,0.0372
BFA-2813,Kourwéogo,Burkina Faso,maiz,9.8,0.32,0.0326
BFA-2813,Kourwéogo,Burkina Faso,rice,3.6,1.89,0.5164
BFA-2813,Kourwéogo,Burkina Faso,sorg,36.8,1.62,0.0441
BFA-2807,Nayala,Burkina Faso,cott,17.8,2.03,0.1143
BFA-2807,Nayala,Burkina Faso,grou,8.5,0.53,0.0624
BFA-2807,Nayala,Burkina Faso,maiz,10.5,0.64,0.0606
BFA-2807,Nayala,Burkina Faso,rice,4.4,2.6,0.5911
BFA-2807,Nayala,Burkina Faso,sorg,37.7,2.94,0.078
BFA-2817,Passoré,Burkina Faso,grou,11.6,0.68,0.0588
BFA-2817,Passoré,Burkina Faso,maiz,6.0,0.29,0.0487
BFA-2817,Passoré,Burkina Faso,rice,2.3,1.38,0.6097
BFA-2817,Passoré,Burkina Faso,sorg,50.1,3.54,0.0707
BFA-2818,Zondoma,Burkina Faso,grou,7.3,0.32,0.0436
BFA-2818,Zondoma,Burkina Faso,maiz,6.6,0.25,0.0375
BFA-2818,Zondoma,Burkina Faso,rice,1.8,1.05,0.569
BFA-2818,Zondoma,Burkina Faso,sorg,22.4,1.23,0.0549
BFA-2824,Namentenga,Burkina Faso,cott,1.2,0.13,0.1008
BFA-2824,Namentenga,Burkina Faso,grou,27.7,1.85,0.0667
BFA-2824,Namentenga,Burkina Faso,maiz,13.0,0.61,0.047
BFA-2824,Namentenga,Burkina Faso,rice,5.9,3.44,0.5836
BFA-2824,Namentenga,Burkina Faso,sorg,71.8,5.44,0.0758
BFA-2825,Sanmatenga,Burkina Faso,grou,19.4,0.84,0.0436
BFA-2825,Sanmatenga,Burkina Faso,maiz,16.1,0.58,0.0364
BFA-2825,Sanmatenga,Burkina Faso,pota,1.1,0.04,0.0336
BFA-2825,Sanmatenga,Burkina Faso,rice,5.0,2.61,0.5224
BFA-2825,Sanmatenga,Burkina Faso,sorg,107.4,5.6,0.0522
BFA-2811,Bam,Burkina Faso,grou,5.4,0.3,0.0561
BFA-2811,Bam,Burkina Faso,maiz,6.0,0.28,0.0467
BFA-2811,Bam,Burkina Faso,rice,2.5,1.54,0.6282
BFA-2811,Bam,Burkina Faso,sorg,50.5,3.47,0.0687
MMR-3276,Magway,Myanmar,cott,133.5,36.22,0.2712
MMR-3276,Magway,Myanmar,grou,384.1,67.87,0.1767
MMR-3276,Magway,Myanmar,maiz,79.3,9.32,0.1175
MMR-3276,Magway,Myanmar,pota,11.3,1.12,0.099
MMR-3276,Magway,Myanmar,rice,1759.0,1519.04,0.8636
MMR-3276,Magway,Myanmar,sorg,109.3,72.19,0.6602
MMR-3276,Magway,Myanmar,soyb,2.8,0.91,0.325
MMR-3276,Magway,Myanmar,sugc,649.3,8.76,0.0135
MMR-3276,Magway,Myanmar,whea,23.5,6.76,0.2877
MMR-3267,Mandalay,Myanmar,cott,75.0,16.25,0.2167
MMR-3267,Mandalay,Myanmar,grou,303.8,39.92,0.1314
MMR-3267,Mandalay,Myanmar,maiz,98.8,10.97,0.111
MMR-3267,Mandalay,Myanmar,pota,18.9,1.45,0.0764
MMR-3267,Mandalay,Myanmar,rice,1081.9,313.6,0.2899
MMR-3267,Mandalay,Myanmar,sorg,40.9,22.72,0.5561
MMR-3267,Mandalay,Myanmar,soyb,7.9,2.12,0.2681
MMR-3267,Mandalay,Myanmar,sugc,1198.5,14.2,0.0118
MMR-3267,Mandalay,Myanmar,whea,4.2,1.08,0.2573
BGR-2235,Plovdiv,Bulgaria,barl,20.0,3.47,0.1732
BGR-2235,Plovdiv,Bulgaria,cott,1.1,1.59,1.3912
BGR-2235,Plovdiv,Bulgaria,maiz,41.1,5.23,0.1272
BGR-2235,Plovdiv,Bulgaria,pota,27.8,0.63,0.0227
BGR-2235,Plovdiv,Bulgaria,rape,9.8,2.56,0.262
BGR-2235,Plovdiv,Bulgaria,rice,38.2,43.52,1.1406
BGR-2235,Plovdiv,Bulgaria,whea,216.9,32.66,0.1505
BGR-2233,Stara Zagora,Bulgaria,barl,41.5,16.03,0.3864
BGR-2233,Stara Zagora,Bulgaria,maiz,39.6,9.31,0.2352
BGR-2233,Stara Zagora,Bulgaria,pota,8.8,0.53,0.0604
BGR-2233,Stara Zagora,Bulgaria,rape,30.3,20.55,0.6773
BGR-2233,Stara Zagora,Bulgaria,rice,7.7,8.76,1.1402
BGR-2233,Stara Zagora,Bulgaria,whea,306.3,119.76,0.391
BGR-2231,Sliven,Bulgaria,barl,28.7,6.44,0.2247
BGR-2231,Sliven,Bulgaria,maiz,17.0,1.7,0.1001
BGR-2231,Sliven,Bulgaria,pota,3.1,0.1,0.032
BGR-2231,Sliven,Bulgaria,rape,23.2,8.98,0.3869
BGR-2231,Sliven,Bulgaria,rice,1.6,0.12,0.0716
BGR-2231,Sliven,Bulgaria,whea,186.5,40.32,0.2163
BGR-2258,Shumen,Bulgaria,barl,22.0,6.03,0.2735
BGR-2258,Shumen,Bulgaria,maiz,166.7,34.44,0.2065
BGR-2258,Shumen,Bulgaria,rape,8.3,3.8,0.4557
BGR-2258,Shumen,Bulgaria,whea,189.0,53.24,0.2817
BGR-2256,Razgrad,Bulgaria,barl,24.6,3.34,0.1356
BGR-2256,Razgrad,Bulgaria,maiz,218.9,19.22,0.0878
BGR-2256,Razgrad,Bulgaria,rape,12.4,2.47,0.2001
BGR-2256,Razgrad,Bulgaria,whea,228.2,26.34,0.1154
BGR-2257,Targovishte,Bulgaria,barl,15.5,2.09,0.1342
BGR-2257,Targovishte,Bulgaria,maiz,111.9,9.86,0.0881
BGR-2257,Targovishte,Bulgaria,rape,6.4,1.3,0.2036
BGR-2257,Targovishte,Bulgaria,whea,138.0,15.78,0.1143
BGR-2246,Gabrovo,Bulgaria,barl,4.0,0.58,0.1439
BGR-2246,Gabrovo,Bulgaria,maiz,16.1,1.56,0.0968
BGR-2246,Gabrovo,Bulgaria,rape,2.1,0.46,0.2185
BGR-2246,Gabrovo,Bulgaria,whea,9.5,1.28,0.1342
BGR-2234,Pazardzhik,Bulgaria,barl,9.8,1.59,0.1622
BGR-2234,Pazardzhik,Bulgaria,maiz,17.2,2.17,0.1265
BGR-2234,Pazardzhik,Bulgaria,pota,14.1,0.3,0.0213
BGR-2234,Pazardzhik,Bulgaria,rape,5.4,1.35,0.2504
BGR-2234,Pazardzhik,Bulgaria,rice,18.3,21.37,1.1702
BGR-2234,Pazardzhik,Bulgaria,whea,97.2,13.94,0.1433
BGR-2247,Lovech,Bulgaria,barl,9.5,1.43,0.1508
BGR-2247,Lovech,Bulgaria,maiz,88.3,8.67,0.0982
BGR-2247,Lovech,Bulgaria,rape,3.0,0.68,0.2283
BGR-2247,Lovech,Bulgaria,whea,89.3,12.11,0.1356
BGR-2243,Grad Sofiya,Bulgaria,barl,1.2,0.19,0.1571
BGR-2243,Grad Sofiya,Bulgaria,pota,4.2,0.08,0.0179
BGR-2243,Grad Sofiya,Bulgaria,whea,14.1,2.04,0.1451
RWA-3495,Kigali City,Rwanda,maiz,12.1,4.73,0.3914
RWA-3495,Kigali City,Rwanda,pota,27.9,2.19,0.0786
RWA-3495,Kigali City,Rwanda,rice,1.4,1.12,0.7993
RWA-3495,Kigali City,Rwanda,sorg,7.5,10.68,1.4187
RWA-3495,Kigali City,Rwanda,sugc,2.5,0.08,0.0312
USA-3553,Wisconsin,United States of America,barl,18.7,7.55,0.4044
USA-3553,Wisconsin,United States of America,maiz,14303.9,2284.32,0.1597
USA-3553,Wisconsin,United States of America,pota,1243.6,68.14,0.0548
USA-3553,Wisconsin,United States of America,sorg,5.2,2.29,0.4423
USA-3553,Wisconsin,United States of America,soyb,2726.0,801.87,0.2942
USA-3553,Wisconsin,United States of America,whea,249.9,145.28,0.5813
USA-3546,Illinois,United States of America,cott,2.2,1.01,0.4471
USA-3546,Illinois,United States of America,maiz,53378.2,4509.5,0.0845
USA-3546,Illinois,United States of America,pota,148.6,5.01,0.0337
USA-3546,Illinois,United States of America,rice,1.6,0.72,0.4475
USA-3546,Illinois,United States of America,sorg,22.5,3.63,0.1611
USA-3546,Illinois,United States of America,soyb,14196.1,303.97,0.0214
USA-3546,Illinois,United States of America,whea,715.8,148.92,0.208
USA-3548,Kentucky,United States of America,cott,10.0,5.86,0.5852
USA-3548,Kentucky,United States of America,maiz,6556.6,1569.88,0.2394
USA-3548,Kentucky,United States of America,pota,6.3,0.45,0.0708
USA-3548,Kentucky,United States of America,rice,7.6,3.02,0.3993
USA-3548,Kentucky,United States of America,sorg,3.5,1.39,0.3954
USA-3548,Kentucky,United States of America,soyb,2466.1,236.92,0.0961
USA-3548,Kentucky,United States of America,whea,389.2,156.75,0.4028
USA-3528,Arkansas,United States of America,cott,485.5,255.55,0.5263
USA-3528,Arkansas,United States of America,grou,65.2,7.55,0.1158
USA-3528,Arkansas,United States of America,maiz,2796.0,553.72,0.198
USA-3528,Arkansas,United States of America,pota,1.5,0.08,0.0523
USA-3528,Arkansas,United States of America,rice,5106.7,2035.86,0.3987
USA-3528,Arkansas,United States of America,sorg,12.1,4.04,0.3352
USA-3528,Arkansas,United States of America,soyb,4024.2,183.76,0.0457
USA-3528,Arkansas,United States of America,sugc,2.2,0.07,0.03
USA-3528,Arkansas,United States of America,whea,138.0,47.83,0.3466
USA-3551,Tennessee,United States of America,cott,294.3,150.37,0.5109
USA-3551,Tennessee,United States of America,maiz,4475.7,893.11,0.1995
USA-3551,Tennessee,United States of America,pota,4.6,0.25,0.0544
USA-3551,Tennessee,United States of America,rice,8.5,3.35,0.395
USA-3551,Tennessee,United States of America,sorg,16.3,5.36,0.328
USA-3551,Tennessee,United States of America,soyb,2175.4,173.09,0.0796
USA-3551,Tennessee,United States of America,whea,415.3,142.6,0.3434
USA-3554,West Virginia,United States of America,maiz,188.4,24.7,0.1311
USA-3554,West Virginia,United States of America,pota,6.1,0.22,0.0366
USA-3554,West Virginia,United States of America,soyb,40.4,1.93,0.0478
USA-3554,West Virginia,United States of America,whea,6.8,1.64,0.2409
USA-3547,Indiana,United States of America,maiz,20083.6,4319.36,0.2151
USA-3547,Indiana,United States of America,pota,155.7,10.53,0.0676
USA-3547,Indiana,United States of America,sorg,7.1,2.58,0.3609
USA-3547,Indiana,United States of America,soyb,8014.6,656.39,0.0819
USA-3547,Indiana,United States of America,whea,350.5,138.63,0.3955
CZE-1594,Vysočina,Czech Republic,barl,246.2,22.93,0.0931
CZE-1594,Vysočina,Czech Republic,maiz,140.7,10.08,0.0717
CZE-1594,Vysočina,Czech Republic,pota,69.9,1.58,0.0226
CZE-1594,Vysočina,Czech Republic,rape,142.3,28.56,0.2007
CZE-1594,Vysočina,Czech Republic,soyb,2.1,0.34,0.1659
CZE-1594,Vysočina,Czech Republic,whea,534.9,57.69,0.1079
CZE-1596,Středočeský,Czech Republic,barl,345.4,32.4,0.0938
CZE-1596,Středočeský,Czech Republic,maiz,109.5,8.26,0.0755
CZE-1596,Středočeský,Czech Republic,pota,135.2,3.24,0.024
CZE-1596,Středočeský,Czech Republic,rape,284.2,58.06,0.2043
CZE-1596,Středočeský,Czech Republic,soyb,6.6,1.15,0.1759
CZE-1596,Středočeský,Czech Republic,whea,839.4,91.87,0.1095
CZE-1595,Prague,Czech Republic,barl,8.9,0.89,0.1002
CZE-1595,Prague,Czech Republic,maiz,3.0,0.26,0.0852
CZE-1595,Prague,Czech Republic,pota,5.4,0.15,0.028
CZE-1595,Prague,Czech Republic,rape,7.5,1.67,0.2218
CZE-1595,Prague,Czech Republic,whea,21.8,2.59,0.1189
BLR-4825,City of Minsk,Belarus,barl,4.8,1.25,0.2623
BLR-4825,City of Minsk,Belarus,maiz,4.0,0.47,0.1158
BLR-4825,City of Minsk,Belarus,pota,38.4,1.36,0.0355
BLR-4825,City of Minsk,Belarus,rape,2.8,0.99,0.3565
BLR-4825,City of Minsk,Belarus,whea,9.8,1.58,0.1615
UKR-4826,Kiev City,Ukraine,barl,6.3,1.62,0.2568
UKR-4826,Kiev City,Ukraine,maiz,26.2,4.44,0.1694
UKR-4826,Kiev City,Ukraine,pota,33.2,2.37,0.0713
UKR-4826,Kiev City,Ukraine,rape,2.4,1.1,0.4604
UKR-4826,Kiev City,Ukraine,soyb,2.6,1.53,0.5824
UKR-4826,Kiev City,Ukraine,whea,24.4,8.85,0.3629
ROU-128,Bucharest,Romania,barl,2.6,0.34,0.1304
ROU-128,Bucharest,Romania,maiz,10.6,1.06,0.0999
ROU-128,Bucharest,Romania,pota,3.6,0.1,0.0284
ROU-128,Bucharest,Romania,rape,5.0,1.02,0.2067
ROU-128,Bucharest,Romania,whea,14.4,1.9,0.1318
HUN-4905,Gyôr,Hungary,barl,12.1,4.33,0.3568
HUN-4905,Gyôr,Hungary,maiz,38.3,9.74,0.2545
HUN-4905,Gyôr,Hungary,rape,9.2,6.33,0.6899
HUN-4905,Gyôr,Hungary,soyb,2.3,1.64,0.7087
HUN-4905,Gyôr,Hungary,whea,30.4,11.76,0.3861
HUN-4910,Zalaegerszeg,Hungary,barl,10.6,12.25,1.1511
HUN-4910,Zalaegerszeg,Hungary,maiz,32.6,26.2,0.8043
HUN-4910,Zalaegerszeg,Hungary,rape,8.1,17.6,2.1863
HUN-4910,Zalaegerszeg,Hungary,soyb,2.0,4.94,2.4196
HUN-4910,Zalaegerszeg,Hungary,whea,24.6,30.13,1.226
HUN-4909,Veszprém,Hungary,barl,5.3,0.94,0.1764
HUN-4909,Veszprém,Hungary,maiz,31.2,3.93,0.1259
HUN-4909,Veszprém,Hungary,rape,3.3,1.18,0.3579
HUN-4909,Veszprém,Hungary,whea,16.8,3.21,0.191
HUN-4924,Debrecen,Hungary,barl,5.5,0.57,0.1032
HUN-4924,Debrecen,Hungary,maiz,50.2,3.75,0.0746
HUN-4924,Debrecen,Hungary,rape,2.2,0.46,0.2082
HUN-4924,Debrecen,Hungary,whea,26.4,3.03,0.1148
HUN-4923,Nyíregyháza,Hungary,barl,8.4,0.76,0.0906
HUN-4923,Nyíregyháza,Hungary,maiz,76.3,5.01,0.0657
HUN-4923,Nyíregyháza,Hungary,pota,1.0,0.03,0.034
HUN-4923,Nyíregyháza,Hungary,rape,3.4,0.62,0.1837
HUN-4923,Nyíregyháza,Hungary,whea,40.0,4.05,0.101
AZE-5566,Yevlakh,Azerbaijan,barl,17.7,4.86,0.2745
AZE-5566,Yevlakh,Azerbaijan,cott,6.1,2.94,0.4835
AZE-5566,Yevlakh,Azerbaijan,pota,2.9,0.16,0.0547
AZE-5566,Yevlakh,Azerbaijan,whea,14.4,5.4,0.3744
ITA-5412,Enna,Italy,barl,3.2,0.14,0.0454
ITA-5412,Enna,Italy,pota,36.4,0.23,0.0065
ITA-5412,Enna,Italy,whea,175.0,9.63,0.055
ITA-5398,Benevento,Italy,barl,15.2,0.97,0.0636
ITA-5398,Benevento,Italy,maiz,4.1,0.2,0.0485
ITA-5398,Benevento,Italy,pota,55.7,0.67,0.0121
ITA-5398,Benevento,Italy,whea,96.0,9.69,0.101
ITA-5440,Asti,Italy,barl,2.5,0.82,0.3255
ITA-5440,Asti,Italy,maiz,17.4,2.6,0.1492
ITA-5440,Asti,Italy,rice,5.6,4.59,0.8176
ITA-5440,Asti,Italy,soyb,2.0,0.54,0.2721
ITA-5440,Asti,Italy,whea,12.4,7.42,0.6002
ITA-5443,Bergamo,Italy,barl,5.4,3.02,0.5612
ITA-5443,Bergamo,Italy,maiz,48.1,15.47,0.3217
ITA-5443,Bergamo,Italy,rice,8.2,11.95,1.4486
ITA-5443,Bergamo,Italy,sorg,1.2,0.45,0.3756
ITA-5443,Bergamo,Italy,soyb,11.3,6.44,0.568
ITA-5443,Bergamo,Italy,whea,15.1,11.38,0.7513
ITA-5445,Brescia,Italy,barl,10.0,6.97,0.6956
ITA-5445,Brescia,Italy,maiz,247.9,75.31,0.3038
ITA-5445,Brescia,Italy,pota,2.8,0.39,0.1411
ITA-5445,Brescia,Italy,rape,1.2,1.15,0.9664
ITA-5445,Brescia,Italy,rice,102.6,267.89,2.6118
ITA-5445,Brescia,Italy,sorg,2.6,1.26,0.4853
ITA-5445,Brescia,Italy,soyb,17.4,19.22,1.1059
ITA-5445,Brescia,Italy,whea,25.2,24.27,0.9623
ITA-5447,Cremona,Italy,barl,14.2,6.3,0.4447
ITA-5447,Cremona,Italy,maiz,574.4,121.23,0.2111
ITA-5447,Cremona,Italy,pota,7.6,0.39,0.0522
ITA-5447,Cremona,Italy,rape,1.9,1.13,0.5895
ITA-5447,Cremona,Italy,rice,241.1,497.0,2.0615
ITA-5447,Cremona,Italy,sorg,4.9,1.25,0.2561
ITA-5447,Cremona,Italy,soyb,21.0,10.52,0.5006
ITA-5447,Cremona,Italy,whea,32.1,20.11,0.6255
ITA-5446,Mantova,Italy,barl,12.6,5.48,0.4351
ITA-5446,Mantova,Italy,maiz,247.9,41.35,0.1668
ITA-5446,Mantova,Italy,pota,5.7,0.27,0.047
ITA-5446,Mantova,Italy,rape,1.6,0.91,0.5814
ITA-5446,Mantova,Italy,rice,77.3,151.0,1.9542
ITA-5446,Mantova,Italy,sorg,4.0,1.03,0.2566
ITA-5446,Mantova,Italy,soyb,21.0,9.69,0.4602
ITA-5446,Mantova,Italy,whea,33.6,18.88,0.5621
ITA-5450,Milano,Italy,barl,7.7,2.33,0.3023
ITA-5450,Milano,Italy,maiz,72.3,15.3,0.2115
ITA-5450,Milano,Italy,rice,12.3,9.38,0.7633
ITA-5450,Milano,Italy,sorg,1.8,0.4,0.2254
ITA-5450,Milano,Italy,soyb,14.3,3.76,0.2632
ITA-5450,Milano,Italy,whea,22.5,10.67,0.4733
ITA-5453,Lecco,Italy,whea,1.9,0.9,0.4682
ITA-5454,Monza e Brianza,Italy,barl,3.1,0.98,0.3168
ITA-5454,Monza e Brianza,Italy,maiz,26.5,5.95,0.2243
ITA-5454,Monza e Brianza,Italy,rice,4.9,4.21,0.8625
ITA-5454,Monza e Brianza,Italy,soyb,6.5,1.85,0.2826
ITA-5454,Monza e Brianza,Italy,whea,8.7,4.17,0.4775
ITA-5448,Lodi,Italy,barl,7.7,3.81,0.496
ITA-5448,Lodi,Italy,maiz,184.6,39.57,0.2143
ITA-5448,Lodi,Italy,pota,6.8,0.37,0.0548
ITA-5448,Lodi,Italy,rice,52.2,92.04,1.7632
ITA-5448,Lodi,Italy,sorg,3.0,0.85,0.285
ITA-5448,Lodi,Italy,soyb,12.3,6.61,0.5376
ITA-5448,Lodi,Italy,whea,19.6,13.7,0.698
ITA-5388,Siena,Italy,barl,30.8,1.62,0.0527
ITA-5388,Siena,Italy,maiz,27.5,1.02,0.0371
ITA-5388,Siena,Italy,pota,7.6,0.08,0.01
ITA-5388,Siena,Italy,sorg,8.4,0.31,0.0373
ITA-5388,Siena,Italy,whea,126.2,9.9,0.0784
ITA-5387,Arezzo,Italy,barl,11.9,0.77,0.0644
ITA-5387,Arezzo,Italy,maiz,13.9,0.57,0.0411
ITA-5387,Arezzo,Italy,pota,3.2,0.03,0.0101
ITA-5387,Arezzo,Italy,sorg,3.1,0.15,0.0468
ITA-5387,Arezzo,Italy,whea,50.4,4.85,0.0961
ITA-5386,Firenze,Italy,barl,8.9,0.62,0.0692
ITA-5386,Firenze,Italy,maiz,5.0,0.21,0.0423
ITA-5386,Firenze,Italy,pota,2.2,0.04,0.0161
ITA-5386,Firenze,Italy,sorg,2.9,0.21,0.0726
ITA-5386,Firenze,Italy,whea,38.8,4.49,0.1158
ITA-5436,Vercelli,Italy,barl,8.6,4.99,0.5821
ITA-5436,Vercelli,Italy,maiz,259.3,75.61,0.2915
ITA-5436,Vercelli,Italy,pota,5.0,0.68,0.1345
ITA-5436,Vercelli,Italy,rice,147.3,144.3,0.9795
ITA-5436,Vercelli,Italy,sorg,2.9,0.71,0.2484
ITA-5436,Vercelli,Italy,soyb,5.5,2.45,0.4473
ITA-5436,Vercelli,Italy,whea,37.6,44.01,1.1699
ITA-5449,Pavia,Italy,barl,20.1,5.64,0.2809
ITA-5449,Pavia,Italy,maiz,262.1,50.43,0.1924
ITA-5449,Pavia,Italy,pota,3.9,0.21,0.0544
ITA-5449,Pavia,Italy,rape,2.1,0.81,0.3822
ITA-5449,Pavia,Italy,rice,92.7,84.16,0.9082
ITA-5449,Pavia,Italy,sorg,6.0,1.21,0.2027
ITA-5449,Pavia,Italy,soyb,33.4,7.58,0.2267
ITA-5449,Pavia,Italy,whea,61.0,30.76,0.504
ITA-5424,Rieti,Italy,barl,6.1,0.4,0.0655
ITA-5424,Rieti,Italy,maiz,9.2,0.49,0.0535
ITA-5424,Rieti,Italy,pota,3.6,0.05,0.0125
ITA-5424,Rieti,Italy,whea,21.5,2.25,0.1048
ITA-5438,Novara,Italy,barl,4.2,2.23,0.5307
ITA-5438,Novara,Italy,maiz,206.0,52.45,0.2546
ITA-5438,Novara,Italy,pota,3.5,0.39,0.112
ITA-5438,Novara,Italy,rice,117.7,118.5,1.0065
ITA-5438,Novara,Italy,sorg,1.6,0.38,0.2399
ITA-5438,Novara,Italy,soyb,2.8,1.15,0.4078
ITA-5438,Novara,Italy,whea,15.1,17.36,1.1532
ITA-5439,Alessandria,Italy,barl,20.7,7.66,0.3696
ITA-5439,Alessandria,Italy,maiz,175.8,33.42,0.1901
ITA-5439,Alessandria,Italy,pota,8.2,0.71,0.0857
ITA-5439,Alessandria,Italy,rape,1.7,0.79,0.4552
ITA-5439,Alessandria,Italy,rice,99.6,82.48,0.8282
ITA-5439,Alessandria,Italy,sorg,6.1,0.98,0.1611
ITA-5439,Alessandria,Italy,soyb,15.1,4.27,0.283
ITA-5439,Alessandria,Italy,whea,97.8,70.21,0.7179
ITA-5460,Trento,Italy,maiz,2.7,0.23,0.0839
ITA-5460,Trento,Italy,pota,9.7,0.21,0.0216
ITA-5465,Vicenza,Italy,barl,7.9,2.18,0.2767
ITA-5465,Vicenza,Italy,maiz,209.5,36.79,0.1756
ITA-5465,Vicenza,Italy,pota,13.7,0.66,0.048
ITA-5465,Vicenza,Italy,rape,1.1,0.46,0.4
ITA-5465,Vicenza,Italy,rice,3.2,5.8,1.8284
ITA-5465,Vicenza,Italy,sorg,3.4,0.68,0.2018
ITA-5465,Vicenza,Italy,soyb,49.0,12.73,0.2596
ITA-5465,Vicenza,Italy,whea,36.7,14.9,0.4054
ITA-5464,Verona,Italy,barl,13.3,2.59,0.1947
ITA-5464,Verona,Italy,maiz,505.3,63.4,0.1255
ITA-5464,Verona,Italy,pota,30.3,1.06,0.035
ITA-5464,Verona,Italy,rape,2.2,0.61,0.2815
ITA-5464,Verona,Italy,rice,12.3,19.46,1.5861
ITA-5464,Verona,Italy,sorg,6.7,0.88,0.1309
ITA-5464,Verona,Italy,soyb,69.0,11.57,0.1676
ITA-5464,Verona,Italy,whea,57.9,15.95,0.2754
ITA-5466,Treviso,Italy,barl,13.6,4.97,0.3664
ITA-5466,Treviso,Italy,maiz,241.8,55.02,0.2276
ITA-5466,Treviso,Italy,pota,13.8,1.01,0.073
ITA-5466,Treviso,Italy,rape,1.6,0.85,0.5259
ITA-5466,Treviso,Italy,rice,1.1,0.86,0.8132
ITA-5466,Treviso,Italy,sorg,6.2,1.77,0.287
ITA-5466,Treviso,Italy,soyb,95.3,40.04,0.42
ITA-5466,Treviso,Italy,whea,63.3,32.7,0.5166
ITA-5361,Piacenza,Italy,barl,9.9,3.62,0.3658
ITA-5361,Piacenza,Italy,maiz,147.7,35.7,0.2418
ITA-5361,Piacenza,Italy,pota,15.8,0.9,0.0567
ITA-5361,Piacenza,Italy,rice,9.4,13.41,1.4209
ITA-5361,Piacenza,Italy,sorg,11.6,2.8,0.2423
ITA-5361,Piacenza,Italy,soyb,15.7,5.42,0.3444
ITA-5361,Piacenza,Italy,whea,58.1,29.11,0.5013
ITA-5360,Parma,Italy,barl,11.0,2.64,0.2408
ITA-5360,Parma,Italy,maiz,165.8,22.62,0.1364
ITA-5360,Parma,Italy,pota,22.3,0.88,0.0394
ITA-5360,Parma,Italy,rice,8.0,10.77,1.3446
ITA-5360,Parma,Italy,sorg,20.7,3.74,0.1809
ITA-5360,Parma,Italy,soyb,14.7,3.29,0.2243
ITA-5360,Parma,Italy,whea,79.4,29.82,0.3758
ITA-5359,Reggio Emilia,Italy,barl,11.6,3.38,0.2899
ITA-5359,Reggio Emilia,Italy,maiz,117.3,15.95,0.136
ITA-5359,Reggio Emilia,Italy,pota,15.0,0.57,0.0383
ITA-5359,Reggio Emilia,Italy,rice,18.8,29.31,1.5614
ITA-5359,Reggio Emilia,Italy,sorg,21.3,3.59,0.1687
ITA-5359,Reggio Emilia,Italy,soyb,16.4,4.93,0.3002
ITA-5359,Reggio Emilia,Italy,whea,77.8,27.58,0.3547
ITA-5358,Modena,Italy,barl,10.7,2.41,0.2258
ITA-5358,Modena,Italy,maiz,22.4,2.74,0.1223
ITA-5358,Modena,Italy,pota,10.1,0.37,0.0368
ITA-5358,Modena,Italy,rice,4.1,4.54,1.1162
ITA-5358,Modena,Italy,sorg,20.3,3.17,0.156
ITA-5358,Modena,Italy,soyb,16.8,3.56,0.2125
ITA-5358,Modena,Italy,whea,77.6,24.21,0.3121
ITA-5362,Bologna,Italy,barl,19.5,2.64,0.1354
ITA-5362,Bologna,Italy,maiz,79.5,8.19,0.1029
ITA-5362,Bologna,Italy,pota,25.3,0.66,0.0261
ITA-5362,Bologna,Italy,rape,1.3,0.25,0.1885
ITA-5362,Bologna,Italy,rice,4.3,3.48,0.816
ITA-5362,Bologna,Italy,sorg,43.5,4.86,0.1117
ITA-5362,Bologna,Italy,soyb,28.7,3.01,0.1049
ITA-5362,Bologna,Italy,whea,159.6,34.66,0.2172
ITA-5384,Pistoia,Italy,barl,1.9,0.14,0.0737
ITA-5384,Pistoia,Italy,whea,8.2,0.92,0.1121
ITA-5433,Terni,Italy,barl,15.9,0.97,0.0613
ITA-5433,Terni,Italy,maiz,15.3,0.73,0.0478
ITA-5433,Terni,Italy,pota,2.1,0.03,0.0119
ITA-5433,Terni,Italy,whea,53.7,5.15,0.0959
ITA-5432,Perugia,Italy,barl,55.5,4.14,0.0746
ITA-5432,Perugia,Italy,maiz,85.3,4.59,0.0538
ITA-5432,Perugia,Italy,pota,9.2,0.13,0.0141
ITA-5432,Perugia,Italy,sorg,2.8,0.16,0.057
ITA-5432,Perugia,Italy,whea,180.9,20.73,0.1146
ITA-5425,Frosinone,Italy,barl,3.8,0.43,0.1117
ITA-5425,Frosinone,Italy,maiz,8.9,0.68,0.077
ITA-5425,Frosinone,Italy,pota,3.5,0.07,0.0189
ITA-5425,Frosinone,Italy,whea,14.2,2.36,0.1658
ITA-5399,Avellino,Italy,barl,9.3,0.62,0.0666
ITA-5399,Avellino,Italy,maiz,9.2,0.52,0.056
ITA-5399,Avellino,Italy,pota,34.5,0.46,0.0133
ITA-5399,Avellino,Italy,whea,43.6,4.53,0.1037
ITA-5420,L'Aquila,Italy,barl,22.5,1.59,0.0708
ITA-5420,L'Aquila,Italy,maiz,42.7,1.59,0.0372
ITA-5420,L'Aquila,Italy,pota,46.4,0.51,0.0109
ITA-5420,L'Aquila,Italy,sorg,1.6,0.07,0.0432
ITA-5420,L'Aquila,Italy,whea,47.8,5.21,0.1089
ITA-5456,Pordenone,Italy,barl,16.6,3.93,0.2365
ITA-5456,Pordenone,Italy,maiz,208.4,37.79,0.1814
ITA-5456,Pordenone,Italy,pota,5.8,0.25,0.0435
ITA-5456,Pordenone,Italy,rape,2.3,0.81,0.347
ITA-5456,Pordenone,Italy,sorg,5.4,1.01,0.1868
ITA-5456,Pordenone,Italy,soyb,83.2,15.61,0.1877
ITA-5456,Pordenone,Italy,whea,33.3,11.95,0.3587
ITA-5402,Isernia,Italy,whea,13.1,1.54,0.1171
ITA-5435,Biella,Italy,maiz,14.6,4.49,0.308
ITA-5435,Biella,Italy,rice,1.9,1.55,0.8147
ITA-5435,Biella,Italy,whea,2.9,3.6,1.2332
ITA-5385,Prato,Italy,barl,1.6,0.11,0.0673
ITA-5385,Prato,Italy,whea,7.2,0.73,0.1014
FRA-5294,Gers,France,barl,105.2,10.42,0.0991
FRA-5294,Gers,France,maiz,486.0,37.43,0.077
FRA-5294,Gers,France,pota,14.5,0.17,0.0118
FRA-5294,Gers,France,rape,20.4,4.84,0.2368
FRA-5294,Gers,France,sorg,32.5,3.84,0.1184
FRA-5294,Gers,France,soyb,32.2,7.43,0.2308
FRA-5294,Gers,France,whea,363.6,48.54,0.1335
FRA-5303,Haute-Vienne,France,barl,34.3,10.3,0.3002
FRA-5303,Haute-Vienne,France,maiz,40.6,6.91,0.1701
FRA-5303,Haute-Vienne,France,pota,5.9,0.14,0.0236
FRA-5303,Haute-Vienne,France,rape,6.2,4.04,0.6567
FRA-5303,Haute-Vienne,France,sorg,2.0,0.66,0.3259
FRA-5303,Haute-Vienne,France,soyb,1.1,0.69,0.6321
FRA-5303,Haute-Vienne,France,whea,294.0,115.38,0.3925
FRA-5280,Corrèze,France,barl,9.5,3.29,0.3484
FRA-5280,Corrèze,France,maiz,10.1,2.02,0.2008
FRA-5280,Corrèze,France,pota,2.3,0.06,0.0261
FRA-5280,Corrèze,France,rape,1.3,0.96,0.7664
FRA-5280,Corrèze,France,whea,99.1,41.69,0.4207
FRA-5347,Tarn-et-Garonne,France,barl,22.1,2.29,0.1036
FRA-5347,Tarn-et-Garonne,France,maiz,277.5,16.87,0.0608
FRA-5347,Tarn-et-Garonne,France,pota,6.6,0.05,0.0074
FRA-5347,Tarn-et-Garonne,France,rape,4.5,1.12,0.2474
FRA-5347,Tarn-et-Garonne,France,sorg,9.5,1.14,0.1201
FRA-5347,Tarn-et-Garonne,France,soyb,8.8,2.05,0.2343
FRA-5347,Tarn-et-Garonne,France,whea,93.6,12.85,0.1372
FRA-5346,Tarn,France,barl,60.6,7.98,0.1318
FRA-5346,Tarn,France,maiz,246.2,15.39,0.0625
FRA-5346,Tarn,France,pota,3.8,0.03,0.0076
FRA-5346,Tarn,France,rape,11.2,3.47,0.3086
FRA-5346,Tarn,France,sorg,15.2,2.09,0.1375
FRA-5346,Tarn,France,soyb,17.4,5.0,0.2868
FRA-5346,Tarn,France,whea,205.0,34.16,0.1667
FRA-5311,Isère,France,barl,41.8,7.23,0.173
FRA-5311,Isère,France,maiz,156.5,13.76,0.0879
FRA-5311,Isère,France,pota,16.2,0.17,0.0106
FRA-5311,Isère,France,rape,11.6,4.67,0.4036
FRA-5311,Isère,France,sorg,6.8,1.31,0.1932
FRA-5311,Isère,France,soyb,5.9,2.34,0.3943
FRA-5311,Isère,France,whea,229.3,50.53,0.2204
FRA-5288,Drôme,France,barl,13.7,1.84,0.1346
FRA-5288,Drôme,France,maiz,353.7,25.03,0.0708
FRA-5288,Drôme,France,pota,65.6,0.61,0.0093
FRA-5288,Drôme,France,rape,3.6,1.09,0.3059
FRA-5288,Drôme,France,sorg,2.7,0.38,0.1377
FRA-5288,Drôme,France,soyb,1.6,0.45,0.2747
FRA-5288,Drôme,France,whea,78.6,13.01,0.1655
FRA-5272,Aveyron,France,barl,160.5,36.38,0.2267
FRA-5272,Aveyron,France,maiz,8.8,1.25,0.143
FRA-5272,Aveyron,France,rape,27.1,14.38,0.5314
FRA-5272,Aveyron,France,sorg,24.5,6.03,0.2461
FRA-5272,Aveyron,France,soyb,33.9,17.29,0.5096
FRA-5272,Aveyron,France,whea,493.6,142.3,0.2883
FRA-5318,Lot,France,barl,39.0,8.04,0.2063
FRA-5318,Lot,France,maiz,2.2,0.3,0.1338
FRA-5318,Lot,France,rape,6.7,3.13,0.4669
FRA-5318,Lot,France,sorg,6.7,1.46,0.2187
FRA-5318,Lot,France,soyb,9.6,4.49,0.4695
FRA-5318,Lot,France,whea,124.5,32.05,0.2575
FRA-5310,Indre-et-Loire,France,barl,228.1,53.44,0.2343
FRA-5310,Indre-et-Loire,France,maiz,36.0,4.41,0.1226
FRA-5310,Indre-et-Loire,France,pota,28.9,0.67,0.0231
FRA-5310,Indre-et-Loire,France,rape,82.2,39.94,0.4859
FRA-5310,Indre-et-Loire,France,sorg,10.9,2.81,0.2581
FRA-5310,Indre-et-Loire,France,soyb,1.4,0.72,0.5201
FRA-5310,Indre-et-Loire,France,whea,337.2,86.18,0.2555
FRA-5309,Indre,France,barl,361.0,62.54,0.1733
FRA-5309,Indre,France,maiz,1.6,0.28,0.1677
FRA-5309,Indre,France,rape,126.8,47.91,0.3778
FRA-5309,Indre,France,sorg,15.0,2.87,0.1913
FRA-5309,Indre,France,soyb,2.3,0.88,0.3784
FRA-5309,Indre,France,whea,522.1,109.5,0.2097
FRA-5314,Loir-et-Cher,France,barl,217.8,47.22,0.2168
FRA-5314,Loir-et-Cher,France,maiz,102.6,9.93,0.0967
FRA-5314,Loir-et-Cher,France,pota,72.8,1.18,0.0162
FRA-5314,Loir-et-Cher,France,rape,80.6,36.63,0.4544
FRA-5314,Loir-et-Cher,France,sorg,11.2,2.65,0.2362
FRA-5314,Loir-et-Cher,France,soyb,1.4,0.68,0.475
FRA-5314,Loir-et-Cher,France,whea,322.7,77.28,0.2395
FRA-5284,Creuse,France,barl,64.1,18.25,0.2846
FRA-5284,Creuse,France,maiz,24.6,5.02,0.2036
FRA-5284,Creuse,France,pota,6.3,0.17,0.0276
FRA-5284,Creuse,France,rape,16.1,9.79,0.6064
FRA-5284,Creuse,France,sorg,2.3,0.74,0.3159
FRA-5284,Creuse,France,whea,327.6,135.23,0.4128
FRA-5324,Mayenne,France,barl,89.5,23.05,0.2576
FRA-5324,Mayenne,France,maiz,81.5,11.27,0.1383
FRA-5324,Mayenne,France,pota,4.1,0.07,0.0176
FRA-5324,Mayenne,France,rape,40.9,21.8,0.5331
FRA-5324,Mayenne,France,sorg,2.6,0.72,0.2702
FRA-5324,Mayenne,France,whea,558.7,161.59,0.2892
FRA-5340,Sarthe,France,barl,133.7,19.7,0.1474
FRA-5340,Sarthe,France,maiz,119.0,10.96,0.0921
FRA-5340,Sarthe,France,pota,4.2,0.06,0.0133
FRA-5340,Sarthe,France,rape,57.9,18.27,0.3155
FRA-5340,Sarthe,France,sorg,5.2,0.84,0.1609
FRA-5340,Sarthe,France,whea,611.7,107.18,0.1752
FRA-5352,Vaucluse,France,barl,10.5,0.91,0.0866
FRA-5352,Vaucluse,France,maiz,2.2,0.11,0.0484
FRA-5352,Vaucluse,France,pota,3.3,0.02,0.006
FRA-5352,Vaucluse,France,rice,2.8,0.47,0.171
FRA-5352,Vaucluse,France,sorg,1.6,0.16,0.0988
FRA-5352,Vaucluse,France,whea,39.0,4.57,0.1171
FRA-5300,Haute-Marne,France,barl,297.7,88.11,0.296
FRA-5300,Haute-Marne,France,maiz,75.5,11.97,0.1586
FRA-5300,Haute-Marne,France,pota,151.0,2.66,0.0176
FRA-5300,Haute-Marne,France,rape,59.8,39.73,0.6642
FRA-5300,Haute-Marne,France,soyb,2.8,1.64,0.5812
FRA-5300,Haute-Marne,France,whea,471.1,182.14,0.3867
FRA-5323,Marne,France,barl,631.7,203.41,0.322
FRA-5323,Marne,France,maiz,141.6,29.13,0.2058
FRA-5323,Marne,France,pota,339.0,10.81,0.0319
FRA-5323,Marne,France,rape,156.6,93.46,0.5968
FRA-5323,Marne,France,sorg,1.9,0.68,0.361
FRA-5323,Marne,France,soyb,3.9,2.76,0.7137
FRA-5323,Marne,France,whea,988.7,342.06,0.346
FRA-5286,Dordogne,France,barl,33.6,6.38,0.1901
FRA-5286,Dordogne,France,maiz,362.7,35.26,0.0972
FRA-5286,Dordogne,France,pota,7.6,0.08,0.0109
FRA-5286,Dordogne,France,rape,10.8,4.73,0.4359
FRA-5286,Dordogne,France,sorg,16.1,3.2,0.1993
FRA-5286,Dordogne,France,soyb,22.8,9.38,0.4117
FRA-5286,Dordogne,France,whea,276.6,67.54,0.2441
FRA-5338,Rhône,France,barl,40.0,5.69,0.1423
FRA-5338,Rhône,France,maiz,59.5,4.7,0.079
FRA-5338,Rhône,France,rape,11.8,3.57,0.3025
FRA-5338,Rhône,France,sorg,6.8,1.02,0.1513
FRA-5338,Rhône,France,soyb,5.6,1.73,0.3069
FRA-5338,Rhône,France,whea,214.1,34.8,0.1625
FRA-5355,Vosges,France,barl,131.4,51.61,0.3927
FRA-5355,Vosges,France,maiz,21.3,4.8,0.226
FRA-5355,Vosges,France,pota,5.2,0.13,0.0253
FRA-5355,Vosges,France,rape,36.8,30.74,0.8363
FRA-5355,Vosges,France,whea,252.5,121.34,0.4806
FRA-5267,Ardèche,France,barl,10.1,1.27,0.1256
FRA-5267,Ardèche,France,maiz,37.4,2.55,0.0683
FRA-5267,Ardèche,France,pota,7.3,0.06,0.008
FRA-5267,Ardèche,France,rape,3.3,1.01,0.3052
FRA-5267,Ardèche,France,sorg,1.8,0.23,0.1309
FRA-5267,Ardèche,France,soyb,1.3,0.36,0.2779
FRA-5267,Ardèche,France,whea,61.3,10.04,0.1638
FRA-5315,Loire,France,barl,52.9,7.63,0.1442
FRA-5315,Loire,France,maiz,96.2,7.46,0.0775
FRA-5315,Loire,France,pota,4.0,0.05,0.0134
FRA-5315,Loire,France,rape,14.6,4.4,0.302
FRA-5315,Loire,France,sorg,7.7,1.15,0.1488
FRA-5315,Loire,France,soyb,6.4,1.96,0.3045
FRA-5315,Loire,France,whea,282.1,45.17,0.1601
FRA-5335,Puy-de-Dôme,France,barl,34.0,5.23,0.154
FRA-5335,Puy-de-Dôme,France,maiz,92.3,5.48,0.0594
FRA-5335,Puy-de-Dôme,France,pota,23.3,0.2,0.0088
FRA-5335,Puy-de-Dôme,France,rape,6.1,2.09,0.3431
FRA-5335,Puy-de-Dôme,France,whea,307.1,56.57,0.1842
FRA-5264,Allier,France,barl,111.2,14.66,0.1318
FRA-5264,Allier,France,maiz,186.5,14.23,0.0763
FRA-5264,Allier,France,pota,4.7,0.09,0.0187
FRA-5264,Allier,France,rape,22.6,6.21,0.2747
FRA-5264,Allier,France,sorg,3.2,0.46,0.1461
FRA-5264,Allier,France,soyb,2.3,0.65,0.2841
FRA-5264,Allier,France,whea,753.5,116.92,0.1552
FRA-5317,Loiret,France,barl,135.1,16.28,0.1205
FRA-5317,Loiret,France,maiz,434.1,64.73,0.1491
FRA-5317,Loiret,France,pota,388.6,9.34,0.024
FRA-5317,Loiret,France,rape,48.7,13.9,0.2858
FRA-5317,Loiret,France,sorg,9.8,2.0,0.2033
FRA-5317,Loiret,France,soyb,1.5,0.52,0.3374
FRA-5317,Loiret,France,whea,246.4,44.8,0.1818
FRA-5321,Maine-et-Loire,France,barl,118.7,19.96,0.1682
FRA-5321,Maine-et-Loire,France,maiz,449.5,36.86,0.082
FRA-5321,Maine-et-Loire,France,pota,23.2,0.28,0.0118
FRA-5321,Maine-et-Loire,France,rape,58.0,19.95,0.3441
FRA-5321,Maine-et-Loire,France,sorg,5.4,1.05,0.1934
FRA-5321,Maine-et-Loire,France,whea,690.4,124.78,0.1807
FRA-5270,Aube,France,barl,313.2,119.07,0.3802
FRA-5270,Aube,France,maiz,69.7,17.63,0.253
FRA-5270,Aube,France,pota,161.2,6.65,0.0412
FRA-5270,Aube,France,rape,72.5,49.48,0.6829
FRA-5270,Aube,France,sorg,1.1,0.43,0.4019
FRA-5270,Aube,France,soyb,2.2,1.69,0.752
FRA-5270,Aube,France,whea,479.5,189.05,0.3943
FRA-5333,Paris,France,whea,1.0,0.06,0.0631
FRA-5349,Val-d'Oise,France,barl,64.8,4.88,0.0754
FRA-5349,Val-d'Oise,France,maiz,48.5,1.81,0.0374
FRA-5349,Val-d'Oise,France,pota,15.0,0.12,0.0079
FRA-5349,Val-d'Oise,France,rape,23.3,4.09,0.1757
FRA-5349,Val-d'Oise,France,whea,98.0,10.51,0.1073
FRA-5357,Yvelines,France,barl,87.1,6.91,0.0794
FRA-5357,Yvelines,France,maiz,63.0,2.48,0.0393
FRA-5357,Yvelines,France,rape,29.0,4.82,0.1665
FRA-5357,Yvelines,France,sorg,1.2,0.11,0.0905
FRA-5357,Yvelines,France,whea,109.1,10.43,0.0956
FRA-5277,Charente,France,barl,114.2,24.15,0.2114
FRA-5277,Charente,France,maiz,252.5,36.22,0.1435
FRA-5277,Charente,France,pota,5.2,0.14,0.0272
FRA-5277,Charente,France,rape,41.2,19.52,0.4732
FRA-5277,Charente,France,sorg,7.0,1.65,0.2358
FRA-5277,Charente,France,soyb,1.8,0.88,0.483
FRA-5277,Charente,France,whea,326.7,84.01,0.2571
FRA-5279,Cher,France,barl,419.4,59.92,0.1429
FRA-5279,Cher,France,maiz,2.9,0.15,0.0524
FRA-5279,Cher,France,rape,149.2,48.2,0.3231
FRA-5279,Cher,France,sorg,18.0,2.82,0.1568
FRA-5279,Cher,France,soyb,3.1,0.93,0.3003
FRA-5279,Cher,France,whea,600.4,104.89,0.1747
FRA-5291,Eure-et-Loir,France,barl,195.4,24.64,0.1261
FRA-5291,Eure-et-Loir,France,maiz,621.0,39.48,0.0636
FRA-5291,Eure-et-Loir,France,pota,453.8,3.56,0.0078
FRA-5291,Eure-et-Loir,France,rape,77.7,22.47,0.2893
FRA-5291,Eure-et-Loir,France,sorg,13.4,1.75,0.1306
FRA-5291,Eure-et-Loir,France,soyb,1.6,0.46,0.2798
FRA-5291,Eure-et-Loir,France,whea,355.6,55.81,0.1569
FRA-5299,Haute-Loire,France,barl,17.2,2.55,0.1487
FRA-5299,Haute-Loire,France,maiz,25.0,1.56,0.0623
FRA-5299,Haute-Loire,France,pota,4.5,0.04,0.0082
FRA-5299,Haute-Loire,France,rape,3.0,1.01,0.3358
FRA-5299,Haute-Loire,France,whea,154.3,27.28,0.1768
FRA-5276,Cantal,France,barl,24.9,7.76,0.3121
FRA-5276,Cantal,France,maiz,16.0,2.81,0.1753
FRA-5276,Cantal,France,rape,4.4,2.95,0.6696
FRA-5276,Cantal,France,sorg,1.1,0.32,0.2909
FRA-5276,Cantal,France,soyb,1.8,1.09,0.6039
FRA-5276,Cantal,France,whea,182.3,66.25,0.3634
FRA-5319,Lot-et-Garonne,France,barl,11.2,1.32,0.1177
FRA-5319,Lot-et-Garonne,France,maiz,729.1,49.65,0.0681
FRA-5319,Lot-et-Garonne,France,pota,58.9,0.47,0.0079
FRA-5319,Lot-et-Garonne,France,rape,3.9,1.1,0.285
FRA-5319,Lot-et-Garonne,France,sorg,8.5,1.17,0.1382
FRA-5319,Lot-et-Garonne,France,soyb,8.8,2.34,0.2666
FRA-5319,Lot-et-Garonne,France,whea,102.3,16.01,0.1565
FRA-5320,Lozère,France,barl,11.8,3.93,0.3316
FRA-5320,Lozère,France,maiz,1.2,0.09,0.0775
FRA-5320,Lozère,France,rape,1.7,1.18,0.7
FRA-5320,Lozère,France,rice,8.0,2.78,0.3452
FRA-5320,Lozère,France,whea,71.2,25.0,0.3512
FRA-5329,Nièvre,France,barl,191.4,28.48,0.1488
FRA-5329,Nièvre,France,maiz,63.7,5.39,0.0846
FRA-5329,Nièvre,France,rape,41.5,13.34,0.3212
FRA-5329,Nièvre,France,sorg,4.2,0.68,0.163
FRA-5329,Nièvre,France,soyb,9.3,3.07,0.3291
FRA-5329,Nièvre,France,whea,422.5,75.61,0.1789
FRA-5282,Côte-d'Or,France,barl,288.1,47.6,0.1652
FRA-5282,Côte-d'Or,France,maiz,146.0,12.14,0.0831
FRA-5282,Côte-d'Or,France,pota,40.1,0.43,0.0106
FRA-5282,Côte-d'Or,France,rape,58.4,22.26,0.381
FRA-5282,Côte-d'Or,France,sorg,5.4,0.95,0.1757
FRA-5282,Côte-d'Or,France,soyb,15.0,5.33,0.3557
FRA-5282,Côte-d'Or,France,whea,647.4,134.09,0.2071
FRA-5331,Oise,France,barl,169.6,28.55,0.1683
FRA-5331,Oise,France,maiz,110.2,10.08,0.0915
FRA-5331,Oise,France,pota,397.4,7.02,0.0177
FRA-5331,Oise,France,rape,81.4,30.15,0.3704
FRA-5331,Oise,France,whea,429.9,90.17,0.2097
FRA-5332,Orne,France,barl,127.8,30.21,0.2363
FRA-5332,Orne,France,maiz,67.1,9.25,0.1379
FRA-5332,Orne,France,pota,24.1,0.44,0.0181
FRA-5332,Orne,France,rape,53.7,27.12,0.505
FRA-5332,Orne,France,sorg,1.5,0.23,0.1513
FRA-5332,Orne,France,whea,576.7,182.56,0.3166
FRA-5301,Haute-Saône,France,barl,84.3,18.77,0.2227
FRA-5301,Haute-Saône,France,maiz,101.0,11.41,0.113
FRA-5301,Haute-Saône,France,pota,6.0,0.12,0.0193
FRA-5301,Haute-Saône,France,rape,32.1,15.28,0.476
FRA-5301,Haute-Saône,France,sorg,1.1,0.25,0.2239
FRA-5301,Haute-Saône,France,soyb,13.7,6.05,0.4414
FRA-5301,Haute-Saône,France,whea,304.1,78.21,0.2572
FRA-5339,Saône-et-Loire,France,barl,323.9,62.74,0.1937
FRA-5339,Saône-et-Loire,France,maiz,145.2,15.9,0.1095
FRA-5339,Saône-et-Loire,France,pota,5.4,0.08,0.0147
FRA-5339,Saône-et-Loire,France,rape,66.0,28.35,0.4295
FRA-5339,Saône-et-Loire,France,sorg,7.2,1.57,0.2171
FRA-5339,Saône-et-Loire,France,soyb,18.6,8.03,0.4313
FRA-5339,Saône-et-Loire,France,whea,757.2,176.2,0.2327
FRA-5285,Deux-Sèvres,France,barl,202.4,36.14,0.1785
FRA-5285,Deux-Sèvres,France,maiz,248.1,24.18,0.0974
FRA-5285,Deux-Sèvres,France,pota,4.1,0.06,0.0136
FRA-5285,Deux-Sèvres,France,rape,69.7,27.05,0.388
FRA-5285,Deux-Sèvres,France,sorg,11.1,2.23,0.2009
FRA-5285,Deux-Sèvres,France,soyb,2.3,0.88,0.3894
FRA-5285,Deux-Sèvres,France,whea,575.8,120.11,0.2086
FRA-5354,Vienne,France,barl,225.3,32.55,0.1445
FRA-5354,Vienne,France,maiz,278.8,21.23,0.0761
FRA-5354,Vienne,France,pota,12.1,0.12,0.0099
FRA-5354,Vienne,France,rape,75.9,25.0,0.3295
FRA-5354,Vienne,France,sorg,12.4,1.96,0.1578
FRA-5354,Vienne,France,soyb,2.4,0.75,0.3113
FRA-5354,Vienne,France,whea,602.9,109.78,0.1821
FRA-5356,Yonne,France,barl,287.7,32.84,0.1142
FRA-5356,Yonne,France,maiz,101.7,6.64,0.0654
FRA-5356,Yonne,France,pota,15.4,0.4,0.0258
FRA-5356,Yonne,France,rape,62.1,15.39,0.2479
FRA-5356,Yonne,France,sorg,6.3,0.68,0.1076
FRA-5356,Yonne,France,soyb,12.1,2.45,0.2022
FRA-5356,Yonne,France,whea,610.1,77.07,0.1263
FRA-5289,Essonne,France,barl,71.3,7.26,0.1019
FRA-5289,Essonne,France,maiz,77.7,5.82,0.0749
FRA-5289,Essonne,France,pota,85.8,1.75,0.0205
FRA-5289,Essonne,France,rape,22.9,4.6,0.2012
FRA-5289,Essonne,France,sorg,1.0,0.15,0.1446
FRA-5289,Essonne,France,whea,96.7,11.2,0.1159
FRA-5342,Seien-et-Marne,France,barl,266.2,20.51,0.077
FRA-5342,Seien-et-Marne,France,maiz,191.5,7.53,0.0393
FRA-5342,Seien-et-Marne,France,pota,27.2,0.23,0.0084
FRA-5342,Seien-et-Marne,France,rape,82.8,13.25,0.1601
FRA-5342,Seien-et-Marne,France,sorg,2.7,0.22,0.0821
FRA-5342,Seien-et-Marne,France,soyb,2.9,0.43,0.1512
FRA-5342,Seien-et-Marne,France,whea,376.4,34.44,0.0915
PHL-5538,Angeles,Philippines,maiz,11.3,2.55,0.2246
PHL-5538,Angeles,Philippines,rice,36.0,144.99,4.0263
PHL-5538,Angeles,Philippines,sugc,44.3,1.41,0.0317
PHL-5539,Baguio,Philippines,pota,1.4,0.05,0.0331
PHL-5539,Baguio,Philippines,rice,16.6,30.0,1.8114
GBR-5674,Leeds,United Kingdom,barl,58.5,17.24,0.2948
GBR-5674,Leeds,United Kingdom,pota,43.4,2.88,0.0663
GBR-5674,Leeds,United Kingdom,rape,8.7,8.57,0.9817
GBR-5674,Leeds,United Kingdom,whea,39.8,20.69,0.5199
GBR-5673,Bradford,United Kingdom,barl,25.3,28.24,1.1162
GBR-5673,Bradford,United Kingdom,pota,17.4,3.45,0.1975
GBR-5673,Bradford,United Kingdom,rape,4.0,12.55,3.1154
GBR-5673,Bradford,United Kingdom,whea,17.5,25.41,1.4527
GBR-5675,Wakefield,United Kingdom,barl,37.3,8.54,0.2288
GBR-5675,Wakefield,United Kingdom,pota,22.9,1.06,0.0463
GBR-5675,Wakefield,United Kingdom,rape,5.5,4.45,0.8073
GBR-5675,Wakefield,United Kingdom,whea,25.4,11.28,0.445
GBR-5678,Bolton,United Kingdom,barl,6.0,6.55,1.0988
GBR-5678,Bolton,United Kingdom,pota,6.7,1.32,0.1963
GBR-5678,Bolton,United Kingdom,whea,15.6,22.37,1.4373
GBR-5685,Trafford,United Kingdom,barl,7.0,6.46,0.9182
GBR-5685,Trafford,United Kingdom,pota,7.2,1.17,0.1625
GBR-5685,Trafford,United Kingdom,whea,17.9,22.0,1.2317
GBR-5680,Rochdale,United Kingdom,barl,1.4,1.16,0.8324
GBR-5680,Rochdale,United Kingdom,pota,1.4,0.21,0.1486
GBR-5680,Rochdale,United Kingdom,whea,3.6,4.07,1.1348
GBR-5696,Coventry,United Kingdom,barl,18.3,3.82,0.2094
GBR-5696,Coventry,United Kingdom,pota,15.0,0.86,0.0574
GBR-5696,Coventry,United Kingdom,rape,4.2,3.16,0.7478
GBR-5696,Coventry,United Kingdom,whea,22.6,9.3,0.4118
GBR-5693,Wolverhampton,United Kingdom,barl,10.5,2.78,0.2658
GBR-5693,Wolverhampton,United Kingdom,pota,10.9,0.8,0.0733
GBR-5693,Wolverhampton,United Kingdom,rape,2.4,2.22,0.909
GBR-5693,Wolverhampton,United Kingdom,whea,12.8,6.28,0.4885
LVA-5720,Durbes,Latvia,barl,6.2,6.49,1.0528
LVA-5720,Durbes,Latvia,pota,3.5,0.65,0.1882
LVA-5720,Durbes,Latvia,rape,9.5,12.87,1.353
LVA-5720,Durbes,Latvia,whea,60.4,50.15,0.8297
LVA-5762,Incukalna,Latvia,barl,1.3,1.78,1.3829
LVA-5762,Incukalna,Latvia,rape,2.1,3.66,1.7502
LVA-5762,Incukalna,Latvia,whea,12.2,12.99,1.0632
LVA-5754,Ādaži,Latvia,rape,1.1,3.35,3.0144
LVA-5754,Ādaži,Latvia,whea,4.8,8.66,1.8236
LVA-5789,Ligatnes,Latvia,whea,3.5,1.88,0.5365
ESP-5839,Palencia,Spain,barl,377.8,38.92,0.103
ESP-5839,Palencia,Spain,maiz,207.4,15.79,0.0762
ESP-5839,Palencia,Spain,pota,63.6,1.55,0.0244
ESP-5839,Palencia,Spain,rape,7.2,1.49,0.206
ESP-5839,Palencia,Spain,whea,187.3,24.69,0.1318
ESP-5816,Ciudad Real,Spain,barl,695.7,35.87,0.0516
ESP-5816,Ciudad Real,Spain,maiz,92.1,3.19,0.0346
ESP-5816,Ciudad Real,Spain,pota,23.8,0.3,0.0127
ESP-5816,Ciudad Real,Spain,rape,6.2,0.62,0.0997
ESP-5816,Ciudad Real,Spain,whea,294.3,19.56,0.0665
ESP-5817,Córdoba,Spain,barl,118.3,13.88,0.1173
ESP-5817,Córdoba,Spain,cott,30.5,14.12,0.4636
ESP-5817,Córdoba,Spain,maiz,14.6,1.34,0.0924
ESP-5817,Córdoba,Spain,pota,45.3,1.3,0.0287
ESP-5817,Córdoba,Spain,rape,2.5,0.62,0.2468
ESP-5817,Córdoba,Spain,rice,27.2,24.57,0.9037
ESP-5817,Córdoba,Spain,sorg,2.4,0.39,0.1644
ESP-5817,Córdoba,Spain,whea,286.9,46.86,0.1633
ESP-5822,Guadalajara,Spain,barl,536.1,26.31,0.0491
ESP-5822,Guadalajara,Spain,maiz,2.5,0.13,0.0543
ESP-5822,Guadalajara,Spain,pota,4.2,0.05,0.0107
ESP-5822,Guadalajara,Spain,rape,5.3,0.51,0.0955
ESP-5822,Guadalajara,Spain,whea,217.8,12.94,0.0594
ESP-5826,Jaén,Spain,barl,127.7,14.05,0.11
ESP-5826,Jaén,Spain,cott,37.7,17.65,0.4683
ESP-5826,Jaén,Spain,maiz,31.9,2.81,0.0883
ESP-5826,Jaén,Spain,pota,64.8,1.86,0.0287
ESP-5826,Jaén,Spain,rape,1.8,0.4,0.2257
ESP-5826,Jaén,Spain,rice,57.0,50.25,0.8815
ESP-5826,Jaén,Spain,sorg,1.9,0.31,0.1605
ESP-5826,Jaén,Spain,whea,212.9,33.22,0.1561
ESP-5833,Madrid,Spain,barl,247.6,25.79,0.1042
ESP-5833,Madrid,Spain,maiz,50.8,3.94,0.0775
ESP-5833,Madrid,Spain,pota,20.7,0.51,0.0245
ESP-5833,Madrid,Spain,rape,4.4,0.96,0.2167
ESP-5833,Madrid,Spain,whea,25.1,2.02,0.0803
ESP-5843,Segovia,Spain,barl,291.6,41.38,0.1419
ESP-5843,Segovia,Spain,maiz,34.6,4.56,0.1319
ESP-5843,Segovia,Spain,pota,32.4,1.07,0.0329
ESP-5843,Segovia,Spain,rape,6.3,1.68,0.2662
ESP-5843,Segovia,Spain,whea,146.7,24.8,0.169
ESP-5850,Valladolid,Spain,barl,264.1,29.02,0.1099
ESP-5850,Valladolid,Spain,maiz,308.7,24.85,0.0805
ESP-5850,Valladolid,Spain,pota,76.7,2.04,0.0266
ESP-5850,Valladolid,Spain,rape,4.2,0.87,0.2061
ESP-5850,Valladolid,Spain,whea,123.8,16.72,0.1351
MDG-5874,Ihorombe,Madagascar,rice,51.7,56.37,1.0907
MDG-5874,Ihorombe,Madagascar,sugc,14.4,0.54,0.0373
MDG-5873,Haute Matsiatra,Madagascar,cott,1.1,0.39,0.3717
MDG-5873,Haute Matsiatra,Madagascar,grou,2.2,0.79,0.3525
MDG-5873,Haute Matsiatra,Madagascar,maiz,5.9,1.02,0.1715
MDG-5873,Haute Matsiatra,Madagascar,pota,18.4,1.08,0.0588
MDG-5873,Haute Matsiatra,Madagascar,rice,310.0,450.24,1.4522
MDG-5873,Haute Matsiatra,Madagascar,sugc,20.1,0.41,0.0204
MDG-5875,Itasy,Madagascar,grou,2.1,0.83,0.4005
MDG-5875,Itasy,Madagascar,maiz,10.9,1.56,0.1427
MDG-5875,Itasy,Madagascar,pota,31.0,1.84,0.0593
MDG-5875,Itasy,Madagascar,rice,550.1,1488.63,2.7064
MDG-5875,Itasy,Madagascar,sugc,9.1,0.4,0.044
