m49,country,commodity,production_kt,emissions_total_kt,ef_total_kgCO2e_per_kg,ef_fer_kgCO2e_per_kg,ef_man_kgCO2e_per_kg,ef_res_kgCO2e_per_kg,ef_rice_kgCO2e_per_kg,ef_peat_kgCO2e_per_kg,ef_urea_kgCO2e_per_kg,ef_burn_kgCO2e_per_kg,ef_soil_kgCO2e_per_kg,ef_ent_kgCO2e_per_kg,ef_mms_kgCO2e_per_kg,ef_prp_kgCO2e_per_kg,feed_emissions_kt,ef_feed_kgCO2e_per_kg,ef_with_feed_kgCO2e_per_kg
0,,barl,1504.9,811.27,0.5391,0.1,0.0585,0.0175,0.0,0.3375,0.007,0.0007,0.0179,,,,,,
0,,bcat,571.7,14723.35,25.7554,,,,,,,,,19.4275,2.0503,4.2776,0.0,0.0,25.7554
0,,bean,213.4,236.34,1.1077,0.2382,0.0923,0.0305,0.0,0.6979,0.0364,0.0096,0.0029,,,,,,
0,,buff,242.7,1735.75,7.1507,,,,,,,,,5.5733,0.7573,0.82,0.0,0.0,7.1507
0,,cass,4893.2,519.09,0.1061,0.009,0.0038,0.0058,0.0,0.0854,0.0012,0.0005,0.0004,,,,,,
0,,coco,125.8,795.06,6.3216,0.5834,0.1327,0.0,0.0,5.5196,0.0859,0.0,0.0,,,,,,
0,,coff,31.5,115.08,3.6499,0.7973,0.2276,0.0,0.0,2.5265,0.0984,0.0,0.0,,,,,,
0,,cott,210.2,158.5,0.7539,0.3417,0.0181,0.0296,0.0,0.2616,0.0679,0.0033,0.0317,,,,,,
0,,dcat,8470.5,5917.11,0.6986,,,,,,,,,0.5192,0.097,0.0824,0.0,0.0,0.6986
0,,goat,340.9,1854.32,5.4397,,,,,,,,,3.1757,0.1361,2.1279,0.0,0.0,5.4397
0,,grou,615.2,351.83,0.5719,0.08,0.0469,0.0228,0.0,0.4049,0.0118,0.0036,0.0018,,,,,,
0,,maiz,4591.1,2267.47,0.4939,0.1389,0.0216,0.0102,0.0,0.2992,0.0193,0.0023,0.0023,,,,,,
0,,oilp,19998.7,12653.68,0.6327,0.0249,0.0024,0.0,0.0,0.6017,0.0038,0.0,0.0,,,,,,
0,,olvs,59.7,536.14,8.9867,,,,,,,,,6.5567,0.4738,1.9561,0.0,0.0,8.9867
0,,pigs,1414.3,2343.33,1.6568,,,,,,,,,0.2821,1.3747,0.0,0.0,0.0,1.6568
0,,pota,3431.2,401.14,0.1169,0.0414,0.0057,0.0032,0.0,0.0589,0.0056,0.0001,0.002,,,,,,
0,,poul,3725.8,1699.78,0.4562,,,,,,,,,0.0,0.1665,0.2898,0.0,0.0,0.4562
0,,rape,297.6,263.34,0.885,0.2774,0.0877,0.0178,0.0,0.4664,0.0199,0.0015,0.0142,,,,,,
0,,rcof,69.3,223.9,3.2295,0.7318,0.1518,0.0,0.0,2.2463,0.0996,0.0,0.0,,,,,,
0,,rice,14417.2,18269.92,1.2672,0.0708,0.02,0.0071,0.9097,0.2297,0.0262,0.002,0.0018,,,,,,
0,,rubb,442.6,1685.28,3.8079,0.2429,0.0586,0.0,0.0,3.4771,0.0294,0.0,0.0,,,,,,
0,,shee,307.1,2369.09,7.7131,,,,,,,,,5.1711,0.2233,2.3188,0.0,0.0,7.7131
0,,sorg,192.1,146.07,0.7604,0.0831,0.0145,0.0124,0.0,0.6138,0.0276,0.0081,0.001,,,,,,
0,,soyb,448.1,475.92,1.062,0.09,0.036,0.0217,0.0,0.8944,0.0122,0.0057,0.002,,,,,,
0,,sugc,26609.4,941.2,0.0354,0.0117,0.0013,0.0032,0.0,0.0167,0.0015,0.0003,0.0006,,,,,,
0,,whea,3480.6,1566.8,0.4502,0.1402,0.0452,0.0143,0.0,0.2256,0.0125,0.0016,0.0107,,,,,,
4,Afghanistan,barl,103.5,12.54,0.1212,0.0164,0.0708,0.0272,0.0,0.0,0.0067,0.0,0.0,,,,,,
4,Afghanistan,bcat,64.5,1605.59,24.8914,,,,,,,,,21.0906,1.7955,2.0054,6.77,0.1049,24.9964
4,Afghanistan,bean,27.5,0.61,0.0223,0.0098,0.0077,0.0008,0.0,0.0,0.0039,0.0,0.0,,,,,,
4,Afghanistan,buff,4.1,8.57,2.0845,,,,,,,,,1.7211,0.1737,0.1898,0.0,0.0,2.0845
4,Afghanistan,cott,127.0,21.13,0.1664,0.0973,0.0176,0.0163,0.0,0.0,0.0353,0.0,0.0,,,,,,
4,Afghanistan,dcat,1943.6,6995.29,3.5992,,,,,,,,,2.8757,0.2616,0.4618,15.17,0.0078,3.607
4,Afghanistan,goat,165.8,1786.4,10.7766,,,,,,,,,6.4602,0.2225,4.094,3.05,0.0184,10.795
4,Afghanistan,maiz,261.6,16.52,0.0631,0.0216,0.0236,0.0092,0.0,0.0,0.0087,0.0,0.0,,,,,,
4,Afghanistan,olvs,11.1,689.36,62.3659,,,,,,,,,42.2807,2.668,17.4172,0.12,0.011,62.3769
4,Afghanistan,pota,922.9,13.25,0.0144,0.0061,0.0029,0.0031,0.0,0.0,0.0024,0.0,0.0,,,,,,
4,Afghanistan,poul,50.2,42.59,0.848,,,,,,,,,0.0,0.2442,0.6037,2.7,0.0538,0.9017
4,Afghanistan,rice,621.6,377.61,0.6075,0.0102,0.0082,0.0056,0.5788,0.0,0.0048,0.0,0.0,,,,,,
4,Afghanistan,shee,276.6,2679.89,9.6892,,,,,,,,,6.4849,0.3423,2.862,7.13,0.0258,9.7149
4,Afghanistan,sugc,121.2,1.37,0.0113,0.0056,0.0007,0.0023,0.0,0.0,0.0027,0.0,0.0,,,,,,
4,Afghanistan,whea,5152.3,460.24,0.0893,0.0405,0.0187,0.0131,0.0,0.0,0.017,0.0,0.0,,,,,,
8,Albania,barl,23.3,2.17,0.093,0.0327,0.0152,0.0097,0.0,0.0113,0.0082,0.0027,0.0132,,,,,,
8,Albania,bcat,24.5,101.29,4.1287,,,,,,,,,3.1536,0.6259,0.3491,9.94,0.4051,4.5338
8,Albania,bean,22.7,8.94,0.3931,0.0695,0.0457,0.0198,0.0,0.21,0.015,0.0116,0.0216,,,,,,
8,Albania,dcat,701.9,936.35,1.334,,,,,,,,,0.9721,0.2938,0.0681,32.6,0.0464,1.3804
8,Albania,goat,69.5,137.38,1.9764,,,,,,,,,1.0806,0.0413,0.8545,7.32,0.1053,2.0816
8,Albania,maiz,391.3,61.66,0.1576,0.0377,0.0125,0.0083,0.0,0.0775,0.0074,0.0031,0.0111,,,,,,
8,Albania,pigs,5.6,29.35,5.2612,,,,,,,,,0.8256,4.4356,0.0,3.08,0.5529,5.8141
8,Albania,pota,262.9,12.12,0.0461,0.0132,0.0036,0.003,0.0,0.0197,0.0025,0.0004,0.0038,,,,,,
8,Albania,poul,62.1,28.05,0.4518,,,,,,,,,0.0,0.4403,0.0115,16.5,0.2658,0.7176
8,Albania,shee,75.6,348.14,4.6045,,,,,,,,,3.2342,0.1583,1.212,9.31,0.1232,4.7277
8,Albania,whea,172.7,67.16,0.389,0.1773,0.0313,0.0168,0.0,0.0928,0.0386,0.0092,0.0231,,,,,,
12,Algeria,barl,984.7,96.28,0.0978,0.0097,0.0619,0.0218,0.0,0.0,0.0026,0.0015,0.0003,,,,,,
12,Algeria,bcat,131.2,1053.84,8.0315,,,,,,,,,5.3024,0.196,2.5332,10.15,0.0774,8.1089
12,Algeria,dcat,2394.0,1681.59,0.7024,,,,,,,,,0.4803,0.0136,0.2086,19.83,0.0083,0.7107
12,Algeria,goat,350.4,1146.5,3.2719,,,,,,,,,1.9136,0.0697,1.2886,6.94,0.0198,3.2917
12,Algeria,grou,15.1,1.57,0.1035,0.0516,0.0226,0.0142,0.0,0.0,0.0128,0.002,0.0003,,,,,,
12,Algeria,maiz,8.9,1.09,0.1228,0.084,0.0139,0.0035,0.0,0.0,0.021,0.0002,0.0002,,,,,,
12,Algeria,olvs,28.5,624.25,21.9347,,,,,,,,,17.4748,0.823,3.6369,0.35,0.0121,21.9468
12,Algeria,pota,4506.4,83.45,0.0185,0.0118,0.0017,0.0021,0.0,0.0,0.0028,0.0001,0.0,,,,,,
12,Algeria,poul,770.9,882.35,1.1445,,,,,,,,,0.0,0.1866,0.9579,47.26,0.0613,1.2058
12,Algeria,rape,22.5,3.33,0.1479,0.0684,0.048,0.0115,0.0,0.0,0.018,0.0019,0.0001,,,,,,
12,Algeria,shee,894.1,6708.06,7.5024,,,,,,,,,4.7677,0.1758,2.5589,21.76,0.0243,7.5268
12,Algeria,whea,2962.3,178.04,0.0601,0.0077,0.0366,0.0122,0.0,0.0,0.002,0.0012,0.0003,,,,,,
20,,dcat,2.7,1.57,0.5745,,,,,,,,,0.4263,0.1186,0.0296,0.0,0.0,0.5745
24,Angola,bcat,108.5,6029.31,55.5886,,,,,,,,,36.4075,1.5213,17.6598,71.98,0.6636,56.2522
24,Angola,bean,366.6,107.34,0.2928,0.039,0.0533,0.0495,0.0,0.1055,0.0024,0.0431,0.0,,,,,,
24,Angola,cass,11982.1,249.68,0.0208,0.0008,0.0012,0.006,0.0,0.0102,0.0,0.0026,0.0,,,,,,
24,Angola,cott,2.8,0.71,0.2505,0.0241,0.024,0.0391,0.0,0.1122,0.0,0.0511,0.0,,,,,,
24,Angola,dcat,223.0,822.9,3.6898,,,,,,,,,2.5049,0.0802,1.1047,17.75,0.0796,3.7693
24,Angola,goat,11.5,742.23,64.6867,,,,,,,,,37.502,1.5444,25.6403,2.83,0.2467,64.9334
24,Angola,grou,251.4,83.08,0.3305,0.0054,0.0293,0.0658,0.0,0.145,0.0001,0.0849,0.0,,,,,,
24,Angola,maiz,3359.5,476.2,0.1417,0.0176,0.0194,0.021,0.0,0.0653,0.0011,0.0172,0.0001,,,,,,
24,Angola,oilp,281.6,2.55,0.009,0.0,0.009,0.0,0.0,0.0,0.0,0.0,0.0,,,,,,
24,Angola,pigs,156.2,568.37,3.6377,,,,,,,,,0.5091,3.1286,0.0,106.36,0.6807,4.3184
24,Angola,pota,530.0,16.56,0.0313,0.0093,0.0049,0.0065,0.0,0.0073,0.0005,0.0027,0.0,,,,,,
24,Angola,poul,169.9,170.82,1.0052,,,,,,,,,0.0,0.1741,0.8311,60.68,0.3571,1.3623
24,Angola,rcof,11.1,4.66,0.4213,0.1907,0.0144,0.0,0.0,0.2054,0.0108,0.0,0.0,,,,,,
24,Angola,rice,46.0,16.93,0.3682,0.0028,0.0078,0.0062,0.3175,0.0116,0.0003,0.022,0.0,,,,,,
24,Angola,shee,1.2,73.06,58.6104,,,,,,,,,36.9332,1.5477,20.1296,0.99,0.7979,59.4083
24,Angola,sorg,37.8,30.45,0.8056,0.0155,0.2134,0.0568,0.0,0.4005,0.0012,0.1163,0.0018,,,,,,
24,Angola,soyb,45.1,5.15,0.1142,0.0103,0.0353,0.032,0.0,0.0159,0.0,0.0207,0.0,,,,,,
24,Angola,sugc,1285.2,6.83,0.0053,0.0012,0.0006,0.0026,0.0,0.0004,0.0001,0.0004,0.0,,,,,,
24,Angola,whea,45.6,0.67,0.0146,0.0046,0.0036,0.002,0.0,0.0023,0.0,0.0014,0.0007,,,,,,
31,Azerbaijan,barl,1054.4,114.15,0.1083,0.0407,0.0451,0.0189,0.0,0.0,0.0009,0.0023,0.0004,,,,,,
31,Azerbaijan,bcat,139.1,1489.63,10.7116,,,,,,,,,6.773,0.2859,3.6527,88.41,0.6357,11.3473
31,Azerbaijan,bean,4.2,1.45,0.3462,0.0586,0.2501,0.0226,0.0,0.0,0.0017,0.0126,0.0005,,,,,,
31,Azerbaijan,buff,1.5,12.67,8.3373,,,,,,,,,6.8662,0.6196,0.8515,0.0,0.0,8.3373
31,Azerbaijan,cott,235.0,69.81,0.2971,0.1808,0.0655,0.0382,0.0,0.0,0.0032,0.0093,0.0,,,,,,
31,Azerbaijan,dcat,2210.0,2275.71,1.0297,,,,,,,,,0.6554,0.0335,0.3409,155.48,0.0704,1.1001
31,Azerbaijan,goat,5.1,124.98,24.3077,,,,,,,,,14.2382,0.3298,9.7397,0.88,0.1712,24.4789
31,Azerbaijan,maiz,296.6,12.64,0.0426,0.023,0.0104,0.0074,0.0,0.0,0.0004,0.001,0.0004,,,,,,
31,Azerbaijan,pota,996.5,21.6,0.0217,0.0102,0.0074,0.0033,0.0,0.0,0.0006,0.0002,0.0001,,,,,,
31,Azerbaijan,poul,262.0,127.71,0.4874,,,,,,,,,0.0,0.0702,0.4172,113.67,0.4338,0.9212
31,Azerbaijan,rape,2.1,0.14,0.0683,0.0215,0.0185,0.017,0.0,0.0,0.0084,0.0011,0.0019,,,,,,
31,Azerbaijan,rice,17.7,17.23,0.975,0.0372,0.0291,0.0064,0.8991,0.0,0.0016,0.0015,0.0002,,,,,,
31,Azerbaijan,shee,114.9,1458.17,12.693,,,,,,,,,8.1112,0.1731,4.4087,24.17,0.2104,12.9034
31,Azerbaijan,soyb,12.4,0.53,0.0425,0.0062,0.0155,0.0165,0.0,0.0,0.0024,0.0011,0.0009,,,,,,
31,Azerbaijan,whea,1957.6,246.37,0.1259,0.0683,0.0374,0.0144,0.0,0.0,0.0016,0.0037,0.0005,,,,,,
32,Argentina,barl,5073.6,445.44,0.0878,0.0501,0.0015,0.0114,0.0,0.0037,0.021,0.0001,0.0,,,,,,
32,Argentina,bcat,3169.5,102381.0,32.3023,,,,,,,,,25.0294,0.4707,6.8022,1987.93,0.6272,32.9295
32,Argentina,bean,475.8,42.94,0.0902,0.036,0.0046,0.0248,0.0,0.0029,0.0105,0.0114,0.0,,,,,,
32,Argentina,cass,231.5,14.85,0.0642,0.0309,0.0027,0.0054,0.0,0.0215,0.0034,0.0003,0.0,,,,,,
32,Argentina,cott,1269.0,62.33,0.0491,0.0115,0.0025,0.025,0.0,0.0066,0.0019,0.0016,0.0,,,,,,
32,Argentina,dcat,10887.1,3478.21,0.3195,,,,,,,,,0.2759,0.0065,0.0371,837.86,0.077,0.3964
32,Argentina,goat,2.5,342.13,136.6233,,,,,,,,,80.169,2.7791,53.6752,1.42,0.5673,137.1905
32,Argentina,grou,1483.0,149.48,0.1008,0.0577,0.0017,0.0167,0.0,0.0,0.0245,0.0003,0.0,,,,,,
32,Argentina,maiz,57660.9,3181.45,0.0552,0.0309,0.0013,0.0073,0.0,0.0055,0.01,0.0002,0.0,,,,,,
32,Argentina,olvs,9.2,875.22,94.9917,,,,,,,,,59.9756,5.316,29.7001,2.11,0.2291,95.2208
32,Argentina,pigs,785.3,707.71,0.9012,,,,,,,,,0.1841,0.7171,0.0,466.02,0.5934,1.4946
32,Argentina,pota,2116.5,34.76,0.0164,0.0088,0.0003,0.003,0.0,0.0007,0.0034,0.0002,0.0,,,,,,
32,Argentina,poul,3217.9,357.2,0.111,,,,,,,,,0.0,0.0388,0.0722,1573.3,0.4889,0.5999
32,Argentina,rape,45.1,69.53,1.5425,0.0593,0.0684,0.0147,0.0,1.3874,0.0121,0.0006,0.0,,,,,,
32,Argentina,rice,1642.9,1349.08,0.8212,0.0423,0.0057,0.0086,0.6303,0.12,0.0125,0.0017,0.0,,,,,,
32,Argentina,shee,30.8,2536.27,82.2822,,,,,,,,,52.4889,1.4996,28.2937,11.19,0.363,82.6452
32,Argentina,sorg,2495.4,117.15,0.0469,0.0131,0.004,0.0114,0.0,0.0149,0.0029,0.0007,0.0,,,,,,
32,Argentina,soyb,48385.6,2328.54,0.0481,0.0003,0.0043,0.0151,0.0,0.0279,0.0,0.0005,0.0,,,,,,
32,Argentina,sugc,12287.5,141.64,0.0115,0.0044,0.0003,0.0017,0.0,0.0037,0.001,0.0005,0.0,,,,,,
32,Argentina,whea,18511.8,3533.59,0.1909,0.1232,0.0035,0.0137,0.0,0.0144,0.0357,0.0004,0.0,,,,,,
36,Australia,barl,13238.5,3308.61,0.2499,0.1589,0.001,0.0212,0.0,0.0051,0.0592,0.0031,0.0013,,,,,,
36,Australia,bcat,2544.1,60963.03,23.9621,,,,,,,,,16.9769,1.0677,5.9175,2382.09,0.9363,24.8984
36,Australia,bean,218.4,77.47,0.3547,0.0007,0.0598,0.0169,0.0,0.2606,0.0002,0.0152,0.0013,,,,,,
36,Australia,cott,2397.0,145.57,0.0607,0.0316,0.0003,0.0188,0.0,0.0,0.0083,0.0014,0.0004,,,,,,
36,Australia,dcat,8550.7,6450.95,0.7544,,,,,,,,,0.4794,0.151,0.124,1189.9,0.1392,0.8936
36,Australia,goat,28.9,728.15,25.1717,,,,,,,,,13.0232,0.4937,11.6547,4.64,0.1604,25.332
36,Australia,grou,13.1,3.72,0.2842,0.0217,0.2241,0.0276,0.0,0.0,0.0,0.0106,0.0002,,,,,,
36,Australia,maiz,439.0,59.64,0.1358,0.057,0.0045,0.0084,0.0,0.0466,0.016,0.0022,0.0012,,,,,,
36,Australia,olvs,13.8,181.61,13.1459,,,,,,,,,8.0311,0.9887,4.1261,5.18,0.3751,13.5211
36,Australia,pigs,461.5,1173.32,2.5426,,,,,,,,,0.2386,2.304,0.0,532.16,1.1532,3.6957
36,Australia,pota,1393.0,154.09,0.1106,0.0369,0.0016,0.0029,0.0,0.0593,0.009,0.0007,0.0002,,,,,,
36,Australia,poul,1675.2,180.58,0.1078,,,,,,,,,0.0,0.0988,0.009,1389.25,0.8293,0.9371
36,Australia,rape,6381.2,1322.15,0.2072,0.1272,0.0012,0.0151,0.0,0.0098,0.0472,0.0059,0.0009,,,,,,
36,Australia,rice,615.4,396.23,0.6439,0.0041,0.0002,0.0027,0.6344,0.0,0.0016,0.0003,0.0005,,,,,,
36,Australia,shee,905.5,26231.56,28.9698,,,,,,,,,18.1755,0.603,10.1913,245.77,0.2714,29.2412
36,Australia,sorg,2427.2,137.98,0.0568,0.0336,0.0009,0.0111,0.0,0.0003,0.0097,0.0008,0.0003,,,,,,
36,Australia,soyb,57.8,30.48,0.5274,0.0054,0.0004,0.0096,0.0,0.504,0.0011,0.0062,0.0006,,,,,,
36,Australia,sugc,28392.7,404.79,0.0143,0.0062,0.0001,0.0066,0.0,0.0004,0.0008,0.0002,0.0,,,,,,
36,Australia,whea,34057.2,2697.73,0.0792,0.0405,0.0009,0.0129,0.0,0.0063,0.015,0.003,0.0006,,,,,,
40,Austria,barl,706.1,200.53,0.284,0.1082,0.0296,0.0197,0.0,0.1132,0.0034,0.0007,0.0091,,,,,,
40,Austria,bcat,194.1,2498.69,12.8723,,,,,,,,,10.1237,1.6518,1.0968,111.46,0.5742,13.4464
40,Austria,dcat,3904.0,2099.98,0.5379,,,,,,,,,0.4087,0.1011,0.028,227.21,0.0582,0.5961
40,Austria,goat,25.7,21.87,0.8497,,,,,,,,,0.4691,0.0161,0.3645,3.54,0.1377,0.9873
40,Austria,maiz,1948.9,359.42,0.1844,0.0772,0.024,0.0097,0.0,0.0651,0.0023,0.0004,0.0057,,,,,,
40,Austria,pigs,436.7,587.29,1.345,,,,,,,,,0.2479,1.0971,0.0,291.08,0.6666,2.0116
40,Austria,pota,644.8,20.48,0.0318,0.0138,0.0038,0.0034,0.0,0.0089,0.0005,0.0,0.0012,,,,,,
40,Austria,rape,75.4,64.23,0.8516,0.2583,0.0578,0.0242,0.0,0.4861,0.0117,0.002,0.0115,,,,,,
40,Austria,shee,17.5,116.38,6.6426,,,,,,,,,4.7045,0.2094,1.7287,3.06,0.1745,6.8172
40,Austria,sorg,33.8,6.62,0.1961,0.0652,0.021,0.011,0.0,0.0918,0.0022,0.0,0.0049,,,,,,
40,Austria,soyb,233.1,99.76,0.428,0.0652,0.0455,0.0144,0.0,0.2932,0.0022,0.0009,0.0066,,,,,,
40,Austria,whea,1538.6,489.57,0.3182,0.1365,0.03,0.0142,0.0,0.127,0.0039,0.0007,0.0059,,,,,,
44,Bahamas,poul,4.3,5.22,1.2264,,,,,,,,,0.0,0.4689,0.7575,1.91,0.4492,1.6755
44,Bahamas,sugc,63.9,17.35,0.2717,0.0014,0.0001,0.0025,0.0,0.2668,0.0008,0.0,0.0,,,,,,
50,Bangladesh,bcat,193.0,13754.42,71.2554,,,,,,,,,60.5113,4.9911,5.7531,105.99,0.5491,71.8045
50,Bangladesh,bean,82.9,69.8,0.8419,0.1328,0.1409,0.0232,0.0,0.5256,0.0193,0.0001,0.0,,,,,,
50,Bangladesh,buff,389.1,2539.2,6.5261,,,,,,,,,5.3767,0.542,0.6073,48.57,0.1248,6.6509
50,Bangladesh,cass,6.5,1.28,0.1965,0.0154,0.0321,0.0079,0.0,0.1391,0.002,0.0,0.0,,,,,,
50,Bangladesh,cott,59.3,34.35,0.5797,0.1885,0.0686,0.0318,0.0,0.2619,0.0287,0.0002,0.0,,,,,,
50,Bangladesh,dcat,13606.3,16764.34,1.2321,,,,,,,,,0.9816,0.0881,0.1624,596.65,0.0439,1.276
50,Bangladesh,goat,1294.9,6084.51,4.699,,,,,,,,,2.7637,0.1418,1.7935,138.0,0.1066,4.8056
50,Bangladesh,grou,69.0,65.11,0.9432,0.3015,0.0638,0.0236,0.0,0.508,0.0463,0.0,0.0,,,,,,
50,Bangladesh,maiz,4500.3,905.66,0.2012,0.1051,0.0158,0.0074,0.0,0.0567,0.0162,0.0,0.0,,,,,,
50,Bangladesh,pigs,4.9,21.59,4.4156,,,,,,,,,0.6419,3.7737,0.0,0.0,0.0,4.4156
50,Bangladesh,pota,10865.2,1609.16,0.1481,0.0962,0.0073,0.0031,0.0,0.0266,0.0149,0.0,0.0,,,,,,
50,Bangladesh,poul,1558.6,1284.87,0.8244,,,,,,,,,0.0,0.2628,0.5616,511.23,0.328,1.1524
50,Bangladesh,rape,692.5,502.54,0.7257,0.3288,0.0759,0.0145,0.0,0.2561,0.0502,0.0002,0.0,,,,,,
50,Bangladesh,rice,58743.3,43917.62,0.7476,0.0774,0.0238,0.0085,0.5023,0.1104,0.0252,0.0001,0.0,,,,,,
50,Bangladesh,rubb,24.5,433.07,17.6902,7.8543,1.0616,0.0,0.0,7.5508,1.2234,0.0,0.0,,,,,,
50,Bangladesh,shee,77.8,723.21,9.2931,,,,,,,,,6.1147,0.415,2.7634,10.51,0.135,9.4281
50,Bangladesh,soyb,100.9,144.04,1.4271,0.8023,0.0779,0.0209,0.0,0.4006,0.1249,0.0005,0.0,,,,,,
50,Bangladesh,sugc,2863.7,168.96,0.059,0.0258,0.0046,0.0048,0.0,0.0198,0.004,0.0,0.0,,,,,,
50,Bangladesh,whea,1115.5,404.48,0.3626,0.1527,0.0529,0.0133,0.0,0.1202,0.0234,0.0001,0.0,,,,,,
51,Armenia,barl,81.2,35.2,0.4333,0.1753,0.1043,0.0171,0.0,0.0337,0.0168,0.0105,0.0756,,,,,,
51,Armenia,bcat,60.5,414.41,6.8548,,,,,,,,,4.3292,0.1677,2.3579,14.11,0.2333,7.0881
51,Armenia,bean,1.9,0.77,0.4073,0.1626,0.1789,0.0233,0.0,0.0,0.0128,0.0152,0.0143,,,,,,
51,Armenia,dcat,575.6,479.82,0.8336,,,,,,,,,0.5308,0.0252,0.2776,14.59,0.0253,0.859
51,Armenia,goat,1.8,8.81,4.7885,,,,,,,,,2.8131,0.0574,1.9179,0.22,0.1176,4.9061
51,Armenia,maiz,9.8,1.27,0.1297,0.0744,0.0294,0.0064,0.0,0.0,0.0073,0.0031,0.0092,,,,,,
51,Armenia,pigs,20.1,29.48,1.4689,,,,,,,,,0.2639,1.205,0.0,3.79,0.1889,1.6578
51,Armenia,pota,340.5,5.24,0.0154,0.0014,0.0015,0.0034,0.0,0.0026,0.0001,0.0012,0.0052,,,,,,
51,Armenia,poul,54.7,19.16,0.3506,,,,,,,,,0.0,0.0445,0.3061,8.94,0.1635,0.5141
51,Armenia,shee,34.7,159.09,4.5913,,,,,,,,,2.9379,0.0559,1.5975,3.84,0.1109,4.7021
51,Armenia,whea,142.8,52.46,0.3673,0.1848,0.0771,0.0117,0.0,0.0188,0.0168,0.0152,0.0428,,,,,,
52,Barbados,dcat,2.8,4.45,1.592,,,,,,,,,1.3551,0.0506,0.1863,0.0,0.0017,1.5936
52,Barbados,pigs,1.8,2.35,1.2843,,,,,,,,,0.2194,1.0649,0.0,0.03,0.0179,1.3021
52,Barbados,poul,10.6,9.7,0.9147,,,,,,,,,0.0,0.3369,0.5778,0.13,0.0118,0.9265
52,Barbados,sugc,44.1,4.33,0.0981,0.0043,0.029,0.003,0.0,0.0,0.0007,0.0,0.0612,,,,,,
56,Belgium,barl,307.7,120.86,0.3927,0.0853,0.0801,0.019,0.0,0.1879,0.0037,0.0001,0.0165,,,,,,
56,Belgium,bcat,245.7,3359.57,13.672,,,,,,,,,10.7022,1.7982,1.1716,59.13,0.2406,13.9127
56,Belgium,dcat,4751.3,2227.7,0.4689,,,,,,,,,0.354,0.0903,0.0245,120.8,0.0254,0.4943
56,Belgium,goat,69.6,4.92,0.0707,,,,,,,,,0.0389,0.0014,0.0304,2.81,0.0404,0.1111
56,Belgium,maiz,476.8,144.0,0.302,0.0334,0.0794,0.0074,0.0,0.1694,0.0015,0.0001,0.0109,,,,,,
56,Belgium,pigs,926.3,1335.31,1.4415,,,,,,,,,0.2587,1.1828,0.0,289.3,0.3123,1.7538
56,Belgium,pota,3932.8,284.05,0.0722,0.0202,0.0165,0.003,0.0,0.028,0.0009,0.0,0.0037,,,,,,
56,Belgium,poul,528.6,146.29,0.2768,,,,,,,,,0.0,0.2675,0.0093,82.03,0.1552,0.4319
56,Belgium,rape,40.2,18.79,0.4679,0.2516,0.0873,0.0147,0.0,0.0957,0.0115,0.0001,0.0069,,,,,,
56,Belgium,shee,1.9,2.18,1.1512,,,,,,,,,0.8127,0.0372,0.3014,0.21,0.1085,1.2597
56,Belgium,whea,1080.5,790.47,0.7316,0.2056,0.1453,0.0202,0.0,0.3258,0.0091,0.0004,0.0251,,,,,,
64,Bhutan,bcat,1.3,177.41,139.5412,,,,,,,,,118.4866,9.9007,11.1539,0.41,0.3195,139.8607
64,Bhutan,buff,1.5,38.52,26.378,,,,,,,,,22.0668,1.8527,2.4585,0.02,0.0123,26.3903
64,Bhutan,cass,1.0,0.01,0.0138,0.0055,0.0021,0.0057,0.0,0.0,0.0004,0.0,0.0,,,,,,
64,Bhutan,dcat,86.6,175.65,2.0274,,,,,,,,,1.6172,0.1467,0.2636,3.41,0.0394,2.0668
64,Bhutan,goat,5.1,34.21,6.7434,,,,,,,,,3.9995,0.1835,2.5605,0.04,0.0079,6.7513
64,Bhutan,maiz,41.2,8.09,0.1964,0.1208,0.0395,0.0124,0.0,0.0,0.0169,0.0057,0.001,,,,,,
64,Bhutan,pigs,4.2,7.55,1.7874,,,,,,,,,0.2902,1.4972,0.0,0.49,0.1154,1.9028
64,Bhutan,pota,105.2,12.04,0.1144,0.0862,0.0104,0.005,0.0,0.0,0.0122,0.0004,0.0003,,,,,,
64,Bhutan,poul,8.5,5.4,0.634,,,,,,,,,0.0,0.1838,0.4502,3.54,0.4153,1.0494
64,Bhutan,rape,3.8,2.3,0.6013,0.3865,0.1152,0.0418,0.0,0.0,0.0547,0.0026,0.0005,,,,,,
64,Bhutan,rice,122.4,66.11,0.5403,0.1459,0.0232,0.0154,0.3152,0.0,0.0357,0.0017,0.0031,,,,,,
64,Bhutan,sugc,8.5,0.22,0.0263,0.0163,0.004,0.0034,0.0,0.0,0.0023,0.0,0.0002,,,,,,
68,Bolivia (Plurinational State of),barl,46.8,20.06,0.4282,0.0341,0.1076,0.0314,0.0,0.2457,0.0056,0.0039,0.0,,,,,,
68,Bolivia (Plurinational State of),bcat,360.2,21098.25,58.5736,,,,,,,,,45.4291,0.8024,12.3421,108.56,0.3014,58.8749
68,Bolivia (Plurinational State of),bean,101.7,17.51,0.1722,0.0438,0.0683,0.0305,0.0,0.016,0.0024,0.0111,0.0,,,,,,
68,Bolivia (Plurinational State of),cass,229.7,14.2,0.0618,0.0029,0.0329,0.0081,0.0,0.0149,0.0001,0.003,0.0,,,,,,
68,Bolivia (Plurinational State of),coco,5.5,8.85,1.6029,0.0682,0.1977,0.0,0.0,1.3294,0.0076,0.0,0.0,,,,,,
68,Bolivia (Plurinational State of),coff,22.9,16.4,0.7157,0.0031,0.0609,0.0,0.0,0.6514,0.0003,0.0,0.0,,,,,,
68,Bolivia (Plurinational State of),cott,33.4,15.04,0.4499,0.3297,0.0218,0.0536,0.0,0.0105,0.0317,0.0026,0.0,,,,,,
68,Bolivia (Plurinational State of),dcat,629.7,581.5,0.9235,,,,,,,,,0.7985,0.0178,0.1073,25.6,0.0407,0.9642
68,Bolivia (Plurinational State of),goat,37.3,534.35,14.3415,,,,,,,,,8.4157,0.2936,5.6322,3.83,0.1028,14.4443
68,Bolivia (Plurinational State of),grou,25.6,3.43,0.1339,0.0067,0.07,0.0375,0.0,0.0029,0.0002,0.0166,0.0,,,,,,
68,Bolivia (Plurinational State of),maiz,1127.3,113.15,0.1004,0.0078,0.0518,0.0134,0.0,0.0209,0.0006,0.0059,0.0,,,,,,
68,Bolivia (Plurinational State of),pigs,135.8,429.48,3.1618,,,,,,,,,0.6787,2.4832,0.0,51.36,0.3781,3.5399
68,Bolivia (Plurinational State of),pota,1376.8,113.49,0.0824,0.0396,0.0238,0.0085,0.0,0.0042,0.0061,0.0003,0.0,,,,,,
68,Bolivia (Plurinational State of),poul,714.8,611.76,0.8558,,,,,,,,,0.0,0.3166,0.5393,188.76,0.2641,1.1199
68,Bolivia (Plurinational State of),rice,433.1,125.73,0.2903,0.0106,0.0277,0.0215,0.1751,0.0382,0.0006,0.0166,0.0,,,,,,
68,Bolivia (Plurinational State of),shee,62.5,1677.43,26.833,,,,,,,,,17.1171,0.4921,9.2238,7.99,0.1277,26.9608
68,Bolivia (Plurinational State of),sorg,1772.3,142.94,0.0807,0.018,0.025,0.0132,0.0,0.0173,0.0011,0.006,0.0,,,,,,
68,Bolivia (Plurinational State of),soyb,3220.4,207.1,0.0643,0.0018,0.0236,0.0241,0.0,0.0072,0.0001,0.0075,0.0,,,,,,
68,Bolivia (Plurinational State of),sugc,11471.7,73.15,0.0064,0.0002,0.0009,0.0041,0.0,0.0007,0.0,0.0004,0.0,,,,,,
68,Bolivia (Plurinational State of),whea,292.4,57.07,0.1952,0.0126,0.13,0.0225,0.0,0.0206,0.0008,0.0086,0.0,,,,,,
70,Bosnia and Herzegovina,barl,84.8,11.03,0.1301,0.0738,0.0112,0.0143,0.0,0.0257,0.0032,0.0007,0.0012,,,,,,
70,Bosnia and Herzegovina,bcat,10.2,336.3,32.8561,,,,,,,,,25.5736,4.229,3.0535,11.51,1.1244,33.9805
70,Bosnia and Herzegovina,bean,10.4,2.12,0.2038,0.0993,0.022,0.0142,0.0,0.0634,0.0034,0.0016,0.0,,,,,,
70,Bosnia and Herzegovina,dcat,595.2,668.16,1.1227,,,,,,,,,0.8463,0.2124,0.0639,58.4,0.0981,1.2208
70,Bosnia and Herzegovina,maiz,752.0,94.58,0.1258,0.0785,0.0105,0.01,0.0,0.0222,0.0037,0.0006,0.0004,,,,,,
70,Bosnia and Herzegovina,pigs,12.3,98.95,8.0315,,,,,,,,,1.4603,6.5712,0.0,6.87,0.5578,8.5892
70,Bosnia and Herzegovina,pota,352.7,18.61,0.0528,0.0355,0.0033,0.0028,0.0,0.0097,0.0014,0.0001,0.0,,,,,,
70,Bosnia and Herzegovina,poul,94.1,30.35,0.3227,,,,,,,,,0.0,0.3098,0.0129,56.21,0.5976,0.9204
70,Bosnia and Herzegovina,rape,5.4,1.76,0.328,0.1999,0.0296,0.0241,0.0,0.0514,0.0152,0.0017,0.0061,,,,,,
70,Bosnia and Herzegovina,shee,13.4,241.45,18.0784,,,,,,,,,12.4743,0.5597,5.0444,4.46,0.3338,18.4122
70,Bosnia and Herzegovina,soyb,41.1,3.13,0.076,0.0194,0.017,0.0135,0.0,0.0212,0.0017,0.0008,0.0024,,,,,,
70,Bosnia and Herzegovina,whea,317.1,69.26,0.2184,0.1641,0.0104,0.0109,0.0,0.0239,0.0077,0.0009,0.0006,,,,,,
72,Botswana,bcat,65.6,1242.0,18.9346,,,,,,,,,12.5173,0.4625,5.9548,18.25,0.2782,19.2127
72,Botswana,dcat,30.0,13.76,0.4589,,,,,,,,,0.3159,0.0066,0.1363,0.75,0.0249,0.4838
72,Botswana,goat,12.7,242.5,19.159,,,,,,,,,11.2235,0.4096,7.5259,1.16,0.0919,19.2509
72,Botswana,maiz,16.4,35.06,2.1409,0.4295,0.1355,0.0297,0.0,1.4958,0.0065,0.0301,0.0137,,,,,,
72,Botswana,pota,3.1,0.34,0.1084,0.041,0.005,0.0011,0.0,0.061,0.0,0.0,0.0003,,,,,,
72,Botswana,poul,4.7,3.53,0.7437,,,,,,,,,0.0,0.111,0.6327,1.16,0.2439,0.9876
72,Botswana,sorg,28.3,18.25,0.6455,0.0643,0.0389,0.014,0.0,0.5059,0.0005,0.0211,0.0007,,,,,,
76,Brazil,barl,427.8,168.83,0.3947,0.2775,0.0206,0.0238,0.0,0.0452,0.0273,0.0002,0.0,,,,,,
76,Brazil,bcat,10207.8,429059.2,42.0323,,,,,,,,,32.539,0.5868,8.9065,9141.5,0.8955,42.9278
76,Brazil,bean,3009.3,2851.67,0.9476,0.6644,0.1164,0.0296,0.0,0.0552,0.0791,0.0028,0.0,,,,,,
76,Brazil,cass,18910.3,1409.46,0.0745,0.0283,0.01,0.0059,0.0,0.0268,0.0031,0.0004,0.0,,,,,,
76,Brazil,coco,294.9,486.51,1.6498,0.9652,0.2277,0.0,0.0,0.3076,0.1493,0.0,0.0,,,,,,
76,Brazil,coff,2737.7,4096.18,1.4962,1.2716,0.0855,0.0,0.0,0.0062,0.1329,0.0,0.0,,,,,,
76,Brazil,cott,8476.3,4440.86,0.5239,0.4222,0.0119,0.0299,0.0,0.0143,0.0435,0.0021,0.0,,,,,,
76,Brazil,dcat,36696.2,39060.19,1.0644,,,,,,,,,0.9191,0.0209,0.1244,4957.96,0.1351,1.1995
76,Brazil,goat,66.2,2661.01,40.1907,,,,,,,,,23.5046,0.837,15.8491,21.41,0.3234,40.5141
76,Brazil,grou,801.7,178.81,0.223,0.1356,0.0188,0.0274,0.0,0.026,0.0134,0.0018,0.0,,,,,,
76,Brazil,maiz,114325.4,23873.83,0.2088,0.1469,0.0129,0.01,0.0,0.0233,0.015,0.0007,0.0,,,,,,
76,Brazil,oilp,3228.2,186.91,0.0579,0.0342,0.0085,0.0,0.0,0.0119,0.0034,0.0,0.0,,,,,,
76,Brazil,olvs,1.6,458.28,286.378,,,,,,,,,180.2942,16.3615,89.7223,4.41,2.7556,289.1336
76,Brazil,pigs,5312.1,5701.9,1.0734,,,,,,,,,0.2267,0.8467,0.0,5934.36,1.1171,2.1905
76,Brazil,pota,4179.4,524.72,0.1255,0.1006,0.007,0.0033,0.0,0.0045,0.0101,0.0001,0.0,,,,,,
76,Brazil,poul,17541.0,4470.17,0.2548,,,,,,,,,0.0,0.0936,0.1613,16123.35,0.9192,1.174
76,Brazil,rape,281.5,24.25,0.0861,0.0279,0.0203,0.0051,0.0,0.0291,0.0033,0.0005,0.0,,,,,,
76,Brazil,rcof,957.9,965.18,1.0076,0.8264,0.0568,0.0,0.0,0.04,0.0844,0.0,0.0,,,,,,
76,Brazil,rice,10094.0,6751.8,0.6689,0.1901,0.0115,0.011,0.3697,0.0549,0.0309,0.0009,0.0,,,,,,
76,Brazil,rubb,263.9,111.93,0.4241,0.2555,0.0879,0.0,0.0,0.0549,0.0259,0.0,0.0,,,,,,
76,Brazil,shee,92.1,4048.17,43.9451,,,,,,,,,27.9502,0.8205,15.1743,39.81,0.4322,44.3773
76,Brazil,sorg,4084.3,1682.34,0.4119,0.3363,0.0186,0.0125,0.0,0.0091,0.0339,0.0016,0.0,,,,,,
76,Brazil,soyb,144062.3,19909.24,0.1382,0.0658,0.0158,0.0176,0.0,0.0314,0.0066,0.001,0.0,,,,,,
76,Brazil,sugc,758592.1,19489.77,0.0257,0.017,0.0011,0.0046,0.0,0.0012,0.0017,0.0002,0.0,,,,,,
76,Brazil,whea,7611.3,3898.62,0.5122,0.4035,0.0315,0.0178,0.0,0.0194,0.0397,0.0003,0.0,,,,,,
84,Belize,bcat,4.9,247.28,50.3005,,,,,,,,,38.907,0.7299,10.6636,12.31,2.5033,52.8038
84,Belize,bean,5.3,118.7,22.5645,0.6656,0.0504,0.0378,0.0,21.6641,0.0435,0.1031,0.0,,,,,,
84,Belize,dcat,12.4,27.85,2.2487,,,,,,,,,1.9392,0.0466,0.2629,4.11,0.3322,2.5809
84,Belize,maiz,120.0,132.35,1.1029,0.147,0.0058,0.0096,0.0,0.9124,0.0102,0.0179,0.0,,,,,,
84,Belize,pigs,2.4,3.67,1.5105,,,,,,,,,0.3053,1.2052,0.0,18.14,7.4734,8.9838
84,Belize,pota,1.3,0.25,0.1938,0.1309,0.0051,0.0043,0.0,0.044,0.0081,0.0015,0.0,,,,,,
84,Belize,poul,27.5,5.63,0.2049,,,,,,,,,0.0,0.0731,0.1318,133.91,4.8718,5.0767
84,Belize,rice,16.5,15.29,0.9276,0.0897,0.0043,0.0078,0.0501,0.7451,0.01,0.0207,0.0,,,,,,
84,Belize,sorg,18.0,44.66,2.4778,0.1356,0.0067,0.0094,0.0,2.2841,0.0087,0.0335,0.0,,,,,,
84,Belize,soyb,26.2,102.35,3.9105,0.0338,0.0133,0.0137,0.0,3.8144,0.0021,0.0332,0.0,,,,,,
84,Belize,sugc,1833.8,266.48,0.1453,0.0178,0.0008,0.0046,0.0,0.1179,0.0011,0.003,0.0,,,,,,
90,Solomon Islands,cass,1.0,0.01,0.0049,0.0,0.0,0.0049,0.0,0.0,0.0,0.0,0.0,,,,,,
90,Solomon Islands,coco,1.4,0.11,0.0751,0.0045,0.0706,0.0,0.0,0.0,0.0,0.0,0.0,,,,,,
90,Solomon Islands,dcat,2.1,6.13,2.9739,,,,,,,,,1.8426,0.6479,0.4833,0.0,0.002,2.9759
90,Solomon Islands,oilp,129.2,0.51,0.0039,0.0002,0.0037,0.0,0.0,0.0,0.0,0.0,0.0,,,,,,
90,Solomon Islands,pigs,1.7,16.08,9.5296,,,,,,,,,0.5891,8.9405,0.0,0.03,0.02,9.5496
96,Brunei Darussalam,oilp,189.5,7.85,0.0414,0.0297,0.007,0.0,0.0,0.0,0.0047,0.0,0.0,,,,,,
96,Brunei Darussalam,poul,43.9,53.04,1.2081,,,,,,,,,0.0,0.4324,0.7757,0.13,0.0029,1.2111
96,Brunei Darussalam,rice,4.3,5.13,1.1815,0.0618,0.0607,0.014,0.8784,0.1485,0.0143,0.0037,0.0002,,,,,,
96,Brunei Darussalam,rubb,2.0,16.76,8.4025,0.4,0.709,0.0,0.0,7.2388,0.0546,0.0,0.0,,,,,,
100,Bulgaria,barl,1103.2,131.21,0.1189,0.0433,0.0024,0.0092,0.0,0.0501,0.012,0.0017,0.0003,,,,,,
100,Bulgaria,bcat,19.6,618.81,31.5013,,,,,,,,,25.8,4.0433,1.6579,56.85,2.8938,34.395
100,Bulgaria,buff,15.3,32.02,2.0932,,,,,,,,,1.7453,0.2025,0.1453,17.62,1.1517,3.2449
100,Bulgaria,cott,6.7,7.86,1.1735,0.5597,0.03,0.0666,0.0,0.1618,0.1249,0.0111,0.2194,,,,,,
100,Bulgaria,dcat,714.2,722.03,1.0109,,,,,,,,,0.8371,0.1342,0.0395,341.38,0.478,1.4888
100,Bulgaria,goat,24.3,62.31,2.565,,,,,,,,,1.4775,0.0595,1.0279,28.74,1.1832,3.7482
100,Bulgaria,maiz,1629.1,523.86,0.3216,0.1024,0.0057,0.0183,0.0,0.1586,0.0278,0.0083,0.0004,,,,,,
100,Bulgaria,pigs,86.3,78.03,0.9044,,,,,,,,,0.2574,0.647,0.0,246.53,2.8574,3.7618
100,Bulgaria,pota,124.7,7.09,0.0569,0.0164,0.003,0.0061,0.0,0.0264,0.0038,0.0005,0.0006,,,,,,
100,Bulgaria,poul,116.4,71.1,0.6108,,,,,,,,,0.0,0.6039,0.0069,230.7,1.9819,2.5927
100,Bulgaria,rape,161.7,118.54,0.7331,0.2162,0.0184,0.0383,0.0,0.3885,0.0597,0.0108,0.0012,,,,,,
100,Bulgaria,rice,70.7,74.05,1.0475,0.055,0.0055,0.0103,0.9384,0.0192,0.0158,0.0027,0.0005,,,,,,
100,Bulgaria,shee,61.7,366.56,5.9449,,,,,,,,,4.3636,0.2414,1.34,91.73,1.4877,7.4326
100,Bulgaria,sorg,11.5,2.77,0.2401,0.0586,0.0083,0.0155,0.0,0.135,0.0154,0.0068,0.0006,,,,,,
100,Bulgaria,whea,6965.1,1008.44,0.1448,0.0484,0.0034,0.0108,0.0,0.065,0.0134,0.0036,0.0002,,,,,,
104,Myanmar,barl,2.3,0.71,0.3111,0.1747,0.0675,0.044,0.0,0.0,0.0189,0.0047,0.0013,,,,,,
104,Myanmar,bcat,111.8,15750.18,140.8622,,,,,,,,,105.4243,17.5867,17.8513,76.9,0.6877,141.55
104,Myanmar,bean,2356.3,577.94,0.2453,0.018,0.1494,0.0329,0.0,0.0374,0.0034,0.0042,0.0,,,,,,
104,Myanmar,buff,356.2,4073.24,11.4362,,,,,,,,,8.6146,1.3836,1.438,79.96,0.2245,11.6607
104,Myanmar,cass,451.8,15.64,0.0346,0.0015,0.0196,0.0104,0.0,0.0024,0.0002,0.0004,0.0,,,,,,
104,Myanmar,coff,7.6,1.46,0.1928,0.054,0.1254,0.0,0.0,0.0084,0.005,0.0,0.0,,,,,,
104,Myanmar,cott,318.6,44.33,0.1391,0.0335,0.0663,0.0275,0.0,0.0024,0.0076,0.0018,0.0,,,,,,
104,Myanmar,dcat,1902.8,3692.14,1.9404,,,,,,,,,1.3046,0.5287,0.1071,146.18,0.0768,2.0172
104,Myanmar,goat,19.2,473.32,24.6723,,,,,,,,,14.4508,0.6786,9.543,3.64,0.19,24.8623
104,Myanmar,grou,1700.2,244.34,0.1437,0.0107,0.0863,0.033,0.0,0.0092,0.0023,0.0022,0.0,,,,,,
104,Myanmar,maiz,2083.8,189.66,0.091,0.0259,0.0443,0.0119,0.0,0.0031,0.004,0.0018,0.0,,,,,,
104,Myanmar,oilp,192.6,2.7,0.014,0.0111,0.0004,0.0,0.0,0.001,0.0016,0.0,0.0,,,,,,
104,Myanmar,pigs,345.2,1367.2,3.9608,,,,,,,,,0.5621,3.3987,0.0,228.49,0.662,4.6228
104,Myanmar,pota,443.9,29.13,0.0656,0.027,0.0278,0.0048,0.0,0.0014,0.0042,0.0003,0.0,,,,,,
104,Myanmar,poul,983.0,345.95,0.3519,,,,,,,,,0.0,0.1209,0.231,462.51,0.4705,0.8224
104,Myanmar,rape,2.2,1.22,0.5475,0.2072,0.2452,0.0564,0.0,0.0,0.0172,0.0183,0.0032,,,,,,
104,Myanmar,rice,27372.8,16176.68,0.591,0.0166,0.0248,0.0114,0.5202,0.0104,0.0058,0.0019,0.0,,,,,,
104,Myanmar,rubb,318.4,66.68,0.2094,0.0058,0.142,0.0,0.0,0.0609,0.0006,0.0,0.0,,,,,,
104,Myanmar,shee,4.7,92.16,19.641,,,,,,,,,12.8893,0.8211,5.9306,1.02,0.2181,19.8591
104,Myanmar,sorg,164.6,58.25,0.3539,0.1472,0.1333,0.0366,0.0,0.0051,0.029,0.0026,0.0,,,,,,
104,Myanmar,soyb,139.1,44.56,0.3204,0.0685,0.1584,0.0349,0.0,0.041,0.0109,0.0067,0.0,,,,,,
104,Myanmar,sugc,12222.2,111.6,0.0091,0.0021,0.0024,0.004,0.0,0.0001,0.0004,0.0001,0.0,,,,,,
104,Myanmar,whea,79.3,21.34,0.2692,0.0878,0.1342,0.0283,0.0,0.0002,0.0136,0.0052,0.0,,,,,,
108,Burundi,bcat,18.2,1244.51,68.2414,,,,,,,,,45.0259,2.0428,21.1727,2.23,0.1224,68.3638
108,Burundi,bean,499.1,844.3,1.6917,0.0133,0.0814,0.0507,0.0,1.5435,0.0016,0.0013,0.0,,,,,,
108,Burundi,cass,2755.2,206.7,0.075,0.001,0.0047,0.0076,0.0,0.0614,0.0001,0.0002,0.0,,,,,,
108,Burundi,coff,8.2,7.67,0.9317,0.0251,0.1465,0.0,0.0,0.7574,0.0028,0.0,0.0,,,,,,
108,Burundi,dcat,43.2,324.98,7.5266,,,,,,,,,5.1474,0.1788,2.2004,1.47,0.0341,7.5607
108,Burundi,goat,63.0,854.82,13.5701,,,,,,,,,7.9477,0.3552,5.2673,2.54,0.0403,13.6105
108,Burundi,grou,13.7,13.03,0.9503,0.0305,0.0457,0.0727,0.0,0.7959,0.0036,0.0019,0.0,,,,,,
108,Burundi,maiz,587.8,134.66,0.2291,0.0316,0.02,0.0106,0.0,0.1627,0.0038,0.0004,0.0,,,,,,
108,Burundi,oilp,77.3,5.22,0.0676,0.0003,0.0044,0.0,0.0,0.0628,0.0,0.0,0.0,,,,,,
108,Burundi,pigs,16.9,248.7,14.7245,,,,,,,,,1.9194,12.8051,0.0,2.18,0.129,14.8535
108,Burundi,pota,426.1,54.42,0.1277,0.0255,0.0066,0.0054,0.0,0.0872,0.003,0.0,0.0,,,,,,
108,Burundi,poul,12.3,25.49,2.0777,,,,,,,,,0.0,0.4368,1.6409,2.66,0.2172,2.2949
108,Burundi,rice,134.8,232.57,1.7248,0.0139,0.0221,0.0169,1.5517,0.1106,0.0043,0.0055,0.0,,,,,,
108,Burundi,shee,2.0,211.51,105.0862,,,,,,,,,66.7774,3.0277,35.2811,0.15,0.0743,105.1605
108,Burundi,sorg,28.9,29.55,1.0241,0.0189,0.0476,0.0337,0.0,0.9204,0.0022,0.0012,0.0,,,,,,
108,Burundi,soyb,3.0,6.76,2.228,0.0746,0.1119,0.0763,0.0,1.9545,0.0069,0.0038,0.0,,,,,,
108,Burundi,sugc,152.0,2.42,0.0159,0.0061,0.0015,0.0063,0.0,0.001,0.0006,0.0004,0.0,,,,,,
108,Burundi,whea,8.3,3.1,0.3719,0.1003,0.0618,0.0309,0.0,0.1652,0.0123,0.0013,0.0,,,,,,
112,Belarus,barl,1091.6,5593.47,5.1242,0.1774,0.0391,0.0161,0.0,4.7915,0.0712,0.0004,0.0285,,,,,,
112,Belarus,bcat,397.0,5319.05,13.3987,,,,,,,,,10.7089,1.9792,0.7106,4421.97,11.1389,24.5376
112,Belarus,bean,253.2,1210.6,4.7804,0.0288,0.0673,0.0133,0.0,4.635,0.0113,0.0006,0.0242,,,,,,
112,Belarus,dcat,8727.0,4749.55,0.5442,,,,,,,,,0.4412,0.0813,0.0217,11755.21,1.347,1.8912
112,Belarus,goat,15.4,13.14,0.8511,,,,,,,,,0.4738,0.0227,0.3546,46.79,3.0301,3.8813
112,Belarus,maiz,1751.8,2800.84,1.5988,0.0359,0.0131,0.0044,0.0,1.5233,0.0144,0.0002,0.0075,,,,,,
112,Belarus,pigs,374.0,440.07,1.1766,,,,,,,,,0.3006,0.876,0.0,5880.7,15.7234,16.9
112,Belarus,pota,3139.9,3150.13,1.0033,0.0186,0.0118,0.0042,0.0,0.9535,0.0074,0.0,0.0077,,,,,,
112,Belarus,poul,773.9,329.0,0.4251,,,,,,,,,0.0,0.4192,0.0059,7666.77,9.9065,10.3316
112,Belarus,rape,1048.1,4960.46,4.7327,0.1277,0.0366,0.0105,0.0,4.4874,0.051,0.0004,0.0191,,,,,,
112,Belarus,soyb,1.7,14.13,8.4081,0.0818,0.0649,0.0223,0.0,8.2107,0.0167,0.0051,0.0065,,,,,,
112,Belarus,whea,2820.3,9770.2,3.4642,0.08,0.0268,0.0098,0.0,3.2984,0.0319,0.0004,0.0169,,,,,,
116,Cambodia,bcat,58.0,4265.02,73.5222,,,,,,,,,55.227,9.1182,9.177,42.92,0.7399,74.2621
116,Cambodia,bean,82.4,30.7,0.3725,0.0189,0.0832,0.0299,0.0,0.2339,0.0016,0.005,0.0,,,,,,
116,Cambodia,buff,6.7,1134.4,169.6411,,,,,,,,,128.1943,20.4386,21.0082,1.83,0.2735,169.9146
116,Cambodia,cass,14325.2,364.32,0.0254,0.0147,0.0011,0.004,0.0,0.0042,0.0014,0.0001,0.0,,,,,,
116,Cambodia,dcat,31.9,329.87,10.3251,,,,,,,,,6.497,3.3069,0.5212,2.15,0.0672,10.3923
116,Cambodia,grou,14.1,5.95,0.4235,0.1403,0.0561,0.092,0.0,0.106,0.0146,0.0146,0.0,,,,,,
116,Cambodia,maiz,1399.2,145.36,0.1039,0.0591,0.0068,0.0083,0.0,0.0227,0.006,0.001,0.0,,,,,,
116,Cambodia,oilp,451.1,75.2,0.1667,0.1106,0.0138,0.0,0.0,0.0315,0.0108,0.0,0.0,,,,,,
116,Cambodia,pigs,101.3,468.04,4.62,,,,,,,,,0.5186,4.1014,0.0,91.89,0.907,5.527
116,Cambodia,poul,53.1,83.12,1.5661,,,,,,,,,0.0,0.4923,1.0738,30.56,0.5758,2.1419
116,Cambodia,rcof,14.9,14.77,0.9887,0.8398,0.0142,0.0,0.0,0.0344,0.1003,0.0,0.0,,,,,,
116,Cambodia,rice,14239.2,12949.49,0.9094,0.0454,0.0147,0.0102,0.7889,0.0372,0.0112,0.0019,0.0,,,,,,
116,Cambodia,rubb,572.5,200.57,0.3503,0.1436,0.02,0.0,0.0,0.1722,0.0146,0.0,0.0,,,,,,
116,Cambodia,soyb,51.0,39.39,0.7725,0.2764,0.0864,0.1108,0.0,0.2574,0.0254,0.0161,0.0,,,,,,
116,Cambodia,sugc,957.5,160.27,0.1674,0.1111,0.0055,0.0149,0.0,0.0243,0.0111,0.0004,0.0,,,,,,
120,Cameroon,bcat,124.8,7115.99,57.0413,,,,,,,,,37.3567,1.4251,18.2596,42.62,0.3416,57.3829
120,Cameroon,bean,382.4,88.44,0.2313,0.0305,0.0715,0.0223,0.0,0.0898,0.0044,0.0116,0.0012,,,,,,
120,Cameroon,cass,6624.1,91.78,0.0139,0.0014,0.0026,0.0048,0.0,0.0034,0.0002,0.0014,0.0001,,,,,,
120,Cameroon,coco,308.1,40.0,0.1298,0.0133,0.0241,0.0,0.0,0.0897,0.0028,0.0,0.0,,,,,,
120,Cameroon,coff,2.9,2.08,0.7115,0.5718,0.0581,0.0,0.0,0.0,0.0817,0.0,0.0,,,,,,
120,Cameroon,cott,464.9,71.57,0.1539,0.0222,0.0122,0.0134,0.0,0.085,0.0103,0.0107,0.0001,,,,,,
120,Cameroon,dcat,203.7,590.4,2.8983,,,,,,,,,1.9667,0.0574,0.8741,8.5,0.0417,2.94
120,Cameroon,goat,84.1,1517.57,18.0428,,,,,,,,,10.4481,0.3965,7.1981,8.78,0.1044,18.1471
120,Cameroon,grou,520.5,79.31,0.1524,0.0051,0.0239,0.0302,0.0,0.0709,0.0009,0.021,0.0003,,,,,,
120,Cameroon,maiz,2143.6,230.95,0.1077,0.0183,0.0207,0.0126,0.0,0.0421,0.0032,0.0107,0.0001,,,,,,
120,Cameroon,oilp,2826.7,26.36,0.0093,0.0001,0.0012,0.0,0.0,0.008,0.0,0.0,0.0,,,,,,
120,Cameroon,pigs,49.0,374.07,7.6374,,,,,,,,,1.1554,6.482,0.0,18.47,0.3771,8.0145
120,Cameroon,pota,370.1,9.89,0.0267,0.0085,0.0067,0.0064,0.0,0.0022,0.0012,0.0014,0.0003,,,,,,
120,Cameroon,poul,195.7,96.17,0.4914,,,,,,,,,0.0,0.0761,0.4152,42.73,0.2183,0.7097
120,Cameroon,rcof,32.5,15.83,0.4865,0.3922,0.0378,0.0,0.0,0.0,0.0564,0.0,0.0,,,,,,
120,Cameroon,rice,334.3,1438.35,4.3021,0.0135,0.0306,0.021,3.9578,0.2558,0.004,0.0189,0.0004,,,,,,
120,Cameroon,rubb,52.8,10.19,0.1928,0.0012,0.0238,0.0,0.0,0.1678,0.0,0.0,0.0,,,,,,
120,Cameroon,shee,33.6,759.5,22.6068,,,,,,,,,14.2375,0.5509,7.8184,4.56,0.1358,22.7426
120,Cameroon,sorg,1141.4,131.4,0.1151,0.0045,0.013,0.012,0.0,0.0735,0.0015,0.0106,0.0001,,,,,,
120,Cameroon,soyb,113.0,3.11,0.0275,0.0027,0.0064,0.0042,0.0,0.0096,0.0003,0.0042,0.0001,,,,,,
120,Cameroon,sugc,814.5,29.47,0.0362,0.0241,0.0016,0.0055,0.0,0.0005,0.0035,0.0009,0.0,,,,,,
124,Canada,barl,8126.8,5915.99,0.728,0.1235,0.0105,0.0172,0.0,0.5285,0.0416,0.0044,0.0023,,,,,,
124,Canada,bcat,1215.9,18747.26,15.4178,,,,,,,,,11.5406,0.8702,3.0071,5301.94,4.3603,19.7782
124,Canada,bean,422.0,287.2,0.6806,0.0261,0.0393,0.018,0.0,0.5783,0.0046,0.0074,0.007,,,,,,
124,Canada,dcat,9868.1,4851.81,0.4917,,,,,,,,,0.3336,0.1475,0.0105,4482.71,0.4543,0.9459
124,Canada,maiz,15245.8,6496.24,0.4261,0.1489,0.0109,0.0086,0.0,0.2366,0.0179,0.0007,0.0024,,,,,,
124,Canada,olvs,2.3,39.54,16.9419,,,,,,,,,10.7347,1.0939,5.1133,12.41,5.318,22.2599
124,Canada,pigs,2217.3,4824.35,2.1757,,,,,,,,,0.2459,1.9298,0.0,10386.58,4.6842,6.86
124,Canada,pota,6308.5,930.92,0.1476,0.0699,0.0012,0.0025,0.0,0.0626,0.0106,0.0001,0.0007,,,,,,
124,Canada,poul,2167.4,369.41,0.1704,,,,,,,,,0.0,0.1669,0.0036,6628.49,3.0582,3.2287
124,Canada,rape,19233.8,14010.39,0.7284,0.1493,0.0088,0.0148,0.0,0.4897,0.0566,0.0083,0.001,,,,,,
124,Canada,shee,4.5,56.7,12.4805,,,,,,,,,10.2278,0.36,1.8927,22.35,4.9208,17.4014
124,Canada,soyb,7497.7,3855.04,0.5142,0.0185,0.0285,0.0163,0.0,0.442,0.0025,0.0018,0.0046,,,,,,
124,Canada,whea,35913.0,14393.0,0.4008,0.0823,0.0076,0.01,0.0,0.2693,0.0269,0.0034,0.0013,,,,,,
132,Cabo Verde,dcat,4.1,13.35,3.2753,,,,,,,,,2.238,0.0608,0.9765,0.0,0.0,3.2753
132,Cabo Verde,goat,5.1,24.68,4.8635,,,,,,,,,2.8396,0.1049,1.919,0.0,0.0,4.8635
132,Cabo Verde,pigs,2.1,10.12,4.8987,,,,,,,,,0.7638,4.1349,0.0,0.0,0.0,4.8987
132,Cabo Verde,poul,2.4,2.49,1.0189,,,,,,,,,0.0,0.1581,0.8608,0.0,0.0,1.0189
140,Central African Republic,bcat,102.5,5654.0,55.185,,,,,,,,,36.4791,1.3176,17.3883,0.33,0.0032,55.1882
140,Central African Republic,cass,1304.2,32.52,0.0249,0.0,0.0125,0.0074,0.0,0.0028,0.0,0.0022,0.0,,,,,,
140,Central African Republic,cott,47.1,6.87,0.1458,0.0001,0.0654,0.0266,0.0,0.0345,0.0,0.0194,0.0,,,,,,
140,Central African Republic,dcat,88.2,638.37,7.2392,,,,,,,,,4.9549,0.137,2.1473,0.03,0.0004,7.2395
140,Central African Republic,goat,23.8,1455.39,61.0959,,,,,,,,,35.7795,1.2787,24.0377,0.02,0.0008,61.0967
140,Central African Republic,grou,538.0,22.88,0.0425,0.0,0.0186,0.0116,0.0,0.0042,0.0,0.008,0.0,,,,,,
140,Central African Republic,maiz,197.8,19.41,0.0981,0.0001,0.0494,0.0155,0.0,0.0091,0.0001,0.0239,0.0,,,,,,
140,Central African Republic,oilp,6.1,0.02,0.0028,0.0,0.0026,0.0,0.0,0.0002,0.0,0.0,0.0,,,,,,
140,Central African Republic,pigs,20.5,184.65,9.0004,,,,,,,,,1.4255,7.5749,0.0,0.07,0.0034,9.0037
140,Central African Republic,poul,5.4,18.23,3.3947,,,,,,,,,0.0,0.5948,2.7999,0.02,0.0043,3.399
140,Central African Republic,rcof,280.4,2.25,0.008,0.0,0.0077,0.0,0.0,0.0003,0.0,0.0,0.0,,,,,,
140,Central African Republic,rice,50.5,17.49,0.3463,0.0,0.0518,0.0057,0.272,0.0055,0.0,0.0112,0.0,,,,,,
140,Central African Republic,shee,1.2,31.06,26.2776,,,,,,,,,16.6525,0.7054,8.9197,0.0,0.0024,26.2799
140,Central African Republic,sorg,24.8,8.73,0.3515,0.0001,0.1558,0.0396,0.0,0.0794,0.0003,0.0762,0.0,,,,,,
140,Central African Republic,sugc,119.2,1.94,0.0163,0.0,0.0082,0.0044,0.0,0.0026,0.0,0.0009,0.0,,,,,,
144,Sri Lanka,bcat,19.5,618.7,31.736,,,,,,,,,27.1233,2.1584,2.4543,5.23,0.2684,32.0045
144,Sri Lanka,bean,6.1,9.96,1.6405,0.1238,0.0257,0.021,0.0,1.4444,0.0216,0.004,0.0,,,,,,
144,Sri Lanka,buff,94.6,552.01,5.838,,,,,,,,,4.8458,0.4715,0.5208,7.52,0.0795,5.9175
144,Sri Lanka,cass,295.2,21.51,0.0728,0.0055,0.0034,0.0051,0.0,0.0577,0.0009,0.0002,0.0,,,,,,
144,Sri Lanka,coco,1.1,0.49,0.4455,0.3451,0.0416,0.0,0.0,0.0009,0.0579,0.0,0.0,,,,,,
144,Sri Lanka,dcat,401.0,631.57,1.5748,,,,,,,,,1.2523,0.1252,0.1973,12.58,0.0314,1.6062
144,Sri Lanka,goat,16.7,68.49,4.1014,,,,,,,,,2.4525,0.1338,1.5151,1.18,0.0707,4.1721
144,Sri Lanka,grou,27.9,38.73,1.3885,0.1226,0.0236,0.0278,0.0,1.1888,0.0206,0.0051,0.0,,,,,,
144,Sri Lanka,maiz,220.2,74.42,0.338,0.1856,0.0048,0.0148,0.0,0.0992,0.0312,0.0024,0.0,,,,,,
144,Sri Lanka,pota,41.7,6.31,0.1516,0.1001,0.0032,0.0057,0.0,0.0253,0.017,0.0003,0.0,,,,,,
144,Sri Lanka,poul,346.7,68.78,0.1984,,,,,,,,,0.0,0.0698,0.1286,64.97,0.1874,0.3858
144,Sri Lanka,rcof,6.6,6.01,0.9126,0.5852,0.0468,0.0,0.0,0.1822,0.0984,0.0,0.0,,,,,,
144,Sri Lanka,rice,4478.2,4597.76,1.0267,0.0526,0.0042,0.0089,0.8759,0.0613,0.0219,0.002,0.0,,,,,,
144,Sri Lanka,rubb,66.7,105.25,1.5778,0.1381,0.1081,0.0,0.0,1.3083,0.0233,0.0,0.0,,,,,,
144,Sri Lanka,soyb,6.1,1.31,0.2146,0.0583,0.0046,0.0139,0.0,0.1272,0.0094,0.0013,0.0,,,,,,
144,Sri Lanka,sugc,691.3,17.9,0.0259,0.0179,0.0002,0.0045,0.0,0.0,0.003,0.0002,0.0,,,,,,
148,Chad,bcat,580.6,46920.66,80.8158,,,,,,,,,53.3996,1.9758,25.4404,5.0,0.0086,80.8244
148,Chad,bean,185.0,109.36,0.5912,0.0003,0.2468,0.0145,0.0,0.2986,0.0001,0.031,0.0,,,,,,
148,Chad,cass,309.2,49.59,0.1604,0.0,0.0237,0.0045,0.0,0.1304,0.0,0.0017,0.0,,,,,,
148,Chad,coco,7.3,6.12,0.8342,0.0105,0.0448,0.0,0.0,0.7766,0.0023,0.0,0.0,,,,,,
148,Chad,cott,92.4,107.88,1.167,0.0109,0.4802,0.0411,0.0,0.5459,0.0029,0.0858,0.0002,,,,,,
148,Chad,dcat,301.7,2680.6,8.8837,,,,,,,,,6.0785,0.1722,2.633,0.29,0.001,8.8847
148,Chad,goat,296.2,11379.76,38.4154,,,,,,,,,22.3619,1.0375,15.016,0.68,0.0023,38.4177
148,Chad,grou,705.8,272.94,0.3867,0.0011,0.1634,0.0275,0.0,0.1707,0.0002,0.0238,0.0,,,,,,
148,Chad,maiz,413.3,228.72,0.5533,0.0028,0.1517,0.0108,0.0,0.3557,0.0006,0.0317,0.0,,,,,,
148,Chad,oilp,93.8,4.86,0.0518,0.0001,0.002,0.0,0.0,0.0497,0.0,0.0,0.0,,,,,,
148,Chad,olvs,47.0,17655.95,375.7561,,,,,,,,,291.7889,19.1921,64.7751,0.07,0.0014,375.7575
148,Chad,pigs,3.4,32.28,9.6172,,,,,,,,,1.4932,8.124,0.0,0.03,0.009,9.6262
148,Chad,pota,35.6,2.71,0.0762,0.0001,0.0243,0.0011,0.0,0.0504,0.0,0.0003,0.0,,,,,,
148,Chad,poul,8.8,22.67,2.5821,,,,,,,,,0.0,0.4475,2.1346,0.09,0.0099,2.592
148,Chad,rice,373.0,599.58,1.6075,0.0017,0.0749,0.0095,1.1486,0.344,0.0005,0.0283,0.0,,,,,,
148,Chad,rubb,1.5,1.78,1.1608,0.0007,0.0451,0.0,0.0,1.115,0.0,0.0,0.0,,,,,,
148,Chad,shee,310.3,9846.72,31.7351,,,,,,,,,20.0583,0.9409,10.7359,0.82,0.0026,31.7377
148,Chad,sorg,741.7,606.24,0.8174,0.0011,0.2112,0.0211,0.0,0.5114,0.0002,0.0723,0.0,,,,,,
148,Chad,soyb,2.0,0.26,0.1345,0.0015,0.0049,0.0042,0.0,0.1157,0.0,0.0076,0.0005,,,,,,
148,Chad,sugc,353.7,3.51,0.0099,0.0018,0.002,0.0033,0.0,0.0017,0.0002,0.001,0.0,,,,,,
148,Chad,whea,1.4,0.16,0.1192,0.0073,0.0825,0.0163,0.0,0.0,0.0007,0.0123,0.0,,,,,,
152,Chile,barl,187.3,76.76,0.4098,0.0966,0.0232,0.0149,0.0,0.2101,0.0215,0.038,0.0056,,,,,,
152,Chile,bcat,194.1,4684.61,24.1393,,,,,,,,,18.7173,0.371,5.051,70.03,0.3608,24.5002
152,Chile,bean,9.9,10.7,1.0858,0.1862,0.0667,0.0215,0.0,0.546,0.0668,0.1765,0.022,,,,,,
152,Chile,dcat,2255.0,1105.78,0.4904,,,,,,,,,0.4233,0.0106,0.0565,85.72,0.038,0.5284
152,Chile,goat,12.0,83.23,6.9403,,,,,,,,,4.1033,0.11,2.727,1.15,0.096,7.0363
152,Chile,maiz,530.8,172.1,0.3242,0.1321,0.0091,0.0097,0.0,0.0613,0.0505,0.0428,0.0187,,,,,,
152,Chile,olvs,6.4,178.01,27.7903,,,,,,,,,17.8307,1.1936,8.766,0.47,0.0729,27.8632
152,Chile,pigs,579.9,341.56,0.589,,,,,,,,,0.1154,0.4737,0.0,204.01,0.3518,0.9409
152,Chile,pota,1235.6,112.45,0.091,0.0214,0.0039,0.0025,0.0,0.0536,0.0049,0.0027,0.0019,,,,,,
152,Chile,poul,970.3,385.04,0.3968,,,,,,,,,0.0,0.1108,0.286,249.8,0.2575,0.6543
152,Chile,rape,122.0,127.82,1.0473,0.4103,0.0262,0.0157,0.0,0.4174,0.0834,0.0891,0.0052,,,,,,
152,Chile,rice,118.6,103.35,0.8713,0.0552,0.0028,0.0079,0.6879,0.0256,0.0273,0.0568,0.0078,,,,,,
152,Chile,shee,5.7,245.14,43.2126,,,,,,,,,27.7506,0.6071,14.8549,0.94,0.1658,43.3784
152,Chile,whea,1180.0,653.63,0.5539,0.2016,0.0187,0.0121,0.0,0.2003,0.0494,0.0624,0.0094,,,,,,
156,China; mainland,barl,968.3,411.21,0.4247,0.1282,0.0736,0.0365,0.0,0.1644,0.0166,0.0028,0.0026,,,,,,
156,China; mainland,bcat,6972.3,97686.85,14.0106,,,,,,,,,10.604,1.7097,1.697,4602.63,0.6601,14.6707
156,China; mainland,bean,1319.9,1142.62,0.8657,0.0001,0.0645,0.0215,0.0,0.7702,0.0,0.0077,0.0016,,,,,,
156,China; mainland,buff,3927.3,59709.73,15.2038,,,,,,,,,11.7351,1.6163,1.8524,940.93,0.2396,15.4434
156,China; mainland,cass,4883.2,308.05,0.0631,0.032,0.0133,0.0067,0.0,0.0082,0.0022,0.0002,0.0005,,,,,,
156,China; mainland,coff,106.7,20.44,0.1916,0.113,0.0499,0.0,0.0,0.0197,0.009,0.0,0.0,,,,,,
156,China; mainland,cott,18634.4,4716.36,0.2531,0.1055,0.0097,0.0293,0.0,0.0885,0.0189,0.0011,0.0001,,,,,,
156,China; mainland,dcat,40633.5,33254.82,0.8184,,,,,,,,,0.6492,0.119,0.0502,3052.17,0.0751,0.8935
156,China; mainland,goat,2721.0,32293.58,11.8681,,,,,,,,,7.1593,0.2405,4.4684,534.01,0.1963,12.0644
156,China; mainland,grou,19286.1,3591.48,0.1862,0.0644,0.0396,0.0247,0.0,0.0465,0.0077,0.0019,0.0014,,,,,,
156,China; mainland,maiz,293719.0,56128.59,0.1911,0.0581,0.017,0.0082,0.0,0.0971,0.0088,0.0016,0.0004,,,,,,
156,China; mainland,oilp,496.7,25.55,0.0514,0.0,0.0079,0.0,0.0,0.0435,0.0,0.0,0.0,,,,,,
156,China; mainland,olvs,224.4,4199.51,18.7138,,,,,,,,,12.499,0.8134,5.4015,35.87,0.1599,18.8737
156,China; mainland,pigs,56703.9,46620.78,0.8222,,,,,,,,,0.2096,0.6126,0.0,35453.11,0.6252,1.4474
156,China; mainland,pota,94515.6,4330.2,0.0458,0.0202,0.0073,0.0034,0.0,0.0121,0.0023,0.0001,0.0004,,,,,,
156,China; mainland,poul,61730.9,20205.38,0.3273,,,,,,,,,0.0,0.0894,0.2379,35463.96,0.5745,0.9018
156,China; mainland,rape,16825.0,9886.18,0.5876,0.1698,0.0798,0.0186,0.0,0.2999,0.0147,0.0028,0.002,,,,,,
156,China; mainland,rcof,15.7,12.65,0.8072,0.6186,0.0921,0.0,0.0,0.0261,0.0704,0.0,0.0,,,,,,
156,China; mainland,rice,206317.6,266302.63,1.2907,0.0469,0.0197,0.0104,1.0128,0.1908,0.0078,0.0021,0.0003,,,,,,
156,China; mainland,rubb,846.5,464.27,0.5485,0.2428,0.1215,0.0,0.0,0.1648,0.0194,0.0,0.0,,,,,,
156,China; mainland,shee,3879.0,37701.19,9.7192,,,,,,,,,6.5387,0.3386,2.8419,942.74,0.243,9.9622
156,China; mainland,sorg,3055.7,640.98,0.2098,0.0427,0.0196,0.0128,0.0,0.1247,0.0061,0.0034,0.0005,,,,,,
156,China; mainland,soyb,20503.6,27463.72,1.3395,0.0432,0.0353,0.0187,0.0,1.2232,0.0061,0.0123,0.0008,,,,,,
156,China; mainland,sugc,99247.6,3972.79,0.04,0.0286,0.0026,0.0046,0.0,0.0021,0.002,0.0001,0.0001,,,,,,
156,China; mainland,whea,139579.3,23200.76,0.1662,0.0828,0.0204,0.0132,0.0,0.0352,0.0129,0.0013,0.0003,,,,,,
170,Colombia,barl,10.1,2.06,0.2029,0.1049,0.0695,0.0152,0.0,0.0,0.0083,0.0,0.0049,,,,,,
170,Colombia,bcat,725.4,49622.6,68.4037,,,,,,,,,52.8384,1.1968,14.3684,63.91,0.0881,68.4918
170,Colombia,bean,94.0,66.49,0.7075,0.2622,0.213,0.0234,0.0,0.1736,0.0219,0.0044,0.009,,,,,,
170,Colombia,buff,9.6,624.7,64.8958,,,,,,,,,48.8038,1.1271,14.9649,0.2,0.0212,64.9171
170,Colombia,cass,1101.7,122.57,0.1112,0.0377,0.0266,0.0054,0.0,0.0359,0.0031,0.0006,0.0018,,,,,,
170,Colombia,coco,66.2,176.06,2.6591,0.6306,0.4359,0.0,0.0,1.5404,0.0522,0.0,0.0,,,,,,
170,Colombia,coff,824.6,991.55,1.2024,0.8468,0.1776,0.0,0.0,0.1079,0.07,0.0,0.0,,,,,,
170,Colombia,cott,30.9,12.65,0.4091,0.1568,0.0934,0.0348,0.0,0.1024,0.0133,0.0053,0.0031,,,,,,
170,Colombia,dcat,7880.7,8217.77,1.0428,,,,,,,,,0.8966,0.0256,0.1206,70.88,0.009,1.0518
170,Colombia,goat,2.7,108.35,40.6355,,,,,,,,,23.6944,1.0662,15.8749,0.01,0.0036,40.6392
170,Colombia,grou,1.7,4.09,2.3481,0.4311,0.2183,0.0856,0.0,1.5537,0.0355,0.0031,0.0207,,,,,,
170,Colombia,maiz,1478.7,426.56,0.2885,0.093,0.0695,0.0102,0.0,0.1034,0.0078,0.0023,0.0022,,,,,,
170,Colombia,oilp,7648.7,852.91,0.1115,0.0468,0.0081,0.0,0.0,0.0528,0.0039,0.0,0.0,,,,,,
170,Colombia,olvs,1.8,834.72,471.8663,,,,,,,,,293.2569,33.4609,145.1484,0.08,0.0473,471.9136
170,Colombia,pigs,585.0,952.19,1.6277,,,,,,,,,0.2859,1.3418,0.0,42.81,0.0732,1.7009
170,Colombia,pota,2505.8,151.23,0.0603,0.0387,0.013,0.0041,0.0,0.0001,0.0032,0.0,0.0012,,,,,,
170,Colombia,poul,2791.0,677.12,0.2426,,,,,,,,,0.0,0.1016,0.141,178.89,0.0641,0.3067
170,Colombia,rice,2813.0,2356.3,0.8376,0.0707,0.0181,0.0104,0.621,0.1025,0.0131,0.0015,0.0004,,,,,,
170,Colombia,rubb,14.8,26.21,1.7726,0.5881,0.5515,0.0,0.0,0.5843,0.0487,0.0,0.0,,,,,,
170,Colombia,sorg,8.5,2.07,0.244,0.1312,0.0704,0.0116,0.0,0.0075,0.013,0.0041,0.0061,,,,,,
170,Colombia,soyb,235.4,25.79,0.1096,0.0194,0.0443,0.0103,0.0,0.0334,0.0016,0.0006,0.0001,,,,,,
170,Colombia,sugc,31844.2,622.53,0.0195,0.0089,0.0046,0.0036,0.0,0.0014,0.0007,0.0001,0.0002,,,,,,
170,Colombia,whea,4.6,2.79,0.6119,0.3228,0.2359,0.0204,0.0,0.0,0.0269,0.0007,0.005,,,,,,
174,Comoros,dcat,5.6,7.56,1.3506,,,,,,,,,0.9243,0.0265,0.3998,0.0,0.0,1.3506
178,Congo,bcat,4.5,350.9,78.5339,,,,,,,,,51.796,1.9409,24.7969,31.66,7.0851,85.6189
178,Congo,bean,4.9,6.72,1.3744,0.0544,0.0244,0.0276,0.0,1.1381,0.0007,0.1293,0.0,,,,,,
178,Congo,cass,1779.4,222.91,0.1253,0.0021,0.0016,0.0058,0.0,0.1101,0.0001,0.0056,0.0,,,,,,
178,Congo,coco,14.3,22.52,1.5702,0.0257,0.0394,0.0,0.0,1.5043,0.0009,0.0,0.0,,,,,,
178,Congo,dcat,3.8,5.32,1.4088,,,,,,,,,0.9635,0.0284,0.4169,2.96,0.7826,2.1914
178,Congo,grou,28.9,54.93,1.8988,0.0168,0.033,0.068,0.0,1.5595,0.0006,0.2209,0.0,,,,,,
178,Congo,maiz,21.9,45.2,2.0619,0.0495,0.0167,0.0225,0.0,1.863,0.0034,0.1068,0.0,,,,,,
178,Congo,oilp,157.3,14.9,0.0947,0.0002,0.0014,0.0,0.0,0.0931,0.0,0.0,0.0,,,,,,
178,Congo,pota,6.8,0.99,0.1465,0.0201,0.001,0.0018,0.0,0.119,0.0,0.0046,0.0,,,,,,
178,Congo,poul,7.3,10.6,1.4604,,,,,,,,,0.0,0.2578,1.2026,37.32,5.143,6.6035
178,Congo,rcof,3.1,6.86,2.1983,0.4895,0.0448,0.0,0.0,1.6321,0.0319,0.0,0.0,,,,,,
178,Congo,rice,3.0,16.39,5.3758,0.0399,0.0075,0.0324,0.0803,5.0229,0.0037,0.1891,0.0,,,,,,
178,Congo,rubb,2.1,1.24,0.6038,0.0011,0.0181,0.0,0.0,0.5846,0.0,0.0,0.0,,,,,,
178,Congo,sugc,664.7,23.23,0.0349,0.0056,0.0005,0.0041,0.0,0.0198,0.0004,0.0045,0.0,,,,,,
180,Democratic Republic of the Congo,bcat,25.0,1741.89,69.7427,,,,,,,,,46.6098,1.5124,21.6204,36.89,1.4771,71.2199
180,Democratic Republic of the Congo,bean,290.1,118.18,0.4074,0.0062,0.0115,0.0385,0.0,0.243,0.0003,0.108,0.0,,,,,,
180,Democratic Republic of the Congo,cass,45671.8,1843.11,0.0404,0.0005,0.0009,0.0074,0.0,0.0281,0.0001,0.0033,0.0,,,,,,
180,Democratic Republic of the Congo,coco,48.3,11.18,0.2315,0.0354,0.0114,0.0,0.0,0.1818,0.0028,0.0,0.0,,,,,,
180,Democratic Republic of the Congo,coff,4.9,0.91,0.1867,0.0165,0.0515,0.0,0.0,0.1188,0.0,0.0,0.0,,,,,,
180,Democratic Republic of the Congo,cott,29.7,16.16,0.5431,0.0616,0.0208,0.0447,0.0,0.3017,0.006,0.1084,0.0,,,,,,
180,Democratic Republic of the Congo,dcat,33.1,96.77,2.9233,,,,,,,,,2.0206,0.0506,0.8521,1.89,0.0572,2.9805
180,Democratic Republic of the Congo,goat,14.3,853.19,59.6688,,,,,,,,,35.3944,1.134,23.1404,9.63,0.6733,60.3421
180,Democratic Republic of the Congo,grou,506.7,166.15,0.3279,0.0142,0.0056,0.046,0.0,0.1877,0.0016,0.0728,0.0,,,,,,
180,Democratic Republic of the Congo,maiz,2341.1,1083.33,0.4627,0.0479,0.0078,0.0257,0.0,0.3063,0.006,0.069,0.0,,,,,,
180,Democratic Republic of the Congo,oilp,1949.6,68.84,0.0353,0.0002,0.0011,0.0,0.0,0.034,0.0,0.0,0.0,,,,,,
180,Democratic Republic of the Congo,pigs,22.1,159.6,7.2093,,,,,,,,,1.2495,5.9598,0.0,56.14,2.5362,9.7455
180,Democratic Republic of the Congo,pota,112.5,5.33,0.0474,0.0223,0.0026,0.008,0.0,0.0101,0.0025,0.002,0.0,,,,,,
180,Democratic Republic of the Congo,poul,15.6,65.11,4.1724,,,,,,,,,0.0,0.6761,3.4962,29.96,1.92,6.0924
180,Democratic Republic of the Congo,rcof,53.0,24.83,0.4685,0.0114,0.0195,0.0,0.0,0.4368,0.0009,0.0,0.0,,,,,,
180,Democratic Republic of the Congo,rice,1886.8,1100.02,0.583,0.0274,0.0025,0.0258,0.2905,0.1778,0.0039,0.0551,0.0,,,,,,
180,Democratic Republic of the Congo,rubb,5.8,9.85,1.7009,0.1702,0.0691,0.0,0.0,1.4545,0.0071,0.0,0.0,,,,,,
180,Democratic Republic of the Congo,sorg,7.1,1.36,0.1928,0.0032,0.0578,0.0288,0.0,0.036,0.0,0.067,0.0,,,,,,
180,Democratic Republic of the Congo,soyb,25.4,14.17,0.5577,0.0305,0.011,0.0549,0.0,0.2999,0.0009,0.1605,0.0,,,,,,
180,Democratic Republic of the Congo,sugc,2520.9,24.7,0.0098,0.0022,0.0002,0.0039,0.0,0.0019,0.0003,0.0014,0.0,,,,,,
180,Democratic Republic of the Congo,whea,7.3,0.86,0.1178,0.0285,0.0054,0.0223,0.0,0.0304,0.0017,0.0297,0.0,,,,,,
188,Costa Rica,bcat,91.6,1724.7,18.837,,,,,,,,,14.2922,0.2313,4.3135,2.5,0.0273,18.8644
188,Costa Rica,bean,10.1,11.85,1.1786,0.7062,0.1383,0.0295,0.0,0.1805,0.0566,0.0386,0.0289,,,,,,
188,Costa Rica,cass,83.1,13.14,0.1581,0.0684,0.0279,0.0068,0.0,0.0385,0.0055,0.0011,0.0099,,,,,,
188,Costa Rica,coff,90.2,150.67,1.6699,1.3485,0.1336,0.0,0.0,0.0792,0.1086,0.0,0.0,,,,,,
188,Costa Rica,dcat,1215.5,2638.39,2.1706,,,,,,,,,1.8557,0.0379,0.277,3.91,0.0032,2.1739
188,Costa Rica,goat,16.1,22.08,1.3713,,,,,,,,,0.7718,0.0253,0.5742,0.12,0.0073,1.3786
188,Costa Rica,maiz,8.3,5.7,0.6885,0.3065,0.1406,0.0198,0.0,0.1424,0.0328,0.0282,0.0182,,,,,,
188,Costa Rica,oilp,1006.0,66.86,0.0665,0.0322,0.004,0.0,0.0,0.0276,0.0026,0.0,0.0,,,,,,
188,Costa Rica,pigs,63.3,68.52,1.0828,,,,,,,,,0.2486,0.8342,0.0,2.14,0.0338,1.1166
188,Costa Rica,pota,73.4,5.84,0.0795,0.0573,0.0073,0.0043,0.0,0.0009,0.0046,0.0008,0.0044,,,,,,
188,Costa Rica,poul,233.3,102.99,0.4414,,,,,,,,,0.0,0.1436,0.2978,4.75,0.0204,0.4618
188,Costa Rica,rice,61.8,84.4,1.3664,0.2182,0.0128,0.0193,0.8717,0.1525,0.0503,0.0381,0.0036,,,,,,
188,Costa Rica,sugc,3924.6,90.44,0.023,0.0103,0.0017,0.0042,0.0,0.0032,0.0008,0.0016,0.0012,,,,,,
191,Croatia,barl,303.9,40.42,0.133,0.0266,0.0188,0.0131,0.0,0.0334,0.0042,0.0004,0.0366,,,,,,
191,Croatia,bcat,43.8,600.56,13.6984,,,,,,,,,10.6337,1.8977,1.167,50.1,1.1427,14.8411
191,Croatia,bean,1.1,0.53,0.4735,0.0795,0.0236,0.0171,0.0,0.3468,0.004,0.0016,0.0009,,,,,,
191,Croatia,dcat,513.1,461.51,0.8994,,,,,,,,,0.6747,0.1778,0.0469,80.32,0.1565,1.0559
191,Croatia,goat,5.1,18.44,3.6455,,,,,,,,,1.9969,0.0715,1.5772,2.96,0.5848,4.2303
191,Croatia,maiz,2147.1,307.23,0.1431,0.0543,0.0128,0.0071,0.0,0.0366,0.0094,0.0002,0.0226,,,,,,
191,Croatia,pigs,120.0,216.68,1.806,,,,,,,,,0.3248,1.4812,0.0,144.4,1.2036,3.0096
191,Croatia,pota,159.2,13.74,0.0863,0.027,0.0087,0.0035,0.0,0.0336,0.0032,0.0001,0.0103,,,,,,
191,Croatia,poul,86.5,33.98,0.3926,,,,,,,,,0.0,0.3783,0.0144,52.35,0.605,0.9977
191,Croatia,rape,52.6,31.06,0.5902,0.2625,0.0594,0.0255,0.0,0.1206,0.0496,0.0007,0.0719,,,,,,
191,Croatia,shee,9.7,182.09,18.8003,,,,,,,,,13.2495,0.6021,4.9488,4.61,0.4755,19.2758
191,Croatia,soyb,242.8,30.58,0.1259,0.033,0.0225,0.012,0.0,0.0224,0.0067,0.0004,0.0289,,,,,,
191,Croatia,whea,827.2,156.24,0.1889,0.0761,0.0183,0.0106,0.0,0.041,0.012,0.0009,0.0299,,,,,,
192,Cuba,bcat,56.0,5754.49,102.6914,,,,,,,,,79.2148,1.8673,21.6092,68.56,1.2235,103.9149
192,Cuba,bean,44.8,218.26,4.876,0.031,0.1214,0.0257,0.0,4.3371,0.0035,0.174,0.1833,,,,,,
192,Cuba,cass,717.8,329.46,0.459,0.0024,0.0113,0.0046,0.0,0.3998,0.0003,0.0084,0.0322,,,,,,
192,Cuba,coco,1.1,5.89,5.2443,0.0346,0.1229,0.0,0.0,5.0827,0.0042,0.0,0.0,,,,,,
192,Cuba,coff,7.0,64.99,9.3105,0.1197,0.235,0.0,0.0,8.9421,0.0137,0.0,0.0,,,,,,
192,Cuba,dcat,215.3,602.94,2.8002,,,,,,,,,2.4,0.0763,0.3238,58.56,0.272,3.0721
192,Cuba,goat,9.2,138.96,15.0811,,,,,,,,,8.7692,0.4194,5.8924,3.71,0.4026,15.4837
192,Cuba,maiz,211.9,377.16,1.7797,0.0134,0.0412,0.0105,0.0,1.5768,0.0015,0.0603,0.0761,,,,,,
192,Cuba,pigs,16.1,158.44,9.8329,,,,,,,,,1.6301,8.2029,0.0,166.01,10.3027,20.1356
192,Cuba,pota,72.7,16.08,0.2214,0.0043,0.0106,0.0033,0.0,0.179,0.0005,0.0045,0.019,,,,,,
192,Cuba,poul,53.8,82.28,1.5285,,,,,,,,,0.0,0.6515,0.877,112.61,2.092,3.6204
192,Cuba,rice,82.6,518.68,6.28,0.0139,0.0627,0.0227,2.7796,2.9947,0.0039,0.1777,0.2247,,,,,,
192,Cuba,shee,11.9,262.57,22.1004,,,,,,,,,13.9791,0.5579,7.5634,4.37,0.3678,22.4682
192,Cuba,sorg,2.8,4.83,1.7376,0.0104,0.036,0.0081,0.0,1.5217,0.0005,0.0835,0.0774,,,,,,
192,Cuba,sugc,8773.4,1314.3,0.1498,0.0011,0.0032,0.0042,0.0,0.1044,0.0001,0.0065,0.0303,,,,,,
196,Cyprus,barl,6.1,3.82,0.6213,0.3566,0.1418,0.0609,0.0,0.0,0.0594,0.0026,0.0,,,,,,
196,Cyprus,bcat,4.9,25.23,5.1248,,,,,,,,,3.4426,0.2095,1.4727,0.11,0.0226,5.1473
196,Cyprus,dcat,284.3,33.9,0.1192,,,,,,,,,0.0802,0.006,0.033,0.77,0.0027,0.1219
196,Cyprus,goat,31.2,24.65,0.7906,,,,,,,,,0.4983,0.0254,0.2669,0.23,0.0075,0.7981
196,Cyprus,pigs,33.8,55.3,1.6366,,,,,,,,,0.1461,1.4905,0.0,1.15,0.0341,1.6707
196,Cyprus,pota,73.9,4.87,0.0659,0.053,0.003,0.0021,0.0,0.0,0.0078,0.0,0.0,,,,,,
196,Cyprus,poul,25.4,7.75,0.3056,,,,,,,,,0.0,0.1033,0.2023,0.51,0.0202,0.3257
196,Cyprus,shee,47.4,29.51,0.623,,,,,,,,,0.4232,0.019,0.1808,0.32,0.0068,0.6298
196,Cyprus,whea,19.5,4.87,0.2493,0.1718,0.0358,0.0125,0.0,0.0,0.0283,0.0009,0.0,,,,,,
203,Czechia,barl,1718.6,277.98,0.1618,0.0835,0.0162,0.0142,0.0,0.0051,0.0139,0.0002,0.0286,,,,,,
203,Czechia,bcat,76.8,1977.81,25.7605,,,,,,,,,20.721,3.6928,1.3467,58.81,0.766,26.5265
203,Czechia,dcat,3678.9,1250.02,0.3398,,,,,,,,,0.2759,0.0506,0.0133,301.78,0.082,0.4218
203,Czechia,goat,1.1,0.52,0.4886,,,,,,,,,0.2771,0.011,0.2005,0.05,0.0518,0.5403
203,Czechia,maiz,765.1,84.52,0.1105,0.0646,0.0098,0.007,0.0,0.0008,0.0136,0.0001,0.0146,,,,,,
203,Czechia,pigs,224.1,246.02,1.0976,,,,,,,,,0.2849,0.8128,0.0,197.91,0.883,1.9806
203,Czechia,pota,688.2,25.75,0.0374,0.0218,0.0033,0.0026,0.0,0.0009,0.0035,0.0,0.0053,,,,,,
203,Czechia,poul,175.9,83.49,0.4746,,,,,,,,,0.0,0.4688,0.0058,103.05,0.5858,1.0605
203,Czechia,rape,964.7,371.88,0.3855,0.2513,0.0315,0.0162,0.0,0.0098,0.0426,0.0005,0.0337,,,,,,
203,Czechia,shee,3.0,59.1,19.4974,,,,,,,,,14.1499,0.8992,4.4483,0.9,0.2968,19.7942
203,Czechia,soyb,78.2,8.34,0.1066,0.0523,0.0184,0.0077,0.0,0.0018,0.0097,0.0001,0.0167,,,,,,
203,Czechia,whea,4678.9,841.97,0.18,0.1089,0.015,0.011,0.0,0.0047,0.0174,0.0003,0.0228,,,,,,
204,Benin,bcat,47.2,2398.88,50.8078,,,,,,,,,33.547,1.2716,15.9892,0.5,0.0107,50.8185
204,Benin,bean,8.5,3.1,0.363,0.0467,0.1785,0.0894,0.0,0.0,0.0029,0.0455,0.0,,,,,,
204,Benin,cass,4469.7,128.23,0.0287,0.0014,0.0029,0.0071,0.0,0.0166,0.0001,0.0007,0.0,,,,,,
204,Benin,cott,615.1,310.27,0.5044,0.353,0.0637,0.0419,0.0,0.018,0.0164,0.0114,0.0,,,,,,
204,Benin,dcat,149.1,1064.36,7.1397,,,,,,,,,4.8822,0.1417,2.1158,0.17,0.0011,7.1408
204,Benin,goat,52.9,873.73,16.5154,,,,,,,,,9.6055,0.4569,6.453,0.17,0.0031,16.5186
204,Benin,grou,222.9,38.6,0.1731,0.0056,0.0331,0.0453,0.0,0.0812,0.0002,0.0077,0.0,,,,,,
204,Benin,maiz,2077.7,432.67,0.2082,0.0219,0.0314,0.0166,0.0,0.1313,0.001,0.006,0.0,,,,,,
204,Benin,oilp,736.7,30.23,0.041,0.0032,0.0024,0.0,0.0,0.0353,0.0001,0.0,0.0,,,,,,
204,Benin,pigs,13.7,182.26,13.329,,,,,,,,,1.8739,11.455,0.0,0.16,0.0114,13.3404
204,Benin,pota,53.5,0.14,0.0026,0.0001,0.0018,0.0007,0.0,0.0,0.0,0.0,0.0,,,,,,
204,Benin,poul,39.6,97.39,2.4618,,,,,,,,,0.0,0.3663,2.0956,0.29,0.0073,2.4691
204,Benin,rice,518.2,305.91,0.5903,0.0037,0.0102,0.0114,0.542,0.02,0.0004,0.0026,0.0,,,,,,
204,Benin,shee,13.5,636.25,47.2983,,,,,,,,,29.869,1.4348,15.9944,0.09,0.0064,47.3046
204,Benin,sorg,304.6,19.22,0.0631,0.0067,0.0332,0.0153,0.0,0.0015,0.0003,0.0061,0.0,,,,,,
204,Benin,soyb,638.0,32.23,0.0505,0.007,0.0191,0.014,0.0,0.0075,0.0003,0.0026,0.0,,,,,,
204,Benin,sugc,90.2,1.45,0.0161,0.0041,0.0043,0.0046,0.0,0.0028,0.0002,0.0002,0.0,,,,,,
208,Denmark,barl,2744.9,2198.96,0.8011,0.102,0.0865,0.0191,0.0,0.5673,0.0017,0.0002,0.0243,,,,,,
208,Denmark,bcat,105.3,1552.87,14.7438,,,,,,,,,11.5796,1.9037,1.2605,206.83,1.9638,16.7076
208,Denmark,dcat,5096.0,1988.58,0.3902,,,,,,,,,0.2959,0.0739,0.0204,1119.68,0.2197,0.6099
208,Denmark,maiz,47.7,21.05,0.4416,0.0324,0.0506,0.0058,0.0,0.3447,0.0003,0.0,0.0078,,,,,,
208,Denmark,pigs,1143.4,2405.15,2.1035,,,,,,,,,0.384,1.7195,0.0,3063.1,2.6789,4.7824
208,Denmark,pota,2929.0,520.09,0.1776,0.0204,0.0132,0.0025,0.0,0.1377,0.0003,0.0,0.0033,,,,,,
208,Denmark,poul,222.1,52.41,0.236,,,,,,,,,0.0,0.2281,0.0079,346.08,1.558,1.794
208,Denmark,rape,607.3,551.89,0.9088,0.2141,0.0935,0.0133,0.0,0.5669,0.0038,0.0003,0.0168,,,,,,
208,Denmark,whea,2945.2,2323.26,0.7888,0.1757,0.0738,0.0154,0.0,0.501,0.0029,0.0003,0.0197,,,,,,
212,Dominica,dcat,4.5,10.89,2.4084,,,,,,,,,2.0784,0.0484,0.2816,0.0,0.0,2.4084
212,Dominica,sugc,3.1,0.05,0.0167,0.0014,0.0023,0.0045,0.0,0.0,0.0,0.0,0.0086,,,,,,
214,Dominican Republic,bcat,62.6,4572.93,73.0626,,,,,,,,,55.8187,1.1165,16.1273,4.37,0.0698,73.1324
214,Dominican Republic,bean,43.9,52.55,1.1972,0.6911,0.3431,0.0238,0.0,0.0027,0.1163,0.0201,0.0,,,,,,
214,Dominican Republic,cass,244.6,16.23,0.0664,0.0194,0.0374,0.0048,0.0,0.0003,0.0034,0.001,0.0,,,,,,
214,Dominican Republic,coco,50.5,101.84,2.0172,0.8077,1.0701,0.0,0.0,0.0078,0.1316,0.0,0.0,,,,,,
214,Dominican Republic,coff,13.5,64.26,4.7421,2.8832,1.3767,0.0,0.0,0.0105,0.4717,0.0,0.0,,,,,,
214,Dominican Republic,dcat,811.6,1177.73,1.4512,,,,,,,,,1.2423,0.0313,0.1775,6.84,0.0084,1.4596
214,Dominican Republic,grou,9.2,4.38,0.4745,0.2708,0.1027,0.0403,0.0,0.0015,0.0453,0.0139,0.0,,,,,,
214,Dominican Republic,maiz,86.7,40.91,0.4718,0.2963,0.1059,0.0106,0.0,0.0011,0.0507,0.0072,0.0,,,,,,
214,Dominican Republic,oilp,302.1,81.21,0.2688,0.2137,0.022,0.0,0.0,0.0003,0.0328,0.0,0.0,,,,,,
214,Dominican Republic,pigs,58.5,136.64,2.3374,,,,,,,,,0.4544,1.883,0.0,6.02,0.103,2.4404
214,Dominican Republic,pota,122.0,20.28,0.1663,0.1306,0.0138,0.0028,0.0,0.0,0.0191,0.0,0.0,,,,,,
214,Dominican Republic,poul,643.8,464.14,0.721,,,,,,,,,0.0,0.2789,0.4421,25.89,0.0402,0.7612
214,Dominican Republic,rice,933.5,807.59,0.8651,0.2184,0.0218,0.0101,0.5197,0.0008,0.0881,0.0062,0.0,,,,,,
214,Dominican Republic,sugc,4460.7,224.01,0.0502,0.0302,0.0091,0.0048,0.0,0.0001,0.005,0.0011,0.0,,,,,,
218,Ecuador,barl,10.4,4.28,0.4138,0.0135,0.3153,0.0321,0.0,0.0,0.0016,0.0011,0.0501,,,,,,
218,Ecuador,bcat,233.6,5551.05,23.7664,,,,,,,,,18.2701,0.3678,5.1285,47.8,0.2047,23.971
218,Ecuador,bean,18.7,6.5,0.3475,0.0648,0.2092,0.0275,0.0,0.003,0.0084,0.0021,0.0325,,,,,,
218,Ecuador,cass,87.5,13.02,0.1487,0.0013,0.0274,0.0086,0.0,0.1062,0.0001,0.0005,0.0046,,,,,,
218,Ecuador,coco,386.5,274.32,0.7098,0.0155,0.1087,0.0,0.0,0.5837,0.0019,0.0,0.0,,,,,,
218,Ecuador,coff,6.7,3.44,0.5129,0.0475,0.196,0.0,0.0,0.2578,0.0116,0.0,0.0,,,,,,
218,Ecuador,cott,3.4,1.32,0.3861,0.1019,0.0394,0.0253,0.0,0.192,0.0155,0.0038,0.0082,,,,,,
218,Ecuador,dcat,1897.2,1815.88,0.9571,,,,,,,,,0.8221,0.0209,0.1141,54.48,0.0287,0.9859
218,Ecuador,goat,1.1,4.56,4.2587,,,,,,,,,2.4601,0.0968,1.7019,0.04,0.0373,4.296
218,Ecuador,grou,2.8,4.03,1.42,0.1626,0.338,0.1856,0.0,0.5714,0.0217,0.0233,0.1174,,,,,,
218,Ecuador,maiz,1163.6,279.45,0.2402,0.0645,0.0275,0.0124,0.0,0.1217,0.0077,0.0015,0.0049,,,,,,
218,Ecuador,oilp,2562.9,423.1,0.1651,0.0105,0.0023,0.0,0.0,0.1512,0.0011,0.0,0.0,,,,,,
218,Ecuador,pigs,216.7,126.51,0.5837,,,,,,,,,0.1129,0.4708,0.0,31.52,0.1454,0.7291
218,Ecuador,pota,211.0,23.36,0.1107,0.0419,0.0293,0.0073,0.0,0.0116,0.0048,0.0001,0.0156,,,,,,
218,Ecuador,poul,719.4,409.44,0.5692,,,,,,,,,0.0,0.2249,0.3442,100.35,0.1395,0.7087
218,Ecuador,rcof,2.0,11.72,5.919,0.1023,0.2818,0.0,0.0,5.5247,0.0102,0.0,0.0,,,,,,
218,Ecuador,rice,1498.0,866.71,0.5786,0.0243,0.0154,0.0085,0.4198,0.1038,0.0042,0.0009,0.0016,,,,,,
218,Ecuador,rubb,19.1,14.33,0.7499,0.015,0.0573,0.0,0.0,0.6762,0.0014,0.0,0.0,,,,,,
218,Ecuador,shee,9.4,90.57,9.6595,,,,,,,,,6.0759,0.1996,3.384,0.69,0.0738,9.7333
218,Ecuador,sorg,13.3,3.04,0.2289,0.0258,0.0879,0.0144,0.0,0.0776,0.0039,0.0023,0.0171,,,,,,
218,Ecuador,soyb,23.9,15.87,0.6643,0.0131,0.0467,0.0353,0.0,0.5584,0.0014,0.0046,0.0048,,,,,,
218,Ecuador,sugc,6269.8,429.14,0.0684,0.0022,0.0027,0.0069,0.0,0.056,0.0003,0.0001,0.0003,,,,,,
218,Ecuador,whea,7.4,2.27,0.3041,0.0143,0.158,0.0276,0.0,0.0,0.0019,0.0011,0.1012,,,,,,
222,El Salvador,bcat,15.4,736.67,47.8366,,,,,,,,,37.0345,0.6851,10.117,9.06,0.5883,48.4249
222,El Salvador,bean,93.7,22.5,0.2402,0.0613,0.0726,0.0292,0.0,0.0601,0.0041,0.0087,0.0041,,,,,,
222,El Salvador,cass,20.8,0.5,0.024,0.005,0.0049,0.0054,0.0,0.0076,0.0002,0.0003,0.0007,,,,,,
222,El Salvador,coff,32.0,53.71,1.6784,0.8788,0.2751,0.0,0.0,0.4687,0.0558,0.0,0.0,,,,,,
222,El Salvador,dcat,377.6,716.82,1.8981,,,,,,,,,1.6385,0.0383,0.2214,23.17,0.0614,1.9595
222,El Salvador,maiz,695.3,145.01,0.2086,0.1163,0.0271,0.013,0.0,0.0391,0.0073,0.0037,0.0019,,,,,,
222,El Salvador,pigs,6.8,29.7,4.37,,,,,,,,,0.9037,3.4663,0.0,3.78,0.5561,4.9261
222,El Salvador,pota,4.9,0.06,0.0114,0.0052,0.0026,0.0034,0.0,0.0,0.0001,0.0,0.0,,,,,,
222,El Salvador,poul,221.2,51.52,0.2329,,,,,,,,,0.0,0.0853,0.1475,76.55,0.346,0.5789
222,El Salvador,rice,10.8,13.61,1.2563,0.0582,0.031,0.0183,1.1072,0.0283,0.0068,0.0055,0.001,,,,,,
222,El Salvador,sorg,81.5,14.85,0.1823,0.0423,0.0498,0.0256,0.0,0.05,0.0026,0.0088,0.0032,,,,,,
222,El Salvador,soyb,4.7,0.66,0.1405,0.0086,0.0366,0.0225,0.0,0.0641,0.0,0.0068,0.0019,,,,,,
222,El Salvador,sugc,6520.6,86.05,0.0132,0.006,0.001,0.0043,0.0,0.0008,0.0004,0.0003,0.0003,,,,,,
226,Equatorial Guinea,cass,109.9,1.88,0.0172,0.0026,0.0013,0.0107,0.0,0.0021,0.0002,0.0002,0.0,,,,,,
226,Equatorial Guinea,grou,5.2,0.21,0.0394,0.0027,0.004,0.0307,0.0,0.0,0.0003,0.0016,0.0,,,,,,
226,Equatorial Guinea,maiz,4.3,0.19,0.0437,0.016,0.0061,0.0182,0.0,0.0,0.0021,0.0012,0.0,,,,,,
226,Equatorial Guinea,oilp,36.7,0.39,0.0105,0.002,0.0021,0.0,0.0,0.0063,0.0001,0.0,0.0,,,,,,
226,Equatorial Guinea,rcof,3.7,0.52,0.1409,0.097,0.0283,0.0,0.0,0.007,0.0087,0.0,0.0,,,,,,
231,Ethiopia,barl,2516.9,305.33,0.1213,0.0702,0.0224,0.0163,0.0,0.0077,0.0037,0.001,0.0,,,,,,
231,Ethiopia,bcat,429.1,80382.96,187.3079,,,,,,,,,123.9079,4.549,58.851,88.33,0.2058,187.5137
231,Ethiopia,bean,604.9,69.89,0.1155,0.0174,0.0666,0.0153,0.0,0.0131,0.0006,0.0025,0.0,,,,,,
231,Ethiopia,cass,13.4,0.42,0.0314,0.0,0.0067,0.0052,0.0,0.0161,0.0,0.0033,0.0,,,,,,
231,Ethiopia,coff,584.6,113.4,0.194,0.0341,0.0922,0.0,0.0,0.0656,0.0021,0.0,0.0,,,,,,
231,Ethiopia,cott,174.2,100.58,0.5774,0.1273,0.0365,0.0253,0.0,0.3751,0.0047,0.0085,0.0,,,,,,
231,Ethiopia,dcat,3468.4,14052.69,4.0516,,,,,,,,,2.7751,0.078,1.1984,80.13,0.0231,4.0747
231,Ethiopia,goat,214.9,12187.47,56.7031,,,,,,,,,33.2444,1.2036,22.2551,10.9,0.0507,56.7538
231,Ethiopia,grou,122.3,45.97,0.3758,0.0846,0.1023,0.0402,0.0,0.1395,0.0039,0.0052,0.0,,,,,,
231,Ethiopia,maiz,11645.8,990.44,0.085,0.0411,0.0192,0.0077,0.0,0.0143,0.0016,0.0011,0.0,,,,,,
231,Ethiopia,olvs,275.8,7894.67,28.6208,,,,,,,,,19.0443,1.5433,8.0332,9.21,0.0334,28.6542
231,Ethiopia,pota,4088.8,97.31,0.0238,0.0183,0.003,0.0009,0.0,0.0007,0.0007,0.0,0.0,,,,,,
231,Ethiopia,poul,106.6,226.24,2.1227,,,,,,,,,0.0,0.3688,1.7538,18.81,0.1765,2.2992
231,Ethiopia,rape,22.0,13.95,0.6349,0.4678,0.0723,0.0301,0.0,0.0458,0.0178,0.0011,0.0,,,,,,
231,Ethiopia,rice,281.9,122.91,0.436,0.0688,0.064,0.0075,0.0991,0.1866,0.0031,0.007,0.0,,,,,,
231,Ethiopia,shee,198.2,9143.79,46.1416,,,,,,,,,29.3837,1.0788,15.6791,12.52,0.0632,46.2048
231,Ethiopia,sorg,4041.3,448.06,0.1109,0.0237,0.0319,0.0137,0.0,0.0365,0.0013,0.0038,0.0,,,,,,
231,Ethiopia,soyb,238.7,20.49,0.0858,0.0421,0.0207,0.0116,0.0,0.0067,0.0014,0.0032,0.0,,,,,,
231,Ethiopia,sugc,996.5,51.56,0.0517,0.0318,0.0029,0.0052,0.0,0.0108,0.001,0.0002,0.0,,,,,,
231,Ethiopia,whea,6185.3,737.93,0.1193,0.0736,0.022,0.0096,0.0,0.0084,0.0045,0.0012,0.0,,,,,,
232,Eritrea,barl,63.2,5.79,0.0915,0.0075,0.0643,0.0165,0.0,0.0,0.0015,0.0017,0.0,,,,,,
232,Eritrea,bcat,24.9,1799.1,72.3389,,,,,,,,,47.7901,1.768,22.7808,0.05,0.0021,72.341
232,Eritrea,dcat,118.3,1266.47,10.702,,,,,,,,,7.3213,0.2075,3.1732,0.03,0.0003,10.7022
232,Eritrea,goat,16.6,448.77,27.1111,,,,,,,,,15.789,0.7141,10.608,0.01,0.0006,27.1116
232,Eritrea,grou,2.1,0.31,0.1509,0.0059,0.1041,0.0331,0.0,0.0,0.0,0.0078,0.0,,,,,,
232,Eritrea,maiz,22.7,3.44,0.1511,0.0173,0.1142,0.0124,0.0,0.0,0.0028,0.0043,0.0,,,,,,
232,Eritrea,olvs,11.9,22.59,1.8969,,,,,,,,,1.5234,0.0866,0.287,0.01,0.0005,1.8974
232,Eritrea,poul,2.7,5.11,1.9035,,,,,,,,,0.0,0.3077,1.5958,0.01,0.0022,1.9057
232,Eritrea,shee,12.9,523.83,40.472,,,,,,,,,25.5868,1.1821,13.7032,0.01,0.0007,40.4727
232,Eritrea,sorg,155.3,21.81,0.1404,0.0066,0.0987,0.0236,0.0,0.0,0.0012,0.0103,0.0,,,,,,
232,Eritrea,whea,24.7,3.02,0.1222,0.0163,0.0887,0.014,0.0,0.0,0.0032,0.0001,0.0,,,,,,
233,Estonia,barl,310.4,899.74,2.8982,0.1567,0.02,0.0235,0.0,2.697,0.0007,0.0002,0.0,,,,,,
233,Estonia,bcat,7.6,313.56,41.0013,,,,,,,,,32.018,5.539,3.4443,87.01,11.3777,52.379
233,Estonia,dcat,923.7,334.66,0.3623,,,,,,,,,0.2723,0.0715,0.0185,898.88,0.9731,1.3354
233,Estonia,pigs,41.2,69.19,1.6813,,,,,,,,,0.2948,1.3865,0.0,463.62,11.2651,12.9464
233,Estonia,pota,70.3,23.03,0.3277,0.0018,0.0024,0.0031,0.0,0.3203,0.0,0.0001,0.0,,,,,,
233,Estonia,poul,34.5,5.93,0.1719,,,,,,,,,0.0,0.167,0.0049,234.69,6.8005,6.9723
233,Estonia,rape,96.1,521.7,5.4285,0.459,0.0399,0.0326,0.0,4.8941,0.0022,0.0007,0.0,,,,,,
233,Estonia,whea,746.0,1308.24,1.7537,0.1556,0.0117,0.0121,0.0,1.5734,0.0008,0.0002,0.0,,,,,,
234,Faroe Islands,dcat,5.6,3.78,0.6732,,,,,,,,,0.5064,0.1324,0.0344,0.0,0.0,0.6732
242,Fiji,bcat,3.3,134.09,41.023,,,,,,,,,29.2752,1.8016,9.9462,0.29,0.0898,41.1128
242,Fiji,cass,109.8,0.95,0.0087,0.0032,0.0013,0.0033,0.0,0.0009,0.0,0.0,0.0,,,,,,
242,Fiji,dcat,9.5,121.2,12.7025,,,,,,,,,8.0869,2.5745,2.0411,0.17,0.0177,12.7202
242,Fiji,maiz,2.3,0.22,0.0939,0.0559,0.0057,0.0064,0.0,0.0259,0.0,0.0,0.0,,,,,,
242,Fiji,pigs,2.2,24.0,10.8209,,,,,,,,,0.7133,10.1076,0.0,0.26,0.1186,10.9395
242,Fiji,poul,44.5,8.12,0.1822,,,,,,,,,0.0,0.1661,0.0161,3.19,0.0716,0.2537
242,Fiji,rice,1.3,0.34,0.2559,0.0043,0.0007,0.0053,0.2366,0.0091,0.0,0.0,0.0,,,,,,
242,Fiji,sugc,1031.9,16.59,0.0161,0.0075,0.0026,0.0048,0.0,0.0012,0.0,0.0,0.0,,,,,,
246,Finland,barl,1128.3,3551.25,3.1475,0.2688,0.023,0.0263,0.0,2.772,0.0274,0.0001,0.0299,,,,,,
246,Finland,bcat,83.2,1042.36,12.525,,,,,,,,,9.7417,1.7117,1.0715,508.9,6.1149,18.6399
246,Finland,dcat,2140.0,989.01,0.4621,,,,,,,,,0.3458,0.0923,0.0241,1640.21,0.7664,1.2286
246,Finland,pigs,148.5,225.61,1.5195,,,,,,,,,0.2626,1.2568,0.0,1159.13,7.8065,9.3259
246,Finland,pota,539.8,157.06,0.291,0.0255,0.0106,0.0038,0.0,0.2438,0.0026,0.0,0.0047,,,,,,
246,Finland,poul,205.0,34.34,0.1675,,,,,,,,,0.0,0.1622,0.0053,1033.62,5.043,5.2105
246,Finland,rape,46.6,216.12,4.634,0.6304,0.0377,0.028,0.0,3.8534,0.0638,0.0001,0.0207,,,,,,
246,Finland,whea,731.5,2206.27,3.016,0.329,0.018,0.0169,0.0,2.6002,0.0337,0.0001,0.0181,,,,,,
250,France,barl,9609.1,2349.74,0.2445,0.11,0.0413,0.0219,0.0,0.0579,0.0111,0.0002,0.0021,,,,,,
250,France,bcat,1286.2,26492.79,20.598,,,,,,,,,15.9458,2.9267,1.7255,1458.5,1.134,21.7319
250,France,dcat,23994.9,13389.58,0.558,,,,,,,,,0.4158,0.1138,0.0285,2993.13,0.1247,0.6828
250,France,goat,704.2,320.35,0.4549,,,,,,,,,0.2514,0.0092,0.1943,194.02,0.2755,0.7305
250,France,maiz,14374.7,1689.1,0.1175,0.0474,0.0242,0.0086,0.0,0.0297,0.0051,0.0003,0.0021,,,,,,
250,France,pigs,2020.4,2830.02,1.4007,,,,,,,,,0.2424,1.1583,0.0,2536.17,1.2553,2.656
250,France,pota,9103.1,225.69,0.0248,0.0044,0.0048,0.003,0.0,0.0114,0.0004,0.0,0.0007,,,,,,
250,France,poul,1656.8,749.76,0.4525,,,,,,,,,0.0,0.4346,0.0179,1337.55,0.8073,1.2598
250,France,rape,3901.6,1561.81,0.4003,0.2237,0.0582,0.0159,0.0,0.0772,0.0234,0.0002,0.0016,,,,,,
250,France,rice,69.7,15.65,0.2246,0.0153,0.0117,0.0027,0.1837,0.0073,0.0029,0.001,0.0,,,,,,
250,France,shee,403.5,1999.15,4.9546,,,,,,,,,3.5048,0.1658,1.284,143.84,0.3565,5.3111
250,France,sorg,445.4,75.26,0.169,0.0906,0.0288,0.0146,0.0,0.0225,0.0108,0.0008,0.0009,,,,,,
250,France,soyb,396.9,155.59,0.392,0.2357,0.0736,0.0226,0.0,0.0355,0.0225,0.0015,0.0007,,,,,,
250,France,whea,26289.5,8182.22,0.3112,0.1716,0.0551,0.0184,0.0,0.0478,0.0166,0.0004,0.0014,,,,,,
254,French Guiana,cass,3.4,0.7,0.2086,0.0285,0.0009,0.0059,0.0,0.1537,0.0028,0.0168,0.0,,,,,,
262,Djibouti,bcat,6.2,354.22,57.4243,,,,,,,,,37.9261,1.4014,18.0968,0.0,0.0,57.4243
262,Djibouti,bean,4.7,2.23,0.4753,0.0071,0.4207,0.0417,0.0,0.0,0.0016,0.0042,0.0,,,,,,
262,Djibouti,dcat,9.5,48.73,5.1356,,,,,,,,,3.5112,0.1,1.5244,0.0,0.0,5.1356
262,Djibouti,goat,2.5,127.53,50.2908,,,,,,,,,29.2801,1.3231,19.6876,0.0,0.0,50.2908
262,Djibouti,shee,2.4,100.2,41.3107,,,,,,,,,26.1076,1.209,13.9942,0.0,0.0,41.3107
266,Gabon,cass,315.1,12.38,0.0393,0.0171,0.005,0.009,0.0,0.0033,0.0005,0.0044,0.0,,,,,,
266,Gabon,dcat,10.2,14.3,1.4078,,,,,,,,,0.9637,0.0246,0.4195,0.67,0.0657,1.4735
266,Gabon,grou,31.7,6.79,0.2139,0.0169,0.0419,0.0516,0.0,0.0274,0.0,0.076,0.0,,,,,,
266,Gabon,maiz,45.9,10.43,0.2273,0.1427,0.021,0.0167,0.0,0.0122,0.0043,0.0304,0.0,,,,,,
266,Gabon,oilp,604.7,1.25,0.0021,0.0016,0.0002,0.0,0.0,0.0003,0.0,0.0,0.0,,,,,,
266,Gabon,pigs,2.0,24.65,12.2697,,,,,,,,,1.928,10.3417,0.0,2.2,1.0929,13.3625
266,Gabon,poul,6.6,13.55,2.0592,,,,,,,,,0.0,0.3537,1.7055,2.87,0.4355,2.4947
266,Gabon,rice,1.8,3.58,2.0332,0.0308,0.0037,0.0091,1.9066,0.0074,0.0025,0.0732,0.0,,,,,,
266,Gabon,rubb,27.2,1.49,0.0546,0.0346,0.0087,0.0,0.0,0.0108,0.0005,0.0,0.0,,,,,,
266,Gabon,soyb,3.5,0.68,0.1939,0.024,0.0137,0.0431,0.0,0.0189,0.0,0.0941,0.0,,,,,,
266,Gabon,sugc,271.6,2.86,0.0105,0.0035,0.0002,0.0044,0.0,0.0002,0.0,0.0022,0.0,,,,,,
268,Georgia,barl,53.2,21.29,0.3999,0.0782,0.0819,0.021,0.0,0.0,0.0007,0.0083,0.2099,,,,,,
268,Georgia,bcat,28.5,559.98,19.6713,,,,,,,,,12.475,0.528,6.6683,7.58,0.2662,19.9375
268,Georgia,bean,4.2,2.4,0.5678,0.1094,0.0847,0.0197,0.0,0.0033,0.0004,0.0165,0.3338,,,,,,
268,Georgia,dcat,593.9,844.56,1.4219,,,,,,,,,0.908,0.0459,0.468,25.31,0.0426,1.4646
268,Georgia,goat,2.6,11.15,4.3528,,,,,,,,,2.5557,0.06,1.7372,0.35,0.1351,4.4879
268,Georgia,maiz,212.5,147.21,0.6928,0.292,0.0824,0.0119,0.0,0.0539,0.0008,0.0047,0.2471,,,,,,
268,Georgia,pigs,29.6,23.21,0.783,,,,,,,,,0.1367,0.6463,0.0,8.46,0.2855,1.0685
268,Georgia,pota,222.4,22.34,0.1005,0.0444,0.0076,0.0034,0.0,0.0001,0.0002,0.0005,0.0443,,,,,,
268,Georgia,poul,71.1,39.11,0.55,,,,,,,,,0.0,0.0761,0.4739,20.76,0.292,0.842
268,Georgia,shee,10.6,179.99,16.9424,,,,,,,,,10.9153,0.2402,5.7868,1.52,0.1428,17.0851
268,Georgia,soyb,1.9,1.33,0.6996,0.0493,0.0719,0.0171,0.0,0.0304,0.0,0.0117,0.5192,,,,,,
268,Georgia,whea,169.8,30.5,0.1796,0.0658,0.0258,0.0105,0.0,0.0,0.0006,0.0074,0.0695,,,,,,
270,Gambia,bcat,3.8,316.27,83.4687,,,,,,,,,55.0172,2.0508,26.4007,0.21,0.0542,83.5229
270,Gambia,cass,13.8,13.24,0.9581,0.0019,0.0072,0.0052,0.0,0.9349,0.0006,0.0041,0.0043,,,,,,
270,Gambia,cott,1.9,5.47,2.9119,0.3201,0.049,0.0256,0.0,2.3609,0.1082,0.0412,0.0069,,,,,,
270,Gambia,dcat,46.4,81.98,1.7654,,,,,,,,,1.2054,0.0342,0.5257,0.49,0.0107,1.7761
270,Gambia,grou,154.4,111.55,0.7227,0.0081,0.0143,0.0134,0.0,0.6611,0.0028,0.0171,0.0058,,,,,,
270,Gambia,maiz,57.5,108.54,1.8877,0.0631,0.023,0.0094,0.0,1.7406,0.0223,0.0225,0.0067,,,,,,
270,Gambia,oilp,39.5,11.41,0.2886,0.0002,0.0034,0.0,0.0,0.285,0.0,0.0,0.0,,,,,,
270,Gambia,pigs,1.2,3.15,2.7035,,,,,,,,,0.3691,2.3344,0.0,0.06,0.0501,2.7536
270,Gambia,pota,24.3,1.18,0.0485,0.033,0.0008,0.0021,0.0,0.0,0.012,0.0006,0.0,,,,,,
270,Gambia,poul,3.0,5.01,1.6659,,,,,,,,,0.0,0.2885,1.3774,0.14,0.0455,1.7114
270,Gambia,rice,57.7,351.41,6.086,0.0689,0.0316,0.0175,1.1949,4.6533,0.0314,0.0702,0.0181,,,,,,
270,Gambia,shee,1.1,43.92,38.59,,,,,,,,,24.3277,1.1484,13.1139,0.02,0.0164,38.6064
270,Gambia,sorg,13.3,15.59,1.1748,0.0171,0.0402,0.0204,0.0,1.0359,0.0049,0.044,0.0124,,,,,,
275,Palestine,maiz,2.5,0.07,0.026,0.0033,0.0034,0.0067,0.0,0.0,0.0008,0.0118,0.0,,,,,,
276,Germany,barl,10489.2,3931.67,0.3748,0.0978,0.0357,0.0178,0.0,0.2082,0.0059,0.0002,0.0093,,,,,,
276,Germany,bcat,1016.0,13786.95,13.5703,,,,,,,,,10.6319,1.7573,1.1812,1033.55,1.0173,14.5876
276,Germany,dcat,33736.1,15561.33,0.4613,,,,,,,,,0.3491,0.0876,0.0245,3662.04,0.1085,0.5698
276,Germany,maiz,5252.7,813.36,0.1548,0.0392,0.0179,0.0076,0.0,0.0839,0.0022,0.0001,0.0039,,,,,,
276,Germany,pigs,4291.6,5574.36,1.2989,,,,,,,,,0.2362,1.0627,0.0,5489.79,1.2792,2.5781
276,Germany,pota,13009.7,1088.86,0.0837,0.0138,0.0073,0.0029,0.0,0.0575,0.0008,0.0,0.0015,,,,,,
276,Germany,poul,2545.7,501.23,0.1969,,,,,,,,,0.0,0.1894,0.0075,1922.97,0.7554,0.9523
276,Germany,rape,3564.9,2224.76,0.6241,0.1738,0.0462,0.0144,0.0,0.3699,0.0124,0.0003,0.0069,,,,,,
276,Germany,shee,29.0,435.6,15.008,,,,,,,,,10.5599,0.4749,3.9732,14.73,0.5076,15.5156
276,Germany,soyb,135.8,43.46,0.3202,0.0666,0.0521,0.0145,0.0,0.1761,0.003,0.0,0.0078,,,,,,
276,Germany,whea,18312.3,8515.46,0.465,0.1479,0.0383,0.0158,0.0,0.2455,0.009,0.0003,0.0083,,,,,,
288,Ghana,bcat,30.5,2334.44,76.497,,,,,,,,,50.4555,1.7951,24.2464,43.31,1.4192,77.9162
288,Ghana,bean,163.6,29.4,0.1797,0.0979,0.0278,0.0264,0.0,0.0,0.0082,0.0194,0.0,,,,,,
288,Ghana,cass,27655.9,269.07,0.0097,0.0022,0.0013,0.005,0.0,0.0,0.0002,0.001,0.0,,,,,,
288,Ghana,coco,526.7,44.94,0.0853,0.0366,0.0452,0.0,0.0,0.0,0.0035,0.0,0.0,,,,,,
288,Ghana,cott,28.5,9.63,0.3374,0.2346,0.0189,0.0348,0.0,0.0,0.0196,0.0295,0.0,,,,,,
288,Ghana,dcat,49.8,699.61,14.0436,,,,,,,,,9.5913,0.2611,4.1912,8.33,0.1672,14.2108
288,Ghana,goat,36.4,2062.78,56.6487,,,,,,,,,32.8971,1.4689,22.2826,12.71,0.3489,56.9976
288,Ghana,grou,602.9,43.11,0.0715,0.0111,0.0225,0.0244,0.0,0.0,0.0011,0.0124,0.0,,,,,,
288,Ghana,maiz,3718.8,272.8,0.0734,0.0389,0.0106,0.0109,0.0,0.0,0.0033,0.0096,0.0,,,,,,
288,Ghana,oilp,3170.1,12.9,0.0041,0.0007,0.0033,0.0,0.0,0.0,0.0001,0.0,0.0,,,,,,
288,Ghana,pigs,31.9,176.01,5.5242,,,,,,,,,0.8554,4.6688,0.0,53.8,1.6886,7.2127
288,Ghana,poul,128.6,359.78,2.7969,,,,,,,,,0.0,0.463,2.3339,139.3,1.0829,3.8799
288,Ghana,rice,1718.7,746.21,0.4342,0.0097,0.0073,0.0082,0.3988,0.0,0.0019,0.0083,0.0,,,,,,
288,Ghana,rubb,137.8,2.21,0.016,0.0029,0.0131,0.0,0.0,0.0,0.0,0.0,0.0,,,,,,
288,Ghana,shee,26.8,1263.52,47.1619,,,,,,,,,29.7543,1.3436,16.064,12.42,0.4636,47.6255
288,Ghana,sorg,466.6,39.03,0.0836,0.0222,0.0281,0.0168,0.0,0.0,0.0028,0.0138,0.0,,,,,,
288,Ghana,soyb,277.8,17.14,0.0617,0.0223,0.0131,0.0141,0.0,0.0,0.0022,0.01,0.0,,,,,,
288,Ghana,sugc,154.0,4.34,0.0282,0.0202,0.0011,0.0044,0.0,0.0,0.0015,0.001,0.0,,,,,,
300,Greece,barl,321.7,74.42,0.2314,0.0408,0.0166,0.0204,0.0,0.038,0.0075,0.0191,0.089,,,,,,
300,Greece,bcat,30.1,999.26,33.233,,,,,,,,,25.1061,5.3773,2.7496,25.67,0.8537,34.0867
300,Greece,dcat,621.5,391.05,0.6292,,,,,,,,,0.4482,0.1475,0.0335,58.92,0.0948,0.724
300,Greece,goat,299.3,645.28,2.156,,,,,,,,,1.194,0.0455,0.9165,75.58,0.2525,2.4086
300,Greece,maiz,886.3,203.14,0.2292,0.06,0.0064,0.0102,0.0,0.0374,0.0102,0.0116,0.0934,,,,,,
300,Greece,pigs,54.2,195.29,3.603,,,,,,,,,0.5006,3.1024,0.0,67.74,1.2497,4.8527
300,Greece,pota,288.3,21.61,0.075,0.0124,0.0041,0.0036,0.0,0.015,0.0022,0.0022,0.0355,,,,,,
300,Greece,poul,248.7,2.35,0.0095,,,,,,,,,0.0,0.0087,0.0007,141.54,0.5691,0.5785
300,Greece,rape,6.9,3.49,0.5091,0.0918,0.0188,0.0357,0.0,0.0735,0.0177,0.0262,0.2453,,,,,,
300,Greece,rice,264.2,238.46,0.9025,0.0333,0.0046,0.0091,0.7341,0.0318,0.0072,0.0113,0.071,,,,,,
300,Greece,shee,853.2,2020.88,2.3685,,,,,,,,,1.6763,0.0819,0.6103,247.79,0.2904,2.6589
300,Greece,sorg,3.8,4.38,1.1593,0.0936,0.0352,0.0215,0.0,0.2524,0.0148,0.0269,0.7149,,,,,,
300,Greece,soyb,1.7,0.48,0.2731,0.0311,0.0131,0.0155,0.0,0.1008,0.0063,0.009,0.0974,,,,,,
300,Greece,whea,1141.1,195.67,0.1715,0.0329,0.0124,0.0126,0.0,0.0316,0.0062,0.0189,0.0569,,,,,,
308,Grenada,poul,3.5,1.37,0.385,,,,,,,,,0.0,0.1308,0.2542,0.09,0.0252,0.4102
308,Grenada,sugc,5.2,0.02,0.0033,0.0003,0.0007,0.0022,0.0,0.0,0.0001,0.0,0.0,,,,,,
320,Guatemala,bcat,304.5,6575.26,21.5962,,,,,,,,,16.7315,0.2997,4.5649,53.73,0.1765,21.7727
320,Guatemala,bean,118.7,59.72,0.503,0.2241,0.1686,0.0242,0.0,0.0442,0.0262,0.0157,0.0,,,,,,
320,Guatemala,cass,1.6,1.19,0.7254,0.4005,0.0616,0.0457,0.0,0.112,0.0439,0.0616,0.0,,,,,,
320,Guatemala,coco,11.9,4.11,0.3463,0.0992,0.017,0.0,0.0,0.2194,0.0107,0.0,0.0,,,,,,
320,Guatemala,coff,198.5,200.05,1.008,0.7059,0.1294,0.0,0.0,0.0908,0.0819,0.0,0.0,,,,,,
320,Guatemala,cott,2.6,1.12,0.4353,0.1133,0.0311,0.0314,0.0,0.2376,0.0136,0.0083,0.0,,,,,,
320,Guatemala,dcat,548.9,1607.73,2.929,,,,,,,,,2.5304,0.0571,0.3415,16.57,0.0302,2.9592
320,Guatemala,goat,2.4,23.71,9.9129,,,,,,,,,5.8039,0.2029,3.906,0.19,0.0794,9.9923
320,Guatemala,grou,9.3,1.11,0.119,0.0452,0.0077,0.0179,0.0,0.0251,0.0043,0.0188,0.0,,,,,,
320,Guatemala,maiz,2260.5,713.69,0.3157,0.2012,0.0418,0.0098,0.0,0.0343,0.0226,0.0061,0.0,,,,,,
320,Guatemala,oilp,4060.5,145.89,0.0359,0.0197,0.0006,0.0,0.0,0.0134,0.0022,0.0,0.0,,,,,,
320,Guatemala,olvs,2.0,115.1,57.9387,,,,,,,,,36.5341,3.2937,18.1109,0.1,0.0508,57.9896
320,Guatemala,pigs,43.5,368.37,8.4634,,,,,,,,,1.7965,6.6668,0.0,11.6,0.2664,8.7298
320,Guatemala,pota,550.7,25.66,0.0466,0.0268,0.0104,0.0033,0.0,0.0029,0.003,0.0002,0.0,,,,,,
320,Guatemala,poul,634.4,137.52,0.2168,,,,,,,,,0.0,0.0778,0.139,141.48,0.223,0.4398
320,Guatemala,rcof,46.1,44.53,0.9667,0.6502,0.1794,0.0,0.0,0.0603,0.0768,0.0,0.0,,,,,,
320,Guatemala,rice,32.2,20.23,0.6289,0.0797,0.0265,0.0087,0.4123,0.0845,0.0127,0.0044,0.0,,,,,,
320,Guatemala,rubb,97.1,31.79,0.3275,0.1317,0.0687,0.0,0.0,0.1123,0.0148,0.0,0.0,,,,,,
320,Guatemala,shee,1.9,120.89,63.5628,,,,,,,,,40.4768,1.1801,21.9059,0.17,0.0886,63.6513
320,Guatemala,sorg,41.0,20.69,0.5051,0.2727,0.0758,0.0209,0.0,0.0842,0.0305,0.0209,0.0,,,,,,
320,Guatemala,soyb,43.3,6.76,0.1563,0.026,0.0129,0.0125,0.0,0.0769,0.0028,0.0252,0.0,,,,,,
320,Guatemala,sugc,19372.6,321.91,0.0166,0.0042,0.0012,0.0045,0.0,0.0059,0.0005,0.0003,0.0,,,,,,
324,Guinea,bcat,75.2,10245.54,136.2833,,,,,,,,,89.7604,3.3706,43.1523,211.38,2.8117,139.0949
324,Guinea,cass,3060.6,105.98,0.0346,0.0003,0.009,0.0075,0.0,0.0174,0.0,0.0005,0.0,,,,,,
324,Guinea,coco,26.2,129.16,4.9359,0.0778,0.1171,0.0,0.0,4.7324,0.0086,0.0,0.0,,,,,,
324,Guinea,cott,44.4,43.43,0.9788,0.0553,0.1047,0.0486,0.0,0.7543,0.0051,0.0107,0.0,,,,,,
324,Guinea,dcat,238.6,1765.26,7.3997,,,,,,,,,5.048,0.1452,2.2065,80.77,0.3386,7.7383
324,Guinea,goat,62.7,933.36,14.8956,,,,,,,,,8.6683,0.3537,5.8736,44.68,0.7131,15.6087
324,Guinea,grou,989.4,547.32,0.5532,0.0067,0.0738,0.0495,0.0,0.4162,0.0002,0.0068,0.0,,,,,,
324,Guinea,maiz,954.8,286.76,0.3003,0.0635,0.0572,0.0193,0.0,0.1523,0.0036,0.0044,0.0,,,,,,
324,Guinea,oilp,784.5,1016.03,1.2951,0.0004,0.0174,0.0,0.0,1.2773,0.0,0.0,0.0,,,,,,
324,Guinea,pigs,1.5,10.99,7.5714,,,,,,,,,1.1566,6.4148,0.0,10.4,7.1618,14.7332
324,Guinea,pota,592.3,142.36,0.2404,0.0025,0.0023,0.0027,0.0,0.2327,0.0001,0.0001,0.0,,,,,,
324,Guinea,poul,47.2,150.81,3.1933,,,,,,,,,0.0,0.5528,2.6405,109.93,2.3276,5.5209
324,Guinea,rcof,236.9,62.01,0.2617,0.0019,0.0516,0.0,0.0,0.2081,0.0001,0.0,0.0,,,,,,
324,Guinea,rice,3630.1,2236.1,0.616,0.0209,0.0392,0.0215,0.323,0.2029,0.0014,0.007,0.0,,,,,,
324,Guinea,rubb,15.0,8.9,0.5933,0.0094,0.0856,0.0,0.0,0.498,0.0002,0.0,0.0,,,,,,
324,Guinea,shee,32.7,716.25,21.8838,,,,,,,,,13.8384,0.5714,7.474,28.39,0.8674,22.7512
324,Guinea,sorg,71.1,61.35,0.863,0.0125,0.0692,0.0298,0.0,0.7425,0.0015,0.0076,0.0,,,,,,
324,Guinea,sugc,316.5,6.95,0.022,0.0009,0.0019,0.0052,0.0,0.0135,0.0,0.0003,0.0,,,,,,
328,Guyana,bcat,2.1,80.32,37.8025,,,,,,,,,29.2277,0.5445,8.0303,2.3,1.0823,38.8848
328,Guyana,cass,85.8,11.19,0.1305,0.0033,0.0031,0.0027,0.0,0.1176,0.0004,0.0032,0.0003,,,,,,
328,Guyana,dcat,21.0,88.77,4.2295,,,,,,,,,3.605,0.1346,0.4899,1.92,0.0917,4.3212
328,Guyana,maiz,4.5,22.79,5.1204,0.2004,0.0864,0.0123,0.0,4.7088,0.0263,0.0855,0.0007,,,,,,
328,Guyana,poul,77.4,74.59,0.9637,,,,,,,,,0.0,0.3701,0.5936,28.83,0.3725,1.3361
328,Guyana,rice,952.9,1112.03,1.167,0.0345,0.008,0.0045,0.4137,0.6599,0.0103,0.0351,0.0009,,,,,,
328,Guyana,soyb,1.6,0.21,0.1304,0.0344,0.0406,0.0136,0.0,0.0,0.0036,0.0382,0.0,,,,,,
328,Guyana,sugc,271.6,211.17,0.7776,0.0227,0.0067,0.0119,0.0,0.7117,0.003,0.0191,0.0025,,,,,,
332,Haiti,bcat,44.7,2403.16,53.8075,,,,,,,,,41.6075,0.7603,11.4397,3.66,0.082,53.8895
332,Haiti,bean,70.2,26.59,0.3787,0.0463,0.2099,0.0927,0.0,0.0055,0.0079,0.0165,0.0,,,,,,
332,Haiti,cass,610.9,14.88,0.0244,0.0012,0.0138,0.0088,0.0,0.0001,0.0002,0.0003,0.0,,,,,,
332,Haiti,coco,3.4,1.69,0.5026,0.2151,0.2511,0.0,0.0,0.003,0.0334,0.0,0.0,,,,,,
332,Haiti,coff,4.3,6.34,1.4639,0.6261,0.7148,0.0,0.0,0.018,0.105,0.0,0.0,,,,,,
332,Haiti,dcat,45.0,398.06,8.8526,,,,,,,,,7.6377,0.1761,1.0388,0.41,0.0091,8.8617
332,Haiti,goat,50.3,348.01,6.9219,,,,,,,,,4.0398,0.1457,2.7364,1.1,0.0219,6.9438
332,Haiti,grou,12.0,3.87,0.3223,0.0089,0.1664,0.1239,0.0,0.0018,0.0011,0.0202,0.0,,,,,,
332,Haiti,maiz,151.9,20.45,0.1346,0.0305,0.0622,0.0282,0.0,0.0039,0.0051,0.0046,0.0,,,,,,
332,Haiti,olvs,4.3,461.57,107.1344,,,,,,,,,67.3383,6.1842,33.6119,0.06,0.0144,107.1488
332,Haiti,pigs,29.0,119.82,4.1273,,,,,,,,,0.8627,3.2645,0.0,2.72,0.0937,4.221
332,Haiti,pota,34.9,0.67,0.0193,0.008,0.0061,0.0032,0.0,0.0,0.002,0.0001,0.0,,,,,,
332,Haiti,poul,14.9,19.06,1.2795,,,,,,,,,0.0,0.4601,0.8193,0.86,0.0577,1.3372
332,Haiti,rice,108.5,366.86,3.38,0.0031,0.0152,0.0152,3.3405,0.0019,0.0012,0.0028,0.0,,,,,,
332,Haiti,shee,1.7,52.2,29.9632,,,,,,,,,19.0266,0.5658,10.3708,0.04,0.0244,29.9876
332,Haiti,sorg,11.2,1.67,0.1494,0.0199,0.0805,0.0364,0.0,0.0038,0.0028,0.0061,0.0,,,,,,
332,Haiti,sugc,1364.2,10.7,0.0078,0.002,0.0012,0.0041,0.0,0.0,0.0004,0.0002,0.0,,,,,,
340,Honduras,bcat,64.2,4579.64,71.3895,,,,,,,,,55.2845,1.0145,15.0906,51.08,0.7963,72.1858
340,Honduras,bean,155.4,209.92,1.3508,0.1388,0.1148,0.023,0.0,1.0279,0.0172,0.029,0.0,,,,,,
340,Honduras,cass,24.2,4.9,0.2021,0.0055,0.0105,0.0065,0.0,0.1772,0.0003,0.002,0.0,,,,,,
340,Honduras,coco,1.7,4.54,2.6577,0.4266,0.1402,0.0,0.0,2.0398,0.0511,0.0,0.0,,,,,,
340,Honduras,coff,355.5,668.1,1.8794,0.6479,0.1013,0.0,0.0,1.05,0.0803,0.0,0.0,,,,,,
340,Honduras,cott,3.1,3.8,1.2438,0.0,0.0,0.0342,0.0,1.1677,0.0,0.0419,0.0,,,,,,
340,Honduras,dcat,677.0,1129.8,1.6688,,,,,,,,,1.4409,0.0334,0.1945,62.88,0.0929,1.7617
340,Honduras,maiz,703.8,565.05,0.8029,0.1607,0.0524,0.0131,0.0,0.5424,0.0199,0.0144,0.0,,,,,,
340,Honduras,oilp,1848.9,646.41,0.3496,0.0723,0.0055,0.0,0.0,0.2628,0.009,0.0,0.0,,,,,,
340,Honduras,pigs,6.9,60.66,8.7469,,,,,,,,,1.8215,6.9253,0.0,7.57,1.0921,9.839
340,Honduras,pota,26.7,6.03,0.226,0.0771,0.0033,0.0044,0.0,0.1303,0.0095,0.0014,0.0,,,,,,
340,Honduras,poul,275.7,124.35,0.451,,,,,,,,,0.0,0.1707,0.2803,150.0,0.5441,0.9951
340,Honduras,rice,22.0,67.36,3.0589,0.2299,0.0409,0.026,1.5455,1.1234,0.0553,0.0379,0.0,,,,,,
340,Honduras,rubb,1.1,0.18,0.1712,0.086,0.075,0.0,0.0,0.0,0.0102,0.0,0.0,,,,,,
340,Honduras,sorg,14.8,14.61,0.988,0.1948,0.1393,0.0326,0.0,0.5556,0.024,0.0417,0.0,,,,,,
340,Honduras,soyb,2.0,0.71,0.3519,0.0134,0.0371,0.0092,0.0,0.2786,0.0004,0.0132,0.0,,,,,,
340,Honduras,sugc,5581.9,171.48,0.0307,0.0094,0.0011,0.0038,0.0,0.0141,0.0012,0.0013,0.0,,,,,,
340,Honduras,whea,1.0,0.78,0.7424,0.3041,0.3058,0.0466,0.0,0.0,0.0432,0.0426,0.0,,,,,,
348,Hungary,barl,1489.9,312.76,0.2099,0.0384,0.0089,0.012,0.0,0.1446,0.0051,0.0002,0.0008,,,,,,
348,Hungary,bcat,24.0,1242.18,51.8503,,,,,,,,,41.5907,7.5062,2.7533,48.9,2.0412,53.8915
348,Hungary,dcat,2038.8,766.91,0.3762,,,,,,,,,0.3049,0.0563,0.0149,394.23,0.1934,0.5695
348,Hungary,goat,3.0,10.11,3.4232,,,,,,,,,1.915,0.0856,1.4226,1.4,0.4758,3.899
348,Hungary,maiz,5134.8,1361.57,0.2652,0.0506,0.0105,0.0093,0.0,0.1867,0.0067,0.0002,0.0011,,,,,,
348,Hungary,pigs,449.5,417.16,0.9281,,,,,,,,,0.2391,0.689,0.0,866.43,1.9275,2.8556
348,Hungary,pota,258.6,21.49,0.0831,0.0197,0.0045,0.0031,0.0,0.0482,0.0024,0.0,0.0052,,,,,,
348,Hungary,poul,512.4,163.48,0.319,,,,,,,,,0.0,0.3147,0.0043,669.13,1.3058,1.6249
348,Hungary,rape,432.8,367.69,0.8495,0.1797,0.0329,0.0243,0.0,0.5868,0.024,0.0006,0.0013,,,,,,
348,Hungary,rice,8.0,3.78,0.4729,0.0801,0.0178,0.0112,0.0634,0.2862,0.0115,0.0,0.0026,,,,,,
348,Hungary,shee,3.6,224.21,62.26,,,,,,,,,44.762,2.8954,14.6026,1.48,0.4115,62.6715
348,Hungary,sorg,158.6,24.9,0.157,0.0295,0.0078,0.007,0.0,0.1078,0.0038,0.0002,0.0008,,,,,,
348,Hungary,soyb,271.4,95.98,0.3536,0.0372,0.0119,0.0088,0.0,0.289,0.005,0.0002,0.0014,,,,,,
348,Hungary,whea,5072.7,1179.43,0.2325,0.0473,0.0096,0.0097,0.0,0.1591,0.0062,0.0002,0.0004,,,,,,
352,Iceland,bcat,3.8,82.5,21.5774,,,,,,,,,16.7478,3.0944,1.7352,1.96,0.5118,22.0892
352,Iceland,dcat,147.8,97.95,0.6629,,,,,,,,,0.4925,0.1382,0.0322,7.63,0.0516,0.7145
352,Iceland,pigs,6.4,6.02,0.9381,,,,,,,,,0.1549,0.7832,0.0,3.25,0.5062,1.4444
352,Iceland,poul,14.4,1.41,0.0981,,,,,,,,,0.0,0.0968,0.0013,4.59,0.3194,0.4175
352,Iceland,shee,7.4,107.18,14.4564,,,,,,,,,10.3218,0.5184,3.6161,1.33,0.1792,14.6356
356,India,barl,1688.3,206.28,0.1222,0.0661,0.0201,0.0205,0.0,0.0009,0.014,0.0006,0.0,,,,,,
356,India,bcat,21.1,2915.21,137.8349,,,,,,,,,116.9563,9.6494,11.2293,0.0,0.0,137.8349
356,India,bean,7924.9,4129.05,0.521,0.2897,0.0753,0.0403,0.0,0.0517,0.062,0.002,0.0,,,,,,
356,India,buff,110324.7,203111.05,1.841,,,,,,,,,1.5174,0.1517,0.172,17095.49,0.155,1.996
356,India,cass,6152.0,156.76,0.0255,0.0122,0.0033,0.0052,0.0,0.0024,0.0023,0.0001,0.0,,,,,,
356,India,coco,29.8,137.77,4.6262,3.6785,0.2276,0.0,0.0,0.0815,0.6386,0.0,0.0,,,,,,
356,India,coff,88.6,358.49,4.0438,3.1468,0.151,0.0,0.0,0.009,0.7369,0.0,0.0,,,,,,
356,India,cott,14927.7,20100.53,1.3465,1.0195,0.0377,0.0362,0.0,0.0076,0.2432,0.0023,0.0,,,,,,
356,India,dcat,134010.1,115387.74,0.861,,,,,,,,,0.686,0.0611,0.114,6535.91,0.0488,0.9098
356,India,goat,8966.4,35197.76,3.9255,,,,,,,,,2.3103,0.1098,1.5054,1030.98,0.115,4.0405
356,India,grou,11830.6,2811.93,0.2377,0.143,0.025,0.0222,0.0,0.0064,0.0407,0.0004,0.0,,,,,,
356,India,maiz,40675.2,11767.28,0.2893,0.2086,0.0174,0.0083,0.0,0.0067,0.048,0.0003,0.0,,,,,,
356,India,olvs,18.7,166.07,8.8638,,,,,,,,,5.8192,0.5444,2.5002,0.61,0.0324,8.8962
356,India,pigs,358.9,1613.22,4.4952,,,,,,,,,0.6583,3.8369,0.0,222.67,0.6205,5.1157
356,India,pota,56446.6,5050.53,0.0895,0.0646,0.0042,0.0033,0.0,0.0064,0.011,0.0,0.0,,,,,,
356,India,poul,13012.6,3046.25,0.2341,,,,,,,,,0.0,0.0765,0.1576,4646.81,0.3571,0.5912
356,India,rape,13220.2,3138.46,0.2374,0.1236,0.0332,0.0159,0.0,0.0409,0.0233,0.0005,0.0,,,,,,
356,India,rcof,205.5,397.7,1.9352,1.5063,0.0457,0.0,0.0,0.058,0.3253,0.0,0.0,,,,,,
356,India,rice,217366.9,174995.47,0.8051,0.1396,0.0153,0.009,0.5722,0.0251,0.043,0.0009,0.0,,,,,,
356,India,rubb,801.6,516.04,0.6438,0.4589,0.0207,0.0,0.0,0.0964,0.0678,0.0,0.0,,,,,,
356,India,shee,1284.9,15630.42,12.1643,,,,,,,,,8.015,0.5123,3.637,152.28,0.1185,12.2828
356,India,sorg,5405.0,4103.07,0.7591,0.5404,0.0404,0.0198,0.0,0.002,0.1555,0.0009,0.0002,,,,,,
356,India,soyb,15090.7,5299.42,0.3512,0.2507,0.0234,0.0257,0.0,0.0012,0.0487,0.0015,0.0,,,,,,
356,India,sugc,451974.3,11520.45,0.0255,0.0171,0.0007,0.0036,0.0,0.0002,0.0038,0.0001,0.0,,,,,,
356,India,whea,113701.6,22308.28,0.1962,0.138,0.0131,0.0139,0.0,0.0021,0.0274,0.0018,0.0,,,,,,
360,Indonesia,bcat,539.9,26894.06,49.8086,,,,,,,,,37.5901,6.041,6.1774,329.97,0.6111,50.4197
360,Indonesia,bean,155.3,155.76,1.0027,0.067,0.3518,0.0278,0.0,0.531,0.0089,0.0164,0.0,,,,,,
360,Indonesia,buff,101.9,2160.56,21.1988,,,,,,,,,16.0932,2.4974,2.6083,26.63,0.2612,21.4601
360,Indonesia,cass,14431.3,1102.9,0.0764,0.0175,0.0093,0.0063,0.0,0.0395,0.0023,0.0015,0.0,,,,,,
360,Indonesia,coco,574.2,3202.71,5.5777,1.1285,0.2311,0.0,0.0,4.067,0.1511,0.0,0.0,,,,,,
360,Indonesia,coff,204.6,340.47,1.6644,0.8236,0.2419,0.0,0.0,0.4884,0.1105,0.0,0.0,,,,,,
360,Indonesia,dcat,734.0,1518.11,2.0683,,,,,,,,,1.3545,0.6063,0.1075,80.4,0.1095,2.1778
360,Indonesia,goat,400.8,4142.66,10.3348,,,,,,,,,6.107,0.3147,3.9131,81.71,0.2038,10.5387
360,Indonesia,grou,507.4,303.72,0.5986,0.0869,0.1753,0.0321,0.0,0.2769,0.0115,0.016,0.0,,,,,,
360,Indonesia,maiz,14059.5,12367.5,0.8797,0.2033,0.0347,0.0147,0.0,0.592,0.0272,0.0078,0.0,,,,,,
360,Indonesia,oilp,229798.3,136558.27,0.5943,0.0192,0.0021,0.0,0.0,0.5704,0.0026,0.0,0.0,,,,,,
360,Indonesia,pigs,140.6,1481.58,10.54,,,,,,,,,1.3411,9.1989,0.0,231.71,1.6484,12.1884
360,Indonesia,pota,1210.6,159.68,0.1319,0.0451,0.0138,0.0041,0.0,0.0626,0.0058,0.0006,0.0,,,,,,
360,Indonesia,poul,10561.5,9968.8,0.9439,,,,,,,,,0.0,0.3362,0.6077,5338.53,0.5055,1.4493
360,Indonesia,rcof,533.4,1307.37,2.4508,0.6451,0.1849,0.0,0.0,1.5343,0.0866,0.0,0.0,,,,,,
360,Indonesia,rice,49327.0,62271.6,1.2624,0.0911,0.0355,0.01,0.8231,0.2669,0.027,0.0088,0.0,,,,,,
360,Indonesia,rubb,2184.2,21234.05,9.7216,0.1521,0.0908,0.0,0.0,9.4583,0.0204,0.0,0.0,,,,,,
360,Indonesia,shee,184.9,3638.66,19.6759,,,,,,,,,12.9966,0.8798,5.7994,52.22,0.2824,19.9583
360,Indonesia,soyb,204.1,362.67,1.777,0.3731,0.3148,0.0378,0.0,0.9681,0.0493,0.0339,0.0,,,,,,
360,Indonesia,sugc,29555.6,1313.02,0.0444,0.02,0.0042,0.004,0.0,0.0126,0.0027,0.001,0.0,,,,,,
364,Iran (Islamic Republic of),barl,3976.9,877.1,0.2206,0.094,0.0533,0.0222,0.0,0.005,0.0418,0.0005,0.0038,,,,,,
364,Iran (Islamic Republic of),bcat,235.6,3038.29,12.895,,,,,,,,,10.9183,0.8622,1.1145,76.78,0.3259,13.2209
364,Iran (Islamic Republic of),bean,160.3,42.63,0.2659,0.048,0.041,0.0216,0.0,0.1335,0.0177,0.0006,0.0034,,,,,,
364,Iran (Islamic Republic of),buff,89.1,312.99,3.5132,,,,,,,,,2.9055,0.2807,0.327,11.55,0.1296,3.6429
364,Iran (Islamic Republic of),cott,125.1,55.24,0.4416,0.2678,0.0283,0.0381,0.0,0.0009,0.1028,0.0026,0.0011,,,,,,
364,Iran (Islamic Republic of),dcat,7689.7,4313.98,0.561,,,,,,,,,0.4471,0.0386,0.0753,269.23,0.035,0.596
364,Iran (Islamic Republic of),goat,355.0,4055.19,11.4227,,,,,,,,,6.7582,0.299,4.3655,31.27,0.0881,11.5108
364,Iran (Islamic Republic of),grou,9.5,0.85,0.0891,0.0224,0.0063,0.0181,0.0,0.0274,0.0047,0.0001,0.0102,,,,,,
364,Iran (Islamic Republic of),maiz,266.0,130.43,0.4903,0.3124,0.0207,0.0255,0.0,0.0024,0.1271,0.0015,0.0008,,,,,,
364,Iran (Islamic Republic of),pota,2856.4,172.15,0.0603,0.0371,0.0032,0.0034,0.0,0.0006,0.0151,0.0,0.0007,,,,,,
364,Iran (Islamic Republic of),poul,3062.5,2897.71,0.9462,,,,,,,,,0.0,0.3339,0.6123,786.16,0.2567,1.2029
364,Iran (Islamic Republic of),rape,274.6,58.93,0.2146,0.0947,0.0379,0.0196,0.0,0.0171,0.0416,0.0019,0.0017,,,,,,
364,Iran (Islamic Republic of),rice,3471.0,2531.07,0.7292,0.0625,0.0151,0.0058,0.4264,0.1864,0.031,0.0006,0.0013,,,,,,
364,Iran (Islamic Republic of),shee,635.2,10161.54,15.9978,,,,,,,,,10.5919,0.6336,4.7723,54.1,0.0852,16.0829
364,Iran (Islamic Republic of),soyb,185.9,18.18,0.0978,0.0191,0.0323,0.0167,0.0,0.0171,0.0088,0.0022,0.0015,,,,,,
364,Iran (Islamic Republic of),sugc,9017.7,132.25,0.0147,0.0062,0.0005,0.0035,0.0,0.0018,0.0025,0.0001,0.0001,,,,,,
364,Iran (Islamic Republic of),whea,16545.6,2082.16,0.1258,0.0535,0.0314,0.0136,0.0,0.0014,0.0235,0.0006,0.0018,,,,,,
368,Iraq,barl,167.3,79.57,0.4756,0.2066,0.1141,0.0932,0.0,0.0,0.0536,0.0071,0.0011,,,,,,
368,Iraq,bcat,34.4,2234.5,64.9478,,,,,,,,,39.9048,1.9592,23.0838,14.65,0.4257,65.3735
368,Iraq,buff,47.3,458.74,9.6933,,,,,,,,,7.6923,0.9525,1.0485,6.48,0.1368,9.8302
368,Iraq,cott,1.3,0.32,0.2416,0.1288,0.0124,0.028,0.0,0.0,0.0472,0.0117,0.0135,,,,,,
368,Iraq,dcat,264.0,883.2,3.3454,,,,,,,,,2.0748,0.1258,1.1447,11.45,0.0434,3.3888
368,Iraq,goat,29.6,331.57,11.198,,,,,,,,,6.3374,0.2614,4.5992,3.42,0.1153,11.3133
368,Iraq,grou,6.2,0.33,0.0523,0.0174,0.0193,0.0116,0.0,0.0,0.0022,0.001,0.0008,,,,,,
368,Iraq,maiz,522.6,25.13,0.0481,0.0264,0.0106,0.0047,0.0,0.0,0.006,0.0002,0.0,,,,,,
368,Iraq,olvs,1.9,111.81,57.6545,,,,,,,,,36.8081,3.5986,17.2477,0.16,0.0803,57.7347
368,Iraq,pota,200.3,6.66,0.0332,0.0183,0.006,0.0046,0.0,0.0,0.0043,0.0,0.0,,,,,,
368,Iraq,poul,250.3,332.07,1.3265,,,,,,,,,0.0,0.32,1.0065,74.8,0.2988,1.6253
368,Iraq,rape,1.3,0.19,0.1466,0.0753,0.023,0.0154,0.0,0.0,0.0322,0.0008,0.0,,,,,,
368,Iraq,rice,231.3,98.14,0.4243,0.0379,0.0435,0.0107,0.3187,0.0,0.011,0.0025,0.0,,,,,,
368,Iraq,shee,114.7,1574.99,13.7302,,,,,,,,,8.5055,0.3132,4.9114,15.37,0.134,13.8641
368,Iraq,sorg,9.2,0.22,0.0236,0.0109,0.007,0.0034,0.0,0.0,0.0022,0.0,0.0,,,,,,
368,Iraq,sugc,64.4,0.58,0.009,0.0044,0.0004,0.0026,0.0,0.0,0.0016,0.0,0.0,,,,,,
368,Iraq,whea,5307.2,244.47,0.0461,0.0223,0.0101,0.0081,0.0,0.0,0.0052,0.0004,0.0,,,,,,
372,Ireland,barl,1235.4,1114.21,0.9019,0.132,0.1129,0.0219,0.0,0.6305,0.0047,0.0,0.0,,,,,,
372,Ireland,bcat,570.9,9504.68,16.6483,,,,,,,,,13.0025,2.2376,1.4083,489.68,0.8577,17.5061
372,Ireland,pigs,294.3,366.31,1.2446,,,,,,,,,0.2188,1.0258,0.0,280.5,0.9531,2.1977
372,Ireland,pota,330.3,50.73,0.1536,0.0203,0.0168,0.0035,0.0,0.1123,0.0007,0.0,0.0,,,,,,
372,Ireland,poul,149.1,37.7,0.2529,,,,,,,,,0.0,0.2436,0.0092,102.49,0.6874,0.9402
372,Ireland,rape,61.9,60.28,0.9742,0.2126,0.0992,0.0123,0.0,0.6426,0.0076,0.0,0.0,,,,,,
372,Ireland,shee,57.8,1100.79,19.0612,,,,,,,,,13.4854,0.6305,4.9453,17.07,0.2955,19.3568
372,Ireland,whea,389.2,492.22,1.2648,0.2383,0.1382,0.0215,0.0,0.8577,0.0083,0.0,0.0009,,,,,,
376,Israel,barl,7.2,2.13,0.296,0.061,0.1457,0.0292,0.0,0.0,0.0208,0.0024,0.0369,,,,,,
376,Israel,bcat,95.5,437.0,4.5746,,,,,,,,,2.9333,0.1013,1.54,4.26,0.0446,4.6192
376,Israel,cott,27.8,5.11,0.184,0.0663,0.0864,0.0108,0.0,0.0,0.0185,0.002,0.0,,,,,,
376,Israel,dcat,1293.0,212.17,0.1641,,,,,,,,,0.1061,0.0045,0.0535,5.77,0.0045,0.1686
376,Israel,goat,19.3,27.28,1.4148,,,,,,,,,0.839,0.024,0.5518,0.23,0.0122,1.4269
376,Israel,grou,12.9,1.13,0.0877,0.0267,0.0295,0.0214,0.0,0.0,0.0077,0.0018,0.0007,,,,,,
376,Israel,maiz,36.3,4.02,0.1107,0.0481,0.0343,0.0108,0.0,0.0,0.0163,0.0011,0.0,,,,,,
376,Israel,pigs,9.0,29.26,3.2388,,,,,,,,,0.4786,2.7602,0.0,0.52,0.058,3.2968
376,Israel,pota,415.0,9.25,0.0223,0.0139,0.0016,0.0019,0.0,0.0,0.0048,0.0,0.0,,,,,,
376,Israel,poul,737.1,204.89,0.2779,,,,,,,,,0.0,0.048,0.23,20.01,0.0271,0.3051
376,Israel,rice,27.5,2.49,0.0906,0.0513,0.0012,0.005,0.0,0.0,0.0331,0.0,0.0,,,,,,
376,Israel,shee,43.1,113.02,2.6213,,,,,,,,,1.6917,0.0431,0.8865,0.6,0.0139,2.6352
376,Israel,sorg,28.5,0.92,0.0324,0.0108,0.0116,0.0061,0.0,0.0,0.0031,0.0008,0.0,,,,,,
376,Israel,whea,77.9,21.89,0.281,0.0675,0.1731,0.0155,0.0,0.0,0.0222,0.002,0.0008,,,,,,
380,Italy,barl,897.6,230.51,0.2568,0.0695,0.0433,0.02,0.0,0.0159,0.0134,0.0051,0.0897,,,,,,
380,Italy,bcat,651.4,8476.13,13.0122,,,,,,,,,10.0257,1.9163,1.0703,237.56,0.3647,13.3769
380,Italy,buff,247.3,737.92,2.9844,,,,,,,,,2.2544,0.73,0.0,27.45,0.111,3.0954
380,Italy,dcat,13036.0,7548.54,0.5791,,,,,,,,,0.4249,0.1255,0.0287,481.14,0.0369,0.616
380,Italy,goat,56.8,229.17,4.0324,,,,,,,,,2.2416,0.0807,1.7101,5.48,0.0964,4.1287
380,Italy,maiz,4909.3,1519.09,0.3094,0.1332,0.0372,0.0107,0.0,0.038,0.021,0.0011,0.0683,,,,,,
380,Italy,pigs,1252.7,2049.84,1.6363,,,,,,,,,0.2603,1.376,0.0,473.07,0.3776,2.0139
380,Italy,pota,1347.2,57.23,0.0425,0.0092,0.004,0.0027,0.0,0.0051,0.002,0.0008,0.0187,,,,,,
380,Italy,poul,1361.7,459.02,0.3371,,,,,,,,,0.0,0.3252,0.0119,541.6,0.3977,0.7348
380,Italy,rape,79.6,20.83,0.2616,0.0879,0.0589,0.0101,0.0,0.033,0.0141,0.0008,0.0568,,,,,,
380,Italy,rice,1447.6,2432.23,1.6801,0.0869,0.0485,0.0085,1.4292,0.0093,0.0253,0.0013,0.071,,,,,,
380,Italy,shee,477.6,1939.66,4.0611,,,,,,,,,2.8851,0.1332,1.0428,55.28,0.1157,4.1769
380,Italy,sorg,252.5,71.6,0.2836,0.0979,0.0357,0.0145,0.0,0.0491,0.0198,0.0016,0.065,,,,,,
380,Italy,soyb,1117.0,333.51,0.2986,0.0598,0.0727,0.0141,0.0,0.064,0.0088,0.001,0.0782,,,,,,
380,Italy,whea,6078.6,1433.22,0.2358,0.0957,0.0295,0.014,0.0,0.0107,0.0198,0.013,0.053,,,,,,
384,Côte d'Ivoire,bcat,36.2,2004.59,55.4204,,,,,,,,,35.6086,1.4635,18.3483,11.03,0.3049,55.7254
384,Côte d'Ivoire,bean,37.8,4.85,0.1283,0.0272,0.0217,0.0345,0.0,0.0335,0.0018,0.0097,0.0,,,,,,
384,Côte d'Ivoire,cass,8454.5,106.82,0.0126,0.0013,0.0022,0.0071,0.0,0.0013,0.0002,0.0005,0.0,,,,,,
384,Côte d'Ivoire,coco,1873.7,286.47,0.1529,0.0103,0.0396,0.0,0.0,0.1016,0.0014,0.0,0.0,,,,,,
384,Côte d'Ivoire,cott,346.8,59.4,0.1713,0.0426,0.025,0.0607,0.0,0.0232,0.0061,0.0136,0.0,,,,,,
384,Côte d'Ivoire,dcat,40.1,647.01,16.1182,,,,,,,,,10.7455,0.3381,5.0346,2.0,0.0498,16.168
384,Côte d'Ivoire,goat,17.6,880.4,50.1171,,,,,,,,,28.1892,1.4537,20.4742,1.1,0.0626,50.1797
384,Côte d'Ivoire,grou,300.1,18.42,0.0614,0.0029,0.0098,0.0303,0.0,0.0132,0.0001,0.005,0.0,,,,,,
384,Côte d'Ivoire,maiz,1699.2,58.35,0.0343,0.0071,0.0071,0.0113,0.0,0.0049,0.001,0.0029,0.0,,,,,,
384,Côte d'Ivoire,oilp,2306.5,38.74,0.0168,0.0017,0.0035,0.0,0.0,0.0113,0.0002,0.0,0.0,,,,,,
384,Côte d'Ivoire,pigs,14.1,89.19,6.32,,,,,,,,,0.8941,5.426,0.0,5.8,0.4107,6.7308
384,Côte d'Ivoire,pota,1.1,0.07,0.0614,0.0466,0.0062,0.0033,0.0,0.0,0.0049,0.0004,0.0,,,,,,
384,Côte d'Ivoire,poul,286.8,398.98,1.3912,,,,,,,,,0.0,0.2572,1.134,59.49,0.2074,1.5986
384,Côte d'Ivoire,rcof,83.9,104.61,1.247,0.8746,0.1802,0.0,0.0,0.0633,0.1289,0.0,0.0,,,,,,
384,Côte d'Ivoire,rice,2364.9,282.04,0.1193,0.0042,0.0049,0.0123,0.0895,0.0041,0.0007,0.0036,0.0,,,,,,
384,Côte d'Ivoire,rubb,1674.4,26.47,0.0158,0.0002,0.006,0.0,0.0,0.0096,0.0,0.0,0.0,,,,,,
384,Côte d'Ivoire,shee,15.9,525.06,33.0973,,,,,,,,,20.2921,1.0576,11.7476,1.62,0.1018,33.1991
384,Côte d'Ivoire,sorg,73.4,11.23,0.153,0.0201,0.0327,0.045,0.0,0.038,0.0013,0.0158,0.0,,,,,,
384,Côte d'Ivoire,sugc,2155.5,14.34,0.0067,0.001,0.0002,0.0051,0.0,0.0001,0.0001,0.0002,0.0,,,,,,
388,Jamaica,bcat,6.4,254.69,39.7936,,,,,,,,,30.6382,0.5841,8.5714,0.2,0.0314,39.825
388,Jamaica,cass,16.3,2.15,0.132,0.0091,0.0197,0.0062,0.0,0.0363,0.0004,0.0038,0.0567,,,,,,
388,Jamaica,coff,5.0,9.37,1.8854,0.4808,0.4864,0.0,0.0,0.8968,0.0214,0.0,0.0,,,,,,
388,Jamaica,dcat,8.5,10.52,1.2386,,,,,,,,,1.0611,0.031,0.1465,0.05,0.0057,1.2442
388,Jamaica,goat,170.7,109.85,0.6434,,,,,,,,,0.3719,0.0152,0.2562,1.72,0.0101,0.6535
388,Jamaica,grou,1.7,2.04,1.2264,0.0967,0.2561,0.0312,0.0,0.4673,0.0035,0.0743,0.2973,,,,,,
388,Jamaica,maiz,1.8,1.93,1.0857,0.1727,0.2446,0.0146,0.0,0.4513,0.0076,0.0569,0.1381,,,,,,
388,Jamaica,pigs,7.8,25.49,3.286,,,,,,,,,0.6229,2.6632,0.0,0.26,0.0329,3.3189
388,Jamaica,pota,8.9,1.34,0.1504,0.0557,0.0328,0.0063,0.0,0.0211,0.0026,0.0025,0.0293,,,,,,
388,Jamaica,poul,121.0,28.85,0.2383,,,,,,,,,0.0,0.0914,0.1469,3.65,0.0302,0.2685
388,Jamaica,sugc,300.0,19.52,0.0651,0.0065,0.0063,0.0048,0.0,0.0178,0.0003,0.0038,0.0256,,,,,,
392,Japan,barl,166.4,78.87,0.4741,0.1027,0.072,0.0244,0.0,0.2314,0.0082,0.0136,0.0218,,,,,,
392,Japan,bcat,426.3,4862.49,11.4074,,,,,,,,,8.6593,1.3526,1.3955,0.0,0.0,11.4074
392,Japan,bean,50.6,215.91,4.2661,0.1136,0.057,0.0266,0.0,4.0327,0.009,0.0074,0.0198,,,,,,
392,Japan,dcat,6788.4,1852.55,0.2729,,,,,,,,,0.2151,0.0411,0.0167,0.0,0.0,0.2729
392,Japan,grou,12.5,7.84,0.6295,0.0762,0.053,0.0283,0.0,0.4255,0.0061,0.0342,0.0062,,,,,,
392,Japan,olvs,2.4,7.96,3.3483,,,,,,,,,1.8285,0.1773,1.3425,0.0,0.0,3.3483
392,Japan,pigs,1154.3,1014.27,0.8787,,,,,,,,,0.3044,0.5743,0.0,0.0,0.0,0.8787
392,Japan,pota,2061.8,387.06,0.1877,0.0196,0.0064,0.0033,0.0,0.1543,0.0016,0.0003,0.0023,,,,,,
392,Japan,poul,4573.4,1085.82,0.2374,,,,,,,,,0.0,0.1043,0.1332,0.0,0.0,0.2374
392,Japan,rape,2.4,5.61,2.3507,0.4086,0.0631,0.0188,0.0,1.8188,0.0339,0.0,0.0075,,,,,,
392,Japan,rice,9265.6,7739.78,0.8353,0.0184,0.0272,0.0096,0.4977,0.2581,0.0035,0.0101,0.0108,,,,,,
392,Japan,soyb,236.4,460.09,1.9461,0.0573,0.2077,0.0226,0.0,1.6173,0.0046,0.0279,0.0087,,,,,,
392,Japan,sugc,706.3,34.96,0.0495,0.015,0.0252,0.004,0.0,0.0,0.0013,0.0007,0.0033,,,,,,
392,Japan,whea,974.7,1061.75,1.0893,0.2008,0.0297,0.0143,0.0,0.8107,0.0162,0.0068,0.0107,,,,,,
398,Kazakhstan,barl,3917.3,354.67,0.0905,0.0048,0.0255,0.0243,0.0,0.0326,0.0001,0.0032,0.0001,,,,,,
398,Kazakhstan,bcat,437.6,9297.49,21.2445,,,,,,,,,16.0004,2.5752,2.6688,264.04,0.6033,21.8479
398,Kazakhstan,bean,628.4,21.39,0.034,0.0015,0.0194,0.0081,0.0,0.0042,0.0,0.0007,0.0001,,,,,,
398,Kazakhstan,cott,340.3,59.45,0.1747,0.0613,0.0612,0.039,0.0,0.0049,0.0055,0.0028,0.0,,,,,,
398,Kazakhstan,dcat,3759.4,3165.26,0.842,,,,,,,,,0.6662,0.1223,0.0535,252.9,0.0673,0.9092
398,Kazakhstan,goat,3.9,96.83,24.5374,,,,,,,,,14.5373,0.4902,9.5099,3.31,0.838,25.3753
398,Kazakhstan,maiz,1020.7,28.09,0.0275,0.0052,0.0096,0.0093,0.0,0.0015,0.0004,0.0013,0.0002,,,,,,
398,Kazakhstan,olvs,193.9,2816.5,14.5235,,,,,,,,,9.6928,0.6077,4.223,19.19,0.099,14.6225
398,Kazakhstan,pigs,42.2,53.45,1.2652,,,,,,,,,0.3242,0.9411,0.0,49.73,1.1772,2.4425
398,Kazakhstan,pota,2764.2,39.65,0.0143,0.0009,0.0062,0.0047,0.0,0.0022,0.0,0.0002,0.0001,,,,,,
398,Kazakhstan,poul,616.3,149.33,0.2423,,,,,,,,,0.0,0.0679,0.1744,270.92,0.4396,0.6819
398,Kazakhstan,rape,291.0,25.64,0.0881,0.0059,0.0094,0.0214,0.0,0.0433,0.0001,0.0081,0.0,,,,,,
398,Kazakhstan,rice,503.9,372.52,0.7393,0.0022,0.0046,0.0082,0.7201,0.001,0.0001,0.0031,0.0,,,,,,
398,Kazakhstan,shee,122.6,3277.77,26.744,,,,,,,,,17.7571,0.9182,8.0687,30.43,0.2483,26.9923
398,Kazakhstan,sorg,18.6,1.74,0.0935,0.003,0.0196,0.0093,0.0,0.0586,0.0001,0.0029,0.0,,,,,,
398,Kazakhstan,soyb,208.1,20.19,0.097,0.0007,0.0591,0.0245,0.0,0.0064,0.0,0.0063,0.0,,,,,,
398,Kazakhstan,whea,18965.9,1290.45,0.068,0.0057,0.0101,0.0159,0.0,0.0334,0.0001,0.0028,0.0,,,,,,
400,Jordan,barl,48.2,11.71,0.2427,0.0086,0.1963,0.0332,0.0,0.0,0.001,0.0004,0.0033,,,,,,
400,Jordan,bcat,53.6,65.43,1.2202,,,,,,,,,0.7574,0.0342,0.4285,1.57,0.0293,1.2494
400,Jordan,cott,1.0,0.37,0.3547,0.1559,0.114,0.0226,0.0,0.0,0.0403,0.0084,0.0135,,,,,,
400,Jordan,dcat,456.4,95.04,0.2082,,,,,,,,,0.1303,0.0072,0.0708,1.2,0.0026,0.2109
400,Jordan,goat,44.4,177.39,3.9908,,,,,,,,,2.2854,0.0863,1.6191,0.12,0.0028,3.9936
400,Jordan,maiz,9.2,0.61,0.066,0.0313,0.0158,0.0088,0.0,0.0,0.0065,0.0015,0.002,,,,,,
400,Jordan,pota,162.4,4.78,0.0294,0.0216,0.0032,0.0025,0.0,0.0,0.002,0.0001,0.0,,,,,,
400,Jordan,poul,402.7,138.67,0.3443,,,,,,,,,0.0,0.0779,0.2664,8.0,0.0199,0.3642
400,Jordan,shee,126.0,585.29,4.647,,,,,,,,,2.9078,0.0969,1.6423,1.48,0.0117,4.6587
400,Jordan,sorg,3.1,0.12,0.0379,0.0131,0.0157,0.0063,0.0,0.0,0.002,0.0008,0.0,,,,,,
400,Jordan,whea,45.3,5.5,0.1216,0.0265,0.0733,0.0099,0.0,0.0,0.0038,0.0016,0.0065,,,,,,
404,Kenya,barl,47.5,10.04,0.2114,0.0562,0.1062,0.019,0.0,0.0189,0.0062,0.0049,0.0,,,,,,
404,Kenya,bcat,258.1,23609.57,91.4725,,,,,,,,,60.3118,2.307,28.8537,34.45,0.1335,91.606
404,Kenya,bean,897.1,319.59,0.3562,0.1126,0.0988,0.0236,0.0,0.1061,0.0118,0.0034,0.0,,,,,,
404,Kenya,cass,1211.5,19.89,0.0164,0.0014,0.0033,0.004,0.0,0.0073,0.0001,0.0002,0.0,,,,,,
404,Kenya,coff,36.9,64.61,1.7509,1.4095,0.1782,0.0,0.0,0.0275,0.1358,0.0,0.0,,,,,,
404,Kenya,cott,6.9,6.28,0.9091,0.4746,0.1209,0.0388,0.0,0.1708,0.0472,0.0568,0.0,,,,,,
404,Kenya,dcat,5421.6,8013.4,1.478,,,,,,,,,1.0094,0.0296,0.4391,68.62,0.0127,1.4907
404,Kenya,goat,372.5,7167.2,19.242,,,,,,,,,11.2395,0.4235,7.5789,13.09,0.0351,19.2771
404,Kenya,grou,13.8,6.99,0.5064,0.2203,0.1537,0.0587,0.0,0.054,0.0162,0.0034,0.0,,,,,,
404,Kenya,maiz,4009.8,943.36,0.2353,0.0593,0.0517,0.0126,0.0,0.1034,0.0059,0.0024,0.0,,,,,,
404,Kenya,olvs,1153.9,6091.75,5.2791,,,,,,,,,4.3198,0.19,0.7692,26.69,0.0231,5.3022
404,Kenya,pigs,35.1,106.21,3.0236,,,,,,,,,0.4562,2.5673,0.0,4.12,0.1173,3.1409
404,Kenya,pota,2199.0,173.57,0.0789,0.0524,0.007,0.0039,0.0,0.0104,0.005,0.0002,0.0,,,,,,
404,Kenya,poul,183.5,211.73,1.1538,,,,,,,,,0.0,0.1964,0.9574,20.26,0.1104,1.2642
404,Kenya,rice,282.7,338.24,1.1965,0.0228,0.0029,0.0067,1.1317,0.0278,0.004,0.0006,0.0,,,,,,
404,Kenya,shee,155.0,4657.18,30.049,,,,,,,,,19.0705,0.7284,10.2501,8.3,0.0536,30.1026
404,Kenya,sorg,244.5,81.96,0.3352,0.1763,0.0659,0.0207,0.0,0.0482,0.0198,0.0043,0.0,,,,,,
404,Kenya,soyb,18.3,0.61,0.0331,0.0051,0.018,0.0043,0.0,0.0053,0.0002,0.0002,0.0,,,,,,
404,Kenya,sugc,9256.8,80.11,0.0087,0.0031,0.0008,0.0029,0.0,0.0015,0.0002,0.0001,0.0,,,,,,
404,Kenya,whea,312.5,61.89,0.198,0.0885,0.0475,0.0143,0.0,0.0342,0.011,0.0025,0.0,,,,,,
408,Democratic People's Republic of Korea,barl,48.6,34.48,0.7097,0.0018,0.0444,0.0346,0.0,0.626,0.0003,0.0026,0.0,,,,,,
408,Democratic People's Republic of Korea,bcat,23.6,954.79,40.4137,,,,,,,,,30.6113,4.8936,4.9088,2.89,0.1224,40.5361
408,Democratic People's Republic of Korea,bean,307.1,105.15,0.3424,0.0006,0.0522,0.0305,0.0,0.2563,0.0001,0.0026,0.0,,,,,,
408,Democratic People's Republic of Korea,cott,31.7,2.73,0.086,0.0134,0.0307,0.0386,0.0,0.0,0.0025,0.0007,0.0001,,,,,,
408,Democratic People's Republic of Korea,dcat,107.8,95.22,0.883,,,,,,,,,0.701,0.1278,0.0542,1.38,0.0128,0.8957
408,Democratic People's Republic of Korea,goat,14.5,815.52,56.1211,,,,,,,,,33.8382,1.1265,21.1564,0.51,0.0353,56.1564
408,Democratic People's Republic of Korea,grou,1.6,0.31,0.1961,0.0142,0.1371,0.0368,0.0,0.0,0.0025,0.0048,0.0006,,,,,,
408,Democratic People's Republic of Korea,maiz,2230.9,55.27,0.0248,0.0019,0.0107,0.0112,0.0,0.0,0.0004,0.0005,0.0,,,,,,
408,Democratic People's Republic of Korea,pigs,128.0,247.55,1.9345,,,,,,,,,0.4964,1.4381,0.0,17.23,0.1347,2.0691
408,Democratic People's Republic of Korea,pota,387.6,79.34,0.2047,0.005,0.0205,0.0138,0.0,0.1636,0.0009,0.0006,0.0002,,,,,,
408,Democratic People's Republic of Korea,poul,184.3,92.57,0.5023,,,,,,,,,0.0,0.132,0.3703,19.19,0.1041,0.6065
408,Democratic People's Republic of Korea,rice,2044.1,1851.5,0.9058,0.0009,0.0113,0.0094,0.883,0.0,0.0003,0.0005,0.0006,,,,,,
408,Democratic People's Republic of Korea,sorg,35.6,2.33,0.0653,0.0054,0.0319,0.0254,0.0,0.0,0.001,0.0015,0.0,,,,,,
408,Democratic People's Republic of Korea,soyb,170.7,16.29,0.0954,0.003,0.0517,0.0379,0.0,0.0,0.0005,0.0023,0.0,,,,,,
408,Democratic People's Republic of Korea,whea,79.3,13.89,0.1752,0.0104,0.0494,0.0233,0.0,0.0888,0.0021,0.0013,0.0,,,,,,
410,Republic of Korea,barl,44.1,50.03,1.1352,0.5085,0.5171,0.0451,0.0,0.0,0.0314,0.0217,0.0113,,,,,,
410,Republic of Korea,bcat,352.0,6062.53,17.2239,,,,,,,,,13.024,2.0656,2.1343,11.9,0.0338,17.2577
410,Republic of Korea,bean,5.5,6.81,1.2421,0.322,0.8478,0.0273,0.0,0.0,0.019,0.0228,0.0033,,,,,,
410,Republic of Korea,dcat,1680.6,474.51,0.2823,,,,,,,,,0.2217,0.0431,0.0175,9.96,0.0059,0.2883
410,Republic of Korea,goat,9.9,71.31,7.2269,,,,,,,,,4.3216,0.1447,2.7607,0.12,0.0117,7.2386
410,Republic of Korea,grou,9.2,6.03,0.6534,0.1449,0.4506,0.0213,0.0,0.0,0.0086,0.02,0.008,,,,,,
410,Republic of Korea,maiz,82.9,38.98,0.4701,0.3174,0.1138,0.0088,0.0,0.0,0.0194,0.0078,0.003,,,,,,
410,Republic of Korea,pigs,1368.0,1148.19,0.8393,,,,,,,,,0.2167,0.6227,0.0,65.02,0.0475,0.8868
410,Republic of Korea,pota,508.6,35.63,0.07,0.0381,0.0233,0.0034,0.0,0.0,0.0023,0.0008,0.0021,,,,,,
410,Republic of Korea,poul,1750.0,528.98,0.3023,,,,,,,,,0.0,0.0828,0.2195,59.34,0.0339,0.3362
410,Republic of Korea,rice,4241.1,3450.79,0.8137,0.0401,0.0551,0.0095,0.6848,0.0,0.0059,0.006,0.0123,,,,,,
410,Republic of Korea,sorg,2.4,2.77,1.169,0.5424,0.5506,0.0104,0.0,0.0,0.0353,0.0264,0.0038,,,,,,
410,Republic of Korea,soyb,148.3,90.54,0.6104,0.1885,0.3793,0.0125,0.0,0.0,0.0116,0.0173,0.0012,,,,,,
410,Republic of Korea,whea,34.0,9.52,0.2804,0.1664,0.0867,0.0073,0.0,0.0,0.0101,0.0063,0.0036,,,,,,
414,Kuwait,barl,2.8,0.51,0.1805,0.0485,0.0956,0.0144,0.0,0.0,0.0201,0.0018,0.0,,,,,,
414,Kuwait,bcat,1.8,29.35,16.5905,,,,,,,,,10.3189,0.448,5.8236,0.02,0.0124,16.6029
414,Kuwait,dcat,57.8,18.82,0.3254,,,,,,,,,0.2041,0.0108,0.1105,0.06,0.0011,0.3265
414,Kuwait,goat,6.6,46.78,7.0485,,,,,,,,,4.0376,0.1567,2.8542,0.02,0.0032,7.0517
414,Kuwait,maiz,25.3,1.07,0.0423,0.0147,0.0173,0.0044,0.0,0.0,0.0056,0.0004,0.0,,,,,,
414,Kuwait,olvs,2.5,27.86,11.159,,,,,,,,,8.941,0.4459,1.7721,0.0,0.0015,11.1605
414,Kuwait,pota,24.7,1.38,0.056,0.0206,0.0235,0.0042,0.0,0.0,0.0076,0.0002,0.0,,,,,,
414,Kuwait,poul,140.2,206.75,1.4741,,,,,,,,,0.0,0.3183,1.1558,1.22,0.0087,1.4828
414,Kuwait,shee,45.6,154.53,3.3871,,,,,,,,,2.1196,0.0733,1.1942,0.18,0.004,3.3912
417,Kyrgyzstan,barl,577.5,41.15,0.0713,0.0086,0.0371,0.0129,0.0,0.0,0.0017,0.0006,0.0103,,,,,,
417,Kyrgyzstan,bcat,146.2,1745.82,11.9439,,,,,,,,,9.001,1.4832,1.4597,28.32,0.1937,12.1376
417,Kyrgyzstan,bean,81.8,5.08,0.0621,0.007,0.0297,0.0159,0.0,0.0,0.0015,0.0004,0.0075,,,,,,
417,Kyrgyzstan,cott,47.3,23.26,0.4924,0.2115,0.1736,0.0485,0.0,0.0,0.0292,0.001,0.0285,,,,,,
417,Kyrgyzstan,dcat,1980.8,2245.54,1.1337,,,,,,,,,0.8935,0.1702,0.07,48.14,0.0243,1.158
417,Kyrgyzstan,goat,10.3,179.42,17.3493,,,,,,,,,10.409,0.3568,6.5836,0.69,0.0667,17.4161
417,Kyrgyzstan,grou,1.9,0.1,0.054,0.0028,0.0348,0.0102,0.0,0.0,0.0,0.0,0.0063,,,,,,
417,Kyrgyzstan,maiz,736.6,32.75,0.0445,0.0136,0.0158,0.0067,0.0,0.0,0.0027,0.0003,0.0054,,,,,,
417,Kyrgyzstan,olvs,19.5,428.57,22.0323,,,,,,,,,14.3392,1.0038,6.6892,1.08,0.0557,22.088
417,Kyrgyzstan,pigs,5.6,3.12,0.5572,,,,,,,,,0.1404,0.4169,0.0,3.66,0.653,1.2102
417,Kyrgyzstan,pota,1127.8,24.1,0.0214,0.0039,0.0089,0.0045,0.0,0.0,0.0007,0.0,0.0034,,,,,,
417,Kyrgyzstan,poul,73.5,21.1,0.2872,,,,,,,,,0.0,0.0777,0.2095,8.13,0.1107,0.3979
417,Kyrgyzstan,rice,44.3,17.29,0.3901,0.0219,0.0362,0.0079,0.3106,0.0,0.0047,0.0002,0.0087,,,,,,
417,Kyrgyzstan,shee,82.6,1193.74,14.46,,,,,,,,,9.6835,0.5124,4.2641,5.53,0.0669,14.5269
417,Kyrgyzstan,sorg,4.3,0.26,0.0603,0.0078,0.0504,0.0015,0.0,0.0,0.0004,0.0,0.0002,,,,,,
417,Kyrgyzstan,soyb,3.4,1.32,0.3847,0.0568,0.2788,0.0213,0.0,0.0,0.0067,0.0002,0.021,,,,,,
417,Kyrgyzstan,whea,726.4,78.95,0.1087,0.0343,0.0484,0.0114,0.0,0.0,0.0057,0.0007,0.0083,,,,,,
418,Lao People's Democratic Republic,bcat,48.9,3904.43,79.7921,,,,,,,,,60.14,9.6549,9.9973,17.45,0.3566,80.1488
418,Lao People's Democratic Republic,bean,5.0,1.82,0.3621,0.1291,0.1539,0.0291,0.0,0.0105,0.0188,0.0206,0.0,,,,,,
418,Lao People's Democratic Republic,buff,23.9,2644.92,110.5178,,,,,,,,,83.7991,12.9806,13.738,3.19,0.1334,110.6511
418,Lao People's Democratic Republic,cass,7078.4,65.8,0.0093,0.002,0.004,0.0025,0.0,0.0003,0.0003,0.0003,0.0,,,,,,
418,Lao People's Democratic Republic,cott,1.2,0.79,0.6424,0.1937,0.2298,0.1421,0.0,0.0106,0.0233,0.0429,0.0,,,,,,
418,Lao People's Democratic Republic,dcat,29.7,137.69,4.6421,,,,,,,,,3.1409,1.2493,0.252,0.45,0.0152,4.6573
418,Lao People's Democratic Republic,goat,2.1,107.7,50.4056,,,,,,,,,29.7686,1.3458,19.2913,0.33,0.155,50.5606
418,Lao People's Democratic Republic,grou,30.0,9.85,0.3283,0.0583,0.1908,0.047,0.0,0.0057,0.005,0.0215,0.0,,,,,,
418,Lao People's Democratic Republic,maiz,585.6,251.87,0.4301,0.2655,0.0948,0.0192,0.0,0.0013,0.035,0.0143,0.0,,,,,,
418,Lao People's Democratic Republic,oilp,11.1,1.88,0.1696,0.1444,0.0034,0.0,0.0,0.0,0.0217,0.0,0.0,,,,,,
418,Lao People's Democratic Republic,pigs,124.3,859.53,6.9145,,,,,,,,,1.0048,5.9097,0.0,51.0,0.4103,7.3248
418,Lao People's Democratic Republic,pota,3.3,1.98,0.5956,0.4821,0.0491,0.0147,0.0,0.0,0.0457,0.0041,0.0,,,,,,
418,Lao People's Democratic Republic,poul,91.7,162.53,1.7723,,,,,,,,,0.0,0.6142,1.1581,21.89,0.2387,2.011
418,Lao People's Democratic Republic,rcof,183.4,155.62,0.8485,0.6388,0.1218,0.0,0.0,0.0046,0.0833,0.0,0.0,,,,,,
418,Lao People's Democratic Republic,rice,3654.9,5115.47,1.3996,0.0752,0.0563,0.0119,1.2206,0.0023,0.0241,0.0092,0.0,,,,,,
418,Lao People's Democratic Republic,rubb,385.7,92.48,0.2398,0.1055,0.1099,0.0,0.0,0.0095,0.0149,0.0,0.0,,,,,,
418,Lao People's Democratic Republic,soyb,7.7,5.64,0.7319,0.2502,0.3594,0.0472,0.0,0.0013,0.0253,0.0486,0.0,,,,,,
418,Lao People's Democratic Republic,sugc,2268.7,57.15,0.0252,0.0153,0.0018,0.0052,0.0,0.0001,0.002,0.0008,0.0,,,,,,
422,Lebanon,barl,20.8,5.54,0.2661,0.0605,0.1501,0.0251,0.0,0.0,0.0145,0.0035,0.0123,,,,,,
422,Lebanon,bcat,39.4,54.54,1.3848,,,,,,,,,0.8726,0.0359,0.4762,1.27,0.0323,1.4171
422,Lebanon,bean,3.1,0.5,0.1607,0.0684,0.0589,0.0127,0.0,0.0,0.0166,0.0028,0.0013,,,,,,
422,Lebanon,dcat,248.2,132.92,0.5356,,,,,,,,,0.3403,0.0171,0.1782,0.75,0.003,0.5386
422,Lebanon,goat,24.3,119.22,4.9061,,,,,,,,,2.8698,0.0754,1.9609,0.25,0.0102,4.9163
422,Lebanon,grou,9.8,0.9,0.0917,0.0175,0.0475,0.0127,0.0,0.0,0.004,0.0033,0.0067,,,,,,
422,Lebanon,maiz,5.5,0.45,0.0819,0.0241,0.0301,0.0053,0.0,0.0,0.0055,0.0018,0.015,,,,,,
422,Lebanon,pota,600.9,14.94,0.0249,0.0133,0.006,0.0024,0.0,0.0,0.003,0.0001,0.0001,,,,,,
422,Lebanon,poul,216.2,215.01,0.9943,,,,,,,,,0.0,0.1755,0.8188,3.48,0.0161,1.0104
422,Lebanon,shee,19.8,105.2,5.3197,,,,,,,,,3.3907,0.0827,1.8463,0.24,0.0119,5.3316
422,Lebanon,whea,97.2,20.05,0.2063,0.0684,0.0992,0.0135,0.0,0.0,0.0166,0.0034,0.0052,,,,,,
426,Lesotho,bcat,3.6,402.69,112.455,,,,,,,,,75.566,0.7639,36.1252,0.73,0.2028,112.6578
426,Lesotho,bean,1.6,4.68,2.9046,0.0476,2.309,0.1019,0.0,0.0,0.0136,0.0616,0.3709,,,,,,
426,Lesotho,dcat,189.8,292.78,1.5429,,,,,,,,,1.056,0.028,0.4589,6.89,0.0363,1.5792
426,Lesotho,maiz,229.1,35.19,0.1536,0.0258,0.0744,0.0081,0.0,0.0,0.0104,0.007,0.0279,,,,,,
426,Lesotho,pota,132.8,6.82,0.0513,0.0107,0.021,0.0034,0.0,0.0,0.0035,0.0,0.0127,,,,,,
426,Lesotho,poul,3.6,3.15,0.8638,,,,,,,,,0.0,0.0958,0.768,0.68,0.1867,1.0505
426,Lesotho,sorg,6.9,11.33,1.6386,0.0806,0.9868,0.0822,0.0,0.0,0.0267,0.017,0.4453,,,,,,
426,Lesotho,soyb,9.2,0.46,0.0501,0.0067,0.0185,0.0173,0.0,0.0,0.0037,0.0014,0.0026,,,,,,
426,Lesotho,whea,24.1,2.5,0.1038,0.0087,0.0654,0.0101,0.0,0.0,0.0041,0.0061,0.0095,,,,,,
428,Latvia,barl,256.9,461.94,1.798,0.0992,0.0171,0.0191,0.0,1.6592,0.003,0.0002,0.0002,,,,,,
428,Latvia,bcat,17.5,474.26,27.0814,,,,,,,,,21.0057,3.7748,2.301,188.4,10.7581,37.8395
428,Latvia,dcat,955.6,525.24,0.5496,,,,,,,,,0.4098,0.1113,0.0285,1355.01,1.4179,1.9675
428,Latvia,pigs,35.3,66.91,1.8971,,,,,,,,,0.3236,1.5734,0.0,496.31,14.0727,15.9697
428,Latvia,pota,129.5,49.94,0.3856,0.0164,0.004,0.0041,0.0,0.3606,0.0004,0.0,0.0001,,,,,,
428,Latvia,poul,41.2,22.68,0.55,,,,,,,,,0.0,0.5364,0.0136,330.4,8.0118,8.5618
428,Latvia,rape,250.5,842.06,3.361,0.2997,0.0305,0.0279,0.0,2.994,0.0084,0.0004,0.0001,,,,,,
428,Latvia,whea,2456.7,2967.21,1.2078,0.1166,0.0107,0.0125,0.0,1.0645,0.0032,0.0002,0.0,,,,,,
430,Liberia,cass,591.2,34.77,0.0588,0.0006,0.0068,0.0078,0.0,0.0423,0.0,0.0012,0.0,,,,,,
430,Liberia,coco,31.3,56.09,1.7919,0.107,0.0332,0.0,0.0,1.6425,0.0093,0.0,0.0,,,,,,
430,Liberia,dcat,7.9,12.05,1.5353,,,,,,,,,1.0448,0.0288,0.4616,0.03,0.0037,1.539
430,Liberia,grou,6.6,3.03,0.4582,0.0188,0.085,0.0706,0.0,0.2449,0.0004,0.0386,0.0,,,,,,
430,Liberia,maiz,4.9,0.59,0.1204,0.0082,0.02,0.0184,0.0,0.046,0.0006,0.0272,0.0,,,,,,
430,Liberia,oilp,182.2,10.18,0.0559,0.0002,0.0012,0.0,0.0,0.0545,0.0,0.0,0.0,,,,,,
430,Liberia,pigs,8.8,48.29,5.5083,,,,,,,,,0.8544,4.6539,0.0,0.33,0.0375,5.5457
430,Liberia,poul,20.3,34.74,1.7095,,,,,,,,,0.0,0.2893,1.4203,0.49,0.0239,1.7334
430,Liberia,rice,317.2,162.77,0.5132,0.031,0.028,0.0296,0.1082,0.2936,0.003,0.0198,0.0,,,,,,
430,Liberia,rubb,125.2,53.55,0.4277,0.0172,0.0159,0.0,0.0,0.3932,0.0015,0.0,0.0,,,,,,
430,Liberia,soyb,3.1,3.19,1.0327,0.0471,0.1722,0.0921,0.0,0.653,0.0001,0.0682,0.0,,,,,,
430,Liberia,sugc,269.2,16.12,0.0599,0.0112,0.0021,0.0044,0.0,0.0406,0.001,0.0006,0.0,,,,,,
434,Libya,barl,62.6,27.39,0.4374,0.0748,0.2907,0.0374,0.0,0.0,0.0344,0.0001,0.0,,,,,,
434,Libya,bcat,5.5,103.43,18.7126,,,,,,,,,12.3542,0.4581,5.9003,0.96,0.1742,18.8868
434,Libya,dcat,132.4,223.13,1.6847,,,,,,,,,1.1518,0.0327,0.5001,2.33,0.0176,1.7023
434,Libya,goat,30.5,556.33,18.2197,,,,,,,,,10.6577,0.3894,7.1726,1.17,0.0384,18.2581
434,Libya,grou,12.4,1.36,0.11,0.0257,0.0427,0.0306,0.0,0.0,0.011,0.0,0.0,,,,,,
434,Libya,maiz,3.3,0.24,0.0714,0.0187,0.0401,0.0048,0.0,0.0,0.0077,0.0,0.0,,,,,,
434,Libya,olvs,6.1,95.04,15.4949,,,,,,,,,11.1645,0.7342,3.5962,0.15,0.0246,15.5195
434,Libya,pota,361.4,3.57,0.0099,0.0029,0.0034,0.0023,0.0,0.0,0.0012,0.0,0.0,,,,,,
434,Libya,poul,192.1,144.15,0.7504,,,,,,,,,0.0,0.1282,0.6222,22.17,0.1154,0.8658
434,Libya,shee,84.7,1518.95,17.923,,,,,,,,,11.3909,0.4219,6.1102,4.19,0.0494,17.9724
434,Libya,whea,86.8,31.91,0.3678,0.0868,0.213,0.0293,0.0,0.0,0.0386,0.0001,0.0,,,,,,
438,,dcat,18.5,10.93,0.5909,,,,,,,,,0.4418,0.1186,0.0306,0.0,0.0,0.5909
438,,whea,2.1,0.27,0.1301,0.0895,0.0254,0.0134,0.0,0.0,0.0019,0.0,0.0,,,,,,
440,Lithuania,barl,727.1,516.1,0.7098,0.0096,0.0097,0.0133,0.0,0.6741,0.0026,0.0005,0.0001,,,,,,
440,Lithuania,bcat,44.0,745.98,16.9552,,,,,,,,,13.2302,2.2732,1.4518,267.4,6.0778,23.033
440,Lithuania,dcat,1502.2,925.38,0.616,,,,,,,,,0.4635,0.1203,0.0323,1069.37,0.7119,1.3279
440,Lithuania,goat,2.3,3.34,1.4415,,,,,,,,,0.7886,0.0267,0.6262,6.14,2.6486,4.0901
440,Lithuania,maiz,105.8,44.8,0.4233,0.0106,0.0031,0.0062,0.0,0.3993,0.0039,0.0001,0.0,,,,,,
440,Lithuania,pigs,67.1,124.42,1.853,,,,,,,,,0.3285,1.5245,0.0,561.09,8.3567,10.2097
440,Lithuania,pota,261.2,61.25,0.2344,0.0073,0.0029,0.0033,0.0,0.2181,0.0026,0.0,0.0001,,,,,,
440,Lithuania,poul,80.1,28.77,0.3591,,,,,,,,,0.0,0.347,0.0121,478.31,5.97,6.3291
440,Lithuania,rape,843.5,879.29,1.0424,0.0186,0.0142,0.0149,0.0,0.9894,0.0044,0.0009,0.0001,,,,,,
440,Lithuania,soyb,1.8,4.86,2.631,0.0174,0.0326,0.0261,0.0,2.5482,0.0042,0.0025,0.0,,,,,,
440,Lithuania,whea,4106.6,2851.06,0.6943,0.0086,0.0092,0.0122,0.0,0.6622,0.0014,0.0007,0.0001,,,,,,
442,Luxembourg,barl,43.7,14.2,0.325,0.2189,0.0487,0.0209,0.0,0.0289,0.0037,0.0001,0.0039,,,,,,
442,Luxembourg,bcat,8.4,205.75,24.5491,,,,,,,,,19.2143,3.3224,2.0124,4.78,0.5708,25.1199
442,Luxembourg,dcat,398.8,180.45,0.4525,,,,,,,,,0.3405,0.0895,0.0225,24.15,0.0605,0.513
442,Luxembourg,maiz,5.4,0.5,0.0913,0.0473,0.0148,0.0046,0.0,0.0218,0.0011,0.0,0.0018,,,,,,
442,Luxembourg,pigs,9.9,16.96,1.7172,,,,,,,,,0.3005,1.4166,0.0,6.55,0.663,2.3802
442,Luxembourg,pota,22.5,1.24,0.0549,0.0362,0.0093,0.0033,0.0,0.0051,0.0005,0.0,0.0004,,,,,,
442,Luxembourg,poul,2.1,0.61,0.2931,,,,,,,,,0.0,0.2833,0.0098,0.81,0.3909,0.684
442,Luxembourg,rape,12.7,6.24,0.4921,0.3514,0.0704,0.0178,0.0,0.0402,0.0079,0.0002,0.0043,,,,,,
442,Luxembourg,whea,52.5,29.29,0.5576,0.4592,0.0633,0.019,0.0,0.0135,0.0025,0.0,0.0,,,,,,
450,Madagascar,bcat,24.3,7618.92,313.253,,,,,,,,,205.7427,8.6027,98.9076,22.16,0.911,314.164
450,Madagascar,bean,82.1,63.16,0.7692,0.0029,0.134,0.023,0.0,0.5925,0.0002,0.0066,0.0101,,,,,,
450,Madagascar,cass,2519.5,367.58,0.1459,0.0007,0.0147,0.0078,0.0,0.1204,0.0001,0.001,0.0013,,,,,,
450,Madagascar,coco,18.5,25.47,1.3779,0.0278,0.0697,0.0,0.0,1.2776,0.0029,0.0,0.0,,,,,,
450,Madagascar,cott,12.4,15.37,1.2393,0.0656,0.0874,0.0387,0.0,1.0172,0.0081,0.0174,0.0049,,,,,,
450,Madagascar,dcat,408.0,2598.2,6.3683,,,,,,,,,4.3348,0.1388,1.8947,37.6,0.0922,6.4605
450,Madagascar,goat,2.7,265.67,98.3093,,,,,,,,,57.1991,2.3519,38.7583,0.68,0.2505,98.5598
450,Madagascar,grou,56.9,56.39,0.9907,0.0205,0.2486,0.0606,0.0,0.6182,0.0022,0.0313,0.0093,,,,,,
450,Madagascar,maiz,259.3,117.03,0.4514,0.0214,0.0707,0.0128,0.0,0.3325,0.0027,0.0078,0.0035,,,,,,
450,Madagascar,oilp,19.7,8.91,0.4514,0.0,0.0037,0.0,0.0,0.4477,0.0,0.0,0.0,,,,,,
450,Madagascar,pigs,29.7,337.04,11.3315,,,,,,,,,1.5848,9.7467,0.0,22.2,0.7465,12.0779
450,Madagascar,pota,248.1,16.53,0.0666,0.01,0.0337,0.0075,0.0,0.0095,0.001,0.0004,0.0045,,,,,,
450,Madagascar,poul,111.3,227.0,2.0393,,,,,,,,,0.0,0.3404,1.6989,61.64,0.5538,2.5931
450,Madagascar,rcof,39.9,241.94,6.0636,0.0163,0.1445,0.0,0.0,5.9013,0.0015,0.0,0.0,,,,,,
450,Madagascar,rice,4892.8,13850.08,2.8307,0.0004,0.0105,0.0127,1.908,0.8935,0.0001,0.0045,0.0008,,,,,,
450,Madagascar,sugc,3037.4,399.75,0.1316,0.0043,0.002,0.0043,0.0,0.1199,0.0005,0.0005,0.0001,,,,,,
454,Malawi,bcat,72.9,2614.37,35.8453,,,,,,,,,23.6717,0.8871,11.2865,41.86,0.574,36.4193
454,Malawi,bean,239.8,66.89,0.279,0.0181,0.0788,0.021,0.0,0.1521,0.0056,0.0033,0.0,,,,,,
454,Malawi,cass,6035.7,71.44,0.0118,0.002,0.0022,0.004,0.0,0.003,0.0004,0.0001,0.0,,,,,,
454,Malawi,coff,9.4,2.41,0.2551,0.1882,0.0291,0.0,0.0,0.0,0.0378,0.0,0.0,,,,,,
454,Malawi,cott,24.4,37.32,1.5297,0.7101,0.2506,0.0687,0.0,0.3075,0.1577,0.0351,0.0,,,,,,
454,Malawi,dcat,79.0,323.13,4.0902,,,,,,,,,2.7974,0.0801,1.2126,5.48,0.0693,4.1595
454,Malawi,goat,225.3,2773.12,12.3095,,,,,,,,,7.2031,0.2657,4.8406,36.31,0.1612,12.4707
454,Malawi,grou,339.9,113.74,0.3347,0.1531,0.0568,0.0302,0.0,0.0452,0.0466,0.0028,0.0,,,,,,
454,Malawi,maiz,2946.0,683.98,0.2322,0.0966,0.0278,0.0112,0.0,0.0683,0.0268,0.0014,0.0,,,,,,
454,Malawi,pigs,427.9,1516.77,3.545,,,,,,,,,0.5444,3.0006,0.0,292.19,0.6829,4.2279
454,Malawi,pota,1503.0,52.72,0.0351,0.0235,0.002,0.002,0.0,0.0,0.0075,0.0001,0.0,,,,,,
454,Malawi,poul,132.3,91.16,0.6889,,,,,,,,,0.0,0.1184,0.5705,85.55,0.6465,1.3354
454,Malawi,rice,138.5,143.16,1.0333,0.2194,0.0257,0.0146,0.5283,0.1672,0.0752,0.0029,0.0,,,,,,
454,Malawi,shee,9.5,91.0,9.6002,,,,,,,,,6.1036,0.2267,3.2699,2.09,0.2203,9.8206
454,Malawi,sorg,101.1,62.04,0.6136,0.1648,0.0452,0.026,0.0,0.3293,0.0341,0.0142,0.0,,,,,,
454,Malawi,soyb,303.8,148.17,0.4877,0.0347,0.0332,0.0132,0.0,0.3908,0.0132,0.0027,0.0,,,,,,
454,Malawi,sugc,2554.6,27.99,0.011,0.005,0.0003,0.0039,0.0,0.0008,0.0007,0.0001,0.0,,,,,,
458,Malaysia,bcat,36.3,1045.78,28.7898,,,,,,,,,21.9517,3.1093,3.7288,0.95,0.0261,28.8159
458,Malaysia,buff,8.1,116.29,14.3991,,,,,,,,,11.0381,1.5112,1.8498,0.11,0.0138,14.4129
458,Malaysia,cass,42.4,1.67,0.0395,0.0134,0.012,0.0043,0.0,0.0014,0.0019,0.0039,0.0026,,,,,,
458,Malaysia,dcat,40.7,101.32,2.4899,,,,,,,,,1.678,0.6742,0.1378,0.13,0.0033,2.4932
458,Malaysia,goat,1.0,29.87,29.0735,,,,,,,,,17.0035,0.8117,11.2583,0.01,0.0129,29.0864
458,Malaysia,maiz,2.6,0.53,0.1992,0.1575,0.0027,0.0099,0.0,0.0053,0.0238,0.0,0.0,,,,,,
458,Malaysia,oilp,94200.4,3289.04,0.0349,0.0274,0.0024,0.0,0.0,0.0002,0.0049,0.0,0.0,,,,,,
458,Malaysia,pigs,114.9,309.26,2.6916,,,,,,,,,0.382,2.3096,0.0,6.81,0.0593,2.7509
458,Malaysia,poul,2299.9,849.83,0.3695,,,,,,,,,0.0,0.1133,0.2562,54.32,0.0236,0.3931
458,Malaysia,rcof,3.9,0.7,0.1807,0.128,0.0299,0.0,0.0,0.0,0.0227,0.0,0.0,,,,,,
458,Malaysia,rice,1854.8,3333.84,1.7974,0.0947,0.0271,0.0114,1.6073,0.002,0.0354,0.0144,0.005,,,,,,
458,Malaysia,rubb,377.2,320.2,0.8489,0.5279,0.2129,0.0,0.0,0.0143,0.0937,0.0,0.0,,,,,,
458,Malaysia,sugc,329.0,16.65,0.0506,0.0249,0.0014,0.0066,0.0,0.013,0.0039,0.0007,0.0001,,,,,,
466,Mali,bcat,67.6,14570.06,215.377,,,,,,,,,141.9411,5.2439,68.192,0.78,0.0115,215.3886
466,Mali,bean,156.6,12.83,0.0819,0.0,0.0086,0.0136,0.0,0.0559,0.0,0.0038,0.0,,,,,,
466,Mali,cass,181.0,3.83,0.0212,0.0003,0.0045,0.007,0.0,0.009,0.0,0.0005,0.0,,,,,,
466,Mali,cott,666.0,83.25,0.125,0.0435,0.0281,0.0265,0.0,0.0,0.012,0.0148,0.0,,,,,,
466,Mali,dcat,309.0,4020.24,13.0095,,,,,,,,,8.8796,0.2512,3.8787,0.36,0.0012,13.0106
466,Mali,goat,314.1,7147.2,22.7521,,,,,,,,,13.2009,0.6122,8.939,0.78,0.0025,22.7546
466,Mali,grou,500.0,103.51,0.207,0.0114,0.0403,0.0356,0.0,0.085,0.0044,0.0304,0.0,,,,,,
466,Mali,maiz,3885.0,210.13,0.0541,0.0188,0.0131,0.0106,0.0,0.001,0.0053,0.0052,0.0,,,,,,
466,Mali,olvs,300.1,3196.38,10.6502,,,,,,,,,7.9231,0.595,2.1321,0.5,0.0017,10.6518
466,Mali,pota,235.1,5.95,0.0253,0.005,0.0036,0.003,0.0,0.0113,0.0017,0.0006,0.0,,,,,,
466,Mali,poul,79.0,222.86,2.8222,,,,,,,,,0.0,0.4971,2.325,0.54,0.0069,2.829
466,Mali,rice,2747.1,3884.02,1.4139,0.0096,0.0254,0.0133,1.244,0.1143,0.0046,0.0027,0.0,,,,,,
466,Mali,shee,223.7,4763.07,21.2906,,,,,,,,,13.419,0.6289,7.2428,0.7,0.0031,21.2938
466,Mali,sorg,1638.0,236.24,0.1442,0.0074,0.0384,0.0218,0.0,0.0436,0.003,0.03,0.0,,,,,,
466,Mali,soyb,21.5,8.7,0.4051,0.015,0.0501,0.024,0.0,0.2889,0.0057,0.0214,0.0,,,,,,
466,Mali,sugc,832.7,8.51,0.0102,0.0031,0.0005,0.0057,0.0,0.0,0.0008,0.0001,0.0,,,,,,
466,Mali,whea,40.8,0.83,0.0203,0.0042,0.0055,0.0078,0.0,0.0,0.0016,0.0013,0.0,,,,,,
470,Malta,dcat,18.5,13.59,0.7346,,,,,,,,,0.4994,0.1997,0.0354,0.0,0.0001,0.7347
470,Malta,pigs,3.5,10.92,3.1549,,,,,,,,,0.3925,2.7625,0.0,0.0,0.0008,3.1557
470,Malta,pota,6.9,0.42,0.0604,0.0093,0.0464,0.0019,0.0,0.0,0.0027,0.0,0.0,,,,,,
470,Malta,poul,4.0,2.16,0.5396,,,,,,,,,0.0,0.5229,0.0167,0.0,0.0004,0.54
470,Malta,shee,1.6,2.8,1.8027,,,,,,,,,1.2562,0.0684,0.4782,0.0,0.0002,1.803
478,Mauritania,barl,1.1,0.09,0.084,0.0,0.0745,0.0045,0.0,0.0,0.0,0.0032,0.0018,,,,,,
478,Mauritania,bcat,30.8,1941.56,63.1385,,,,,,,,,41.6649,1.5399,19.9336,0.92,0.0298,63.1683
478,Mauritania,bean,12.7,2.31,0.1817,0.0037,0.1495,0.0163,0.0,0.0,0.0004,0.0101,0.0017,,,,,,
478,Mauritania,cass,1.2,0.01,0.0102,0.0,0.0048,0.0054,0.0,0.0,0.0,0.0,0.0,,,,,,
478,Mauritania,dcat,149.4,783.22,5.2424,,,,,,,,,3.5826,0.1013,1.5585,0.53,0.0035,5.2459
478,Mauritania,goat,122.6,1707.73,13.9337,,,,,,,,,8.0975,0.3758,5.4605,0.98,0.008,13.9418
478,Mauritania,grou,2.3,0.99,0.4235,0.0065,0.1956,0.0428,0.0,0.0,0.0027,0.1749,0.0009,,,,,,
478,Mauritania,maiz,21.0,5.61,0.2666,0.007,0.1994,0.017,0.0,0.0,0.0023,0.0367,0.0043,,,,,,
478,Mauritania,olvs,54.6,2333.22,42.7595,,,,,,,,,33.9489,2.0599,6.7507,0.28,0.005,42.7646
478,Mauritania,pota,2.5,0.15,0.0617,0.0031,0.0501,0.0021,0.0,0.0,0.0007,0.0058,0.0,,,,,,
478,Mauritania,poul,9.8,19.36,1.9833,,,,,,,,,0.0,0.3294,1.6539,0.25,0.0261,2.0093
478,Mauritania,rice,500.7,751.86,1.5017,0.0093,0.0028,0.0078,1.4771,0.0,0.0026,0.002,0.0,,,,,,
478,Mauritania,shee,123.0,2297.83,18.686,,,,,,,,,11.7938,0.5532,6.3391,1.22,0.0099,18.6959
478,Mauritania,sorg,108.4,33.11,0.3055,0.0027,0.2511,0.0228,0.0,0.0,0.0009,0.0272,0.0008,,,,,,
478,Mauritania,sugc,155.7,1.02,0.0066,0.0008,0.0002,0.0049,0.0,0.0,0.0002,0.0005,0.0,,,,,,
478,Mauritania,whea,1.8,2.02,1.1505,0.0214,1.0704,0.0463,0.0,0.0,0.0023,0.0102,0.0,,,,,,
480,Mauritius,bcat,1.9,1.74,0.9149,,,,,,,,,0.5601,0.0227,0.3322,0.05,0.0278,0.9427
480,Mauritius,cass,1.6,0.08,0.0516,0.0145,0.0261,0.0032,0.0,0.0,0.0017,0.0,0.0062,,,,,,
480,Mauritius,dcat,2.6,4.51,1.7406,,,,,,,,,1.1071,0.04,0.5935,0.01,0.0033,1.7439
480,Mauritius,maiz,1.3,0.19,0.144,0.0868,0.0326,0.0046,0.0,0.0,0.0076,0.0,0.0124,,,,,,
480,Mauritius,pota,13.7,1.38,0.1007,0.0588,0.0255,0.0032,0.0,0.0,0.0052,0.0,0.008,,,,,,
480,Mauritius,poul,60.8,59.17,0.9728,,,,,,,,,0.0,0.176,0.7968,1.38,0.0227,0.9955
480,Mauritius,sugc,2071.1,82.0,0.0396,0.0143,0.0067,0.0048,0.0,0.0,0.0012,0.0,0.0125,,,,,,
484,Mexico,barl,827.3,67.58,0.0817,0.0269,0.0212,0.0185,0.0,0.0004,0.0052,0.0039,0.0056,,,,,,
484,Mexico,bcat,2229.8,65228.76,29.2526,,,,,,,,,22.6542,0.4236,6.1747,585.98,0.2628,29.5154
484,Mexico,bean,989.2,344.35,0.3481,0.0732,0.0595,0.032,0.0,0.1473,0.0145,0.0148,0.0067,,,,,,
484,Mexico,cass,22.9,6.48,0.2829,0.0285,0.0186,0.0057,0.0,0.2211,0.002,0.004,0.003,,,,,,
484,Mexico,coco,24.4,54.85,2.2445,0.112,0.1809,0.0,0.0,1.944,0.0075,0.0,0.0,,,,,,
484,Mexico,coff,163.4,181.76,1.1125,0.326,0.2435,0.0,0.0,0.5149,0.0282,0.0,0.0,,,,,,
484,Mexico,cott,469.7,40.5,0.0862,0.0238,0.0102,0.0338,0.0,0.0007,0.0054,0.0077,0.0045,,,,,,
484,Mexico,dcat,13832.9,5972.53,0.4318,,,,,,,,,0.3722,0.0096,0.05,425.06,0.0307,0.4625
484,Mexico,goat,210.5,2049.39,9.7347,,,,,,,,,5.6991,0.2091,3.8265,15.65,0.0744,9.809
484,Mexico,grou,68.6,13.97,0.2036,0.0201,0.0688,0.0324,0.0,0.0381,0.0028,0.0294,0.0119,,,,,,
484,Mexico,maiz,24094.6,5270.55,0.2187,0.0753,0.0239,0.0093,0.0,0.0884,0.0102,0.008,0.0037,,,,,,
484,Mexico,oilp,1309.3,298.08,0.2277,0.0316,0.0049,0.0,0.0,0.189,0.0021,0.0,0.0,,,,,,
484,Mexico,olvs,64.5,7299.74,113.1316,,,,,,,,,71.2827,6.6454,35.2035,3.38,0.0525,113.184
484,Mexico,pigs,1862.9,2499.37,1.3416,,,,,,,,,0.2767,1.065,0.0,527.25,0.283,1.6246
484,Mexico,pota,2125.9,20.16,0.0095,0.0035,0.0016,0.002,0.0,0.0007,0.0007,0.0003,0.0006,,,,,,
484,Mexico,poul,7247.6,1802.27,0.2487,,,,,,,,,0.0,0.0909,0.1578,1489.22,0.2055,0.4541
484,Mexico,rape,2.0,0.38,0.1884,0.018,0.0797,0.0486,0.0,0.0,0.0031,0.036,0.003,,,,,,
484,Mexico,rcof,6.6,6.55,0.9927,0.2083,0.2037,0.0,0.0,0.5641,0.0166,0.0,0.0,,,,,,
484,Mexico,rice,216.7,255.03,1.177,0.0685,0.0075,0.0084,0.7951,0.2635,0.0082,0.0253,0.0005,,,,,,
484,Mexico,rubb,87.2,8.15,0.0935,0.0225,0.0268,0.0,0.0,0.0428,0.0015,0.0,0.0,,,,,,
484,Mexico,shee,62.2,1713.18,27.5294,,,,,,,,,17.5302,0.5307,9.4685,6.08,0.0977,27.6271
484,Mexico,sorg,4432.1,638.75,0.1441,0.0188,0.0123,0.0117,0.0,0.088,0.0025,0.0094,0.0014,,,,,,
484,Mexico,soyb,262.6,179.96,0.6854,0.0005,0.0234,0.0204,0.0,0.5943,0.0,0.0457,0.001,,,,,,
484,Mexico,sugc,52523.1,1101.61,0.021,0.0074,0.0009,0.0039,0.0,0.0057,0.0008,0.002,0.0001,,,,,,
484,Mexico,whea,2641.9,264.22,0.1,0.0428,0.0155,0.0108,0.0,0.0127,0.0098,0.0054,0.003,,,,,,
496,Mongolia,barl,11.7,6.54,0.5581,0.0495,0.0742,0.0152,0.0,0.4144,0.0,0.0048,0.0,,,,,,
496,Mongolia,bcat,107.0,6005.72,56.1124,,,,,,,,,42.2183,7.1837,6.7103,86.7,0.81,56.9224
496,Mongolia,buff,5.2,0.0,0.0,,,,,,,,,0.0,0.0,0.0,2.13,0.4062,0.4062
496,Mongolia,dcat,238.3,2926.74,12.2824,,,,,,,,,9.6705,1.8698,0.7421,8.03,0.0337,12.3161
496,Mongolia,goat,95.2,6375.16,66.955,,,,,,,,,40.4261,1.4327,25.0962,24.8,0.2604,67.2154
496,Mongolia,olvs,72.0,3779.77,52.5261,,,,,,,,,36.0422,2.2913,14.1927,11.33,0.1575,52.6836
496,Mongolia,pota,260.7,16.1,0.0618,0.033,0.0064,0.0026,0.0,0.0188,0.0001,0.0009,0.0,,,,,,
496,Mongolia,poul,11.4,3.03,0.2654,,,,,,,,,0.0,0.0756,0.1898,3.95,0.3457,0.6111
496,Mongolia,rape,57.9,143.14,2.4725,0.209,0.214,0.0292,0.0,1.9827,0.0004,0.0371,0.0,,,,,,
496,Mongolia,shee,135.5,6220.87,45.9196,,,,,,,,,30.8863,1.6873,13.346,42.71,0.3153,46.2349
496,Mongolia,whea,406.5,810.39,1.9935,0.2249,0.0904,0.0196,0.0,1.6278,0.0005,0.0303,0.0,,,,,,
498,Republic of Moldova,barl,240.3,51.49,0.2143,0.1356,0.0075,0.0159,0.0,0.0244,0.03,0.0009,0.0,,,,,,
498,Republic of Moldova,bcat,3.8,80.45,21.2812,,,,,,,,,16.6965,3.4911,1.0936,5.39,1.427,22.7082
498,Republic of Moldova,bean,8.9,4.96,0.5578,0.1809,0.0547,0.046,0.0,0.2307,0.041,0.0045,0.0,,,,,,
498,Republic of Moldova,dcat,261.3,241.63,0.9248,,,,,,,,,0.736,0.153,0.0358,73.14,0.2799,1.2047
498,Republic of Moldova,goat,12.6,31.76,2.5198,,,,,,,,,1.4035,0.077,1.0393,4.06,0.3222,2.842
498,Republic of Moldova,maiz,830.7,130.0,0.1565,0.0408,0.0175,0.0236,0.0,0.0639,0.0089,0.0019,0.0,,,,,,
498,Republic of Moldova,pigs,26.7,55.64,2.0851,,,,,,,,,0.487,1.5981,0.0,50.47,1.8912,3.9763
498,Republic of Moldova,pota,164.3,10.14,0.0617,0.0392,0.0044,0.0062,0.0,0.0025,0.0083,0.0003,0.0007,,,,,,
498,Republic of Moldova,poul,94.8,96.68,1.0199,,,,,,,,,0.0,1.0034,0.0165,130.26,1.3742,2.3941
498,Republic of Moldova,rape,99.3,24.82,0.25,0.1518,0.0105,0.0155,0.0,0.0373,0.0335,0.0015,0.0,,,,,,
498,Republic of Moldova,shee,26.8,137.04,5.1212,,,,,,,,,3.6573,0.2737,1.1903,17.96,0.6712,5.7924
498,Republic of Moldova,sorg,11.0,3.16,0.2874,0.1413,0.0172,0.0351,0.0,0.0591,0.0312,0.0036,0.0,,,,,,
498,Republic of Moldova,soyb,35.5,8.86,0.2499,0.0824,0.0251,0.0358,0.0,0.0846,0.0183,0.0036,0.0,,,,,,
498,Republic of Moldova,whea,1395.2,113.89,0.0816,0.0268,0.0074,0.0122,0.0,0.0283,0.0058,0.0011,0.0,,,,,,
499,Montenegro,bcat,6.6,43.22,6.5828,,,,,,,,,5.0827,0.9303,0.5699,1.04,0.1588,6.7417
499,Montenegro,dcat,149.1,205.86,1.3806,,,,,,,,,1.0224,0.2854,0.0727,3.45,0.0232,1.4037
499,Montenegro,goat,4.4,7.09,1.6172,,,,,,,,,0.8756,0.0362,0.7054,0.23,0.052,1.6693
499,Montenegro,maiz,8.9,4.03,0.4511,0.0606,0.0141,0.0069,0.0,0.3588,0.0041,0.0012,0.0054,,,,,,
499,Montenegro,pigs,5.0,6.81,1.3504,,,,,,,,,0.2233,1.1271,0.0,0.79,0.1561,1.5064
499,Montenegro,pota,38.3,2.64,0.069,0.0222,0.0014,0.0024,0.0,0.0395,0.0009,0.0001,0.0026,,,,,,
499,Montenegro,poul,15.3,3.66,0.2395,,,,,,,,,0.0,0.2338,0.0057,0.96,0.063,0.3025
499,Montenegro,shee,7.1,49.18,6.8874,,,,,,,,,4.8149,0.2395,1.833,0.65,0.0907,6.9781
499,Montenegro,whea,6.9,8.14,1.176,0.2978,0.0298,0.0168,0.0,0.7941,0.0222,0.0032,0.0121,,,,,,
504,Morocco,barl,645.8,124.11,0.1922,0.0114,0.1048,0.0463,0.0,0.0,0.0025,0.0003,0.0269,,,,,,
504,Morocco,bcat,246.4,1593.37,6.4665,,,,,,,,,4.2307,0.1649,2.071,53.62,0.2176,6.6841
504,Morocco,dcat,1800.0,2929.25,1.6273,,,,,,,,,1.1034,0.0329,0.4911,58.26,0.0324,1.6597
504,Morocco,goat,65.3,1247.52,19.0948,,,,,,,,,11.0483,0.4237,7.6228,3.89,0.0596,19.1543
504,Morocco,grou,23.5,5.6,0.2385,0.0751,0.086,0.0278,0.0,0.0,0.0153,0.0003,0.0339,,,,,,
504,Morocco,maiz,68.7,15.98,0.2325,0.1202,0.0647,0.0131,0.0,0.0,0.0259,0.0,0.0086,,,,,,
504,Morocco,olvs,14.9,649.48,43.4966,,,,,,,,,27.8224,2.5538,13.1204,0.45,0.0301,43.5267
504,Morocco,pota,2144.9,26.79,0.0125,0.0049,0.0026,0.0016,0.0,0.0,0.001,0.0,0.0023,,,,,,
504,Morocco,poul,1102.4,982.26,0.891,,,,,,,,,0.0,0.1425,0.7485,159.72,0.1449,1.0359
504,Morocco,rice,5.8,5.05,0.8633,0.1849,0.1356,0.0462,0.2997,0.0,0.0462,0.0003,0.1505,,,,,,
504,Morocco,shee,160.7,4291.98,26.7038,,,,,,,,,16.8071,0.6534,9.2433,13.67,0.0851,26.7889
504,Morocco,sugc,357.3,7.05,0.0197,0.0068,0.0031,0.0047,0.0,0.0,0.0013,0.0,0.0038,,,,,,
504,Morocco,whea,2403.3,357.43,0.1487,0.0561,0.0504,0.0228,0.0,0.0,0.0122,0.0003,0.007,,,,,,
508,Mozambique,bcat,26.2,2758.38,105.3142,,,,,,,,,69.862,1.9136,33.5386,29.93,1.1426,106.4568
508,Mozambique,bean,618.8,312.56,0.5051,0.0173,0.0219,0.0352,0.0,0.4141,0.0039,0.0126,0.0,,,,,,
508,Mozambique,cass,8625.8,250.09,0.029,0.0012,0.0011,0.0048,0.0,0.0211,0.0003,0.0006,0.0,,,,,,
508,Mozambique,cott,58.2,24.04,0.4132,0.1993,0.0188,0.0618,0.0,0.0411,0.0577,0.0342,0.0002,,,,,,
508,Mozambique,dcat,10.3,32.51,3.1416,,,,,,,,,2.155,0.045,0.9416,0.66,0.0637,3.2052
508,Mozambique,goat,26.1,801.94,30.6907,,,,,,,,,18.0158,0.4853,12.1896,10.88,0.4165,31.1071
508,Mozambique,grou,255.6,215.24,0.8422,0.0858,0.0355,0.1073,0.0,0.5601,0.0225,0.0311,0.0,,,,,,
508,Mozambique,maiz,2378.1,1142.93,0.4806,0.1307,0.0144,0.0202,0.0,0.2793,0.0291,0.0067,0.0,,,,,,
508,Mozambique,pigs,159.4,264.23,1.6581,,,,,,,,,0.3299,1.3282,0.0,295.8,1.8562,3.5143
508,Mozambique,pota,490.5,16.58,0.0338,0.0216,0.0012,0.0021,0.0,0.0046,0.0044,0.0,0.0,,,,,,
508,Mozambique,poul,156.2,112.41,0.7195,,,,,,,,,0.0,0.0902,0.6293,214.43,1.3726,2.0921
508,Mozambique,rice,174.5,560.57,3.2118,0.2185,0.0218,0.0744,1.2088,1.5914,0.0593,0.0377,0.0,,,,,,
508,Mozambique,sorg,144.4,70.26,0.4865,0.0545,0.0377,0.0468,0.0,0.3032,0.0131,0.0311,0.0001,,,,,,
508,Mozambique,soyb,72.0,35.35,0.4912,0.0788,0.0112,0.0364,0.0,0.344,0.0147,0.0062,0.0001,,,,,,
508,Mozambique,sugc,1807.0,321.43,0.1779,0.0089,0.0004,0.009,0.0,0.1565,0.0024,0.0006,0.0,,,,,,
508,Mozambique,whea,4.5,6.44,1.4216,0.4187,0.0977,0.0609,0.0,0.7911,0.0325,0.0192,0.0015,,,,,,
512,Oman,bcat,15.6,370.97,23.747,,,,,,,,,15.0021,0.6103,8.1346,0.6,0.0384,23.7854
512,Oman,dcat,228.4,253.71,1.1109,,,,,,,,,0.6979,0.0498,0.3632,0.98,0.0043,1.1152
512,Oman,goat,132.8,575.1,4.3292,,,,,,,,,2.5129,0.1103,1.7059,1.34,0.0101,4.3393
512,Oman,maiz,2.4,2.44,1.0112,0.4991,0.2049,0.0468,0.0,0.0,0.2604,0.0,0.0,,,,,,
512,Oman,olvs,14.0,66.17,4.738,,,,,,,,,3.7574,0.2251,0.7555,0.11,0.0077,4.7457
512,Oman,pota,14.5,0.72,0.0497,0.0255,0.0079,0.0037,0.0,0.0,0.0125,0.0,0.0,,,,,,
512,Oman,poul,62.8,21.98,0.3502,,,,,,,,,0.0,0.0724,0.2778,1.02,0.0163,0.3665
512,Oman,shee,55.5,152.48,2.7495,,,,,,,,,1.739,0.0695,0.941,0.7,0.0127,2.7622
512,Oman,sorg,177.0,2.7,0.0152,0.0045,0.003,0.0053,0.0,0.0,0.0023,0.0001,0.0,,,,,,
512,Oman,whea,8.4,0.19,0.0232,0.0086,0.0067,0.0029,0.0,0.0,0.005,0.0,0.0,,,,,,
516,Namibia,bcat,30.4,3459.28,113.7659,,,,,,,,,75.4268,2.5675,35.7715,3.12,0.1025,113.8683
516,Namibia,cass,5.6,0.11,0.0204,0.0028,0.0007,0.0049,0.0,0.0106,0.0,0.0014,0.0,,,,,,
516,Namibia,dcat,105.7,536.84,5.0794,,,,,,,,,3.4858,0.0908,1.5029,1.48,0.014,5.0934
516,Namibia,goat,1.5,222.62,151.7175,,,,,,,,,89.144,2.9884,59.5851,0.11,0.0723,151.7898
516,Namibia,grou,1.2,0.82,0.6797,0.0131,0.0071,0.0268,0.0,0.5897,0.0065,0.0365,0.0,,,,,,
516,Namibia,maiz,26.8,17.71,0.6602,0.1766,0.1167,0.0186,0.0,0.2688,0.019,0.0158,0.0447,,,,,,
516,Namibia,pigs,3.4,16.57,4.9366,,,,,,,,,0.8223,4.1143,0.0,1.15,0.3429,5.2794
516,Namibia,pota,11.6,1.11,0.0958,0.0176,0.0131,0.002,0.0,0.0601,0.0,0.0003,0.0026,,,,,,
516,Namibia,poul,13.2,21.06,1.5933,,,,,,,,,0.0,0.2582,1.3351,1.56,0.1178,1.7111
516,Namibia,shee,8.0,299.23,37.5718,,,,,,,,,23.9808,0.8114,12.7796,0.29,0.0369,37.6088
516,Namibia,whea,13.9,0.76,0.0551,0.0006,0.014,0.0044,0.0,0.0232,0.0,0.0008,0.0121,,,,,,
524,Nepal,barl,24.7,9.9,0.4011,0.1871,0.075,0.0341,0.0,0.0589,0.028,0.0181,0.0,,,,,,
524,Nepal,bcat,1.3,43.56,34.298,,,,,,,,,27.5434,2.8819,3.8727,0.0,0.0,34.298
524,Nepal,bean,20.9,12.39,0.5922,0.1684,0.2036,0.0275,0.0,0.1553,0.0241,0.0132,0.0002,,,,,,
524,Nepal,buff,1712.0,6473.98,3.7815,,,,,,,,,3.0955,0.2576,0.4284,164.16,0.0959,3.8774
524,Nepal,dcat,1487.1,1645.26,1.1063,,,,,,,,,0.8561,0.0768,0.1734,33.68,0.0226,1.129
524,Nepal,goat,244.6,2099.61,8.5836,,,,,,,,,4.6904,0.1617,3.7314,17.33,0.0709,8.6544
524,Nepal,maiz,2997.8,314.74,0.105,0.013,0.0253,0.0094,0.0,0.0507,0.0019,0.0048,0.0,,,,,,
524,Nepal,pigs,39.7,129.93,3.274,,,,,,,,,0.6935,2.5805,0.0,10.48,0.2642,3.5382
524,Nepal,pota,3675.4,195.74,0.0533,0.0335,0.006,0.0031,0.0,0.0054,0.0048,0.0005,0.0,,,,,,
524,Nepal,poul,270.4,165.15,0.6109,,,,,,,,,0.0,0.1515,0.4594,84.47,0.3124,0.9233
524,Nepal,rape,2.9,3.11,1.0793,0.5227,0.1451,0.0608,0.0,0.225,0.0746,0.0511,0.0,,,,,,
524,Nepal,rice,5691.7,2728.81,0.4794,0.0119,0.0209,0.0086,0.4067,0.0227,0.0035,0.0052,0.0,,,,,,
524,Nepal,shee,17.9,116.55,6.514,,,,,,,,,4.0547,0.2139,2.2454,2.16,0.1209,6.6349
524,Nepal,soyb,28.1,11.06,0.3942,0.1064,0.1156,0.0262,0.0,0.1006,0.0152,0.0302,0.0,,,,,,
524,Nepal,sugc,3346.0,89.87,0.0269,0.0161,0.0019,0.0049,0.0,0.001,0.0024,0.0006,0.0,,,,,,
524,Nepal,whea,1906.8,227.06,0.1191,0.0524,0.0198,0.0154,0.0,0.0148,0.0075,0.0091,0.0,,,,,,
528,Netherlands (Kingdom of the),barl,209.9,321.81,1.5331,0.0814,0.1185,0.0173,0.0,1.3064,0.0034,0.0002,0.0059,,,,,,
528,Netherlands (Kingdom of the),bcat,404.1,3948.94,9.7727,,,,,,,,,7.6593,1.2699,0.8435,104.07,0.2575,10.0303
528,Netherlands (Kingdom of the),dcat,13197.8,6038.67,0.4576,,,,,,,,,0.3462,0.0872,0.0241,407.34,0.0309,0.4884
528,Netherlands (Kingdom of the),goat,429.4,125.0,0.2911,,,,,,,,,0.1598,0.0056,0.1257,26.26,0.0612,0.3523
528,Netherlands (Kingdom of the),maiz,142.7,125.8,0.8817,0.0661,0.2072,0.011,0.0,0.589,0.0028,0.0005,0.0053,,,,,,
528,Netherlands (Kingdom of the),pigs,1364.8,2497.49,1.83,,,,,,,,,0.3318,1.4982,0.0,452.77,0.3318,2.1617
528,Netherlands (Kingdom of the),pota,5401.2,1469.87,0.2721,0.0243,0.0187,0.0032,0.0,0.2242,0.001,0.0,0.0008,,,,,,
528,Netherlands (Kingdom of the),poul,811.9,365.55,0.4502,,,,,,,,,0.0,0.4373,0.013,191.52,0.2359,0.6861
528,Netherlands (Kingdom of the),rape,4.8,21.95,4.5446,0.688,0.5051,0.0255,0.0,3.2801,0.0291,0.0004,0.0164,,,,,,
528,Netherlands (Kingdom of the),shee,13.0,193.3,14.8396,,,,,,,,,10.4665,0.4711,3.902,1.28,0.098,14.9376
528,Netherlands (Kingdom of the),whea,599.8,1252.75,2.0884,0.246,0.1688,0.0188,0.0,1.6387,0.01,0.0005,0.0057,,,,,,
540,New Caledonia,bcat,2.5,150.94,61.5332,,,,,,,,,43.3547,2.9363,15.2422,0.08,0.0341,61.5673
540,New Caledonia,maiz,5.3,0.56,0.107,0.0262,0.002,0.0083,0.0,0.0,0.0025,0.068,0.0,,,,,,
540,New Caledonia,pigs,1.7,9.32,5.503,,,,,,,,,0.3319,5.1711,0.0,0.09,0.0548,5.5577
540,New Caledonia,pota,1.5,0.09,0.0589,0.0245,0.0012,0.0053,0.0,0.0,0.0024,0.0255,0.0,,,,,,
540,New Caledonia,poul,2.8,0.68,0.2424,,,,,,,,,0.0,0.2215,0.0209,0.08,0.0292,0.2717
548,Vanuatu,bcat,1.2,105.28,90.7506,,,,,,,,,64.1633,4.0928,22.4945,0.18,0.1512,90.9018
548,Vanuatu,coco,1.2,0.02,0.0201,0.0,0.0201,0.0,0.0,0.0,0.0,0.0,0.0,,,,,,
548,Vanuatu,dcat,1.8,22.47,12.7334,,,,,,,,,8.0028,2.6441,2.0866,0.03,0.0154,12.7488
548,Vanuatu,grou,1.5,0.19,0.1221,0.0,0.0219,0.0745,0.0,0.0,0.0,0.0,0.0257,,,,,,
548,Vanuatu,pigs,1.6,19.51,12.5772,,,,,,,,,0.801,11.7762,0.0,0.35,0.2236,12.8008
554,New Zealand,barl,351.5,190.92,0.5431,0.1527,0.0512,0.0169,0.0,0.2896,0.0315,0.0012,0.0,,,,,,
554,New Zealand,bcat,711.9,10800.11,15.1706,,,,,,,,,10.8272,0.5442,3.7993,44.86,0.063,15.2336
554,New Zealand,dcat,20661.8,16343.39,0.791,,,,,,,,,0.5159,0.1407,0.1344,157.54,0.0076,0.7986
554,New Zealand,maiz,243.3,43.78,0.1799,0.0898,0.0056,0.0071,0.0,0.0536,0.0232,0.0006,0.0,,,,,,
554,New Zealand,pigs,39.7,84.4,2.1265,,,,,,,,,0.2166,1.9099,0.0,3.18,0.0801,2.2066
554,New Zealand,pota,523.0,33.03,0.0632,0.0075,0.0025,0.003,0.0,0.0488,0.0011,0.0001,0.0001,,,,,,
554,New Zealand,poul,286.1,35.59,0.1244,,,,,,,,,0.0,0.1144,0.0099,14.29,0.0499,0.1743
554,New Zealand,rape,2.2,1.36,0.627,0.4211,0.0756,0.019,0.0,0.0,0.1063,0.0049,0.0,,,,,,
554,New Zealand,shee,438.1,8225.11,18.7763,,,,,,,,,11.8202,0.284,6.6722,9.46,0.0216,18.7979
554,New Zealand,whea,464.0,14.02,0.0302,0.0044,0.0017,0.0123,0.0,0.0105,0.0006,0.0007,0.0,,,,,,
558,Nicaragua,coff,160.3,101.24,0.6315,0.199,0.0074,0.0,0.0,0.3911,0.0341,0.0,0.0,,,,,,
562,Niger,bcat,69.0,18009.25,261.1727,,,,,,,,,172.5305,6.3453,82.2968,10.23,0.1483,261.321
562,Niger,bean,17.4,1.94,0.1119,0.0002,0.0799,0.0267,0.0,0.0,0.0,0.0051,0.0,,,,,,
562,Niger,cass,1120.5,4.53,0.004,0.0003,0.0014,0.002,0.0,0.0,0.0002,0.0001,0.0,,,,,,
562,Niger,cott,6.5,0.79,0.12,0.0183,0.0605,0.025,0.0,0.0,0.0077,0.0084,0.0,,,,,,
562,Niger,dcat,956.3,4565.61,4.7741,,,,,,,,,3.2657,0.092,1.4164,15.49,0.0162,4.7903
562,Niger,goat,467.9,4683.06,10.0084,,,,,,,,,5.8239,0.2689,3.9156,18.89,0.0404,10.0487
562,Niger,grou,674.5,63.92,0.0948,0.0017,0.0437,0.0435,0.0,0.0,0.0002,0.0056,0.0,,,,,,
562,Niger,maiz,324.4,3.66,0.0113,0.0017,0.0059,0.0021,0.0,0.0,0.0007,0.0009,0.0,,,,,,
562,Niger,oilp,2.9,0.14,0.0502,0.0,0.0502,0.0,0.0,0.0,0.0,0.0,0.0,,,,,,
562,Niger,olvs,120.0,3851.14,32.0996,,,,,,,,,24.2918,1.7299,6.0779,3.36,0.028,32.1276
562,Niger,pota,312.6,1.74,0.0056,0.0001,0.0038,0.0017,0.0,0.0,0.0,0.0,0.0,,,,,,
562,Niger,poul,34.1,87.17,2.5576,,,,,,,,,0.0,0.4412,2.1163,3.95,0.1159,2.6735
562,Niger,rice,192.5,75.12,0.3901,0.0019,0.0122,0.0047,0.3699,0.0,0.0008,0.0006,0.0,,,,,,
562,Niger,shee,197.5,3136.38,15.8795,,,,,,,,,10.0341,0.4682,5.3772,10.13,0.0513,15.9307
562,Niger,sorg,1912.4,160.01,0.0837,0.0016,0.0527,0.0273,0.0,0.0,0.0002,0.0018,0.0,,,,,,
562,Niger,soyb,5.8,0.56,0.0966,0.0208,0.0451,0.0177,0.0,0.0,0.0107,0.0023,0.0,,,,,,
562,Niger,sugc,464.3,2.6,0.0056,0.0002,0.003,0.0024,0.0,0.0,0.0,0.0,0.0,,,,,,
562,Niger,whea,6.4,0.26,0.0404,0.0053,0.0267,0.0053,0.0,0.0,0.0024,0.0007,0.0,,,,,,
566,Nigeria,bcat,314.5,24332.17,77.3634,,,,,,,,,51.0502,1.9021,24.4111,256.67,0.8161,78.1795
566,Nigeria,bean,2.7,0.75,0.2778,0.0147,0.0996,0.0223,0.0,0.1045,0.0032,0.0328,0.0007,,,,,,
566,Nigeria,cass,61478.2,1358.3,0.0221,0.0032,0.0027,0.007,0.0,0.0071,0.0005,0.0017,0.0,,,,,,
566,Nigeria,coco,353.0,45.83,0.1298,0.0342,0.0726,0.0,0.0,0.0183,0.0047,0.0,0.0,,,,,,
566,Nigeria,cott,234.1,43.35,0.1852,0.0349,0.0886,0.029,0.0,0.0043,0.0087,0.0196,0.0,,,,,,
566,Nigeria,dcat,541.1,4198.3,7.7588,,,,,,,,,5.3022,0.1513,2.3052,47.83,0.0884,7.8471
566,Nigeria,goat,300.8,20194.12,67.1456,,,,,,,,,39.0214,1.8246,26.2996,59.68,0.1984,67.344
566,Nigeria,grou,4300.8,388.27,0.0903,0.0063,0.0253,0.0383,0.0,0.0021,0.0013,0.0169,0.0,,,,,,
566,Nigeria,maiz,11003.2,688.38,0.0626,0.0095,0.0134,0.0138,0.0,0.015,0.0018,0.0091,0.0,,,,,,
566,Nigeria,oilp,11277.9,920.36,0.0816,0.0,0.0065,0.0,0.0,0.0751,0.0,0.0,0.0,,,,,,
566,Nigeria,olvs,2.9,125.12,43.1462,,,,,,,,,31.6106,2.512,9.0236,0.0,0.0,43.1462
566,Nigeria,pigs,384.0,1621.52,4.2231,,,,,,,,,0.6517,3.5715,0.0,300.25,0.782,5.0051
566,Nigeria,pota,1225.7,48.02,0.0392,0.0029,0.0184,0.0092,0.0,0.0043,0.0004,0.004,0.0,,,,,,
566,Nigeria,poul,987.8,1062.99,1.0761,,,,,,,,,0.0,0.1708,0.9053,604.49,0.6119,1.688
566,Nigeria,rcof,1.2,0.25,0.2156,0.1168,0.0663,0.0,0.0,0.0,0.0325,0.0,0.0,,,,,,
566,Nigeria,rice,9041.8,5534.82,0.6121,0.0048,0.0133,0.013,0.554,0.0146,0.0014,0.011,0.0,,,,,,
566,Nigeria,rubb,64.3,48.7,0.7579,0.0287,0.0618,0.0,0.0,0.6635,0.0038,0.0,0.0,,,,,,
566,Nigeria,shee,165.7,10574.65,63.8296,,,,,,,,,40.2846,1.9035,21.6415,40.58,0.2449,64.0745
566,Nigeria,sorg,6492.5,455.73,0.0702,0.0072,0.0223,0.0193,0.0,0.0018,0.0017,0.0179,0.0,,,,,,
566,Nigeria,soyb,1134.7,112.74,0.0994,0.0191,0.0227,0.0259,0.0,0.0084,0.0035,0.0198,0.0,,,,,,
566,Nigeria,sugc,1555.8,37.32,0.024,0.0089,0.0079,0.0031,0.0,0.0004,0.003,0.0006,0.0,,,,,,
566,Nigeria,whea,43.6,14.65,0.3359,0.1032,0.1622,0.0316,0.0,0.0,0.0244,0.0146,0.0,,,,,,
578,Norway,barl,626.0,2943.16,4.7015,0.1827,0.0563,0.0189,0.0,4.4305,0.0,0.0,0.0131,,,,,,
578,Norway,bcat,80.2,1209.82,15.0831,,,,,,,,,11.7306,2.0726,1.2799,535.7,6.6787,21.7617
578,Norway,dcat,1383.7,831.91,0.6012,,,,,,,,,0.4495,0.1207,0.031,1133.55,0.8192,1.4205
578,Norway,goat,16.4,13.58,0.8306,,,,,,,,,0.4586,0.0156,0.3565,36.5,2.2323,3.0629
578,Norway,pigs,123.5,170.7,1.3819,,,,,,,,,0.2379,1.144,0.0,932.71,7.5507,8.9325
578,Norway,pota,340.6,222.16,0.6522,0.0438,0.0084,0.0034,0.0,0.5915,0.0,0.0,0.0051,,,,,,
578,Norway,poul,190.9,43.68,0.2288,,,,,,,,,0.0,0.2213,0.0075,904.92,4.7409,4.9697
578,Norway,rape,5.9,56.04,9.5118,0.2981,0.0503,0.0315,0.0,9.1135,0.0,0.0001,0.0183,,,,,,
578,Norway,shee,18.4,585.26,31.8751,,,,,,,,,22.4881,1.0797,8.3073,51.42,2.8004,34.6755
578,Norway,whea,219.4,1530.0,6.9746,0.4523,0.0799,0.0221,0.0,6.3939,0.0002,0.0,0.0262,,,,,,
586,Pakistan,barl,50.2,38.94,0.7753,0.288,0.3457,0.0303,0.0,0.0003,0.1102,0.0007,0.0,,,,,,
586,Pakistan,bcat,1352.1,32766.34,24.2345,,,,,,,,,20.5512,1.719,1.9643,271.51,0.2008,24.4354
586,Pakistan,bean,137.2,133.46,0.9724,0.4534,0.2941,0.044,0.0,0.0001,0.1794,0.0014,0.0,,,,,,
586,Pakistan,buff,40389.7,80309.54,1.9884,,,,,,,,,1.6355,0.1672,0.1857,2802.72,0.0694,2.0578
586,Pakistan,cott,3499.8,3006.17,0.859,0.5086,0.1041,0.0236,0.0,0.0002,0.2199,0.0026,0.0,,,,,,
586,Pakistan,dcat,24660.0,31544.22,1.2792,,,,,,,,,1.0173,0.0926,0.1693,574.49,0.0233,1.3025
586,Pakistan,goat,1644.5,19660.85,11.9556,,,,,,,,,7.0338,0.3298,4.592,90.21,0.0549,12.0104
586,Pakistan,grou,131.3,78.62,0.5987,0.1857,0.3064,0.0321,0.0,0.0,0.073,0.0014,0.0,,,,,,
586,Pakistan,maiz,8993.2,1928.42,0.2144,0.1316,0.0305,0.0075,0.0,0.0,0.0444,0.0005,0.0,,,,,,
586,Pakistan,olvs,951.9,4698.18,4.9356,,,,,,,,,3.4783,0.2666,1.1907,35.55,0.0373,4.973
586,Pakistan,pota,7928.0,282.84,0.0357,0.0216,0.0043,0.0016,0.0,0.0,0.0081,0.0,0.0,,,,,,
586,Pakistan,poul,3560.8,4341.56,1.2193,,,,,,,,,0.0,0.4427,0.7765,484.57,0.1361,1.3554
586,Pakistan,rape,437.8,271.3,0.6197,0.2921,0.2095,0.0197,0.0,0.0149,0.0809,0.0025,0.0,,,,,,
586,Pakistan,rice,14496.5,15160.9,1.0458,0.1205,0.0387,0.0082,0.8285,0.0003,0.0486,0.0011,0.0,,,,,,
586,Pakistan,shee,300.0,7012.1,23.3735,,,,,,,,,15.395,0.9793,6.9992,21.88,0.0729,23.4464
586,Pakistan,sorg,36.9,91.88,2.4902,1.1352,0.8838,0.0622,0.0,0.0002,0.4027,0.0061,0.0,,,,,,
586,Pakistan,sugc,83825.7,2228.0,0.0266,0.0147,0.0029,0.0032,0.0,0.0,0.0057,0.0001,0.0,,,,,,
586,Pakistan,whea,31523.1,10002.82,0.3173,0.1817,0.0542,0.0101,0.0,0.0002,0.0703,0.0007,0.0,,,,,,
591,Panama,bcat,68.0,2556.95,37.6293,,,,,,,,,29.0578,0.5782,7.9933,11.91,0.1753,37.8046
591,Panama,bean,4.6,4.54,0.987,0.1647,0.311,0.0489,0.0,0.3768,0.0297,0.0533,0.0026,,,,,,
591,Panama,cass,23.8,0.48,0.02,0.0026,0.0047,0.003,0.0,0.009,0.0002,0.0005,0.0,,,,,,
591,Panama,dcat,164.3,319.74,1.9457,,,,,,,,,1.6721,0.0461,0.2275,4.17,0.0254,1.971
591,Panama,maiz,86.5,50.42,0.583,0.2698,0.0742,0.0166,0.0,0.1601,0.0487,0.0122,0.0015,,,,,,
591,Panama,oilp,334.4,20.31,0.0608,0.0165,0.007,0.0,0.0,0.0349,0.0024,0.0,0.0,,,,,,
591,Panama,pigs,30.8,51.34,1.6691,,,,,,,,,0.3147,1.3544,0.0,5.19,0.1688,1.8379
591,Panama,pota,27.5,2.6,0.0945,0.0533,0.002,0.0031,0.0,0.0258,0.0095,0.0002,0.0005,,,,,,
591,Panama,poul,235.0,71.25,0.3032,,,,,,,,,0.0,0.1192,0.184,30.17,0.1284,0.4315
591,Panama,rice,358.7,152.01,0.4238,0.0877,0.0116,0.0114,0.2349,0.049,0.0236,0.0042,0.0012,,,,,,
591,Panama,sorg,1.8,1.02,0.5648,0.241,0.0817,0.0292,0.0,0.1477,0.0433,0.0209,0.0011,,,,,,
591,Panama,sugc,1760.9,52.98,0.0301,0.008,0.002,0.005,0.0,0.0121,0.0014,0.0009,0.0007,,,,,,
598,Papua New Guinea,bcat,1.4,136.55,95.0952,,,,,,,,,67.151,4.6074,23.3368,2.69,1.8716,96.9668
598,Papua New Guinea,cass,149.8,41.53,0.2773,0.0047,0.0207,0.0073,0.0,0.2404,0.0,0.0041,0.0,,,,,,
598,Papua New Guinea,coco,40.5,327.59,8.0975,0.263,0.0549,0.0,0.0,7.7692,0.0104,0.0,0.0,,,,,,
598,Papua New Guinea,coff,38.4,57.37,1.4948,0.2583,0.0182,0.0,0.0,1.2079,0.0103,0.0,0.0,,,,,,
598,Papua New Guinea,maiz,11.1,5.69,0.5148,0.0375,0.0566,0.001,0.0,0.4078,0.0,0.0119,0.0,,,,,,
598,Papua New Guinea,oilp,3465.4,257.38,0.0743,0.0138,0.0028,0.0,0.0,0.0571,0.0006,0.0,0.0,,,,,,
598,Papua New Guinea,pigs,75.3,905.35,12.0282,,,,,,,,,0.7167,11.3116,0.0,97.72,1.2983,13.3265
598,Papua New Guinea,pota,1.2,0.16,0.1317,0.0888,0.0017,0.0034,0.0,0.0378,0.0,0.0,0.0,,,,,,
598,Papua New Guinea,poul,11.5,7.17,0.6239,,,,,,,,,0.0,0.5707,0.0532,10.88,0.9473,1.5712
598,Papua New Guinea,rice,1.3,3.62,2.7481,0.0902,0.0016,0.0139,0.0866,2.5333,0.0225,0.0,0.0,,,,,,
598,Papua New Guinea,rubb,2.8,18.24,6.5377,0.1267,0.4499,0.0,0.0,5.9606,0.0005,0.0,0.0,,,,,,
598,Papua New Guinea,sorg,4.4,2.6,0.5878,0.0181,0.0515,0.0101,0.0,0.4746,0.0,0.0334,0.0,,,,,,
598,Papua New Guinea,sugc,298.3,28.01,0.0939,0.0197,0.0018,0.0047,0.0,0.0648,0.0007,0.0023,0.0,,,,,,
600,Paraguay,bcat,424.4,25785.89,60.7649,,,,,,,,,47.0336,0.8811,12.8502,712.39,1.6788,62.4437
600,Paraguay,bean,20.4,69.21,3.3944,1.3732,0.2681,0.0799,0.0,1.613,0.0499,0.0103,0.0,,,,,,
600,Paraguay,cass,3053.2,133.68,0.0438,0.0203,0.0021,0.005,0.0,0.0153,0.0009,0.0001,0.0,,,,,,
600,Paraguay,cott,25.3,4.81,0.1902,0.0727,0.0068,0.0275,0.0,0.0799,0.0014,0.0018,0.0,,,,,,
600,Paraguay,dcat,585.7,483.0,0.8246,,,,,,,,,0.7116,0.0168,0.0962,87.21,0.1489,0.9735
600,Paraguay,grou,13.8,13.79,0.9979,0.482,0.0479,0.0693,0.0,0.3767,0.0189,0.0031,0.0,,,,,,
600,Paraguay,maiz,4141.8,537.03,0.1297,0.0582,0.0055,0.0104,0.0,0.0516,0.0032,0.0006,0.0,,,,,,
600,Paraguay,oilp,137.3,65.88,0.4799,0.2581,0.0022,0.0,0.0,0.2123,0.0073,0.0,0.0,,,,,,
600,Paraguay,pigs,80.4,177.68,2.2104,,,,,,,,,0.4529,1.7575,0.0,100.0,1.244,3.4544
600,Paraguay,poul,204.9,80.46,0.3926,,,,,,,,,0.0,0.1424,0.2503,210.98,1.0296,1.4223
600,Paraguay,rape,80.7,20.16,0.2499,0.0774,0.0151,0.0177,0.0,0.1354,0.0025,0.0018,0.0,,,,,,
600,Paraguay,rice,1041.9,766.82,0.736,0.0215,0.0021,0.0087,0.6815,0.0195,0.0018,0.001,0.0,,,,,,
600,Paraguay,sorg,44.2,43.61,0.9871,0.7204,0.0131,0.0293,0.0,0.1903,0.0313,0.0026,0.0,,,,,,
600,Paraguay,soyb,11162.3,963.85,0.0863,0.0044,0.0062,0.0125,0.0,0.062,0.0002,0.0009,0.0,,,,,,
600,Paraguay,sugc,6907.6,78.04,0.0113,0.0062,0.0002,0.0038,0.0,0.0008,0.0002,0.0001,0.0,,,,,,
600,Paraguay,whea,762.9,183.3,0.2403,0.0772,0.0134,0.0212,0.0,0.1233,0.0034,0.0018,0.0,,,,,,
604,Peru,barl,243.7,57.12,0.2344,0.0617,0.0808,0.0204,0.0,0.0558,0.0146,0.001,0.0,,,,,,
604,Peru,bcat,200.9,9378.05,46.671,,,,,,,,,36.1017,0.6799,9.8894,40.91,0.2036,46.8746
604,Peru,bean,90.2,89.15,0.9879,0.0273,0.047,0.0211,0.0,0.8784,0.0051,0.009,0.0,,,,,,
604,Peru,cass,1404.3,670.33,0.4773,0.0197,0.0064,0.0064,0.0,0.4404,0.0022,0.0023,0.0,,,,,,
604,Peru,coco,154.1,385.12,2.4999,0.8266,0.0623,0.0,0.0,1.5287,0.0822,0.0,0.0,,,,,,
604,Peru,coff,346.2,211.4,0.6106,0.1712,0.0952,0.0,0.0,0.3201,0.0241,0.0,0.0,,,,,,
604,Peru,cott,22.0,3.11,0.1413,0.0593,0.0283,0.0326,0.0,0.0,0.018,0.0031,0.0,,,,,,
604,Peru,dcat,2211.5,2087.87,0.9441,,,,,,,,,0.8144,0.0193,0.1103,55.47,0.0251,0.9692
604,Peru,goat,23.5,399.11,16.9712,,,,,,,,,9.9133,0.3686,6.6893,1.51,0.0644,17.0356
604,Peru,grou,4.0,25.47,6.3779,0.1836,0.0252,0.0377,0.0,6.0695,0.0192,0.0427,0.0,,,,,,
604,Peru,maiz,1621.4,390.39,0.2408,0.0652,0.0206,0.0089,0.0,0.1306,0.013,0.0024,0.0,,,,,,
604,Peru,oilp,1467.0,587.0,0.4001,0.0284,0.0019,0.0,0.0,0.3671,0.0027,0.0,0.0,,,,,,
604,Peru,pigs,203.0,431.0,2.1231,,,,,,,,,0.4332,1.6899,0.0,42.8,0.2108,2.334
604,Peru,pota,6215.7,244.5,0.0393,0.0207,0.005,0.003,0.0,0.0053,0.0053,0.0001,0.0,,,,,,
604,Peru,poul,2250.6,456.73,0.2029,,,,,,,,,0.0,0.077,0.1259,395.15,0.1756,0.3785
604,Peru,rice,3487.5,2282.52,0.6545,0.0255,0.005,0.0072,0.3782,0.2299,0.0056,0.0031,0.0,,,,,,
604,Peru,shee,32.5,2335.51,71.8528,,,,,,,,,45.6499,1.3997,24.8032,2.4,0.0738,71.9266
604,Peru,soyb,1.8,0.35,0.1914,0.0371,0.0047,0.0121,0.0,0.1277,0.0085,0.0014,0.0,,,,,,
604,Peru,sugc,11590.0,57.2,0.0049,0.0012,0.0006,0.0027,0.0,0.0,0.0004,0.0001,0.0,,,,,,
604,Peru,whea,202.8,46.0,0.2268,0.0666,0.109,0.0156,0.0,0.0184,0.0162,0.001,0.0,,,,,,
608,Philippines,bcat,99.4,3527.63,35.5031,,,,,,,,,27.0277,3.8313,4.6441,33.68,0.3389,35.8421
608,Philippines,bean,27.6,15.96,0.579,0.0377,0.3525,0.0319,0.0,0.1111,0.003,0.0072,0.0357,,,,,,
608,Philippines,buff,57.9,4881.12,84.3707,,,,,,,,,64.5852,8.8405,10.9449,5.9,0.102,84.4727
608,Philippines,cass,1931.3,40.76,0.0211,0.0085,0.003,0.0064,0.0,0.0012,0.0008,0.0002,0.0009,,,,,,
608,Philippines,coco,9.4,12.41,1.3132,0.9801,0.0984,0.0,0.0,0.1407,0.094,0.0,0.0,,,,,,
608,Philippines,coff,13.4,5.04,0.3763,0.2032,0.1022,0.0,0.0,0.0518,0.0191,0.0,0.0,,,,,,
608,Philippines,dcat,28.5,26.94,0.9462,,,,,,,,,0.6381,0.2548,0.0534,0.94,0.0331,0.9794
608,Philippines,goat,25.9,722.25,27.8951,,,,,,,,,16.2484,0.7606,10.8861,2.47,0.0955,27.9906
608,Philippines,grou,24.1,8.7,0.3603,0.0504,0.1704,0.045,0.0,0.0732,0.0045,0.004,0.0128,,,,,,
608,Philippines,maiz,7499.1,1558.97,0.2079,0.1588,0.0127,0.0115,0.0,0.0073,0.0153,0.0012,0.0012,,,,,,
608,Philippines,oilp,506.8,56.92,0.1123,0.0804,0.0043,0.0,0.0,0.0199,0.0077,0.0,0.0,,,,,,
608,Philippines,pigs,1252.8,2119.5,1.6918,,,,,,,,,0.24,1.4519,0.0,499.67,0.3988,2.0907
608,Philippines,pota,88.2,4.65,0.0527,0.0237,0.0135,0.0041,0.0,0.0043,0.0021,0.0002,0.0049,,,,,,
608,Philippines,poul,2199.4,569.07,0.2587,,,,,,,,,0.0,0.0751,0.1837,487.78,0.2218,0.4805
608,Philippines,rcof,42.6,20.8,0.4886,0.246,0.1461,0.0,0.0,0.0729,0.0235,0.0,0.0,,,,,,
608,Philippines,rice,17285.7,27681.37,1.6014,0.0599,0.0262,0.0086,1.4642,0.0231,0.0151,0.0017,0.0026,,,,,,
608,Philippines,rubb,345.6,27.04,0.0782,0.0373,0.0156,0.0,0.0,0.0218,0.0036,0.0,0.0,,,,,,
608,Philippines,sugc,14798.6,437.7,0.0296,0.0153,0.0027,0.0048,0.0,0.0041,0.0015,0.0002,0.0009,,,,,,
616,Poland,barl,2953.4,866.19,0.2933,0.0709,0.0212,0.0151,0.0,0.1565,0.0144,0.0001,0.0152,,,,,,
616,Poland,bcat,631.6,8018.3,12.6952,,,,,,,,,10.243,1.7762,0.6761,498.31,0.789,13.4842
616,Poland,bean,1.3,3.77,2.8342,0.0406,0.0735,0.0141,0.0,2.6617,0.0173,0.0,0.0271,,,,,,
616,Poland,dcat,15919.2,6904.49,0.4337,,,,,,,,,0.355,0.0613,0.0174,1540.2,0.0968,0.5305
616,Poland,goat,6.8,7.63,1.1252,,,,,,,,,0.6301,0.0254,0.4696,2.02,0.2982,1.4234
616,Poland,maiz,9144.0,1113.47,0.1218,0.0348,0.0103,0.0044,0.0,0.059,0.0075,0.0,0.0056,,,,,,
616,Poland,pigs,1905.0,1769.73,0.929,,,,,,,,,0.2492,0.6798,0.0,2003.89,1.0519,1.9809
616,Poland,pota,5869.9,287.81,0.049,0.0095,0.0045,0.003,0.0,0.0264,0.0019,0.0,0.0038,,,,,,
616,Poland,poul,2826.3,851.31,0.3012,,,,,,,,,0.0,0.2969,0.0043,1902.94,0.6733,0.9745
616,Poland,rape,3074.4,1167.69,0.3798,0.1317,0.022,0.0125,0.0,0.1764,0.0261,0.0001,0.0111,,,,,,
616,Poland,soyb,78.2,5.89,0.0753,0.0172,0.0065,0.0034,0.0,0.0417,0.0029,0.0,0.0035,,,,,,
616,Poland,whea,12054.1,2600.76,0.2158,0.0517,0.0172,0.0103,0.0,0.1144,0.0104,0.0001,0.0117,,,,,,
620,Portugal,barl,93.8,23.35,0.2489,0.1089,0.0228,0.0223,0.0,0.0449,0.029,0.0003,0.0206,,,,,,
620,Portugal,bcat,102.3,2697.19,26.3572,,,,,,,,,19.6347,4.6222,2.1003,34.24,0.3346,26.6918
620,Portugal,dcat,1916.4,937.8,0.4893,,,,,,,,,0.3423,0.1239,0.0232,81.45,0.0425,0.5318
620,Portugal,goat,29.5,79.93,2.7089,,,,,,,,,1.4938,0.0728,1.1423,3.02,0.1022,2.8111
620,Portugal,maiz,599.5,154.11,0.2571,0.1197,0.0184,0.0099,0.0,0.0636,0.0248,0.0004,0.0203,,,,,,
620,Portugal,pigs,373.4,618.24,1.6559,,,,,,,,,0.2206,1.4353,0.0,150.53,0.4032,2.0591
620,Portugal,pota,348.9,27.48,0.0788,0.0426,0.0064,0.0039,0.0,0.0107,0.0087,0.0001,0.0065,,,,,,
620,Portugal,poul,538.9,110.46,0.205,,,,,,,,,0.0,0.1965,0.0084,140.19,0.2601,0.4651
620,Portugal,rape,2.0,0.25,0.1285,0.0851,0.0045,0.0145,0.0,0.0,0.0158,0.0,0.0087,,,,,,
620,Portugal,rice,172.5,244.04,1.4143,0.094,0.0281,0.008,1.1032,0.1236,0.033,0.0004,0.0239,,,,,,
620,Portugal,shee,90.2,635.96,7.0522,,,,,,,,,4.973,0.2782,1.801,10.38,0.1151,7.1673
620,Portugal,whea,129.0,33.02,0.256,0.1106,0.0364,0.0142,0.0,0.0518,0.0273,0.0006,0.015,,,,,,
624,Guinea-Bissau,bcat,9.2,813.9,88.8286,,,,,,,,,58.6359,2.1747,28.018,15.37,1.6772,90.5058
624,Guinea-Bissau,cass,56.7,24.24,0.4276,0.0001,0.0092,0.0067,0.0,0.4109,0.0,0.0007,0.0,,,,,,
624,Guinea-Bissau,cott,6.7,21.65,3.2227,0.0072,0.1268,0.0327,0.0,3.0339,0.0008,0.0213,0.0,,,,,,
624,Guinea-Bissau,dcat,21.5,218.26,10.1458,,,,,,,,,6.9352,0.1973,3.0133,3.96,0.1842,10.33
624,Guinea-Bissau,goat,14.5,187.52,12.9397,,,,,,,,,7.5231,0.3495,5.0671,7.65,0.528,13.4677
624,Guinea-Bissau,grou,164.9,435.7,2.6419,0.0019,0.0556,0.0311,0.0,2.5442,0.0002,0.009,0.0,,,,,,
624,Guinea-Bissau,maiz,51.7,60.92,1.1779,0.005,0.0559,0.0129,0.0,1.096,0.0006,0.0075,0.0,,,,,,
624,Guinea-Bissau,oilp,80.4,40.41,0.5023,0.0001,0.0137,0.0,0.0,0.4886,0.0,0.0,0.0,,,,,,
624,Guinea-Bissau,pigs,14.0,82.9,5.9175,,,,,,,,,0.8781,5.0394,0.0,28.16,2.0099,7.9273
624,Guinea-Bissau,poul,5.1,9.49,1.8642,,,,,,,,,0.0,0.3285,1.5357,6.48,1.2723,3.1366
624,Guinea-Bissau,rice,304.2,950.54,3.1248,0.0033,0.0366,0.0167,1.3355,1.7238,0.0006,0.0084,0.0,,,,,,
624,Guinea-Bissau,shee,7.5,104.74,13.9479,,,,,,,,,8.8075,0.4128,4.7276,5.0,0.6655,14.6134
624,Guinea-Bissau,sorg,40.3,192.81,4.7791,0.0009,0.0239,0.0189,0.0,4.7171,0.0001,0.0182,0.0,,,,,,
624,Guinea-Bissau,sugc,6.4,1.2,0.1866,0.001,0.0073,0.003,0.0,0.1752,0.0,0.0001,0.0,,,,,,
626,Timor-Leste,bcat,2.1,396.52,188.5906,,,,,,,,,142.0902,23.5098,22.9906,0.34,0.1632,188.7538
626,Timor-Leste,bean,10.1,4.49,0.4421,0.0036,0.152,0.0193,0.0,0.2517,0.0004,0.0151,0.0,,,,,,
626,Timor-Leste,cass,25.4,4.37,0.172,0.0237,0.0581,0.0101,0.0,0.0743,0.0033,0.0024,0.0,,,,,,
626,Timor-Leste,coff,8.1,4.38,0.5413,0.0087,0.5312,0.0,0.0,0.0001,0.0012,0.0,0.0,,,,,,
626,Timor-Leste,dcat,2.5,11.01,4.493,,,,,,,,,2.954,1.3082,0.2308,0.0,0.0,4.493
626,Timor-Leste,goat,4.7,37.84,7.9983,,,,,,,,,4.7683,0.2227,3.0074,0.43,0.0907,8.0891
626,Timor-Leste,grou,3.3,1.11,0.3314,0.0106,0.2093,0.0399,0.0,0.0498,0.0013,0.0206,0.0,,,,,,
626,Timor-Leste,maiz,70.2,22.16,0.3154,0.0686,0.1054,0.0143,0.0,0.1082,0.0095,0.0094,0.0,,,,,,
626,Timor-Leste,pigs,10.5,74.23,7.039,,,,,,,,,0.906,6.133,0.0,2.87,0.272,7.311
626,Timor-Leste,pota,1.2,0.25,0.1994,0.0138,0.1066,0.0424,0.0,0.0219,0.0018,0.013,0.0,,,,,,
626,Timor-Leste,poul,2.5,3.76,1.4753,,,,,,,,,0.0,0.5389,0.9364,0.4,0.1558,1.6311
626,Timor-Leste,rice,80.7,203.46,2.5219,0.0238,0.0376,0.0096,2.3539,0.0821,0.0072,0.0076,0.0,,,,,,
630,Puerto Rico,bcat,3.9,301.79,78.351,,,,,,,,,61.1744,0.9857,16.1909,0.0,0.0,78.351
630,Puerto Rico,coff,2.0,2.81,1.4406,1.1887,0.1609,0.0,0.0,0.0,0.091,0.0,0.0,,,,,,
630,Puerto Rico,dcat,210.4,131.97,0.6272,,,,,,,,,0.5436,0.0125,0.0712,0.0,0.0,0.6272
630,Puerto Rico,pigs,6.9,5.01,0.7236,,,,,,,,,0.1593,0.5643,0.0,0.0,0.0,0.7236
630,Puerto Rico,poul,35.1,17.49,0.4978,,,,,,,,,0.0,0.1754,0.3224,0.0,0.0,0.4978
630,Puerto Rico,rice,3.5,0.02,0.0067,0.0027,0.0008,0.0003,0.0,0.0,0.0002,0.0026,0.0,,,,,,
634,Qatar,dcat,6.7,7.71,1.158,,,,,,,,,0.697,0.0595,0.4015,0.02,0.0029,1.1608
634,Qatar,goat,8.9,79.65,8.9164,,,,,,,,,4.9538,0.2545,3.7081,0.07,0.0075,8.9238
634,Qatar,maiz,1.5,0.24,0.1565,0.0495,0.0598,0.0159,0.0,0.0,0.0313,0.0,0.0,,,,,,
634,Qatar,olvs,16.7,147.94,8.8596,,,,,,,,,6.9335,0.469,1.4571,0.07,0.0044,8.8639
634,Qatar,poul,33.3,80.89,2.4291,,,,,,,,,0.0,0.5623,1.8669,0.77,0.0231,2.4523
634,Qatar,shee,14.4,161.1,11.1619,,,,,,,,,6.7913,0.3171,4.0534,0.17,0.0119,11.1737
642,Romania,barl,2236.5,386.54,0.1728,0.0239,0.0053,0.0116,0.0,0.1274,0.004,0.0007,0.0,,,,,,
642,Romania,bcat,76.4,1405.68,18.396,,,,,,,,,14.6709,2.7909,0.9342,185.9,2.4328,20.8289
642,Romania,buff,14.5,32.43,2.2363,,,,,,,,,1.8224,0.2566,0.1573,11.4,0.7864,3.0227
642,Romania,dcat,3745.7,3478.53,0.9287,,,,,,,,,0.751,0.1423,0.0354,912.15,0.2435,1.1722
642,Romania,goat,233.4,356.75,1.5283,,,,,,,,,0.8645,0.0434,0.6205,138.75,0.5944,2.1227
642,Romania,maiz,6009.7,1397.1,0.2325,0.0743,0.0136,0.0183,0.0,0.1121,0.0123,0.0016,0.0002,,,,,,
642,Romania,pigs,332.4,580.25,1.7458,,,,,,,,,0.4362,1.3096,0.0,934.76,2.8124,4.5582
642,Romania,pota,1055.6,82.39,0.0781,0.0195,0.0034,0.0054,0.0,0.0464,0.0031,0.0002,0.0001,,,,,,
642,Romania,poul,13.3,31.07,2.3343,,,,,,,,,0.0,2.3109,0.0233,0.0,0.0,2.3343
642,Romania,rape,1176.4,291.26,0.2476,0.0657,0.0091,0.0132,0.0,0.1476,0.0107,0.0013,0.0,,,,,,
642,Romania,rice,14.1,4.34,0.3073,0.1061,0.0154,0.0154,0.0442,0.1037,0.0214,0.001,0.0001,,,,,,
642,Romania,shee,480.0,2857.31,5.9531,,,,,,,,,4.3029,0.2936,1.3565,337.54,0.7033,6.6563
642,Romania,sorg,25.6,8.57,0.3341,0.0991,0.0122,0.021,0.0,0.1838,0.016,0.002,0.0,,,,,,
642,Romania,soyb,321.0,48.7,0.1517,0.061,0.0122,0.0211,0.0,0.0448,0.0096,0.0028,0.0002,,,,,,
642,Romania,whea,9384.5,1552.57,0.1654,0.0387,0.007,0.0111,0.0,0.1011,0.0064,0.001,0.0,,,,,,
643,Russian Federation,barl,16646.8,10086.66,0.6059,0.1034,0.0134,0.021,0.0,0.4506,0.0085,0.009,0.0,,,,,,
643,Russian Federation,bcat,1633.4,21314.21,13.0486,,,,,,,,,10.3464,2.0204,0.6819,3076.88,1.8837,14.9323
643,Russian Federation,bean,10.4,26.86,2.5735,0.0087,0.0227,0.0111,0.0,2.4956,0.0015,0.0326,0.0013,,,,,,
643,Russian Federation,dcat,32488.5,20894.73,0.6431,,,,,,,,,0.5173,0.1006,0.0252,7022.28,0.2161,0.8593
643,Russian Federation,goat,213.3,401.87,1.8839,,,,,,,,,1.054,0.0583,0.7717,137.1,0.6427,2.5267
643,Russian Federation,grou,1.3,3.34,2.6291,0.0577,0.0047,0.0175,0.0,2.4929,0.0078,0.0485,0.0,,,,,,
643,Russian Federation,maiz,14204.0,2521.34,0.1775,0.0399,0.0061,0.0077,0.0,0.1154,0.0037,0.0047,0.0,,,,,,
643,Russian Federation,olvs,3.8,80.94,21.1736,,,,,,,,,13.615,1.3332,6.2254,15.17,3.9684,25.142
643,Russian Federation,pigs,4771.0,3868.82,0.8109,,,,,,,,,0.1992,0.6117,0.0,9138.86,1.9155,2.7264
643,Russian Federation,pota,18438.4,2512.57,0.1363,0.0079,0.0025,0.0032,0.0,0.1212,0.0006,0.0009,0.0,,,,,,
643,Russian Federation,poul,7945.3,2276.75,0.2866,,,,,,,,,0.0,0.2834,0.0032,10690.23,1.3455,1.632
643,Russian Federation,rape,4655.5,3343.09,0.7181,0.0723,0.0105,0.0111,0.0,0.6022,0.0055,0.0164,0.0001,,,,,,
643,Russian Federation,rice,1424.2,1376.69,0.9666,0.0226,0.0035,0.0053,0.5212,0.3973,0.003,0.0137,0.0,,,,,,
643,Russian Federation,shee,148.4,4594.85,30.9625,,,,,,,,,22.198,1.5525,7.212,126.25,0.8508,31.8132
643,Russian Federation,sorg,89.5,40.46,0.452,0.0333,0.0096,0.0126,0.0,0.3813,0.0011,0.0141,0.0,,,,,,
643,Russian Federation,soyb,7030.3,4224.08,0.6008,0.0189,0.0098,0.0125,0.0,0.5385,0.0018,0.0195,0.0,,,,,,
643,Russian Federation,whea,82214.6,29732.43,0.3616,0.0201,0.0087,0.0115,0.0,0.3104,0.0018,0.0092,0.0,,,,,,
646,Rwanda,bcat,40.3,1341.97,33.3148,,,,,,,,,22.1322,0.6042,10.5784,13.28,0.3297,33.6445
646,Rwanda,bean,445.1,553.47,1.2435,0.0103,0.0567,0.0307,0.0,1.1438,0.0004,0.0015,0.0,,,,,,
646,Rwanda,cass,1219.3,161.47,0.1324,0.0011,0.0043,0.01,0.0,0.1169,0.0,0.0001,0.0,,,,,,
646,Rwanda,coff,18.1,8.72,0.4826,0.0113,0.0542,0.0,0.0,0.4169,0.0001,0.0,0.0,,,,,,
646,Rwanda,dcat,193.3,613.85,3.1752,,,,,,,,,2.1815,0.0456,0.948,7.33,0.0379,3.2131
646,Rwanda,goat,56.5,375.71,6.6466,,,,,,,,,3.9084,0.1052,2.6331,5.57,0.0986,6.7452
646,Rwanda,grou,10.2,59.69,5.8281,0.0713,0.0739,0.1123,0.0,5.5631,0.0033,0.0042,0.0,,,,,,
646,Rwanda,maiz,587.8,282.73,0.481,0.0387,0.0172,0.0118,0.0,0.4111,0.0015,0.0008,0.0,,,,,,
646,Rwanda,oilp,8.8,4.11,0.4672,0.0004,0.0025,0.0,0.0,0.4642,0.0,0.0,0.0,,,,,,
646,Rwanda,pigs,9.6,146.08,15.2942,,,,,,,,,3.0488,12.2454,0.0,3.19,0.3343,15.6285
646,Rwanda,pota,774.8,71.99,0.0929,0.0316,0.0073,0.0068,0.0,0.0459,0.0011,0.0002,0.0,,,,,,
646,Rwanda,poul,21.3,15.0,0.7042,,,,,,,,,0.0,0.0916,0.6126,6.22,0.2919,0.9962
646,Rwanda,rcof,2.3,11.75,5.1536,0.0011,0.1863,0.0,0.0,4.9662,0.0,0.0,0.0,,,,,,
646,Rwanda,rice,179.2,173.52,0.9681,0.0069,0.0039,0.0099,0.714,0.2323,0.0006,0.0003,0.0,,,,,,
646,Rwanda,shee,7.0,79.08,11.2445,,,,,,,,,7.1892,0.1956,3.8597,1.06,0.1512,11.3957
646,Rwanda,sorg,171.1,185.73,1.0854,0.016,0.0345,0.0248,0.0,1.0073,0.0006,0.0021,0.0,,,,,,
646,Rwanda,soyb,34.0,35.57,1.0472,0.0485,0.0478,0.0391,0.0,0.9094,0.0016,0.001,0.0,,,,,,
646,Rwanda,sugc,105.2,7.66,0.0728,0.0101,0.0022,0.0026,0.0,0.0575,0.0004,0.0,0.0,,,,,,
646,Rwanda,whea,14.9,9.53,0.6392,0.0788,0.0467,0.0216,0.0,0.489,0.0025,0.0006,0.0,,,,,,
678,Sao Tome and Principe,cass,1.4,0.04,0.0282,0.0009,0.0116,0.0056,0.0,0.0,0.0,0.0018,0.0084,,,,,,
678,Sao Tome and Principe,coco,4.0,0.7,0.1733,0.0162,0.1535,0.0,0.0,0.0,0.0037,0.0,0.0,,,,,,
678,Sao Tome and Principe,oilp,27.4,0.06,0.0022,0.0,0.0022,0.0,0.0,0.0,0.0,0.0,0.0,,,,,,
682,Saudi Arabia,barl,11.8,71.3,6.0595,3.4749,0.4555,0.4175,0.0,0.0,1.1948,0.002,0.5148,,,,,,
682,Saudi Arabia,bcat,39.7,665.47,16.749,,,,,,,,,10.842,0.4245,5.4825,2.53,0.0637,16.8127
682,Saudi Arabia,dcat,2892.7,491.03,0.1697,,,,,,,,,0.1107,0.0053,0.0538,19.15,0.0066,0.1764
682,Saudi Arabia,goat,158.6,1559.85,9.8381,,,,,,,,,5.9021,0.1989,3.7371,2.43,0.0153,9.8534
682,Saudi Arabia,maiz,60.2,12.92,0.2147,0.1243,0.0386,0.0049,0.0,0.0,0.0402,0.0002,0.0065,,,,,,
682,Saudi Arabia,olvs,197.8,2444.61,12.3607,,,,,,,,,10.1743,0.4315,1.7549,2.07,0.0105,12.3712
682,Saudi Arabia,pota,599.0,26.31,0.0439,0.026,0.0045,0.0017,0.0,0.0,0.0089,0.0,0.0027,,,,,,
682,Saudi Arabia,poul,1117.2,805.47,0.721,,,,,,,,,0.0,0.158,0.563,63.29,0.0567,0.7776
682,Saudi Arabia,shee,246.8,4139.11,16.7692,,,,,,,,,10.9277,0.3264,5.5152,5.53,0.0224,16.7916
682,Saudi Arabia,sorg,163.1,36.95,0.2266,0.1473,0.0107,0.0092,0.0,0.0,0.0456,0.0005,0.0131,,,,,,
682,Saudi Arabia,whea,817.0,54.52,0.0667,0.0317,0.0097,0.0055,0.0,0.0,0.0108,0.0003,0.0088,,,,,,
686,Senegal,bcat,74.7,3549.08,47.4949,,,,,,,,,31.213,1.2038,15.0781,38.27,0.5121,48.007
686,Senegal,cass,1420.9,19.01,0.0134,0.0009,0.0025,0.0029,0.0,0.0066,0.0003,0.0001,0.0,,,,,,
686,Senegal,cott,12.1,4.26,0.3524,0.0902,0.0526,0.0277,0.0,0.0933,0.0292,0.0588,0.0006,,,,,,
686,Senegal,dcat,216.7,1436.83,6.6301,,,,,,,,,4.5141,0.1332,1.9827,11.26,0.052,6.6821
686,Senegal,goat,34.9,1516.09,43.4397,,,,,,,,,25.1203,1.2156,17.1038,3.75,0.1074,43.5471
686,Senegal,grou,1591.0,469.51,0.2951,0.0031,0.0296,0.0171,0.0,0.2299,0.0011,0.014,0.0003,,,,,,
686,Senegal,maiz,695.3,196.32,0.2824,0.0217,0.0209,0.007,0.0,0.2154,0.0063,0.0108,0.0002,,,,,,
686,Senegal,oilp,122.5,45.83,0.3743,0.0003,0.0091,0.0,0.0,0.3649,0.0,0.0,0.0,,,,,,
686,Senegal,olvs,7.5,636.69,85.1966,,,,,,,,,52.9273,6.6033,25.666,0.55,0.0738,85.2704
686,Senegal,pigs,18.8,89.82,4.7869,,,,,,,,,0.6227,4.1642,0.0,9.19,0.49,5.2769
686,Senegal,pota,122.7,1.49,0.0121,0.004,0.0009,0.0018,0.0,0.0034,0.0015,0.0005,0.0,,,,,,
686,Senegal,poul,216.6,335.55,1.5494,,,,,,,,,0.0,0.2753,1.2741,63.47,0.2931,1.8425
686,Senegal,rice,1427.0,2677.19,1.876,0.026,0.0097,0.0068,1.4793,0.3369,0.0086,0.0085,0.0003,,,,,,
686,Senegal,shee,54.6,1644.19,30.0882,,,,,,,,,18.904,0.9248,10.2594,7.42,0.1358,30.224
686,Senegal,sorg,412.8,65.51,0.1587,0.0025,0.0329,0.0096,0.0,0.0888,0.0008,0.0239,0.0001,,,,,,
686,Senegal,sugc,1151.4,7.12,0.0062,0.0015,0.0002,0.004,0.0,0.0,0.0004,0.0001,0.0,,,,,,
688,Serbia,barl,529.5,36.02,0.068,0.0338,0.0115,0.0106,0.0,0.0,0.0053,0.0036,0.0032,,,,,,
688,Serbia,bcat,75.3,789.04,10.4787,,,,,,,,,8.1774,1.3583,0.943,33.39,0.4435,10.9222
688,Serbia,bean,7.1,1.59,0.223,0.1028,0.0612,0.022,0.0,0.0,0.0143,0.0156,0.0071,,,,,,
688,Serbia,dcat,1384.0,1527.11,1.1034,,,,,,,,,0.834,0.2084,0.061,89.61,0.0648,1.1682
688,Serbia,goat,21.5,44.7,2.0825,,,,,,,,,1.1183,0.0383,0.9259,5.01,0.2335,2.316
688,Serbia,maiz,5087.6,323.76,0.0636,0.0338,0.0097,0.008,0.0,0.0,0.0055,0.0039,0.0027,,,,,,
688,Serbia,pigs,297.2,548.35,1.8452,,,,,,,,,0.3409,1.5043,0.0,171.64,0.5776,2.4227
688,Serbia,pota,607.9,12.15,0.02,0.0115,0.0036,0.0024,0.0,0.0,0.0017,0.0005,0.0004,,,,,,
688,Serbia,poul,219.3,51.94,0.2368,,,,,,,,,0.0,0.2299,0.007,79.53,0.3627,0.5995
688,Serbia,rape,113.3,10.09,0.0891,0.0508,0.0111,0.0095,0.0,0.0,0.0085,0.0052,0.0041,,,,,,
688,Serbia,shee,42.9,460.24,10.723,,,,,,,,,7.4661,0.333,2.9239,6.5,0.1515,10.8745
688,Serbia,sorg,9.2,0.68,0.0741,0.0376,0.0143,0.0091,0.0,0.0,0.0052,0.0055,0.0023,,,,,,
688,Serbia,soyb,344.8,30.71,0.0891,0.0169,0.0246,0.0221,0.0,0.0,0.0029,0.0118,0.0107,,,,,,
688,Serbia,whea,2904.1,364.37,0.1255,0.0844,0.0108,0.0089,0.0,0.0,0.0133,0.0054,0.0027,,,,,,
694,Sierra Leone,bcat,10.9,672.78,61.8242,,,,,,,,,41.0712,1.4621,19.2909,63.57,5.8416,67.6659
694,Sierra Leone,cass,2788.2,347.65,0.1247,0.0008,0.0032,0.0054,0.0,0.1141,0.0001,0.0011,0.0,,,,,,
694,Sierra Leone,coco,89.3,16.3,0.1825,0.1143,0.026,0.0,0.0,0.0216,0.0207,0.0,0.0,,,,,,
694,Sierra Leone,dcat,147.0,207.83,1.4142,,,,,,,,,0.9724,0.0265,0.4153,105.28,0.7164,2.1307
694,Sierra Leone,goat,1.8,196.79,111.6876,,,,,,,,,65.4455,2.9091,43.333,3.3,1.8708,113.5584
694,Sierra Leone,grou,102.7,260.65,2.539,0.0308,0.0515,0.0457,0.0,2.3915,0.0056,0.0139,0.0,,,,,,
694,Sierra Leone,maiz,28.4,44.91,1.5833,0.0783,0.0545,0.0208,0.0,1.4016,0.0137,0.0145,0.0,,,,,,
694,Sierra Leone,oilp,396.0,224.05,0.5658,0.0009,0.0052,0.0,0.0,0.5595,0.0001,0.0,0.0,,,,,,
694,Sierra Leone,pigs,1.6,33.05,21.2458,,,,,,,,,3.4029,17.8429,0.0,10.72,6.8924,28.1382
694,Sierra Leone,poul,31.3,112.71,3.6056,,,,,,,,,0.0,0.595,3.0106,158.45,5.0691,8.6747
694,Sierra Leone,rcof,4.1,7.57,1.8414,0.0071,0.0337,0.0,0.0,1.8002,0.0004,0.0,0.0,,,,,,
694,Sierra Leone,rice,1374.3,2970.71,2.1616,0.0695,0.0285,0.0252,0.7831,1.2197,0.018,0.0176,0.0,,,,,,
694,Sierra Leone,shee,1.7,181.19,103.855,,,,,,,,,66.0394,2.9695,34.8461,3.93,2.255,106.11
694,Sierra Leone,sorg,57.5,198.57,3.4509,0.0356,0.0614,0.0358,0.0,3.2792,0.0066,0.0322,0.0,,,,,,
694,Sierra Leone,sugc,87.9,14.26,0.1623,0.0075,0.0002,0.0057,0.0,0.147,0.0013,0.0005,0.0,,,,,,
702,Singapore,oilp,82.2,2.27,0.0276,0.02,0.004,0.0,0.0,0.0,0.0036,0.0,0.0,,,,,,
702,Singapore,poul,55.4,6.53,0.1178,,,,,,,,,0.0,0.0381,0.0797,0.0,0.0,0.1178
703,Slovakia,barl,591.2,91.03,0.154,0.0593,0.0101,0.0149,0.0,0.0581,0.0105,0.0001,0.0009,,,,,,
703,Slovakia,bcat,11.7,608.85,52.2039,,,,,,,,,42.1771,7.1883,2.8385,16.83,1.4432,53.6471
703,Slovakia,dcat,944.8,396.33,0.4195,,,,,,,,,0.3438,0.0585,0.0171,165.03,0.1747,0.5942
703,Slovakia,maiz,1083.9,156.52,0.1444,0.0519,0.0086,0.0102,0.0,0.0626,0.0105,0.0001,0.0004,,,,,,
703,Slovakia,pigs,44.8,77.59,1.7323,,,,,,,,,0.4699,1.2624,0.0,123.12,2.7488,4.4812
703,Slovakia,pota,216.0,9.18,0.0425,0.0198,0.0018,0.0027,0.0,0.0149,0.0031,0.0,0.0002,,,,,,
703,Slovakia,poul,7.7,8.76,1.143,,,,,,,,,0.0,1.1279,0.0151,0.0,0.0,1.143
703,Slovakia,rape,392.1,122.6,0.3127,0.1454,0.0172,0.0156,0.0,0.1074,0.0261,0.0002,0.0008,,,,,,
703,Slovakia,shee,12.0,85.24,7.1179,,,,,,,,,5.108,0.3115,1.6985,6.07,0.5067,7.6246
703,Slovakia,sorg,40.1,2.26,0.0562,0.0133,0.0023,0.0026,0.0,0.0354,0.0026,0.0,0.0,,,,,,
703,Slovakia,soyb,153.0,25.6,0.1673,0.0473,0.014,0.0137,0.0,0.0818,0.0097,0.0003,0.0005,,,,,,
703,Slovakia,whea,1925.2,318.82,0.1656,0.072,0.0097,0.0118,0.0,0.0597,0.0115,0.0002,0.0008,,,,,,
704,Viet Nam,bcat,259.0,9693.2,37.4245,,,,,,,,,27.7216,4.966,4.7369,71.17,0.2748,37.6993
704,Viet Nam,bean,134.8,29.53,0.219,0.0362,0.1401,0.0237,0.0,0.0078,0.0042,0.0069,0.0,,,,,,
704,Viet Nam,buff,96.4,4615.46,47.857,,,,,,,,,35.6846,6.1586,6.0138,9.12,0.0946,47.9516
704,Viet Nam,cass,9448.1,331.89,0.0351,0.0184,0.0079,0.0055,0.0,0.0006,0.0022,0.0004,0.0,,,,,,
704,Viet Nam,coff,47.6,39.68,0.8339,0.6758,0.0558,0.0,0.0,0.0225,0.0799,0.0,0.0,,,,,,
704,Viet Nam,dcat,1221.7,903.92,0.7399,,,,,,,,,0.4801,0.2201,0.0396,36.95,0.0302,0.7701
704,Viet Nam,goat,23.4,584.92,24.9527,,,,,,,,,14.5352,0.7328,9.6847,1.67,0.0711,25.0237
704,Viet Nam,grou,379.1,96.68,0.255,0.1253,0.0601,0.0292,0.0,0.0203,0.0148,0.0053,0.0,,,,,,
704,Viet Nam,maiz,4214.4,1827.85,0.4337,0.3389,0.0415,0.0101,0.0,0.0009,0.0405,0.0017,0.0,,,,,,
704,Viet Nam,oilp,34.0,3.59,0.1058,0.0614,0.0084,0.0,0.0,0.0304,0.0056,0.0,0.0,,,,,,
704,Viet Nam,pigs,3619.7,4579.91,1.2653,,,,,,,,,0.1576,1.1077,0.0,973.02,0.2688,1.5341
704,Viet Nam,pota,334.7,19.33,0.0577,0.0386,0.0114,0.0032,0.0,0.0,0.0045,0.0001,0.0,,,,,,
704,Viet Nam,poul,2052.4,1651.68,0.8048,,,,,,,,,0.0,0.2801,0.5246,420.28,0.2048,1.0095
704,Viet Nam,rcof,1627.0,954.72,0.5868,0.4806,0.0444,0.0,0.0,0.0043,0.0575,0.0,0.0,,,,,,
704,Viet Nam,rice,41940.9,57939.63,1.3815,0.0803,0.0178,0.0082,1.2421,0.006,0.0237,0.0035,0.0,,,,,,
704,Viet Nam,rubb,1268.6,336.92,0.2656,0.1581,0.0842,0.0,0.0,0.0043,0.019,0.0,0.0,,,,,,
704,Viet Nam,soyb,44.2,32.73,0.7405,0.4543,0.13,0.0398,0.0,0.0493,0.0535,0.0136,0.0001,,,,,,
704,Viet Nam,sugc,11472.3,530.58,0.0462,0.0344,0.0025,0.0043,0.0,0.0006,0.004,0.0004,0.0,,,,,,
705,Slovenia,barl,96.8,49.25,0.5087,0.1767,0.0535,0.0202,0.0,0.2065,0.0105,0.0033,0.0379,,,,,,
705,Slovenia,bcat,30.8,681.46,22.1046,,,,,,,,,17.2228,2.9858,1.8961,19.71,0.6394,22.744
705,Slovenia,dcat,588.5,378.78,0.6437,,,,,,,,,0.4829,0.1271,0.0336,39.74,0.0675,0.7112
705,Slovenia,goat,2.1,5.78,2.7441,,,,,,,,,1.5096,0.0496,1.1849,0.35,0.1654,2.9095
705,Slovenia,maiz,409.0,113.88,0.2784,0.142,0.0321,0.0096,0.0,0.0668,0.0081,0.002,0.0178,,,,,,
705,Slovenia,pigs,32.5,63.9,1.9681,,,,,,,,,0.3448,1.6233,0.0,17.72,0.5458,2.5139
705,Slovenia,pota,72.4,10.61,0.1465,0.05,0.0098,0.0033,0.0,0.0741,0.0028,0.0,0.0064,,,,,,
705,Slovenia,poul,69.7,14.19,0.2036,,,,,,,,,0.0,0.1969,0.0067,31.51,0.4519,0.6555
705,Slovenia,rape,9.3,7.04,0.7564,0.3891,0.0798,0.0173,0.0,0.2102,0.0255,0.0035,0.0311,,,,,,
705,Slovenia,shee,2.3,32.27,13.8945,,,,,,,,,9.7856,0.464,3.6449,0.34,0.1465,14.041
705,Slovenia,sorg,1.2,0.44,0.3595,0.204,0.0745,0.0152,0.0,0.0337,0.0099,0.0,0.0222,,,,,,
705,Slovenia,soyb,21.8,4.09,0.188,0.0589,0.0419,0.0082,0.0,0.0596,0.0035,0.0019,0.014,,,,,,
705,Slovenia,whea,160.4,89.38,0.5572,0.236,0.0485,0.014,0.0,0.216,0.0133,0.0035,0.026,,,,,,
706,Somalia,bcat,54.0,4421.52,81.9445,,,,,,,,,54.3413,2.0185,25.5848,0.02,0.0003,81.9449
706,Somalia,bean,26.9,6.47,0.2406,0.0026,0.1451,0.0443,0.0,0.0,0.0003,0.0155,0.0328,,,,,,
706,Somalia,cass,96.2,1.89,0.0196,0.0,0.0132,0.0031,0.0,0.0,0.0,0.0002,0.0032,,,,,,
706,Somalia,cott,7.0,1.81,0.2596,0.0173,0.2009,0.0188,0.0,0.0,0.0045,0.0026,0.0155,,,,,,
706,Somalia,dcat,457.4,2079.99,4.5472,,,,,,,,,3.122,0.0888,1.3365,0.02,0.0,4.5473
706,Somalia,goat,407.7,2674.87,6.5615,,,,,,,,,3.8375,0.1774,2.5466,0.04,0.0001,6.5616
706,Somalia,grou,7.9,1.3,0.1638,0.0004,0.1245,0.0203,0.0,0.0,0.0,0.0046,0.014,,,,,,
706,Somalia,maiz,102.8,9.79,0.0952,0.0166,0.0417,0.0125,0.0,0.0,0.0034,0.0045,0.0164,,,,,,
706,Somalia,olvs,1019.7,11051.94,10.8383,,,,,,,,,8.7958,0.498,1.5445,0.06,0.0001,10.8384
706,Somalia,poul,4.1,9.27,2.2855,,,,,,,,,0.0,0.3977,1.8877,0.0,0.0004,2.2859
706,Somalia,rice,2.0,4.89,2.4873,0.0054,0.0059,0.0072,2.4509,0.0,0.0,0.0016,0.0163,,,,,,
706,Somalia,shee,333.9,2369.05,7.0955,,,,,,,,,4.5032,0.2105,2.3819,0.05,0.0001,7.0956
706,Somalia,sorg,71.0,19.16,0.27,0.0109,0.1739,0.045,0.0,0.0,0.0024,0.0048,0.033,,,,,,
706,Somalia,sugc,214.3,1.26,0.0059,0.0007,0.0011,0.002,0.0,0.0,0.0002,0.0001,0.0018,,,,,,
706,Somalia,whea,1.0,0.85,0.8258,0.0391,0.7154,0.026,0.0,0.0,0.0072,0.0,0.038,,,,,,
710,South Africa,barl,373.4,57.71,0.1546,0.0469,0.0043,0.0117,0.0,0.0491,0.0256,0.0164,0.0006,,,,,,
710,South Africa,bcat,1089.4,14070.11,12.9151,,,,,,,,,8.5428,0.3125,4.0598,284.69,0.2613,13.1764
710,South Africa,bean,49.7,10.47,0.2106,0.0416,0.0508,0.0153,0.0,0.05,0.0209,0.0241,0.008,,,,,,
710,South Africa,cass,5.4,0.46,0.0861,0.0002,0.0026,0.0035,0.0,0.0779,0.0002,0.0017,0.0,,,,,,
710,South Africa,cott,48.2,17.06,0.3543,0.1035,0.0167,0.0403,0.0,0.0911,0.0525,0.0482,0.0019,,,,,,
710,South Africa,dcat,3840.7,1807.37,0.4706,,,,,,,,,0.3223,0.009,0.1393,122.89,0.032,0.5026
710,South Africa,goat,8.2,777.32,94.6191,,,,,,,,,55.4693,1.9968,37.1529,0.85,0.1037,94.7228
710,South Africa,grou,51.9,4.75,0.0915,0.0121,0.0124,0.013,0.0,0.0361,0.0061,0.0068,0.005,,,,,,
710,South Africa,maiz,12776.8,1788.91,0.14,0.0716,0.0082,0.0058,0.0,0.0079,0.0379,0.0061,0.0026,,,,,,
710,South Africa,pigs,359.4,229.11,0.6375,,,,,,,,,0.0998,0.5376,0.0,90.91,0.253,0.8904
710,South Africa,pota,2617.4,108.0,0.0413,0.019,0.0044,0.0017,0.0,0.0033,0.0096,0.0007,0.0025,,,,,,
710,South Africa,poul,2345.6,707.19,0.3015,,,,,,,,,0.0,0.0504,0.251,544.19,0.232,0.5335
710,South Africa,rape,287.8,34.8,0.1209,0.021,0.0039,0.0051,0.0,0.0581,0.0116,0.021,0.0001,,,,,,
710,South Africa,rice,2.5,1.72,0.677,0.104,0.0103,0.0032,0.2404,0.2479,0.0602,0.011,0.0,,,,,,
710,South Africa,shee,165.4,4481.45,27.0978,,,,,,,,,17.2549,0.6304,9.2125,14.67,0.0887,27.1865
710,South Africa,sorg,97.9,16.37,0.1672,0.0699,0.0173,0.0117,0.0,0.0099,0.0369,0.0156,0.0059,,,,,,
710,South Africa,soyb,1825.9,158.37,0.0867,0.0126,0.0133,0.0058,0.0,0.0396,0.0063,0.0073,0.0018,,,,,,
710,South Africa,sugc,16350.2,477.23,0.0292,0.0086,0.001,0.0026,0.0,0.0121,0.0034,0.0011,0.0003,,,,,,
710,South Africa,whea,1915.3,206.08,0.1076,0.0343,0.0063,0.0078,0.0,0.0274,0.0184,0.0117,0.0017,,,,,,
716,Zimbabwe,barl,57.1,3.87,0.0678,0.0342,0.0041,0.0146,0.0,0.0,0.002,0.0033,0.0095,,,,,,
716,Zimbabwe,bcat,749.9,6023.06,8.0315,,,,,,,,,5.301,0.2023,2.5282,24.8,0.0331,8.0646
716,Zimbabwe,bean,14.8,3.44,0.2317,0.0689,0.0985,0.026,0.0,0.0,0.0051,0.0188,0.0143,,,,,,
716,Zimbabwe,cass,255.1,6.54,0.0256,0.0037,0.013,0.0044,0.0,0.0,0.0002,0.0007,0.0036,,,,,,
716,Zimbabwe,cott,210.2,13.54,0.0644,0.0079,0.0261,0.0121,0.0,0.0,0.0009,0.0075,0.01,,,,,,
716,Zimbabwe,dcat,442.7,1894.33,4.2794,,,,,,,,,2.9254,0.0855,1.2685,1.89,0.0043,4.2837
716,Zimbabwe,goat,25.8,1468.25,56.8511,,,,,,,,,33.251,1.2491,22.351,0.3,0.0117,56.8629
716,Zimbabwe,grou,36.9,22.63,0.6142,0.1217,0.2615,0.104,0.0,0.0,0.0163,0.0331,0.0775,,,,,,
716,Zimbabwe,maiz,637.5,156.06,0.2448,0.1024,0.0775,0.0188,0.0,0.0,0.0136,0.0177,0.0149,,,,,,
716,Zimbabwe,pigs,15.9,50.09,3.1581,,,,,,,,,0.4777,2.6805,0.0,0.45,0.0286,3.1867
716,Zimbabwe,pota,668.6,0.5,0.0007,0.0004,0.0001,0.0001,0.0,0.0,0.0,0.0,0.0001,,,,,,
716,Zimbabwe,poul,158.7,82.31,0.5186,,,,,,,,,0.0,0.0861,0.4325,4.6,0.029,0.5476
716,Zimbabwe,shee,1.6,31.02,19.4985,,,,,,,,,12.3874,0.4701,6.6409,0.03,0.0217,19.5202
716,Zimbabwe,sorg,83.2,31.26,0.3759,0.1546,0.1289,0.0274,0.0,0.0,0.0209,0.0235,0.0206,,,,,,
716,Zimbabwe,soyb,69.2,3.79,0.0548,0.0075,0.0267,0.0084,0.0,0.0,0.0002,0.0049,0.0071,,,,,,
716,Zimbabwe,sugc,6577.5,19.43,0.003,0.0,0.0001,0.0014,0.0,0.0,0.0,0.0002,0.0011,,,,,,
716,Zimbabwe,whea,536.4,12.25,0.0228,0.0115,0.0018,0.0036,0.0,0.0,0.0013,0.0016,0.0029,,,,,,
724,Spain,barl,7359.7,1412.01,0.1919,0.0751,0.0367,0.0187,0.0,0.0001,0.0105,0.0004,0.0503,,,,,,
724,Spain,bcat,700.9,10887.01,15.533,,,,,,,,,11.7717,2.5265,1.2348,191.23,0.2728,15.8058
724,Spain,cott,48.3,82.86,1.7166,1.0917,0.0769,0.1212,0.0,0.0,0.1537,0.0208,0.2522,,,,,,
724,Spain,dcat,7418.0,3295.95,0.4443,,,,,,,,,0.3189,0.1042,0.0213,250.39,0.0338,0.4781
724,Spain,goat,460.8,583.66,1.2667,,,,,,,,,0.7091,0.0269,0.5306,40.18,0.0872,1.3539
724,Spain,maiz,3459.1,424.47,0.1227,0.0462,0.0276,0.0088,0.0,0.0011,0.006,0.0002,0.0327,,,,,,
724,Spain,olvs,5.4,1.54,0.2831,,,,,,,,,0.1915,0.0168,0.0747,0.45,0.083,0.366
724,Spain,pigs,4905.3,8332.4,1.6986,,,,,,,,,0.2522,1.4464,0.0,1600.03,0.3262,2.0248
724,Spain,pota,1933.8,92.81,0.048,0.0222,0.0076,0.0027,0.0,0.0017,0.0022,0.0001,0.0115,,,,,,
724,Spain,poul,2565.0,574.25,0.2239,,,,,,,,,0.0,0.2163,0.0076,565.45,0.2204,0.4443
724,Spain,rape,220.7,44.84,0.2031,0.1025,0.0429,0.0125,0.0,0.0,0.0138,0.0005,0.0309,,,,,,
724,Spain,rice,585.5,756.87,1.2926,0.0798,0.0311,0.0087,1.113,0.0009,0.0126,0.0009,0.0456,,,,,,
724,Spain,shee,632.0,4356.53,6.8935,,,,,,,,,4.9113,0.2391,1.7431,63.15,0.0999,6.9934
724,Spain,sorg,25.1,3.66,0.146,0.0657,0.0324,0.0079,0.0,0.0002,0.0095,0.0003,0.0301,,,,,,
724,Spain,soyb,7.6,0.33,0.0426,0.0024,0.0192,0.004,0.0,0.0,0.0,0.0,0.017,,,,,,
724,Spain,whea,7045.2,1346.89,0.1912,0.0958,0.0379,0.0114,0.0,0.0047,0.012,0.0008,0.0285,,,,,,
728,South Sudan,bcat,133.5,7035.02,52.6851,,,,,,,,,34.8618,1.2809,16.5424,0.71,0.0053,52.6904
728,South Sudan,bean,3.7,0.39,0.1058,0.0,0.0165,0.0124,0.0,0.0533,0.0,0.0236,0.0,,,,,,
728,South Sudan,cass,1707.6,101.22,0.0593,0.0,0.0064,0.0036,0.0,0.046,0.0,0.0032,0.0,,,,,,
728,South Sudan,dcat,2872.1,15149.94,5.2748,,,,,,,,,3.614,0.1017,1.5592,1.52,0.0005,5.2754
728,South Sudan,goat,519.3,4110.18,7.9145,,,,,,,,,4.6154,0.2122,3.0869,0.81,0.0016,7.916
728,South Sudan,grou,195.2,328.5,1.6827,0.0006,0.2213,0.0372,0.0,1.2742,0.0001,0.1493,0.0,,,,,,
728,South Sudan,maiz,153.1,282.19,1.8433,0.0012,0.2581,0.0179,0.0,1.4626,0.0002,0.1032,0.0,,,,,,
728,South Sudan,olvs,3.4,110.06,32.0872,,,,,,,,,21.8126,2.0855,8.1891,0.0,0.0,32.0872
728,South Sudan,poul,50.0,140.55,2.8103,,,,,,,,,0.0,0.4715,2.3388,0.15,0.003,2.8133
728,South Sudan,rice,36.6,230.89,6.2998,0.0009,0.2448,0.0108,4.9341,1.0205,0.0003,0.0883,0.0,,,,,,
728,South Sudan,shee,152.2,3268.03,21.4651,,,,,,,,,13.5888,0.6322,7.2441,0.27,0.0018,21.4669
728,South Sudan,sorg,930.1,854.97,0.9193,0.0009,0.1053,0.0115,0.0,0.7194,0.0002,0.082,0.0,,,,,,
728,South Sudan,sugc,4.0,0.19,0.0468,0.0017,0.0022,0.0045,0.0,0.0379,0.0,0.0006,0.0,,,,,,
729,Sudan,barl,2.1,0.79,0.3756,0.0171,0.025,0.0164,0.0,0.3076,0.0016,0.0079,0.0,,,,,,
729,Sudan,bcat,362.7,28674.69,79.0649,,,,,,,,,52.2051,1.9363,24.9236,0.47,0.0013,79.0662
729,Sudan,bean,11.0,0.32,0.0288,0.0,0.0144,0.0134,0.0,0.0,0.0,0.001,0.0,,,,,,
729,Sudan,cass,44.6,1.47,0.033,0.0,0.0107,0.0056,0.0,0.0129,0.0,0.0039,0.0,,,,,,
729,Sudan,cott,361.3,48.53,0.1343,0.0691,0.0261,0.0214,0.0,0.0035,0.0107,0.0029,0.0006,,,,,,
729,Sudan,dcat,2943.4,14502.6,4.9272,,,,,,,,,3.3691,0.0957,1.4624,0.42,0.0001,4.9273
729,Sudan,goat,1244.2,7230.67,5.8113,,,,,,,,,3.3798,0.1573,2.2742,0.41,0.0003,5.8117
729,Sudan,grou,1682.6,313.07,0.1861,0.0036,0.0922,0.0562,0.0,0.0032,0.0008,0.0295,0.0007,,,,,,
729,Sudan,maiz,51.3,5.73,0.1118,0.0036,0.0354,0.0097,0.0,0.0487,0.0005,0.0139,0.0,,,,,,
729,Sudan,olvs,201.0,10647.11,52.971,,,,,,,,,39.3388,2.9918,10.6403,0.04,0.0002,52.9712
729,Sudan,pota,542.9,5.48,0.0101,0.0008,0.0057,0.0034,0.0,0.0,0.0002,0.0,0.0,,,,,,
729,Sudan,poul,133.3,197.45,1.4818,,,,,,,,,0.0,0.2577,1.2241,0.15,0.0011,1.4829
729,Sudan,rice,29.1,6.43,0.2208,0.0043,0.0261,0.0106,0.1666,0.0045,0.0014,0.0072,0.0001,,,,,,
729,Sudan,shee,671.0,8373.97,12.479,,,,,,,,,7.8811,0.3709,4.2271,0.27,0.0004,12.4794
729,Sudan,sorg,5489.9,521.79,0.095,0.0071,0.0453,0.0164,0.0,0.0054,0.0015,0.0186,0.0007,,,,,,
729,Sudan,sugc,4220.5,28.97,0.0069,0.0011,0.0007,0.0045,0.0,0.0,0.0002,0.0001,0.0003,,,,,,
729,Sudan,whea,489.9,67.91,0.1386,0.0768,0.0286,0.0193,0.0,0.0,0.0117,0.0017,0.0005,,,,,,
740,Suriname,cass,3.7,6.81,1.8518,0.0343,0.0129,0.0075,0.0,1.7864,0.0027,0.008,0.0,,,,,,
740,Suriname,dcat,2.4,2.19,0.9074,,,,,,,,,0.7735,0.0263,0.1075,0.59,0.2445,1.1518
740,Suriname,oilp,1.1,16.19,14.9919,0.5955,0.0986,0.0,0.0,14.2463,0.0515,0.0,0.0,,,,,,
740,Suriname,pigs,1.3,3.14,2.3322,,,,,,,,,0.3853,1.9469,0.0,4.04,3.0001,5.3323
740,Suriname,poul,13.2,15.24,1.154,,,,,,,,,0.0,0.4357,0.7183,20.75,1.5716,2.7256
740,Suriname,rice,199.2,1701.65,8.543,0.1372,0.0137,0.0089,1.3366,6.9389,0.0271,0.0805,0.0001,,,,,,
740,Suriname,sugc,79.9,45.48,0.5693,0.021,0.0008,0.0031,0.0,0.5347,0.0018,0.0079,0.0,,,,,,
748,Eswatini,bcat,19.1,497.28,26.0333,,,,,,,,,17.1894,0.6235,8.2203,2.34,0.1223,26.1556
748,Eswatini,cott,1.9,0.66,0.347,0.1317,0.1131,0.0244,0.0,0.0,0.0403,0.0187,0.0189,,,,,,
748,Eswatini,dcat,47.6,202.12,4.2474,,,,,,,,,2.9043,0.0805,1.2625,0.7,0.0147,4.2621
748,Eswatini,goat,2.9,107.29,36.4245,,,,,,,,,21.3082,0.7587,14.3577,0.14,0.0463,36.4708
748,Eswatini,grou,2.1,0.71,0.3409,0.0107,0.1597,0.0649,0.0,0.0,0.0019,0.0351,0.0686,,,,,,
748,Eswatini,maiz,69.9,13.01,0.1862,0.0364,0.0887,0.0146,0.0,0.0,0.0133,0.0153,0.018,,,,,,
748,Eswatini,pigs,2.1,8.1,3.9058,,,,,,,,,0.6156,3.2902,0.0,0.37,0.1781,4.0839
748,Eswatini,pota,7.9,1.11,0.1409,0.0441,0.0449,0.0104,0.0,0.0,0.0134,0.005,0.0231,,,,,,
748,Eswatini,poul,5.2,7.6,1.4537,,,,,,,,,0.0,0.2559,1.1977,0.54,0.1026,1.5563
748,Eswatini,sorg,1.1,0.21,0.1893,0.0263,0.0872,0.0168,0.0,0.0,0.0088,0.0217,0.0284,,,,,,
748,Eswatini,sugc,5185.7,27.34,0.0053,0.0012,0.0004,0.0029,0.0,0.0,0.0003,0.0003,0.0002,,,,,,
748,Eswatini,whea,1.2,0.13,0.1075,0.031,0.0362,0.0065,0.0,0.0,0.0101,0.0118,0.0118,,,,,,
752,Sweden,barl,1195.9,1485.72,1.2423,0.1553,0.0221,0.0197,0.0,1.0063,0.0003,0.0,0.0385,,,,,,
752,Sweden,bcat,132.1,1961.75,14.8541,,,,,,,,,11.565,2.0239,1.2652,532.91,4.0351,18.8892
752,Sweden,dcat,2644.8,1183.56,0.4475,,,,,,,,,0.3352,0.0891,0.0232,1209.57,0.4573,0.9048
752,Sweden,maiz,14.5,7.54,0.5214,0.1332,0.03,0.0074,0.0,0.3242,0.0,0.0,0.0266,,,,,,
752,Sweden,pigs,228.2,292.74,1.2826,,,,,,,,,0.2225,1.0602,0.0,1049.98,4.6004,5.8831
752,Sweden,pota,811.6,147.18,0.1813,0.0277,0.0116,0.0029,0.0,0.1212,0.0,0.0,0.0178,,,,,,
752,Sweden,poul,259.7,0.64,0.0025,,,,,,,,,0.0,0.0024,0.0001,959.05,3.6936,3.6961
752,Sweden,rape,265.4,531.02,2.0012,0.3683,0.0494,0.0213,0.0,1.5106,0.0005,0.0001,0.0509,,,,,,
752,Sweden,shee,2.0,51.19,25.3297,,,,,,,,,17.8615,0.851,6.6171,6.58,3.2561,28.5858
752,Sweden,whea,2807.6,2689.51,0.9579,0.13,0.0116,0.0148,0.0,0.7792,0.0002,0.0,0.0221,,,,,,
756,Switzerland,barl,117.6,64.47,0.5483,0.1817,0.0536,0.0241,0.0,0.274,0.0076,0.0003,0.007,,,,,,
756,Switzerland,bcat,139.7,1877.22,13.4421,,,,,,,,,10.452,1.8338,1.1563,22.73,0.1628,13.6048
756,Switzerland,dcat,3562.2,2190.57,0.6149,,,,,,,,,0.4602,0.1226,0.0322,69.43,0.0195,0.6344
756,Switzerland,goat,20.6,19.11,0.9262,,,,,,,,,0.5071,0.018,0.4011,0.98,0.0474,0.9736
756,Switzerland,maiz,163.7,34.44,0.2104,0.072,0.0212,0.0081,0.0,0.1034,0.0032,0.0002,0.0023,,,,,,
756,Switzerland,pigs,204.5,302.74,1.4806,,,,,,,,,0.2565,1.2241,0.0,39.98,0.1955,1.6761
756,Switzerland,pota,359.7,23.75,0.066,0.0318,0.0049,0.003,0.0,0.0243,0.0013,0.0,0.0007,,,,,,
756,Switzerland,poul,174.4,34.79,0.1994,,,,,,,,,0.0,0.193,0.0064,21.65,0.1241,0.3235
756,Switzerland,rape,74.3,58.05,0.7815,0.3537,0.0619,0.016,0.0,0.3301,0.0149,0.0004,0.0046,,,,,,
756,Switzerland,shee,11.2,101.37,9.0174,,,,,,,,,6.3404,0.302,2.3749,0.6,0.053,9.0703
756,Switzerland,soyb,8.0,3.02,0.3797,0.078,0.0412,0.0124,0.0,0.2405,0.0032,0.0,0.0043,,,,,,
756,Switzerland,whea,319.5,215.53,0.6745,0.2444,0.0795,0.0185,0.0,0.3164,0.0104,0.0004,0.0049,,,,,,
760,Syrian Arab Republic,barl,1559.8,148.79,0.0954,0.0104,0.0299,0.0239,0.0,0.0,0.0034,0.0008,0.027,,,,,,
760,Syrian Arab Republic,bcat,43.2,542.53,12.5455,,,,,,,,,7.9469,0.308,4.2905,11.17,0.2582,12.8037
760,Syrian Arab Republic,bean,2.2,0.56,0.2533,0.1571,0.0162,0.0212,0.0,0.0,0.0456,0.0025,0.0108,,,,,,
760,Syrian Arab Republic,buff,4.3,12.38,2.9051,,,,,,,,,2.3698,0.2341,0.3012,0.43,0.1013,3.0064
760,Syrian Arab Republic,cott,139.3,31.7,0.2276,0.125,0.0129,0.0233,0.0,0.0,0.0367,0.0027,0.0271,,,,,,
760,Syrian Arab Republic,dcat,1191.5,1065.33,0.8941,,,,,,,,,0.571,0.0271,0.296,26.5,0.0222,0.9164
760,Syrian Arab Republic,goat,140.1,513.59,3.6656,,,,,,,,,2.1463,0.0682,1.4512,6.63,0.0474,3.713
760,Syrian Arab Republic,grou,23.1,2.4,0.1041,0.0266,0.0121,0.0164,0.0,0.0,0.0086,0.0019,0.0385,,,,,,
760,Syrian Arab Republic,maiz,471.9,32.78,0.0695,0.0392,0.0057,0.0052,0.0,0.0,0.0115,0.0004,0.0075,,,,,,
760,Syrian Arab Republic,pota,656.2,4.74,0.0072,0.0009,0.0009,0.002,0.0,0.0,0.0003,0.0,0.0032,,,,,,
760,Syrian Arab Republic,poul,275.0,84.97,0.309,,,,,,,,,0.0,0.0564,0.2526,34.25,0.1246,0.4336
760,Syrian Arab Republic,rice,1.9,0.6,0.3115,0.1059,0.0091,0.0086,0.1539,0.0,0.0331,0.001,0.0,,,,,,
760,Syrian Arab Republic,shee,916.0,3764.71,4.1097,,,,,,,,,2.6222,0.0745,1.4131,49.36,0.0539,4.1636
760,Syrian Arab Republic,sorg,2.2,0.03,0.0151,0.0122,0.0019,0.0,0.0,0.0,0.0,0.0001,0.0009,,,,,,
760,Syrian Arab Republic,soyb,3.8,0.58,0.1523,0.0478,0.0235,0.0167,0.0,0.0,0.0151,0.0061,0.0432,,,,,,
760,Syrian Arab Republic,whea,2459.4,181.02,0.0736,0.0174,0.0156,0.0138,0.0,0.0,0.0054,0.0013,0.02,,,,,,
762,Tajikistan,barl,163.8,21.39,0.1306,0.0127,0.0953,0.0188,0.0,0.0,0.0034,0.0001,0.0002,,,,,,
762,Tajikistan,bcat,302.8,2064.33,6.818,,,,,,,,,5.1287,0.8313,0.858,83.42,0.2755,7.0935
762,Tajikistan,bean,39.9,1.41,0.0354,0.0018,0.0216,0.0114,0.0,0.0,0.0005,0.0001,0.0001,,,,,,
762,Tajikistan,cott,256.8,90.19,0.3512,0.1375,0.1265,0.0528,0.0,0.0,0.0333,0.0008,0.0004,,,,,,
762,Tajikistan,dcat,1270.4,3029.96,2.385,,,,,,,,,1.882,0.3465,0.1565,36.8,0.029,2.4139
762,Tajikistan,goat,54.7,458.83,8.3825,,,,,,,,,4.9641,0.1683,3.2501,4.41,0.0805,8.463
762,Tajikistan,grou,14.2,1.02,0.0717,0.0038,0.0449,0.0218,0.0,0.0,0.001,0.0001,0.0002,,,,,,
762,Tajikistan,maiz,331.8,6.61,0.0199,0.0052,0.0089,0.0044,0.0,0.0,0.0014,0.0,0.0001,,,,,,
762,Tajikistan,pota,1245.0,16.83,0.0135,0.0028,0.0076,0.0024,0.0,0.0,0.0007,0.0,0.0,,,,,,
762,Tajikistan,poul,128.8,31.14,0.2419,,,,,,,,,0.0,0.067,0.1749,15.67,0.1217,0.3635
762,Tajikistan,rice,199.4,57.52,0.2884,0.0064,0.0098,0.0041,0.2661,0.0,0.002,0.0,0.0001,,,,,,
762,Tajikistan,shee,86.8,819.87,9.4461,,,,,,,,,6.2631,0.3273,2.8557,8.24,0.0949,9.541
762,Tajikistan,whea,940.8,87.41,0.0929,0.009,0.0694,0.0125,0.0,0.0,0.0019,0.0002,0.0001,,,,,,
764,Thailand,barl,183.5,62.96,0.3431,0.2623,0.0131,0.0224,0.0,0.0004,0.0427,0.0022,0.0001,,,,,,
764,Thailand,bcat,110.6,7039.3,63.6333,,,,,,,,,47.5861,7.9651,8.0821,32.34,0.2923,63.9257
764,Thailand,bean,87.3,80.09,0.9176,0.7125,0.0416,0.0392,0.0,0.0011,0.1165,0.0066,0.0001,,,,,,
764,Thailand,buff,17.7,1974.48,111.6083,,,,,,,,,83.9702,13.5716,14.0664,2.1,0.1188,111.7271
764,Thailand,cass,28640.4,598.26,0.0209,0.0102,0.0018,0.0067,0.0,0.0002,0.0016,0.0003,0.0,,,,,,
764,Thailand,coff,3.9,9.95,2.5317,2.1575,0.01,0.0,0.0,0.0275,0.3367,0.0,0.0,,,,,,
764,Thailand,cott,3.3,2.26,0.684,0.5222,0.0238,0.0456,0.0,0.0018,0.0841,0.0065,0.0,,,,,,
764,Thailand,dcat,1232.2,740.45,0.6009,,,,,,,,,0.3814,0.1882,0.0313,40.18,0.0326,0.6335
764,Thailand,grou,27.4,5.11,0.1864,0.0838,0.0355,0.0447,0.0,0.0033,0.0133,0.0057,0.0002,,,,,,
764,Thailand,maiz,4375.0,559.02,0.1278,0.0871,0.0085,0.0129,0.0,0.0033,0.0136,0.0024,0.0,,,,,,
764,Thailand,oilp,17295.1,744.62,0.0431,0.033,0.0008,0.0,0.0,0.0041,0.0052,0.0,0.0,,,,,,
764,Thailand,pigs,927.8,1711.95,1.8453,,,,,,,,,0.2169,1.6284,0.0,276.61,0.2981,2.1434
764,Thailand,pota,114.4,8.68,0.0758,0.0609,0.0004,0.0049,0.0,0.0,0.0095,0.0002,0.0,,,,,,
764,Thailand,poul,3084.0,883.26,0.2864,,,,,,,,,0.0,0.0978,0.1886,599.34,0.1943,0.4807
764,Thailand,rcof,16.1,33.0,2.0496,1.7488,0.0276,0.0,0.0,0.0,0.2732,0.0,0.0,,,,,,
764,Thailand,rice,33446.5,82663.59,2.4715,0.1115,0.0156,0.0111,2.2676,0.0154,0.0452,0.0051,0.0,,,,,,
764,Thailand,rubb,4597.3,1443.84,0.3141,0.2321,0.0162,0.0,0.0,0.0293,0.0364,0.0,0.0,,,,,,
764,Thailand,sorg,48.5,22.77,0.4695,0.362,0.0212,0.0222,0.0,0.0006,0.0583,0.0051,0.0001,,,,,,
764,Thailand,soyb,16.1,2.83,0.1763,0.0076,0.0877,0.0562,0.0,0.0081,0.0008,0.0157,0.0002,,,,,,
764,Thailand,sugc,78661.0,1793.4,0.0228,0.0133,0.0011,0.005,0.0,0.001,0.0021,0.0003,0.0,,,,,,
764,Thailand,whea,1.1,1.53,1.4392,1.1855,0.0386,0.0298,0.0,0.0,0.184,0.0013,0.0,,,,,,
768,Togo,bcat,10.0,634.45,63.6204,,,,,,,,,41.7586,1.4701,20.3917,0.27,0.0274,63.6478
768,Togo,bean,226.4,87.56,0.3868,0.1834,0.0862,0.0387,0.0,0.0412,0.0139,0.0234,0.0,,,,,,
768,Togo,cass,1370.0,33.52,0.0245,0.004,0.0094,0.0074,0.0,0.0009,0.0003,0.0025,0.0,,,,,,
768,Togo,coco,24.8,11.13,0.4483,0.3828,0.0318,0.0,0.0,0.0012,0.0324,0.0,0.0,,,,,,
768,Togo,cott,64.7,122.52,1.8922,1.5391,0.1434,0.0733,0.0,0.0,0.105,0.0314,0.0,,,,,,
768,Togo,dcat,14.7,163.83,11.1572,,,,,,,,,7.5844,0.2053,3.3676,0.06,0.0044,11.1616
768,Togo,goat,6.9,1209.21,176.068,,,,,,,,,101.6263,4.4937,69.948,0.06,0.0081,176.0761
768,Togo,grou,61.2,11.39,0.186,0.0372,0.0716,0.047,0.0,0.0034,0.0023,0.0244,0.0,,,,,,
768,Togo,maiz,1039.0,168.31,0.162,0.06,0.0308,0.0169,0.0,0.0381,0.0047,0.0115,0.0,,,,,,
768,Togo,oilp,170.3,6.67,0.0392,0.0226,0.015,0.0,0.0,0.0,0.0015,0.0,0.0,,,,,,
768,Togo,pigs,17.6,205.31,11.6505,,,,,,,,,1.8781,9.7724,0.0,0.81,0.0459,11.6965
768,Togo,poul,58.1,128.88,2.218,,,,,,,,,0.0,0.3676,1.8504,1.64,0.0282,2.2463
768,Togo,rcof,21.1,8.39,0.3967,0.2905,0.088,0.0,0.0,0.0,0.0182,0.0,0.0,,,,,,
768,Togo,rice,178.3,180.71,1.0134,0.0349,0.0305,0.0141,0.901,0.0133,0.0058,0.0137,0.0,,,,,,
768,Togo,shee,13.2,454.15,34.4247,,,,,,,,,21.6063,0.9652,11.8532,0.08,0.006,34.4307
768,Togo,sorg,296.2,41.02,0.1385,0.0363,0.0526,0.0269,0.0,0.0034,0.0031,0.0162,0.0,,,,,,
768,Togo,soyb,278.8,6.92,0.0248,0.0187,0.0024,0.0017,0.0,0.0,0.0013,0.0007,0.0,,,,,,
768,Togo,sugc,2.2,0.48,0.223,0.1949,0.0018,0.004,0.0,0.0,0.0215,0.0007,0.0,,,,,,
780,Trinidad and Tobago,cass,1.8,0.46,0.2604,0.0144,0.1969,0.0082,0.0,0.0246,0.0016,0.0147,0.0,,,,,,
780,Trinidad and Tobago,dcat,1.6,15.39,9.9204,,,,,,,,,8.458,0.3125,1.15,0.03,0.0168,9.9373
780,Trinidad and Tobago,pigs,1.2,4.81,3.9139,,,,,,,,,0.6826,3.2313,0.0,0.2,0.1636,4.0775
780,Trinidad and Tobago,poul,48.0,98.7,2.0575,,,,,,,,,0.0,0.7788,1.2787,4.29,0.0894,2.147
784,United Arab Emirates,bcat,17.4,66.9,3.8382,,,,,,,,,2.4587,0.1,1.2796,0.13,0.0076,3.8458
784,United Arab Emirates,dcat,45.5,73.85,1.6236,,,,,,,,,1.0329,0.0743,0.5164,0.05,0.001,1.6246
784,United Arab Emirates,goat,120.9,486.37,4.0239,,,,,,,,,2.3727,0.1048,1.5464,0.28,0.0023,4.0262
784,United Arab Emirates,maiz,17.1,1.6,0.0935,0.0468,0.0191,0.0072,0.0,0.0,0.0192,0.0012,0.0,,,,,,
784,United Arab Emirates,olvs,116.6,668.93,5.7369,,,,,,,,,4.6641,0.2624,0.8104,0.15,0.0013,5.7382
784,United Arab Emirates,poul,98.4,78.77,0.8004,,,,,,,,,0.0,0.176,0.6244,0.63,0.0064,0.8068
784,United Arab Emirates,shee,33.0,369.81,11.2206,,,,,,,,,7.1946,0.2889,3.737,0.09,0.0028,11.2234
788,Tunisia,barl,301.9,64.47,0.2136,0.0085,0.0659,0.0407,0.0,0.0,0.0004,0.0012,0.0969,,,,,,
788,Tunisia,bcat,40.0,215.43,5.3869,,,,,,,,,3.5305,0.1341,1.7223,9.78,0.2445,5.6314
788,Tunisia,cott,6.6,0.81,0.124,0.0725,0.0192,0.0045,0.0,0.0,0.0006,0.0004,0.027,,,,,,
788,Tunisia,dcat,1324.0,733.53,0.554,,,,,,,,,0.3762,0.0109,0.1669,31.84,0.0241,0.5781
788,Tunisia,goat,24.7,276.95,11.2263,,,,,,,,,6.5085,0.2428,4.4751,1.15,0.0467,11.273
788,Tunisia,olvs,2.6,311.8,117.8973,,,,,,,,,85.647,5.4997,26.7506,0.1,0.0389,117.9362
788,Tunisia,pota,475.5,26.05,0.0548,0.0146,0.0067,0.0026,0.0,0.0,0.0006,0.0,0.0303,,,,,,
788,Tunisia,poul,346.5,590.1,1.703,,,,,,,,,0.0,0.239,1.464,54.33,0.1568,1.8598
788,Tunisia,rape,5.4,1.03,0.1902,0.0543,0.0511,0.0184,0.0,0.0,0.0007,0.0006,0.0651,,,,,,
788,Tunisia,shee,82.8,1346.81,16.2626,,,,,,,,,10.2547,0.3879,5.62,5.06,0.0611,16.3237
788,Tunisia,whea,1150.9,118.81,0.1032,0.0251,0.0231,0.0114,0.0,0.0,0.001,0.0015,0.041,,,,,,
792,Türkiye,barl,8025.1,1375.91,0.1714,0.0784,0.0321,0.0169,0.0,0.0068,0.0233,0.0006,0.0134,,,,,,
792,Türkiye,bcat,1463.1,12676.74,8.6645,,,,,,,,,5.4702,0.2228,2.9715,761.64,0.5206,9.1851
792,Türkiye,bean,271.3,43.03,0.1586,0.0688,0.0286,0.0158,0.0,0.0127,0.0195,0.0016,0.0116,,,,,,
792,Türkiye,buff,68.1,303.87,4.4629,,,,,,,,,3.6806,0.3123,0.47,13.66,0.2007,4.6636
792,Türkiye,cott,2171.3,523.02,0.2409,0.1366,0.0139,0.0241,0.0,0.0103,0.0397,0.0061,0.0102,,,,,,
792,Türkiye,dcat,20760.7,13499.79,0.6503,,,,,,,,,0.4138,0.0206,0.2158,1440.69,0.0694,0.7197
792,Türkiye,goat,568.9,2502.06,4.3982,,,,,,,,,2.5831,0.0569,1.7581,102.97,0.181,4.5792
792,Türkiye,grou,235.0,34.81,0.1481,0.0709,0.0188,0.017,0.0,0.0077,0.0198,0.0014,0.0125,,,,,,
792,Türkiye,maiz,7880.4,856.35,0.1087,0.0686,0.0068,0.0059,0.0,0.0033,0.0198,0.0007,0.0034,,,,,,
792,Türkiye,pota,6855.2,229.95,0.0335,0.0215,0.0019,0.0019,0.0,0.0003,0.0063,0.0,0.0016,,,,,,
792,Türkiye,poul,3775.3,1308.05,0.3465,,,,,,,,,0.0,0.0498,0.2967,1561.55,0.4136,0.7601
792,Türkiye,rape,58.3,19.59,0.3357,0.1701,0.0569,0.0306,0.0,0.0051,0.0518,0.003,0.0183,,,,,,
792,Türkiye,rice,947.0,516.74,0.5457,0.0614,0.0087,0.0069,0.4417,0.0,0.0209,0.0008,0.0052,,,,,,
792,Türkiye,shee,1394.8,8118.65,5.8208,,,,,,,,,3.7256,0.075,2.0202,273.8,0.1963,6.0171
792,Türkiye,sorg,2.3,0.03,0.0113,0.0039,0.0,0.0009,0.0,0.0035,0.0009,0.0,0.0022,,,,,,
792,Türkiye,soyb,172.8,15.88,0.0919,0.0375,0.0138,0.012,0.0,0.0122,0.0106,0.0023,0.0035,,,,,,
792,Türkiye,whea,20404.2,3590.67,0.176,0.0933,0.0273,0.0122,0.0,0.0055,0.0279,0.0012,0.0086,,,,,,
795,Turkmenistan,barl,77.4,10.92,0.141,0.0739,0.0342,0.0053,0.0,0.0,0.027,0.0,0.0005,,,,,,
795,Turkmenistan,bcat,216.9,2371.0,10.932,,,,,,,,,8.2314,1.3263,1.3743,161.08,0.7427,11.6747
795,Turkmenistan,bean,3.8,0.75,0.1973,0.0526,0.1185,0.0091,0.0,0.0,0.0164,0.0007,0.0,,,,,,
795,Turkmenistan,cott,606.1,1507.81,2.4879,1.8313,0.0675,0.0425,0.0,0.0,0.5377,0.0005,0.0083,,,,,,
795,Turkmenistan,dcat,2719.2,2885.31,1.0611,,,,,,,,,0.812,0.1832,0.0658,259.08,0.0953,1.1564
795,Turkmenistan,goat,20.6,1036.29,50.324,,,,,,,,,29.8575,1.0096,19.4569,6.11,0.2969,50.621
795,Turkmenistan,maiz,11.0,5.17,0.4689,0.3182,0.0657,0.0142,0.0,0.0,0.0698,0.0,0.001,,,,,,
795,Turkmenistan,olvs,23.8,236.95,9.9692,,,,,,,,,8.0171,0.2847,1.6674,3.76,0.1583,10.1275
795,Turkmenistan,pota,807.0,31.8,0.0394,0.0212,0.0101,0.0015,0.0,0.0,0.0064,0.0,0.0002,,,,,,
795,Turkmenistan,poul,120.3,66.07,0.5492,,,,,,,,,0.0,0.1509,0.3983,82.81,0.6884,1.2376
795,Turkmenistan,rice,85.4,43.57,0.5102,0.1035,0.1447,0.006,0.2175,0.0,0.0378,0.0004,0.0004,,,,,,
795,Turkmenistan,shee,123.1,2839.74,23.0683,,,,,,,,,15.319,0.7971,6.9522,38.54,0.313,23.3813
795,Turkmenistan,whea,1373.0,431.9,0.3146,0.2031,0.0325,0.0116,0.0,0.0,0.0642,0.0002,0.0029,,,,,,
800,Uganda,bcat,234.4,14167.95,60.4527,,,,,,,,,39.8865,1.5052,19.0609,83.51,0.3563,60.809
800,Uganda,bean,790.5,307.42,0.3889,0.0038,0.0303,0.016,0.0,0.3283,0.0003,0.0101,0.0,,,,,,
800,Uganda,cass,1956.9,804.24,0.411,0.0016,0.0375,0.016,0.0,0.3518,0.0002,0.0039,0.0,,,,,,
800,Uganda,coco,53.9,35.86,0.6652,0.0335,0.0972,0.0,0.0,0.5305,0.004,0.0,0.0,,,,,,
800,Uganda,coff,35.7,35.53,0.9943,0.0384,0.1884,0.0,0.0,0.7634,0.0041,0.0,0.0,,,,,,
800,Uganda,cott,147.2,129.14,0.8774,0.012,0.0506,0.0255,0.0,0.7687,0.0011,0.0196,0.0,,,,,,
800,Uganda,dcat,3795.8,7128.51,1.878,,,,,,,,,1.2833,0.0371,0.5576,125.43,0.033,1.9111
800,Uganda,goat,34.5,3940.87,114.1878,,,,,,,,,66.7473,2.4821,44.9584,3.57,0.1034,114.2912
800,Uganda,grou,147.5,366.98,2.4873,0.0189,0.1832,0.091,0.0,2.141,0.0021,0.0513,0.0,,,,,,
800,Uganda,maiz,5053.4,725.08,0.1435,0.0093,0.017,0.0079,0.0,0.1038,0.0011,0.0043,0.0,,,,,,
800,Uganda,olvs,3.3,21.06,6.3429,,,,,,,,,5.1851,0.2264,0.9313,0.0,0.0,6.3429
800,Uganda,pigs,197.2,785.46,3.984,,,,,,,,,0.6082,3.3758,0.0,57.47,0.2915,4.2754
800,Uganda,pota,526.0,22.92,0.0436,0.0075,0.0053,0.0029,0.0,0.0263,0.0005,0.0011,0.0,,,,,,
800,Uganda,poul,174.3,180.08,1.0332,,,,,,,,,0.0,0.1829,0.8503,39.16,0.2247,1.2579
800,Uganda,rcof,320.2,313.45,0.9788,0.0076,0.1232,0.0,0.0,0.8472,0.0009,0.0,0.0,,,,,,
800,Uganda,rice,299.9,509.6,1.6991,0.0078,0.0173,0.0105,1.6004,0.0537,0.0018,0.0077,0.0,,,,,,
800,Uganda,shee,4.7,923.64,195.8702,,,,,,,,,124.3977,4.6851,66.7873,0.66,0.1398,196.01
800,Uganda,sorg,220.8,100.97,0.4574,0.0036,0.0855,0.0159,0.0,0.305,0.0003,0.0471,0.0,,,,,,
800,Uganda,soyb,154.0,61.73,0.4008,0.0025,0.0204,0.0148,0.0,0.3586,0.0003,0.0042,0.0,,,,,,
800,Uganda,sugc,6106.7,83.31,0.0136,0.0012,0.0009,0.0036,0.0,0.0069,0.0001,0.0008,0.0,,,,,,
800,Uganda,whea,25.6,9.2,0.3589,0.0235,0.047,0.018,0.0,0.258,0.001,0.0114,0.0,,,,,,
804,Ukraine,barl,5282.2,1272.38,0.2409,0.0174,0.0058,0.0212,0.0,0.1903,0.0034,0.0028,0.0001,,,,,,
804,Ukraine,bcat,242.7,1993.37,8.213,,,,,,,,,6.531,1.249,0.433,749.8,3.0893,11.3023
804,Ukraine,bean,80.5,35.5,0.4409,0.0125,0.0071,0.0136,0.0,0.4029,0.0014,0.0031,0.0003,,,,,,
804,Ukraine,dcat,7032.2,4362.59,0.6204,,,,,,,,,0.5005,0.0952,0.0246,2294.02,0.3262,0.9466
804,Ukraine,goat,146.6,97.79,0.6669,,,,,,,,,0.3706,0.0188,0.2775,113.52,0.7741,1.441
804,Ukraine,maiz,26678.5,3001.02,0.1125,0.0192,0.0024,0.0079,0.0,0.0777,0.0038,0.0015,0.0,,,,,,
804,Ukraine,olvs,3.9,95.04,24.3852,,,,,,,,,15.4878,1.6068,7.2906,2.68,0.6869,25.0722
804,Ukraine,pigs,687.4,707.87,1.0297,,,,,,,,,0.2571,0.7726,0.0,1715.29,2.4952,3.5249
804,Ukraine,pota,20993.3,1283.4,0.0611,0.01,0.001,0.0024,0.0,0.0456,0.0019,0.0002,0.0,,,,,,
804,Ukraine,poul,1839.9,957.07,0.5202,,,,,,,,,0.0,0.5158,0.0044,4069.89,2.212,2.7321
804,Ukraine,rape,3570.7,770.83,0.2159,0.0377,0.0041,0.0102,0.0,0.154,0.0074,0.0024,0.0,,,,,,
804,Ukraine,rice,13.6,8.14,0.5995,0.0719,0.0041,0.0211,0.4484,0.032,0.0179,0.0042,0.0,,,,,,
804,Ukraine,shee,14.2,124.6,8.7664,,,,,,,,,6.2727,0.4312,2.0626,15.27,1.0742,9.8406
804,Ukraine,sorg,46.1,19.47,0.4222,0.027,0.0109,0.0345,0.0,0.3353,0.0055,0.009,0.0,,,,,,
804,Ukraine,soyb,6590.2,572.29,0.0868,0.0074,0.0026,0.0067,0.0,0.0671,0.0015,0.0015,0.0,,,,,,
804,Ukraine,whea,22419.1,4118.45,0.1837,0.0288,0.0039,0.0119,0.0,0.1307,0.0056,0.0026,0.0,,,,,,
807,North Macedonia,barl,139.1,28.94,0.208,0.0346,0.0142,0.0168,0.0,0.0,0.0035,0.0465,0.0924,,,,,,
807,North Macedonia,bcat,4.7,160.35,34.0169,,,,,,,,,25.8627,5.0249,3.1293,1.01,0.2147,34.2317
807,North Macedonia,bean,5.9,2.07,0.3514,0.047,0.0475,0.0191,0.0,0.0,0.0045,0.1162,0.1171,,,,,,
807,North Macedonia,cott,3.4,1.91,0.5586,0.2562,0.0123,0.0343,0.0,0.0,0.0458,0.0263,0.1836,,,,,,
807,North Macedonia,dcat,271.0,344.75,1.2724,,,,,,,,,0.9282,0.2729,0.0713,12.68,0.0468,1.3192
807,North Macedonia,goat,16.6,20.96,1.2653,,,,,,,,,0.6634,0.0267,0.5752,1.11,0.0672,1.3325
807,North Macedonia,maiz,122.4,18.58,0.1517,0.0299,0.0127,0.0092,0.0,0.0,0.0031,0.0419,0.0549,,,,,,
807,North Macedonia,pigs,11.4,29.45,2.586,,,,,,,,,0.4156,2.1704,0.0,4.41,0.3871,2.9731
807,North Macedonia,pota,190.3,7.06,0.0371,0.0092,0.0031,0.0029,0.0,0.0,0.0009,0.0044,0.0166,,,,,,
807,North Macedonia,poul,9.8,6.47,0.6618,,,,,,,,,0.0,0.6457,0.0161,2.18,0.2231,0.8849
807,North Macedonia,rice,16.3,7.52,0.4623,0.0189,0.0095,0.0083,0.3181,0.0,0.0022,0.0469,0.0584,,,,,,
807,North Macedonia,shee,31.2,153.54,4.9256,,,,,,,,,3.3657,0.1764,1.3834,2.68,0.0861,5.0117
807,North Macedonia,whea,224.9,55.98,0.2489,0.0824,0.0136,0.0131,0.0,0.0,0.0085,0.0616,0.0698,,,,,,
818,Egypt,barl,87.9,15.75,0.1793,0.1014,0.013,0.0159,0.0,0.0002,0.0483,0.0005,0.0,,,,,,
818,Egypt,bcat,317.0,1566.08,4.94,,,,,,,,,3.2814,0.1195,1.5391,90.03,0.284,5.2239
818,Egypt,bean,166.0,11.12,0.067,0.0269,0.0146,0.0107,0.0,0.0013,0.0119,0.0015,0.0,,,,,,
818,Egypt,buff,1509.4,2886.58,1.9124,,,,,,,,,1.4515,0.035,0.4259,108.09,0.0716,1.984
818,Egypt,cott,220.9,93.53,0.4233,0.2546,0.0289,0.0222,0.0,0.0052,0.1068,0.0056,0.0,,,,,,
818,Egypt,dcat,4761.6,3162.18,0.6641,,,,,,,,,0.4566,0.0127,0.1947,111.85,0.0235,0.6876
818,Egypt,goat,27.5,226.19,8.2189,,,,,,,,,4.8435,0.1737,3.2017,1.46,0.0532,8.272
818,Egypt,grou,264.3,28.02,0.106,0.0557,0.0124,0.0127,0.0,0.0001,0.0243,0.0009,0.0,,,,,,
818,Egypt,maiz,7130.2,1143.46,0.1604,0.0951,0.0135,0.0065,0.0,0.0003,0.0444,0.0006,0.0,,,,,,
818,Egypt,olvs,28.2,679.6,24.0715,,,,,,,,,16.0761,1.2906,6.7049,0.42,0.0149,24.0865
818,Egypt,pota,8004.4,293.09,0.0366,0.0226,0.0019,0.0018,0.0,0.0,0.0103,0.0001,0.0,,,,,,
818,Egypt,poul,3289.5,1178.83,0.3584,,,,,,,,,0.0,0.0602,0.2982,487.9,0.1483,0.5067
818,Egypt,rice,6064.2,2450.73,0.4041,0.0412,0.0033,0.0042,0.3319,0.0005,0.0225,0.0006,0.0,,,,,,
818,Egypt,shee,75.8,438.39,5.7823,,,,,,,,,3.6986,0.1345,1.9492,5.79,0.0763,5.8586
818,Egypt,sorg,694.5,101.15,0.1457,0.0865,0.009,0.0099,0.0,0.0,0.0397,0.0006,0.0,,,,,,
818,Egypt,soyb,68.7,5.38,0.0784,0.0427,0.0096,0.0064,0.0,0.0,0.0194,0.0004,0.0,,,,,,
818,Egypt,sugc,12699.0,211.63,0.0167,0.0091,0.0005,0.0026,0.0,0.0,0.0043,0.0,0.0,,,,,,
818,Egypt,whea,9307.3,945.71,0.1016,0.0561,0.0095,0.0085,0.0,0.0004,0.0261,0.001,0.0,,,,,,
826,United Kingdom of Great Britain and Northern Ireland,barl,6902.8,3111.45,0.4507,0.1073,0.0538,0.0207,0.0,0.2475,0.0036,0.0001,0.018,,,,,,
826,United Kingdom of Great Britain and Northern Ireland,bcat,893.3,14510.61,16.2442,,,,,,,,,12.6504,2.2154,1.3784,1091.86,1.2223,17.4665
826,United Kingdom of Great Britain and Northern Ireland,dcat,15201.7,7424.81,0.4884,,,,,,,,,0.3659,0.0973,0.0252,2143.92,0.141,0.6295
826,United Kingdom of Great Britain and Northern Ireland,olvs,4.0,393.57,97.5989,,,,,,,,,64.1114,5.9084,27.5791,1.05,0.26,97.8589
826,United Kingdom of Great Britain and Northern Ireland,pigs,924.3,1125.64,1.2179,,,,,,,,,0.2111,1.0068,0.0,1306.49,1.4135,2.6314
826,United Kingdom of Great Britain and Northern Ireland,pota,5379.2,491.67,0.0914,0.0202,0.0182,0.0032,0.0,0.0434,0.0007,0.0,0.0055,,,,,,
826,United Kingdom of Great Britain and Northern Ireland,poul,2744.1,523.86,0.1909,,,,,,,,,0.0,0.1847,0.0062,2603.83,0.9489,1.1398
826,United Kingdom of Great Britain and Northern Ireland,rape,806.2,867.47,1.076,0.5056,0.1398,0.0291,0.0,0.3536,0.0184,0.0002,0.0293,,,,,,
826,United Kingdom of Great Britain and Northern Ireland,shee,252.5,9402.41,37.2395,,,,,,,,,26.2898,1.2512,9.6985,115.59,0.4578,37.6973
826,United Kingdom of Great Britain and Northern Ireland,whea,10878.7,6971.8,0.6409,0.2129,0.0707,0.0174,0.0,0.3227,0.0062,0.0001,0.0109,,,,,,
834,United Republic of Tanzania,barl,7.5,3.12,0.4162,0.1021,0.2067,0.052,0.0,0.0161,0.0317,0.0075,0.0,,,,,,
834,United Republic of Tanzania,bcat,664.1,36274.44,54.6254,,,,,,,,,36.0771,1.3241,17.2242,235.46,0.3546,54.98
834,United Republic of Tanzania,bean,1491.1,627.29,0.4207,0.0121,0.0356,0.0187,0.0,0.3476,0.002,0.0046,0.0,,,,,,
834,United Republic of Tanzania,cass,10096.7,658.09,0.0652,0.0011,0.0048,0.0044,0.0,0.0542,0.0002,0.0005,0.0,,,,,,
834,United Republic of Tanzania,coco,14.8,2.87,0.1945,0.0103,0.0478,0.0,0.0,0.1345,0.0019,0.0,0.0,,,,,,
834,United Republic of Tanzania,coff,33.4,171.19,5.1317,0.3519,0.1935,0.0,0.0,4.543,0.0433,0.0,0.0,,,,,,
834,United Republic of Tanzania,cott,281.9,102.68,0.3642,0.0693,0.1066,0.0215,0.0,0.1388,0.0224,0.0056,0.0,,,,,,
834,United Republic of Tanzania,dcat,4139.7,16659.01,4.0242,,,,,,,,,2.7522,0.0773,1.1947,172.62,0.0417,4.0659
834,United Republic of Tanzania,goat,381.8,6083.64,15.9343,,,,,,,,,9.3234,0.3369,6.274,38.69,0.1013,16.0357
834,United Republic of Tanzania,grou,761.5,386.9,0.5081,0.0094,0.0724,0.0413,0.0,0.3759,0.0023,0.0067,0.0,,,,,,
834,United Republic of Tanzania,maiz,10122.6,1363.11,0.1347,0.0244,0.021,0.0089,0.0,0.0737,0.0045,0.0021,0.0,,,,,,
834,United Republic of Tanzania,oilp,79.8,11.81,0.148,0.0002,0.0041,0.0,0.0,0.1437,0.0,0.0,0.0,,,,,,
834,United Republic of Tanzania,olvs,2.8,25.3,9.1002,,,,,,,,,7.4509,0.3162,1.3331,0.0,0.0,9.1002
834,United Republic of Tanzania,pigs,58.6,111.51,1.9035,,,,,,,,,0.2976,1.6059,0.0,21.77,0.3716,2.2751
834,United Republic of Tanzania,pota,560.2,47.67,0.0851,0.024,0.0141,0.0078,0.0,0.0319,0.0062,0.001,0.0,,,,,,
834,United Republic of Tanzania,poul,453.8,214.36,0.4724,,,,,,,,,0.0,0.0721,0.4003,108.32,0.2387,0.7111
834,United Republic of Tanzania,rcof,27.1,98.81,3.6515,0.2336,0.1299,0.0,0.0,3.2602,0.0278,0.0,0.0,,,,,,
834,United Republic of Tanzania,rice,3964.9,1922.93,0.485,0.0058,0.0122,0.0076,0.4033,0.0515,0.002,0.0027,0.0,,,,,,
834,United Republic of Tanzania,shee,50.7,1780.96,35.0949,,,,,,,,,22.3111,0.8174,11.9665,4.73,0.0932,35.1882
834,United Republic of Tanzania,sorg,813.2,265.66,0.3267,0.0148,0.0657,0.0208,0.0,0.2129,0.0041,0.0084,0.0,,,,,,
834,United Republic of Tanzania,soyb,42.2,6.55,0.1552,0.0182,0.0103,0.0164,0.0,0.1052,0.0023,0.0028,0.0,,,,,,
834,United Republic of Tanzania,sugc,4142.2,44.19,0.0107,0.0034,0.0006,0.0048,0.0,0.0011,0.0004,0.0003,0.0,,,,,,
834,United Republic of Tanzania,whea,113.2,7.55,0.0667,0.0296,0.0141,0.0145,0.0,0.0035,0.0037,0.0012,0.0,,,,,,
840,United States of America,barl,3124.1,413.61,0.1324,0.0637,0.0104,0.0156,0.0,0.0271,0.0145,0.0009,0.0002,,,,,,
840,United States of America,bcat,12260.2,153725.91,12.5387,,,,,,,,,9.3964,0.7218,2.4204,8091.05,0.6599,13.1986
840,United States of America,bean,1403.4,375.8,0.2678,0.0619,0.0183,0.0127,0.0,0.1581,0.015,0.0015,0.0002,,,,,,
840,United States of America,cott,9566.1,3577.09,0.3739,0.1976,0.0317,0.0412,0.0,0.0751,0.0227,0.0056,0.0,,,,,,
840,United States of America,dcat,102261.6,45612.35,0.446,,,,,,,,,0.301,0.1357,0.0094,7718.01,0.0755,0.5215
840,United States of America,goat,11.3,144.23,12.7191,,,,,,,,,9.7894,0.3438,2.5859,6.2,0.5464,13.2656
840,United States of America,grou,2914.9,953.5,0.3271,0.049,0.0204,0.0268,0.0,0.224,0.004,0.0028,0.0001,,,,,,
840,United States of America,maiz,377464.9,42531.32,0.1127,0.0665,0.0072,0.0069,0.0,0.0207,0.0111,0.0002,0.0,,,,,,
840,United States of America,pigs,12573.9,26843.75,2.1349,,,,,,,,,0.2371,1.8977,0.0,9507.82,0.7562,2.891
840,United States of America,pota,19010.0,764.02,0.0402,0.0213,0.0022,0.003,0.0,0.0099,0.0036,0.0002,0.0001,,,,,,
840,United States of America,poul,28834.5,3827.35,0.1327,,,,,,,,,0.0,0.1301,0.0026,14697.66,0.5097,0.6425
840,United States of America,rape,2204.0,201.7,0.0915,0.0527,0.0054,0.0052,0.0,0.014,0.0138,0.0004,0.0,,,,,,
840,United States of America,rice,10074.3,3811.03,0.3783,0.07,0.0013,0.0065,0.2616,0.0199,0.0154,0.0036,0.0,,,,,,
840,United States of America,shee,31.3,667.89,21.3297,,,,,,,,,17.4982,0.6282,3.2033,14.13,0.4513,21.781
840,United States of America,sorg,8776.3,1085.02,0.1236,0.069,0.0244,0.0112,0.0,0.0036,0.0151,0.0002,0.0,,,,,,
840,United States of America,soyb,118784.6,13173.14,0.1109,0.0086,0.0186,0.012,0.0,0.0696,0.0013,0.0007,0.0,,,,,,
840,United States of America,sugc,31607.3,4815.57,0.1524,0.0172,0.0007,0.004,0.0,0.1275,0.0013,0.0016,0.0,,,,,,
840,United States of America,whea,53601.8,7644.79,0.1426,0.0752,0.0193,0.0113,0.0,0.0204,0.0157,0.0007,0.0001,,,,,,
854,Burkina Faso,bcat,134.6,9107.85,67.6661,,,,,,,,,45.2111,1.4679,20.9871,19.1,0.1419,67.808
854,Burkina Faso,bean,5.2,0.4,0.0767,0.0065,0.0461,0.0167,0.0,0.0033,0.0013,0.0029,0.0,,,,,,
854,Burkina Faso,cass,51.7,0.8,0.0156,0.0015,0.0042,0.0091,0.0,0.0001,0.0002,0.0005,0.0,,,,,,
854,Burkina Faso,cott,761.3,101.33,0.1331,0.0522,0.0386,0.021,0.0,0.0006,0.0114,0.0094,0.0,,,,,,
854,Burkina Faso,dcat,229.6,3596.92,15.6631,,,,,,,,,10.825,0.2691,4.5689,3.91,0.017,15.6801
854,Burkina Faso,goat,153.8,3617.39,23.5201,,,,,,,,,13.8758,0.5656,9.0787,6.51,0.0423,23.5624
854,Burkina Faso,grou,616.5,44.63,0.0724,0.0006,0.0435,0.0223,0.0,0.0003,0.0001,0.0056,0.0,,,,,,
854,Burkina Faso,maiz,1873.6,130.7,0.0698,0.0202,0.0289,0.0101,0.0,0.0008,0.0048,0.0049,0.0,,,,,,
854,Burkina Faso,olvs,1.4,502.61,368.9471,,,,,,,,,236.9379,24.377,107.6322,0.02,0.016,368.9631
854,Burkina Faso,pigs,190.2,366.23,1.9259,,,,,,,,,0.2904,1.6355,0.0,36.92,0.1941,2.1201
854,Burkina Faso,pota,31.5,1.69,0.0537,0.0338,0.0074,0.0024,0.0,0.0014,0.0085,0.0002,0.0,,,,,,
854,Burkina Faso,poul,235.2,229.87,0.9772,,,,,,,,,0.0,0.1471,0.8301,26.67,0.1134,1.0905
854,Burkina Faso,rice,537.8,373.51,0.6945,0.0057,0.0172,0.0082,0.6507,0.0047,0.0023,0.0057,0.0,,,,,,
854,Burkina Faso,shee,103.1,2470.43,23.9638,,,,,,,,,15.3348,0.6316,7.9974,4.98,0.0483,24.0121
854,Burkina Faso,sorg,1915.9,156.7,0.0818,0.0111,0.0437,0.0143,0.0,0.001,0.0037,0.0079,0.0,,,,,,
854,Burkina Faso,soyb,138.6,8.05,0.0581,0.012,0.02,0.0086,0.0,0.0001,0.0034,0.014,0.0,,,,,,
854,Burkina Faso,sugc,234.2,1.55,0.0066,0.0014,0.0006,0.004,0.0,0.0003,0.0002,0.0001,0.0,,,,,,
858,Uruguay,barl,819.8,507.78,0.6194,0.4798,0.0114,0.0236,0.0,0.0311,0.0734,0.0002,0.0,,,,,,
858,Uruguay,bcat,576.6,21406.64,37.1277,,,,,,,,,28.7545,0.5266,7.8467,440.97,0.7648,37.8925
858,Uruguay,bean,2.7,3.6,1.3501,0.8322,0.0714,0.0553,0.0,0.2586,0.1324,0.0002,0.0,,,,,,
858,Uruguay,dcat,2261.0,1767.4,0.7817,,,,,,,,,0.675,0.0156,0.0911,229.03,0.1013,0.883
858,Uruguay,grou,1.4,1.36,0.9826,0.6142,0.0697,0.1381,0.0,0.06,0.1006,0.0,0.0,,,,,,
858,Uruguay,maiz,585.4,354.12,0.605,0.4678,0.0123,0.0188,0.0,0.0304,0.0755,0.0002,0.0,,,,,,
858,Uruguay,olvs,10.1,349.22,34.4671,,,,,,,,,21.6839,1.999,10.7843,1.2,0.1184,34.5855
858,Uruguay,pigs,12.1,21.42,1.7657,,,,,,,,,0.3685,1.3972,0.0,10.31,0.8502,2.6159
858,Uruguay,pota,66.2,9.84,0.1486,0.1147,0.0029,0.0066,0.0,0.0063,0.018,0.0,0.0,,,,,,
858,Uruguay,poul,312.4,139.77,0.4474,,,,,,,,,0.0,0.1671,0.2803,88.74,0.284,0.7314
858,Uruguay,rape,208.3,164.35,0.7889,0.596,0.0212,0.0227,0.0,0.0577,0.091,0.0004,0.0,,,,,,
858,Uruguay,rice,1373.1,885.28,0.6447,0.0747,0.0053,0.0112,0.5289,0.0007,0.0236,0.0001,0.0,,,,,,
858,Uruguay,shee,20.1,1410.93,70.2966,,,,,,,,,44.7445,1.3335,24.2186,6.81,0.3393,70.6359
858,Uruguay,sorg,64.6,63.6,0.9847,0.7527,0.0226,0.0388,0.0,0.0524,0.1176,0.0005,0.0,,,,,,
858,Uruguay,soyb,3076.2,310.06,0.1008,0.0123,0.0164,0.0208,0.0,0.0491,0.0018,0.0004,0.0,,,,,,
858,Uruguay,sugc,541.6,19.19,0.0354,0.0258,0.0006,0.0046,0.0,0.0,0.0044,0.0,0.0,,,,,,
858,Uruguay,whea,1281.7,558.48,0.4357,0.3355,0.0096,0.0135,0.0,0.0255,0.0513,0.0002,0.0,,,,,,
860,Uzbekistan,barl,159.6,69.35,0.4346,0.1172,0.2819,0.0203,0.0,0.0,0.0145,0.0004,0.0003,,,,,,
860,Uzbekistan,bcat,1128.5,13945.27,12.3577,,,,,,,,,9.3026,1.5208,1.5342,549.28,0.4867,12.8445
860,Uzbekistan,bean,8.2,0.81,0.0995,0.0183,0.0559,0.0227,0.0,0.0,0.0001,0.0019,0.0006,,,,,,
860,Uzbekistan,cott,2922.0,1503.83,0.5147,0.3563,0.0841,0.0311,0.0,0.0,0.0423,0.0007,0.0002,,,,,,
860,Uzbekistan,dcat,11974.7,12915.83,1.0786,,,,,,,,,0.8347,0.1773,0.0666,706.78,0.059,1.1376
860,Uzbekistan,goat,2.5,95.17,38.8463,,,,,,,,,23.164,0.7867,14.8956,0.0,0.0,38.8463
860,Uzbekistan,grou,10.7,1.27,0.1183,0.0142,0.0565,0.0466,0.0,0.0,0.0001,0.0006,0.0003,,,,,,
860,Uzbekistan,maiz,957.6,72.52,0.0757,0.0521,0.0123,0.0047,0.0,0.0,0.0062,0.0001,0.0003,,,,,,
860,Uzbekistan,olvs,6.9,238.13,34.3969,,,,,,,,,23.0084,1.4744,9.9141,0.73,0.1048,34.5017
860,Uzbekistan,pigs,1.3,4.23,3.1584,,,,,,,,,0.799,2.3594,0.0,2.57,1.9148,5.0732
860,Uzbekistan,pota,3709.8,96.42,0.026,0.0102,0.0122,0.0022,0.0,0.0,0.0013,0.0,0.0,,,,,,
860,Uzbekistan,poul,649.0,231.98,0.3574,,,,,,,,,0.0,0.0994,0.258,238.31,0.3672,0.7246
860,Uzbekistan,rice,398.7,229.92,0.5767,0.0816,0.028,0.0066,0.4481,0.0,0.012,0.0002,0.0002,,,,,,
860,Uzbekistan,shee,264.1,4051.45,15.3434,,,,,,,,,10.2265,0.5369,4.5799,40.85,0.1547,15.4981
860,Uzbekistan,sorg,28.0,10.41,0.3724,0.0739,0.2771,0.0124,0.0,0.0,0.0089,0.0001,0.0,,,,,,
860,Uzbekistan,soyb,10.3,3.67,0.3569,0.0956,0.2296,0.0195,0.0,0.0,0.0112,0.0008,0.0002,,,,,,
860,Uzbekistan,whea,6584.0,1416.42,0.2151,0.1355,0.052,0.0115,0.0,0.0,0.0159,0.0002,0.0,,,,,,
862,Venezuela (Bolivarian Republic of),bcat,377.1,25264.13,66.9937,,,,,,,,,51.7253,0.9283,14.3402,61.84,0.164,67.1577
862,Venezuela (Bolivarian Republic of),bean,152.9,85.42,0.5588,0.0963,0.151,0.0148,0.0,0.2397,0.0146,0.0313,0.011,,,,,,
862,Venezuela (Bolivarian Republic of),buff,463.5,3.0,0.0065,,,,,,,,,0.0049,0.0001,0.0015,14.77,0.0319,0.0383
862,Venezuela (Bolivarian Republic of),cass,440.7,23.64,0.0536,0.0114,0.015,0.0056,0.0,0.0155,0.0017,0.0024,0.0021,,,,,,
862,Venezuela (Bolivarian Republic of),coco,28.6,68.96,2.4153,0.3849,0.6519,0.0,0.0,1.3265,0.052,0.0,0.0,,,,,,
862,Venezuela (Bolivarian Republic of),coff,57.6,143.64,2.4924,1.6093,0.3314,0.0,0.0,0.2825,0.2692,0.0,0.0,,,,,,
862,Venezuela (Bolivarian Republic of),cott,4.7,4.39,0.926,0.2241,0.0315,0.0277,0.0,0.5297,0.0384,0.071,0.0036,,,,,,
862,Venezuela (Bolivarian Republic of),dcat,3304.7,7591.52,2.2972,,,,,,,,,1.9595,0.069,0.2687,57.59,0.0174,2.3146
862,Venezuela (Bolivarian Republic of),goat,275.5,365.82,1.3278,,,,,,,,,0.7687,0.0341,0.525,15.66,0.0568,1.3847
862,Venezuela (Bolivarian Republic of),grou,3.5,0.59,0.172,0.0841,0.0128,0.0081,0.0,0.0243,0.0265,0.0139,0.0023,,,,,,
862,Venezuela (Bolivarian Republic of),maiz,2838.8,326.72,0.1151,0.046,0.0104,0.0048,0.0,0.0352,0.0092,0.0055,0.004,,,,,,
862,Venezuela (Bolivarian Republic of),oilp,629.1,53.59,0.0852,0.0329,0.0314,0.0,0.0,0.0169,0.004,0.0,0.0,,,,,,
862,Venezuela (Bolivarian Republic of),pigs,123.3,470.98,3.8188,,,,,,,,,0.6792,3.1397,0.0,25.5,0.2067,4.0256
862,Venezuela (Bolivarian Republic of),pota,505.6,28.61,0.0566,0.016,0.0236,0.0043,0.0,0.0091,0.0022,0.001,0.0003,,,,,,
862,Venezuela (Bolivarian Republic of),poul,745.6,349.71,0.469,,,,,,,,,0.0,0.1738,0.2953,89.82,0.1205,0.5895
862,Venezuela (Bolivarian Republic of),rice,614.5,917.19,1.4926,0.0983,0.0378,0.0115,1.2479,0.04,0.0306,0.0186,0.0079,,,,,,
862,Venezuela (Bolivarian Republic of),shee,1.6,78.73,48.6232,,,,,,,,,30.6357,1.139,16.8485,0.18,0.113,48.7362
862,Venezuela (Bolivarian Republic of),sorg,40.9,31.17,0.7616,0.1673,0.054,0.0169,0.0,0.455,0.0285,0.032,0.0079,,,,,,
862,Venezuela (Bolivarian Republic of),soyb,10.8,1.16,0.1073,0.0314,0.0088,0.0155,0.0,0.0166,0.0034,0.0285,0.0031,,,,,,
862,Venezuela (Bolivarian Republic of),sugc,3604.8,99.98,0.0277,0.0102,0.0039,0.0038,0.0,0.0033,0.0014,0.0021,0.0029,,,,,,
887,Yemen,barl,29.6,10.96,0.3699,0.0018,0.3384,0.027,0.0,0.0,0.0005,0.0,0.0022,,,,,,
887,Yemen,bcat,84.3,1896.83,22.4908,,,,,,,,,14.2141,0.5735,7.7032,2.36,0.028,22.5188
887,Yemen,bean,2.9,0.21,0.0708,0.0,0.0585,0.012,0.0,0.0,0.0,0.0,0.0003,,,,,,
887,Yemen,coff,21.0,8.3,0.3946,0.0094,0.3808,0.0,0.0,0.0,0.0044,0.0,0.0,,,,,,
887,Yemen,cott,3.8,1.77,0.4688,0.0102,0.3232,0.1074,0.0,0.0,0.0047,0.0,0.0234,,,,,,
887,Yemen,dcat,266.6,845.69,3.1721,,,,,,,,,2.0208,0.1,1.0514,0.92,0.0034,3.1756
887,Yemen,goat,171.8,2258.77,13.1456,,,,,,,,,7.6727,0.2662,5.2067,1.34,0.0078,13.1534
887,Yemen,grou,1.4,0.38,0.2807,0.0216,0.1885,0.0547,0.0,0.0,0.0086,0.0,0.0073,,,,,,
887,Yemen,maiz,58.1,13.24,0.2279,0.0071,0.2049,0.0128,0.0,0.0,0.0019,0.0,0.0013,,,,,,
887,Yemen,olvs,6.0,627.94,105.1927,,,,,,,,,77.5917,4.7274,22.8736,0.03,0.0056,105.1983
887,Yemen,pota,324.5,3.6,0.0111,0.0025,0.006,0.002,0.0,0.0,0.0006,0.0,0.0,,,,,,
887,Yemen,poul,280.1,257.42,0.9191,,,,,,,,,0.0,0.1951,0.7239,6.81,0.0243,0.9434
887,Yemen,shee,136.2,2145.23,15.7543,,,,,,,,,10.0242,0.3081,5.422,1.35,0.0099,15.7643
887,Yemen,sorg,193.7,115.59,0.5969,0.0792,0.4456,0.0321,0.0,0.0,0.0376,0.0,0.0023,,,,,,
887,Yemen,whea,99.2,25.52,0.2573,0.0055,0.2268,0.0201,0.0,0.0,0.0015,0.0,0.0035,,,,,,
894,Zambia,barl,8.2,0.4,0.0486,0.0247,0.0043,0.0115,0.0,0.0,0.0047,0.0034,0.0,,,,,,
894,Zambia,bcat,218.9,5186.2,23.6906,,,,,,,,,15.735,0.5335,7.4221,111.62,0.5099,24.2005
894,Zambia,bean,42.7,47.13,1.1037,0.0725,0.0431,0.0371,0.0,0.9056,0.0074,0.038,0.0,,,,,,
894,Zambia,cass,3129.4,277.97,0.0888,0.0015,0.001,0.0045,0.0,0.079,0.0002,0.0027,0.0,,,,,,
894,Zambia,coff,9.3,1.01,0.1082,0.0694,0.0273,0.0,0.0,0.0,0.0115,0.0,0.0,,,,,,
894,Zambia,cott,8.9,18.34,2.057,0.9826,0.2148,0.0884,0.0,0.3797,0.2735,0.118,0.0,,,,,,
894,Zambia,dcat,517.2,720.0,1.3922,,,,,,,,,0.957,0.0248,0.4104,31.98,0.0618,1.454
894,Zambia,goat,16.2,957.03,59.1998,,,,,,,,,34.8603,1.1629,23.1766,2.47,0.1531,59.3528
894,Zambia,grou,90.8,154.51,1.7018,0.2229,0.0945,0.0562,0.0,1.2149,0.0408,0.0725,0.0,,,,,,
894,Zambia,maiz,1504.7,969.88,0.6446,0.2375,0.03,0.0132,0.0,0.3005,0.0437,0.0197,0.0,,,,,,
894,Zambia,pigs,37.8,219.64,5.8178,,,,,,,,,0.9722,4.8456,0.0,19.97,0.529,6.3468
894,Zambia,pota,40.2,2.9,0.0722,0.0449,0.0026,0.0031,0.0,0.0134,0.0076,0.0006,0.0,,,,,,
894,Zambia,poul,117.8,196.18,1.6655,,,,,,,,,0.0,0.2665,1.399,57.88,0.4914,2.157
894,Zambia,rice,30.1,174.2,5.7875,0.1808,0.0219,0.0241,2.1766,3.2291,0.0456,0.1094,0.0,,,,,,
894,Zambia,sorg,2.8,15.82,5.5933,0.2841,0.6086,0.0938,0.0,4.2475,0.0592,0.3001,0.0,,,,,,
894,Zambia,soyb,167.7,84.88,0.5062,0.1721,0.0536,0.0246,0.0,0.1892,0.0332,0.0336,0.0,,,,,,
894,Zambia,sugc,4571.2,146.59,0.0321,0.0108,0.0001,0.0029,0.0,0.0166,0.001,0.0006,0.0,,,,,,
894,Zambia,whea,199.0,16.48,0.0828,0.0539,0.0034,0.0077,0.0,0.0006,0.0078,0.0094,0.0,,,,,,
