m49,country,commodity,production_kt,emissions_total_kt,ef_total_kgCO2e_per_kg,ef_fer_kgCO2e_per_kg,ef_man_kgCO2e_per_kg,ef_res_kgCO2e_per_kg,ef_rice_kgCO2e_per_kg,ef_peat_kgCO2e_per_kg,ef_urea_kgCO2e_per_kg,ef_burn_kgCO2e_per_kg,ef_soil_kgCO2e_per_kg,ef_ent_kgCO2e_per_kg,ef_mms_kgCO2e_per_kg,ef_prp_kgCO2e_per_kg,feed_emissions_kt,ef_feed_kgCO2e_per_kg,ef_with_feed_kgCO2e_per_kg
0,,barl,1504.9,811.27,0.5391,0.1,0.0585,0.0175,0.0,0.3375,0.007,0.0007,0.0179,,,,,,
0,,bcat,571.7,14723.35,25.7554,,,,,,,,,19.4275,2.0503,4.2776,0.0,0.0,25.7554
0,,buff,242.7,1735.75,7.1507,,,,,,,,,5.5733,0.7573,0.82,0.0,0.0,7.1507
0,,cott,210.2,158.5,0.7539,0.3417,0.0181,0.0296,0.0,0.2616,0.0679,0.0033,0.0317,,,,,,
0,,dcat,8470.5,5917.11,0.6986,,,,,,,,,0.5192,0.097,0.0824,0.0,0.0,0.6986
0,,goat,340.9,1854.32,5.4397,,,,,,,,,3.1757,0.1361,2.1279,0.0,0.0,5.4397
0,,grou,615.2,351.83,0.5719,0.08,0.0469,0.0228,0.0,0.4049,0.0118,0.0036,0.0018,,,,,,
0,,maiz,4591.1,2267.47,0.4939,0.1389,0.0216,0.0102,0.0,0.2992,0.0193,0.0023,0.0023,,,,,,
0,,oilp,19998.7,12653.68,0.6327,0.0249,0.0024,0.0,0.0,0.6017,0.0038,0.0,0.0,,,,,,
0,,olvs,59.7,536.14,8.9867,,,,,,,,,6.5567,0.4738,1.9561,0.0,0.0,8.9867
0,,pigs,1414.3,2343.33,1.6568,,,,,,,,,0.2821,1.3747,0.0,0.0,0.0,1.6568
0,,pota,3431.2,401.14,0.1169,0.0414,0.0057,0.0032,0.0,0.0589,0.0056,0.0001,0.002,,,,,,
0,,poul,3725.8,1699.78,0.4562,,,,,,,,,0.0,0.1665,0.2898,0.0,0.0,0.4562
0,,rape,297.6,263.34,0.885,0.2774,0.0877,0.0178,0.0,0.4664,0.0199,0.0015,0.0142,,,,,,
0,,rice,14417.2,18269.92,1.2672,0.0708,0.02,0.0071,0.9097,0.2297,0.0262,0.002,0.0018,,,,,,
0,,shee,307.1,2369.09,7.7131,,,,,,,,,5.1711,0.2233,2.3188,0.0,0.0,7.7131
0,,sorg,192.1,146.07,0.7604,0.0831,0.0145,0.0124,0.0,0.6138,0.0276,0.0081,0.001,,,,,,
0,,soyb,448.1,475.92,1.062,0.09,0.036,0.0217,0.0,0.8944,0.0122,0.0057,0.002,,,,,,
0,,sugc,26609.4,941.2,0.0354,0.0117,0.0013,0.0032,0.0,0.0167,0.0015,0.0003,0.0006,,,,,,
0,,whea,3480.6,1566.8,0.4502,0.1402,0.0452,0.0143,0.0,0.2256,0.0125,0.0016,0.0107,,,,,,
4,Afghanistan,barl,132.2,11.79,0.0892,0.006,0.0596,0.0211,0.0,0.0,0.0024,0.0,0.0,,,,,,
4,Afghanistan,bcat,102.2,1562.06,15.2903,,,,,,,,,12.9428,1.0943,1.2532,6.72,0.0657,15.3561
4,Afghanistan,buff,4.1,8.34,2.0282,,,,,,,,,1.6727,0.1676,0.1878,0.0,0.0,2.0282
4,Afghanistan,cott,78.0,12.26,0.1571,0.0734,0.0307,0.0264,0.0,0.0,0.0266,0.0001,0.0,,,,,,
4,Afghanistan,dcat,1883.8,6811.55,3.6158,,,,,,,,,2.8836,0.2605,0.4716,15.05,0.008,3.6238
4,Afghanistan,goat,162.4,1748.11,10.7616,,,,,,,,,6.4074,0.2192,4.135,3.02,0.0186,10.7802
4,Afghanistan,maiz,273.5,12.72,0.0465,0.0096,0.0243,0.0088,0.0,0.0,0.0039,0.0001,0.0,,,,,,
4,Afghanistan,olvs,11.1,673.25,60.7075,,,,,,,,,40.9586,2.5668,17.1821,0.12,0.0109,60.7184
4,Afghanistan,pota,869.2,9.25,0.0106,0.003,0.0033,0.0032,0.0,0.0,0.0012,0.0,0.0,,,,,,
4,Afghanistan,poul,48.1,41.85,0.8701,,,,,,,,,0.0,0.2462,0.6239,2.68,0.0557,0.9258
4,Afghanistan,rice,622.9,424.08,0.6808,0.0047,0.0088,0.0055,0.6596,0.0,0.0022,0.0,0.0,,,,,,
4,Afghanistan,shee,304.9,2618.14,8.5863,,,,,,,,,5.7172,0.2997,2.5694,7.07,0.0232,8.6095
4,Afghanistan,sugc,91.6,0.84,0.0091,0.0034,0.0011,0.003,0.0,0.0,0.0016,0.0,0.0,,,,,,
4,Afghanistan,whea,5137.5,307.97,0.0599,0.0188,0.0202,0.013,0.0,0.0,0.0079,0.0,0.0,,,,,,
8,Albania,barl,12.4,2.64,0.2131,0.0832,0.0387,0.0188,0.0,0.0212,0.0209,0.0053,0.0249,,,,,,
8,Albania,bcat,31.0,130.19,4.197,,,,,,,,,3.2183,0.6264,0.3523,10.28,0.3313,4.5283
8,Albania,dcat,871.2,1202.38,1.3802,,,,,,,,,1.0106,0.2996,0.07,33.72,0.0387,1.4189
8,Albania,goat,84.2,176.34,2.0943,,,,,,,,,1.1511,0.0431,0.9,7.57,0.0899,2.1842
8,Albania,maiz,380.6,69.76,0.1833,0.0523,0.0174,0.0088,0.0,0.0797,0.0103,0.0034,0.0114,,,,,,
8,Albania,pigs,8.4,37.26,4.4251,,,,,,,,,0.7059,3.7191,0.0,3.19,0.3789,4.8039
8,Albania,pota,241.2,13.94,0.0578,0.0195,0.0053,0.0033,0.0,0.0214,0.0037,0.0005,0.0041,,,,,,
8,Albania,poul,70.8,35.5,0.5015,,,,,,,,,0.0,0.4886,0.0129,17.07,0.2411,0.7427
8,Albania,shee,88.4,447.6,5.0633,,,,,,,,,3.5695,0.1714,1.3225,9.63,0.109,5.1723
8,Albania,whea,222.9,82.35,0.3694,0.1856,0.0328,0.0134,0.0,0.0719,0.0404,0.0075,0.0179,,,,,,
12,Algeria,barl,1194.5,99.82,0.0836,0.0084,0.0511,0.0191,0.0,0.0,0.0022,0.0025,0.0003,,,,,,
12,Algeria,bcat,140.2,1021.29,7.2845,,,,,,,,,4.811,0.1779,2.2956,10.82,0.0772,7.3617
12,Algeria,dcat,2387.8,1629.68,0.6825,,,,,,,,,0.4668,0.0132,0.2025,21.14,0.0089,0.6914
12,Algeria,goat,360.0,1110.98,3.0857,,,,,,,,,1.8056,0.0658,1.2143,7.4,0.0206,3.1063
12,Algeria,grou,11.8,1.66,0.1399,0.069,0.029,0.0194,0.0,0.0,0.0171,0.0051,0.0003,,,,,,
12,Algeria,maiz,2.4,1.14,0.477,0.3272,0.0519,0.0138,0.0,0.0,0.0816,0.0017,0.0008,,,,,,
12,Algeria,olvs,26.6,605.08,22.7561,,,,,,,,,18.1326,0.8543,3.7691,0.37,0.0139,22.7699
12,Algeria,pota,4568.2,87.7,0.0192,0.0122,0.0016,0.0023,0.0,0.0,0.0028,0.0003,0.0,,,,,,
12,Algeria,poul,814.0,854.59,1.0499,,,,,,,,,0.0,0.1714,0.8784,50.38,0.0619,1.1117
12,Algeria,rape,22.5,3.48,0.1546,0.0716,0.0481,0.0123,0.0,0.0,0.0188,0.0036,0.0001,,,,,,
12,Algeria,shee,914.8,6500.65,7.1058,,,,,,,,,4.5175,0.1666,2.4216,23.19,0.0254,7.1311
12,Algeria,whea,3067.8,185.44,0.0604,0.0078,0.0355,0.0125,0.0,0.0,0.002,0.0023,0.0003,,,,,,
20,,dcat,2.7,1.57,0.5745,,,,,,,,,0.4263,0.1186,0.0296,0.0,0.0,0.5745
24,Angola,bcat,99.3,5905.55,59.4718,,,,,,,,,39.2789,1.4513,18.7416,60.19,0.6061,60.0779
24,Angola,cott,2.9,0.63,0.2137,0.0154,0.0205,0.0317,0.0,0.1089,0.0,0.0372,0.0,,,,,,
24,Angola,dcat,214.2,806.78,3.7672,,,,,,,,,2.5765,0.073,1.1177,14.84,0.0693,3.8365
24,Angola,goat,10.3,726.35,70.5878,,,,,,,,,41.3045,1.5042,27.7791,2.37,0.23,70.8178
24,Angola,grou,226.2,73.68,0.3257,0.0039,0.0286,0.0611,0.0,0.1611,0.0001,0.0708,0.0,,,,,,
24,Angola,maiz,2978.4,420.68,0.1412,0.013,0.0193,0.0198,0.0,0.0737,0.0008,0.0146,0.0001,,,,,,
24,Angola,oilp,280.4,2.24,0.008,0.0,0.008,0.0,0.0,0.0,0.0,0.0,0.0,,,,,,
24,Angola,pigs,127.1,505.52,3.9761,,,,,,,,,0.6179,3.3582,0.0,88.94,0.6996,4.6756
24,Angola,pota,482.1,13.54,0.0281,0.0067,0.0048,0.006,0.0,0.0081,0.0004,0.0022,0.0,,,,,,
24,Angola,poul,97.0,163.06,1.6804,,,,,,,,,0.0,0.2662,1.4141,50.74,0.5229,2.2032
24,Angola,rice,10.0,9.2,0.9154,0.0083,0.0312,0.0239,0.7225,0.0532,0.0009,0.0754,0.0,,,,,,
24,Angola,shee,1.1,71.54,63.8714,,,,,,,,,40.6,1.5045,21.767,0.83,0.7426,64.614
24,Angola,sorg,34.6,27.81,0.8048,0.0111,0.2053,0.052,0.0,0.4381,0.0009,0.0955,0.0019,,,,,,
24,Angola,soyb,36.5,4.33,0.1185,0.0083,0.0383,0.033,0.0,0.0196,0.0,0.0192,0.0,,,,,,
24,Angola,sugc,860.5,5.49,0.0064,0.0012,0.0007,0.0033,0.0,0.0007,0.0001,0.0005,0.0,,,,,,
24,Angola,whea,5.3,0.55,0.1019,0.0254,0.0273,0.0146,0.0,0.0193,0.0,0.0092,0.0062,,,,,,
31,Azerbaijan,barl,980.6,181.82,0.1854,0.1036,0.0543,0.0203,0.0,0.0,0.0024,0.0045,0.0004,,,,,,
31,Azerbaijan,bcat,141.7,1599.92,11.2949,,,,,,,,,7.1652,0.3004,3.8293,88.55,0.6251,11.92
31,Azerbaijan,buff,1.5,13.64,8.9711,,,,,,,,,7.3987,0.6632,0.9092,0.0,0.0,8.9711
31,Azerbaijan,cott,333.0,132.55,0.3981,0.3022,0.0518,0.027,0.0,0.0,0.0054,0.0117,0.0,,,,,,
31,Azerbaijan,dcat,2145.0,2444.33,1.1395,,,,,,,,,0.7276,0.0369,0.375,155.73,0.0726,1.2121
31,Azerbaijan,goat,6.0,134.18,22.4752,,,,,,,,,13.2139,0.304,8.9573,0.88,0.1476,22.6228
31,Azerbaijan,maiz,308.1,22.75,0.0738,0.0524,0.0112,0.0071,0.0,0.0,0.001,0.0017,0.0004,,,,,,
31,Azerbaijan,pota,1083.8,37.33,0.0344,0.0223,0.0076,0.003,0.0,0.0,0.0012,0.0003,0.0001,,,,,,
31,Azerbaijan,poul,228.7,136.41,0.5964,,,,,,,,,0.0,0.086,0.5103,113.85,0.4977,1.0941
31,Azerbaijan,rape,2.1,0.24,0.1123,0.0509,0.0208,0.017,0.0,0.0,0.0198,0.0019,0.0019,,,,,,
31,Azerbaijan,rice,10.9,18.93,1.7434,0.1435,0.053,0.0105,1.5259,0.0,0.006,0.0042,0.0003,,,,,,
31,Azerbaijan,shee,117.9,1566.18,13.2817,,,,,,,,,8.5149,0.1805,4.5863,24.2,0.2053,13.4869
31,Azerbaijan,soyb,12.3,0.71,0.0574,0.0147,0.0176,0.0167,0.0,0.0,0.0056,0.002,0.0009,,,,,,
31,Azerbaijan,whea,1872.7,447.84,0.2391,0.169,0.0438,0.0151,0.0,0.0,0.0038,0.0069,0.0005,,,,,,
32,Argentina,barl,3596.0,423.07,0.1176,0.0667,0.002,0.0155,0.0,0.0053,0.0278,0.0004,0.0,,,,,,
32,Argentina,bcat,3159.9,103273.77,32.6824,,,,,,,,,25.3074,0.4663,6.9087,1921.74,0.6082,33.2906
32,Argentina,cott,1045.7,63.58,0.0608,0.0132,0.003,0.0294,0.0,0.008,0.0021,0.0051,0.0,,,,,,
32,Argentina,dcat,11424.6,3506.64,0.3069,,,,,,,,,0.265,0.0061,0.0358,809.97,0.0709,0.3778
32,Argentina,goat,3.1,345.36,112.4935,,,,,,,,,65.9205,2.2391,44.3339,1.37,0.4473,112.9408
32,Argentina,grou,1285.6,142.19,0.1106,0.0628,0.0019,0.0186,0.0,0.0,0.0265,0.0009,0.0,,,,,,
32,Argentina,maiz,58564.8,3050.37,0.0521,0.0287,0.0013,0.007,0.0,0.0054,0.0092,0.0006,0.0,,,,,,
32,Argentina,olvs,8.3,882.53,105.8185,,,,,,,,,66.7928,5.801,33.2247,2.04,0.2447,106.0632
32,Argentina,pigs,655.0,701.98,1.0717,,,,,,,,,0.2225,0.8492,0.0,450.5,0.6878,1.7595
32,Argentina,pota,2890.8,33.81,0.0117,0.0061,0.0002,0.0021,0.0,0.0005,0.0023,0.0004,0.0,,,,,,
32,Argentina,poul,2947.7,358.59,0.1217,,,,,,,,,0.0,0.0419,0.0798,1520.92,0.516,0.6376
32,Argentina,rape,32.5,69.33,2.1365,0.0777,0.0939,0.0198,0.0,1.9271,0.0157,0.0023,0.0,,,,,,
32,Argentina,rice,1588.5,1317.16,0.8292,0.0413,0.0058,0.0086,0.6326,0.1241,0.0121,0.0046,0.0,,,,,,
32,Argentina,shee,44.0,2559.73,58.1229,,,,,,,,,37.0338,1.0367,20.0524,10.82,0.2456,58.3685
32,Argentina,sorg,1829.8,116.47,0.0637,0.0168,0.0054,0.015,0.0,0.0203,0.0037,0.0024,0.0,,,,,,
32,Argentina,soyb,48954.9,2342.59,0.0479,0.0003,0.0042,0.0144,0.0,0.0276,0.0,0.0014,0.0,,,,,,
32,Argentina,sugc,17545.1,146.37,0.0083,0.0029,0.0002,0.0012,0.0,0.0026,0.0006,0.0009,0.0,,,,,,
32,Argentina,whea,17645.7,3364.7,0.1907,0.1218,0.0036,0.0139,0.0,0.0151,0.0351,0.0011,0.0,,,,,,
36,Australia,barl,14619.3,2148.25,0.1469,0.0908,0.0006,0.0132,0.0,0.0046,0.0342,0.0023,0.0012,,,,,,
36,Australia,bcat,2087.7,49924.13,23.9135,,,,,,,,,16.8608,1.1187,5.934,1633.86,0.7826,24.6961
36,Australia,cott,289.6,95.44,0.3295,0.1648,0.0019,0.1066,0.0,0.0,0.044,0.0092,0.0031,,,,,,
36,Australia,dcat,8974.3,5323.6,0.5932,,,,,,,,,0.3723,0.1237,0.0973,816.15,0.0909,0.6841
36,Australia,goat,8.2,596.73,72.3308,,,,,,,,,37.215,1.4885,33.6273,3.18,0.3857,72.7165
36,Australia,grou,11.9,2.63,0.2206,0.015,0.175,0.0208,0.0,0.0,0.0,0.0095,0.0003,,,,,,
36,Australia,maiz,262.8,45.95,0.1749,0.0601,0.0053,0.0096,0.0,0.0779,0.017,0.003,0.002,,,,,,
36,Australia,olvs,18.4,149.07,8.0972,,,,,,,,,4.9115,0.6379,2.5478,3.55,0.1931,8.2903
36,Australia,pigs,410.9,1003.87,2.4433,,,,,,,,,0.2184,2.225,0.0,365.0,0.8884,3.3317
36,Australia,pota,980.2,128.47,0.1311,0.0331,0.0016,0.0028,0.0,0.0843,0.0082,0.0008,0.0002,,,,,,
36,Australia,poul,1474.9,154.7,0.1049,,,,,,,,,0.0,0.0965,0.0084,952.88,0.6461,0.7509
36,Australia,rape,4745.4,874.26,0.1842,0.1079,0.0011,0.0139,0.0,0.0132,0.0405,0.0064,0.0012,,,,,,
36,Australia,rice,49.9,42.98,0.8609,0.032,0.0019,0.0231,0.782,0.0,0.0128,0.0033,0.0057,,,,,,
36,Australia,shee,642.4,21475.49,33.4322,,,,,,,,,20.8801,0.7308,11.8212,168.58,0.2624,33.6946
36,Australia,sorg,395.2,89.77,0.2271,0.1304,0.004,0.0468,0.0,0.0021,0.0381,0.0042,0.0015,,,,,,
36,Australia,soyb,15.3,30.09,1.9628,0.0129,0.0012,0.0249,0.0,1.8997,0.0027,0.019,0.0023,,,,,,
36,Australia,sugc,28800.0,271.39,0.0094,0.0038,0.0,0.0045,0.0,0.0004,0.0005,0.0002,0.0,,,,,,
36,Australia,whea,31873.1,1837.27,0.0576,0.0273,0.0007,0.0095,0.0,0.0067,0.0102,0.0026,0.0007,,,,,,
40,Austria,barl,847.8,215.94,0.2547,0.1047,0.0279,0.0168,0.0,0.0943,0.0033,0.0001,0.0076,,,,,,
40,Austria,bcat,208.3,2535.36,12.1705,,,,,,,,,9.4642,1.6735,1.0329,114.16,0.548,12.7185
40,Austria,dcat,3704.8,2140.81,0.5779,,,,,,,,,0.4321,0.1159,0.0299,232.71,0.0628,0.6407
40,Austria,goat,24.6,22.05,0.8947,,,,,,,,,0.4916,0.0183,0.3848,3.63,0.1473,1.042
40,Austria,maiz,2282.5,390.33,0.171,0.0765,0.0232,0.0085,0.0,0.0556,0.0023,0.0,0.0049,,,,,,
40,Austria,pigs,479.9,629.45,1.3116,,,,,,,,,0.2263,1.0854,0.0,298.12,0.6212,1.9329
40,Austria,pota,823.6,22.33,0.0271,0.0126,0.0033,0.0027,0.0,0.007,0.0005,0.0,0.001,,,,,,
40,Austria,poul,271.5,63.37,0.2334,,,,,,,,,0.0,0.2265,0.0069,115.8,0.4266,0.66
40,Austria,rape,105.8,68.0,0.6428,0.214,0.0466,0.0177,0.0,0.3465,0.0097,0.0001,0.0082,,,,,,
40,Austria,shee,17.3,117.29,6.7916,,,,,,,,,4.7881,0.231,1.7725,3.13,0.1813,6.9729
40,Austria,sorg,37.3,7.09,0.1898,0.0685,0.0214,0.0102,0.0,0.083,0.0023,0.0,0.0044,,,,,,
40,Austria,soyb,191.7,103.59,0.5404,0.0921,0.0626,0.018,0.0,0.3566,0.0031,0.0001,0.008,,,,,,
40,Austria,whea,1613.5,530.09,0.3285,0.1512,0.0324,0.0139,0.0,0.1211,0.0044,0.0001,0.0056,,,,,,
44,Bahamas,poul,4.5,5.25,1.1538,,,,,,,,,0.0,0.4429,0.711,1.91,0.4199,1.5737
44,Bahamas,sugc,63.0,17.34,0.2754,0.0014,0.0001,0.0026,0.0,0.2706,0.0008,0.0,0.0,,,,,,
50,Bangladesh,bcat,187.9,13479.19,71.7513,,,,,,,,,60.9876,4.9975,5.7662,98.97,0.5268,72.2781
50,Bangladesh,buff,278.1,2488.01,8.9468,,,,,,,,,7.379,0.739,0.8288,45.36,0.1631,9.1099
50,Bangladesh,cott,80.0,32.84,0.4107,0.126,0.0491,0.022,0.0,0.1941,0.0193,0.0002,0.0,,,,,,
50,Bangladesh,dcat,9659.4,16424.06,1.7003,,,,,,,,,1.3563,0.1209,0.2231,557.13,0.0577,1.758
50,Bangladesh,goat,971.1,5954.35,6.1315,,,,,,,,,3.6146,0.1842,2.3327,128.86,0.1327,6.2642
50,Bangladesh,grou,55.2,62.52,1.1318,0.3398,0.077,0.0276,0.0,0.6347,0.0526,0.0,0.0,,,,,,
50,Bangladesh,maiz,3934.7,848.06,0.2155,0.1084,0.0175,0.0079,0.0,0.0648,0.0169,0.0,0.0,,,,,,
50,Bangladesh,pigs,4.9,21.06,4.307,,,,,,,,,0.6297,3.6773,0.0,0.0,0.0,4.307
50,Bangladesh,pota,9845.2,1487.08,0.151,0.0957,0.0078,0.0032,0.0,0.0294,0.0149,0.0,0.0,,,,,,
50,Bangladesh,poul,1189.3,1252.91,1.0535,,,,,,,,,0.0,0.3356,0.7179,477.36,0.4014,1.4549
50,Bangladesh,rape,389.0,474.63,1.2202,0.528,0.1306,0.0241,0.0,0.456,0.0812,0.0003,0.0,,,,,,
50,Bangladesh,rice,54365.8,43887.38,0.8073,0.0754,0.0249,0.0086,0.5543,0.1193,0.0248,0.0001,0.0,,,,,,
50,Bangladesh,shee,56.5,708.0,12.5221,,,,,,,,,8.2554,0.5567,3.7101,9.81,0.1735,12.6957
50,Bangladesh,soyb,99.0,134.55,1.3594,0.738,0.0768,0.0199,0.0,0.4085,0.1158,0.0005,0.0,,,,,,
50,Bangladesh,sugc,3595.1,159.31,0.0443,0.0186,0.0035,0.0036,0.0,0.0158,0.0029,0.0,0.0,,,,,,
50,Bangladesh,whea,979.2,382.46,0.3906,0.1569,0.0582,0.0142,0.0,0.1369,0.0242,0.0001,0.0,,,,,,
51,Armenia,barl,101.6,48.85,0.4807,0.2493,0.0975,0.0162,0.0,0.0269,0.0239,0.0064,0.0605,,,,,,
51,Armenia,bcat,68.7,462.85,6.7324,,,,,,,,,4.2524,0.1731,2.3069,16.69,0.2427,6.9751
51,Armenia,dcat,642.9,536.09,0.8338,,,,,,,,,0.5308,0.0265,0.2765,17.25,0.0268,0.8607
51,Armenia,goat,4.2,9.83,2.3458,,,,,,,,,1.3795,0.0296,0.9368,0.26,0.0611,2.4069
51,Armenia,maiz,10.1,1.95,0.1937,0.129,0.0334,0.0073,0.0,0.0,0.0127,0.0023,0.0089,,,,,,
51,Armenia,pigs,16.0,34.3,2.1396,,,,,,,,,0.369,1.7706,0.0,4.49,0.2798,2.4194
51,Armenia,pota,440.9,5.85,0.0133,0.0019,0.0014,0.0031,0.0,0.002,0.0001,0.0007,0.004,,,,,,
51,Armenia,poul,55.0,21.47,0.3901,,,,,,,,,0.0,0.0519,0.3382,10.57,0.1921,0.5822
51,Armenia,shee,57.6,177.58,3.0851,,,,,,,,,1.9756,0.0395,1.0699,4.54,0.0789,3.164
51,Armenia,whea,156.7,76.54,0.4886,0.2997,0.0822,0.0126,0.0,0.0172,0.0272,0.0106,0.0391,,,,,,
52,Barbados,dcat,2.7,4.45,1.6663,,,,,,,,,1.4225,0.0517,0.1921,0.01,0.0023,1.6686
52,Barbados,pigs,1.9,2.3,1.2376,,,,,,,,,0.2161,1.0215,0.0,0.04,0.0231,1.2608
52,Barbados,poul,10.3,9.52,0.9209,,,,,,,,,0.0,0.3372,0.5837,0.16,0.0159,0.9368
52,Barbados,sugc,62.1,4.72,0.0759,0.0053,0.0236,0.0028,0.0,0.0,0.0008,0.0,0.0434,,,,,,
56,Belgium,barl,336.9,137.67,0.4086,0.0976,0.1,0.02,0.0,0.1716,0.0043,0.0,0.0151,,,,,,
56,Belgium,bcat,250.7,3513.8,14.0148,,,,,,,,,10.8953,1.9272,1.1923,68.02,0.2713,14.2861
56,Belgium,dcat,4606.6,2337.46,0.5074,,,,,,,,,0.3793,0.1019,0.0263,138.97,0.0302,0.5376
56,Belgium,goat,54.9,5.11,0.0932,,,,,,,,,0.0512,0.0019,0.04,3.23,0.0588,0.152
56,Belgium,maiz,400.0,162.56,0.4064,0.0498,0.1293,0.0102,0.0,0.2019,0.0022,0.0,0.013,,,,,,
56,Belgium,pigs,1076.8,1447.05,1.3438,,,,,,,,,0.2312,1.1126,0.0,332.83,0.3091,1.6529
56,Belgium,pota,3884.4,330.45,0.0851,0.0256,0.0229,0.0034,0.0,0.0283,0.0011,0.0,0.0038,,,,,,
56,Belgium,poul,438.9,159.7,0.3639,,,,,,,,,0.0,0.3523,0.0116,94.38,0.215,0.5789
56,Belgium,rape,33.6,22.83,0.6794,0.3766,0.1426,0.0203,0.0,0.1144,0.0172,0.0,0.0083,,,,,,
56,Belgium,shee,2.7,2.27,0.8362,,,,,,,,,0.5893,0.0284,0.2185,0.24,0.0871,0.9233
56,Belgium,whea,1726.3,909.57,0.5269,0.1612,0.1243,0.0145,0.0,0.2039,0.0072,0.0001,0.0157,,,,,,
64,Bhutan,buff,1.1,44.55,40.1315,,,,,,,,,33.5811,2.7775,3.773,0.02,0.0199,40.1515
64,Bhutan,dcat,113.9,203.17,1.7833,,,,,,,,,1.4224,0.1271,0.2338,4.19,0.0368,1.82
64,Bhutan,goat,7.2,39.68,5.5499,,,,,,,,,3.2824,0.1484,2.1192,0.05,0.0068,5.5568
64,Bhutan,maiz,61.1,15.36,0.2514,0.1753,0.0373,0.0103,0.0,0.0,0.0252,0.0028,0.0007,,,,,,
64,Bhutan,pigs,2.3,8.62,3.7316,,,,,,,,,0.6134,3.1182,0.0,0.6,0.2589,3.9905
64,Bhutan,pota,126.7,24.57,0.1938,0.1539,0.0121,0.0051,0.0,0.0,0.0223,0.0002,0.0003,,,,,,
64,Bhutan,poul,14.3,6.26,0.439,,,,,,,,,0.0,0.1252,0.3138,4.34,0.3046,0.7436
64,Bhutan,rape,3.8,4.46,1.1668,0.8312,0.1613,0.0513,0.0,0.0,0.1207,0.0018,0.0005,,,,,,
64,Bhutan,rice,159.3,108.56,0.6813,0.241,0.025,0.0145,0.337,0.0,0.0605,0.0009,0.0024,,,,,,
64,Bhutan,sugc,8.2,0.43,0.0521,0.0364,0.0058,0.0044,0.0,0.0,0.0052,0.0,0.0002,,,,,,
64,Bhutan,whea,1.7,0.5,0.2879,0.1358,0.1006,0.0156,0.0,0.0,0.0168,0.0029,0.0162,,,,,,
68,Bolivia (Plurinational State of),barl,47.2,18.4,0.3903,0.0252,0.0878,0.0263,0.0,0.244,0.0043,0.0027,0.0,,,,,,
68,Bolivia (Plurinational State of),bcat,285.0,19650.15,68.9527,,,,,,,,,53.3931,0.9838,14.5758,91.48,0.321,69.2737
68,Bolivia (Plurinational State of),cott,46.0,11.52,0.2508,0.1783,0.013,0.0329,0.0,0.0076,0.0176,0.0014,0.0,,,,,,
68,Bolivia (Plurinational State of),dcat,604.4,541.47,0.8959,,,,,,,,,0.7736,0.0179,0.1045,21.57,0.0357,0.9316
68,Bolivia (Plurinational State of),goat,34.7,498.26,14.3508,,,,,,,,,8.3978,0.3056,5.6474,3.23,0.093,14.4438
68,Bolivia (Plurinational State of),grou,25.7,2.79,0.1087,0.005,0.0574,0.0315,0.0,0.0029,0.0001,0.0118,0.0,,,,,,
68,Bolivia (Plurinational State of),maiz,962.4,96.04,0.0998,0.0068,0.0499,0.0132,0.0,0.0245,0.0005,0.0049,0.0,,,,,,
68,Bolivia (Plurinational State of),pigs,115.3,412.92,3.5813,,,,,,,,,0.7434,2.8378,0.0,43.28,0.3754,3.9566
68,Bolivia (Plurinational State of),pota,1312.6,89.74,0.0684,0.0309,0.0205,0.0075,0.0,0.0044,0.0049,0.0002,0.0,,,,,,
68,Bolivia (Plurinational State of),poul,601.9,579.69,0.963,,,,,,,,,0.0,0.3647,0.5983,159.07,0.2643,1.2273
68,Bolivia (Plurinational State of),rice,486.4,106.92,0.2198,0.007,0.0203,0.0161,0.1314,0.034,0.0004,0.0105,0.0,,,,,,
68,Bolivia (Plurinational State of),shee,58.9,1563.62,26.565,,,,,,,,,16.9047,0.507,9.1533,6.73,0.1143,26.6794
68,Bolivia (Plurinational State of),sorg,1019.6,119.65,0.1173,0.0233,0.0358,0.0194,0.0,0.03,0.0015,0.0074,0.0,,,,,,
68,Bolivia (Plurinational State of),soyb,2832.8,172.85,0.061,0.0015,0.0221,0.0231,0.0,0.0082,0.0001,0.0061,0.0,,,,,,
68,Bolivia (Plurinational State of),sugc,10115.7,61.76,0.0061,0.0002,0.0009,0.0039,0.0,0.0008,0.0,0.0003,0.0,,,,,,
68,Bolivia (Plurinational State of),whea,311.0,47.53,0.1528,0.0088,0.1004,0.0178,0.0,0.0194,0.0005,0.0058,0.0,,,,,,
70,Bosnia and Herzegovina,barl,96.8,14.76,0.1524,0.0883,0.0133,0.0173,0.0,0.0225,0.0039,0.006,0.001,,,,,,
70,Bosnia and Herzegovina,bcat,15.1,429.92,28.434,,,,,,,,,22.1034,3.9122,2.4184,15.94,1.0543,29.4883
70,Bosnia and Herzegovina,dcat,623.5,860.38,1.3798,,,,,,,,,1.0314,0.277,0.0714,80.89,0.1297,1.5095
70,Bosnia and Herzegovina,maiz,1407.0,127.29,0.0905,0.0574,0.0076,0.0074,0.0,0.0118,0.0027,0.0034,0.0002,,,,,,
70,Bosnia and Herzegovina,pigs,17.2,133.61,7.768,,,,,,,,,1.3355,6.4324,0.0,9.52,0.5534,8.3214
70,Bosnia and Herzegovina,pota,401.7,24.51,0.061,0.0427,0.0039,0.0034,0.0,0.0085,0.0017,0.0009,0.0,,,,,,
70,Bosnia and Herzegovina,poul,84.2,41.24,0.4896,,,,,,,,,0.0,0.4728,0.0169,77.86,0.9244,1.414
70,Bosnia and Herzegovina,rape,12.0,2.37,0.1986,0.1227,0.0181,0.015,0.0,0.0231,0.0094,0.0076,0.0028,,,,,,
70,Bosnia and Herzegovina,shee,16.7,301.76,18.08,,,,,,,,,12.7451,0.6121,4.7228,6.17,0.37,18.45
70,Bosnia and Herzegovina,soyb,48.4,4.21,0.0868,0.0225,0.0196,0.0159,0.0,0.018,0.002,0.0069,0.002,,,,,,
70,Bosnia and Herzegovina,whea,365.4,94.31,0.2581,0.1948,0.0122,0.0131,0.0,0.0207,0.0091,0.0076,0.0005,,,,,,
72,Botswana,bcat,67.3,1264.06,18.7853,,,,,,,,,12.4071,0.4583,5.9199,27.77,0.4127,19.198
72,Botswana,dcat,27.3,14.0,0.5138,,,,,,,,,0.3534,0.0074,0.153,1.14,0.0417,0.5555
72,Botswana,goat,13.4,246.87,18.3546,,,,,,,,,10.7398,0.3918,7.223,1.77,0.1316,18.4863
72,Botswana,grou,1.2,0.21,0.1821,0.0197,0.1325,0.0299,0.0,0.0,0.0,0.0,0.0,,,,,,
72,Botswana,maiz,56.4,43.03,0.7634,0.2269,0.0777,0.0131,0.0,0.4347,0.0035,0.0036,0.004,,,,,,
72,Botswana,pota,2.1,0.46,0.2175,0.11,0.0147,0.0024,0.0,0.09,0.0,0.0,0.0005,,,,,,
72,Botswana,poul,4.9,3.6,0.7364,,,,,,,,,0.0,0.1096,0.6268,1.76,0.3605,1.0969
72,Botswana,sorg,82.7,20.68,0.2499,0.04,0.0262,0.0073,0.0,0.1729,0.0003,0.0029,0.0003,,,,,,
76,Brazil,barl,387.0,133.69,0.3455,0.23,0.0183,0.0241,0.0,0.05,0.0228,0.0003,0.0,,,,,,
76,Brazil,bcat,7802.2,393003.63,50.3711,,,,,,,,,39.0046,0.7187,10.6479,8358.64,1.0713,51.4425
76,Brazil,cott,7030.9,3424.55,0.4871,0.3816,0.0115,0.033,0.0,0.0173,0.0395,0.0041,0.0,,,,,,
76,Brazil,dcat,36257.6,35791.25,0.9871,,,,,,,,,0.8523,0.0198,0.1151,4533.37,0.125,1.1122
76,Brazil,goat,59.8,2436.58,40.7591,,,,,,,,,23.8511,0.8679,16.0401,19.58,0.3275,41.0866
76,Brazil,grou,647.6,145.01,0.2239,0.1259,0.0187,0.031,0.0,0.0322,0.0125,0.0036,0.0,,,,,,
76,Brazil,maiz,103422.9,18911.71,0.1829,0.1218,0.0115,0.0101,0.0,0.0257,0.0125,0.0013,0.0,,,,,,
76,Brazil,oilp,2873.5,151.21,0.0526,0.0288,0.0076,0.0,0.0,0.0133,0.0029,0.0,0.0,,,,,,
76,Brazil,olvs,1.6,420.05,257.7006,,,,,,,,,162.173,15.0374,80.4902,4.03,2.4737,260.1743
76,Brazil,pigs,4442.9,5313.8,1.196,,,,,,,,,0.2483,0.9477,0.0,5426.15,1.2213,2.4173
76,Brazil,pota,3748.9,402.29,0.1073,0.0841,0.0063,0.0033,0.0,0.005,0.0085,0.0001,0.0,,,,,,
76,Brazil,poul,17187.7,4121.44,0.2398,,,,,,,,,0.0,0.0894,0.1504,14742.58,0.8577,1.0975
76,Brazil,rape,39.2,20.91,0.534,0.1502,0.1169,0.0336,0.0,0.2094,0.0176,0.0063,0.0,,,,,,
76,Brazil,rice,10490.8,6384.0,0.6085,0.1371,0.0089,0.0097,0.3763,0.0528,0.0224,0.0014,0.0,,,,,,
76,Brazil,shee,86.2,3707.05,43.0202,,,,,,,,,27.3759,0.8212,14.8231,36.41,0.4225,43.4427
76,Brazil,sorg,2757.7,1289.38,0.4676,0.3735,0.0221,0.017,0.0,0.0134,0.0378,0.0038,0.0,,,,,,
76,Brazil,soyb,121474.0,16726.34,0.1377,0.0585,0.0151,0.0191,0.0,0.0372,0.0059,0.0019,0.0,,,,,,
76,Brazil,sugc,755005.3,15584.26,0.0206,0.0128,0.0009,0.0042,0.0,0.0012,0.0013,0.0003,0.0,,,,,,
76,Brazil,whea,6325.9,2998.53,0.474,0.364,0.0304,0.0196,0.0,0.0234,0.036,0.0007,0.0,,,,,,
84,Belize,bcat,3.6,246.04,67.9666,,,,,,,,,52.629,0.9696,14.368,11.07,3.0593,71.0259
84,Belize,dcat,10.8,27.72,2.5666,,,,,,,,,2.2152,0.0522,0.2992,3.7,0.3428,2.9094
84,Belize,maiz,95.3,144.02,1.5104,0.2998,0.0066,0.0109,0.0,1.1484,0.0208,0.0239,0.0,,,,,,
84,Belize,pigs,2.1,3.6,1.6976,,,,,,,,,0.3481,1.3495,0.0,16.32,7.6988,9.3964
84,Belize,pota,1.1,0.36,0.3291,0.25,0.0055,0.0045,0.0,0.0518,0.0155,0.0018,0.0,,,,,,
84,Belize,poul,21.7,5.56,0.2557,,,,,,,,,0.0,0.0904,0.1653,120.51,5.5433,5.799
84,Belize,rice,13.7,16.22,1.1842,0.175,0.0047,0.0084,0.0536,0.8966,0.0195,0.0265,0.0,,,,,,
84,Belize,sorg,11.0,46.28,4.1997,0.3593,0.0099,0.0138,0.0,3.7356,0.023,0.0582,0.0,,,,,,
84,Belize,soyb,13.6,102.92,7.5953,0.1059,0.0233,0.0238,0.0,7.3676,0.0066,0.068,0.0,,,,,,
84,Belize,sugc,1688.2,287.44,0.1703,0.0314,0.0008,0.0045,0.0,0.1281,0.002,0.0035,0.0,,,,,,
90,Solomon Islands,dcat,2.0,6.08,2.9926,,,,,,,,,1.8517,0.6547,0.4862,0.0,0.0021,2.9947
90,Solomon Islands,oilp,113.0,0.7,0.0062,0.0023,0.0038,0.0,0.0,0.0,0.0001,0.0,0.0,,,,,,
90,Solomon Islands,pigs,1.7,16.0,9.6964,,,,,,,,,0.5964,9.1,0.0,0.03,0.0204,9.7168
96,Brunei Darussalam,bcat,1.6,0.92,0.5923,,,,,,,,,0.4432,0.071,0.0781,0.01,0.005,0.5973
96,Brunei Darussalam,oilp,189.5,7.56,0.0399,0.0288,0.0064,0.0,0.0,0.0,0.0047,0.0,0.0,,,,,,
96,Brunei Darussalam,poul,40.0,49.79,1.2458,,,,,,,,,0.0,0.4473,0.7985,0.12,0.003,1.2488
96,Brunei Darussalam,rice,4.7,4.61,0.9821,0.0554,0.0512,0.0119,0.7075,0.1375,0.0132,0.0051,0.0002,,,,,,
100,Bulgaria,barl,567.2,138.55,0.2443,0.0942,0.0064,0.0155,0.0,0.0973,0.026,0.0042,0.0006,,,,,,
100,Bulgaria,bcat,17.9,689.77,38.5775,,,,,,,,,30.7381,5.7027,2.1366,49.31,2.7581,41.3355
100,Bulgaria,buff,15.3,35.54,2.3246,,,,,,,,,1.8939,0.2602,0.1706,15.29,0.9998,3.3244
100,Bulgaria,cott,12.1,8.44,0.6969,0.3467,0.0223,0.032,0.0,0.0895,0.0773,0.0078,0.1214,,,,,,
100,Bulgaria,dcat,889.3,804.59,0.9048,,,,,,,,,0.7291,0.1384,0.0372,296.15,0.333,1.2378
100,Bulgaria,goat,37.1,70.07,1.8871,,,,,,,,,1.0483,0.05,0.7888,24.93,0.6715,2.5587
100,Bulgaria,maiz,3003.1,551.88,0.1838,0.0622,0.0042,0.0086,0.0,0.0861,0.0169,0.0057,0.0002,,,,,,
100,Bulgaria,pigs,65.5,95.74,1.4608,,,,,,,,,0.3675,1.0933,0.0,213.87,3.2632,4.724
100,Bulgaria,pota,210.4,7.43,0.0353,0.0109,0.0024,0.0032,0.0,0.0157,0.0025,0.0004,0.0004,,,,,,
100,Bulgaria,poul,85.1,91.18,1.0717,,,,,,,,,0.0,1.0607,0.011,200.14,2.3523,3.424
100,Bulgaria,rape,282.5,124.51,0.4408,0.1385,0.0142,0.019,0.0,0.2224,0.0382,0.0078,0.0007,,,,,,
100,Bulgaria,rice,70.7,75.82,1.073,0.0616,0.0074,0.009,0.9542,0.0192,0.0176,0.0034,0.0005,,,,,,
100,Bulgaria,shee,87.9,407.79,4.6382,,,,,,,,,3.3186,0.2173,1.1023,79.58,0.9051,5.5433
100,Bulgaria,sorg,11.2,2.9,0.2581,0.0673,0.0114,0.0138,0.0,0.1386,0.0176,0.0088,0.0006,,,,,,
100,Bulgaria,soyb,5.9,1.98,0.3362,0.0379,0.0124,0.0189,0.0,0.2429,0.0083,0.0146,0.0012,,,,,,
100,Bulgaria,whea,4765.8,1064.28,0.2233,0.0792,0.0066,0.0137,0.0,0.0949,0.0219,0.0066,0.0003,,,,,,
104,Myanmar,barl,2.3,1.46,0.6432,0.4797,0.0621,0.0432,0.0,0.0,0.0515,0.0053,0.0013,,,,,,
104,Myanmar,bcat,110.5,14947.37,135.2213,,,,,,,,,101.7995,16.576,16.8458,75.51,0.6831,135.9045
104,Myanmar,buff,336.6,3866.07,11.4857,,,,,,,,,8.7019,1.3642,1.4196,78.52,0.2333,11.7189
104,Myanmar,cott,261.2,65.41,0.2505,0.1123,0.0744,0.0329,0.0,0.0029,0.0254,0.0025,0.0,,,,,,
104,Myanmar,dcat,1774.6,3497.23,1.9707,,,,,,,,,1.3354,0.5282,0.1071,143.55,0.0809,2.0516
104,Myanmar,goat,18.2,447.58,24.6327,,,,,,,,,14.5652,0.6676,9.3999,3.58,0.197,24.8296
104,Myanmar,grou,1576.0,270.73,0.1718,0.0317,0.0857,0.035,0.0,0.0099,0.0068,0.0027,0.0,,,,,,
104,Myanmar,maiz,2106.6,290.75,0.138,0.0702,0.0403,0.0116,0.0,0.0031,0.0107,0.002,0.0,,,,,,
104,Myanmar,oilp,192.6,6.93,0.036,0.0303,0.0004,0.0,0.0,0.001,0.0043,0.0,0.0,,,,,,
104,Myanmar,pigs,298.2,1278.39,4.2865,,,,,,,,,0.621,3.6654,0.0,224.38,0.7523,5.0388
104,Myanmar,pota,492.3,52.28,0.1062,0.0668,0.0231,0.0043,0.0,0.0012,0.0104,0.0004,0.0,,,,,,
104,Myanmar,poul,816.5,322.62,0.3951,,,,,,,,,0.0,0.1357,0.2594,454.18,0.5562,0.9513
104,Myanmar,rape,2.2,2.04,0.9207,0.5689,0.2257,0.0554,0.0,0.0,0.0468,0.0207,0.0032,,,,,,
104,Myanmar,rice,26134.9,16808.82,0.6432,0.0476,0.0239,0.0117,0.5304,0.0109,0.0164,0.0022,0.0,,,,,,
104,Myanmar,shee,4.2,87.29,20.5376,,,,,,,,,13.5845,0.8447,6.1085,1.0,0.2365,20.7741
104,Myanmar,sorg,174.7,107.0,0.6125,0.3809,0.1156,0.0338,0.0,0.0048,0.0745,0.0028,0.0,,,,,,
104,Myanmar,soyb,134.3,62.07,0.4623,0.1947,0.151,0.0355,0.0,0.0425,0.0307,0.0079,0.0,,,,,,
104,Myanmar,sugc,11767.1,161.08,0.0137,0.006,0.0023,0.0041,0.0,0.0001,0.001,0.0002,0.0,,,,,,
104,Myanmar,whea,104.5,34.51,0.3303,0.1828,0.0937,0.0211,0.0,0.0001,0.0281,0.0044,0.0,,,,,,
108,Burundi,bcat,11.8,927.14,78.3059,,,,,,,,,51.7171,1.9114,24.6774,1.98,0.1669,78.4728
108,Burundi,dcat,66.0,242.32,3.6715,,,,,,,,,2.5112,0.0711,1.0893,1.3,0.0198,3.6913
108,Burundi,goat,47.1,638.01,13.5343,,,,,,,,,7.9199,0.2883,5.3261,2.25,0.0477,13.582
108,Burundi,grou,7.5,12.6,1.6761,0.0473,0.0513,0.1173,0.0,1.4509,0.0056,0.0036,0.0,,,,,,
108,Burundi,maiz,404.1,126.38,0.3127,0.0392,0.0179,0.0136,0.0,0.2367,0.0047,0.0006,0.0,,,,,,
108,Burundi,oilp,73.7,5.09,0.0691,0.0003,0.0028,0.0,0.0,0.0659,0.0,0.0,0.0,,,,,,
108,Burundi,pigs,9.7,155.56,16.0704,,,,,,,,,2.4974,13.5729,0.0,1.93,0.1992,16.2696
108,Burundi,pota,362.6,51.3,0.1415,0.0255,0.0047,0.0056,0.0,0.1025,0.003,0.0001,0.0,,,,,,
108,Burundi,poul,16.4,18.49,1.1279,,,,,,,,,0.0,0.1986,0.9293,2.36,0.1439,1.2718
108,Burundi,rice,148.7,217.43,1.462,0.0107,0.0123,0.0136,1.3166,0.1003,0.0033,0.0052,0.0,,,,,,
108,Burundi,shee,2.4,157.66,65.6929,,,,,,,,,41.7613,1.5425,22.3892,0.13,0.0552,65.7481
108,Burundi,sorg,21.3,28.83,1.3515,0.0218,0.0397,0.0404,0.0,1.2453,0.0026,0.0017,0.0,,,,,,
108,Burundi,soyb,3.2,6.57,2.0464,0.0601,0.0651,0.0639,0.0,1.848,0.0056,0.0037,0.0,,,,,,
108,Burundi,sugc,208.3,2.07,0.0099,0.0038,0.0007,0.0041,0.0,0.0008,0.0004,0.0003,0.0,,,,,,
108,Burundi,whea,4.1,2.73,0.6729,0.1754,0.0781,0.0562,0.0,0.3389,0.0217,0.0027,0.0,,,,,,
112,Belarus,barl,1364.5,5585.73,4.0937,0.1364,0.031,0.0124,0.0,3.8332,0.0547,0.0033,0.0228,,,,,,
112,Belarus,bcat,338.5,5453.97,16.1131,,,,,,,,,12.8725,2.3847,0.8559,4258.29,12.5806,28.6937
112,Belarus,dcat,7730.5,4869.91,0.63,,,,,,,,,0.5105,0.0943,0.0252,11320.1,1.4643,2.0943
112,Belarus,goat,13.2,13.48,1.0191,,,,,,,,,0.5668,0.0272,0.4251,45.06,3.406,4.4251
112,Belarus,maiz,1108.6,2800.3,2.5259,0.0545,0.0206,0.0067,0.0,2.407,0.0218,0.0034,0.0118,,,,,,
112,Belarus,pigs,400.0,451.81,1.1296,,,,,,,,,0.2881,0.8416,0.0,5663.04,14.159,15.2887
112,Belarus,pota,3742.4,3147.23,0.841,0.015,0.0098,0.0034,0.0,0.7999,0.006,0.0003,0.0065,,,,,,
112,Belarus,poul,748.0,337.99,0.4518,,,,,,,,,0.0,0.4455,0.0063,7382.99,9.87,10.3219
112,Belarus,rape,738.3,4956.37,6.7136,0.1742,0.0515,0.0143,0.0,6.3708,0.0695,0.0061,0.0272,,,,,,
112,Belarus,soyb,1.7,14.19,8.4488,0.0786,0.0643,0.0214,0.0,8.2107,0.0161,0.0512,0.0065,,,,,,
112,Belarus,whea,2921.2,9766.57,3.3433,0.0742,0.0256,0.0091,0.0,3.1844,0.0296,0.004,0.0163,,,,,,
116,Cambodia,bcat,56.7,4526.14,79.8401,,,,,,,,,60.103,9.7892,9.948,35.33,0.6232,80.4633
116,Cambodia,buff,6.9,1203.91,173.9762,,,,,,,,,131.7488,20.7215,21.5058,1.51,0.2176,174.1937
116,Cambodia,dcat,31.9,349.24,10.9513,,,,,,,,,6.9224,3.4758,0.5532,1.77,0.0554,11.0067
116,Cambodia,grou,23.4,4.81,0.2052,0.0406,0.0297,0.0454,0.0,0.0636,0.0041,0.0217,0.0,,,,,,
116,Cambodia,maiz,912.5,96.98,0.1063,0.0438,0.0092,0.0104,0.0,0.0348,0.0043,0.0037,0.0,,,,,,
116,Cambodia,oilp,516.3,46.07,0.0892,0.0467,0.0106,0.0,0.0,0.0275,0.0044,0.0,0.0,,,,,,
116,Cambodia,pigs,107.8,491.8,4.5626,,,,,,,,,0.5184,4.0442,0.0,75.63,0.7016,5.2643
116,Cambodia,poul,53.3,87.79,1.6456,,,,,,,,,0.0,0.5138,1.1318,25.16,0.4715,2.1171
116,Cambodia,rice,10966.2,10709.27,0.9766,0.0285,0.0169,0.0109,0.8592,0.0483,0.0068,0.006,0.0,,,,,,
116,Cambodia,soyb,55.0,31.11,0.5658,0.1237,0.0708,0.0845,0.0,0.2387,0.011,0.037,0.0,,,,,,
116,Cambodia,sugc,958.6,97.08,0.1013,0.0536,0.0049,0.0122,0.0,0.0243,0.0052,0.0011,0.0,,,,,,
120,Cameroon,bcat,107.8,7008.19,64.999,,,,,,,,,42.9293,1.5863,20.4835,41.93,0.3889,65.3879
120,Cameroon,cott,505.7,71.05,0.1405,0.0188,0.01,0.0121,0.0,0.0781,0.0087,0.0127,0.0001,,,,,,
120,Cameroon,dcat,182.1,581.81,3.1952,,,,,,,,,2.1853,0.0618,0.9481,8.36,0.0459,3.2411
120,Cameroon,goat,81.6,1491.89,18.274,,,,,,,,,10.691,0.393,7.1899,8.64,0.1058,18.3798
120,Cameroon,grou,772.7,80.58,0.1043,0.0031,0.0144,0.02,0.0,0.0478,0.0006,0.0182,0.0002,,,,,,
120,Cameroon,maiz,2034.4,228.55,0.1123,0.0178,0.0194,0.0131,0.0,0.0444,0.0031,0.0145,0.0001,,,,,,
120,Cameroon,oilp,2877.2,25.97,0.009,0.0001,0.001,0.0,0.0,0.0079,0.0,0.0,0.0,,,,,,
120,Cameroon,pigs,40.2,361.64,9.0028,,,,,,,,,1.3992,7.6036,0.0,18.17,0.4524,9.4552
120,Cameroon,pota,321.6,9.44,0.0294,0.009,0.0069,0.0072,0.0,0.0026,0.0013,0.002,0.0004,,,,,,
120,Cameroon,poul,133.0,93.13,0.7001,,,,,,,,,0.0,0.1078,0.5924,42.05,0.3161,1.0162
120,Cameroon,rice,281.0,1242.35,4.4212,0.0148,0.0325,0.0245,4.0112,0.3044,0.0044,0.029,0.0005,,,,,,
120,Cameroon,shee,33.6,747.55,22.2352,,,,,,,,,14.1307,0.5296,7.5749,4.49,0.1335,22.3688
120,Cameroon,sorg,1008.8,132.45,0.1313,0.0047,0.0131,0.0134,0.0,0.0831,0.0015,0.0154,0.0001,,,,,,
120,Cameroon,soyb,90.2,3.13,0.0347,0.0031,0.0071,0.0052,0.0,0.012,0.0003,0.0067,0.0001,,,,,,
120,Cameroon,sugc,1233.4,27.67,0.0224,0.0147,0.001,0.0035,0.0,0.0003,0.0021,0.0008,0.0,,,,,,
124,Canada,barl,10718.1,5783.93,0.5396,0.0861,0.0079,0.013,0.0,0.4007,0.029,0.0013,0.0018,,,,,,
124,Canada,bcat,1252.6,19118.34,15.2628,,,,,,,,,11.4273,0.8554,2.9801,5275.3,4.2114,19.4742
124,Canada,dcat,9551.4,4938.31,0.517,,,,,,,,,0.3516,0.1544,0.0111,4460.19,0.467,0.984
124,Canada,maiz,13475.7,6280.95,0.4661,0.1548,0.0122,0.0097,0.0,0.2677,0.0186,0.0003,0.0028,,,,,,
124,Canada,olvs,2.3,40.32,17.1583,,,,,,,,,10.874,1.1,5.1843,12.35,5.2547,22.413
124,Canada,pigs,2240.8,4889.22,2.1819,,,,,,,,,0.2482,1.9337,0.0,10334.39,4.6119,6.7938
124,Canada,pota,5121.9,889.09,0.1736,0.0791,0.0014,0.0031,0.0,0.077,0.012,0.0001,0.0008,,,,,,
124,Canada,poul,2005.3,374.13,0.1866,,,,,,,,,0.0,0.1826,0.004,6595.18,3.2888,3.4754
124,Canada,rape,19479.0,13588.63,0.6976,0.1355,0.0086,0.0145,0.0,0.4836,0.0513,0.0032,0.001,,,,,,
124,Canada,shee,4.5,57.83,12.9657,,,,,,,,,10.6262,0.3713,1.9682,22.24,4.9869,17.9526
124,Canada,soyb,6299.4,3831.41,0.6082,0.0203,0.0336,0.0193,0.0,0.526,0.0027,0.0008,0.0055,,,,,,
124,Canada,whea,35411.7,13995.34,0.3952,0.0767,0.0076,0.01,0.0,0.2731,0.025,0.0013,0.0013,,,,,,
132,Cabo Verde,dcat,4.0,12.87,3.1856,,,,,,,,,2.18,0.0594,0.9463,0.0,0.0,3.1856
132,Cabo Verde,goat,4.7,23.79,5.1047,,,,,,,,,2.9863,0.1107,2.0077,0.0,0.0,5.1047
132,Cabo Verde,pigs,2.0,9.8,4.952,,,,,,,,,0.7697,4.1823,0.0,0.0,0.0,4.952
132,Cabo Verde,poul,2.5,2.4,0.9441,,,,,,,,,0.0,0.1476,0.7965,0.0,0.0,0.9441
140,Central African Republic,bcat,99.1,5407.28,54.5419,,,,,,,,,36.0226,1.3311,17.1882,0.3,0.0031,54.5449
140,Central African Republic,cott,25.4,7.51,0.2961,0.0018,0.1532,0.0451,0.0,0.064,0.0,0.032,0.0,,,,,,
140,Central African Republic,dcat,86.8,610.43,7.0294,,,,,,,,,4.8078,0.136,2.0856,0.03,0.0003,7.0297
140,Central African Republic,goat,23.5,1391.9,59.1039,,,,,,,,,34.5824,1.2645,23.257,0.02,0.0007,59.1046
140,Central African Republic,grou,529.6,24.55,0.0464,0.0002,0.0239,0.0108,0.0,0.0043,0.0,0.0072,0.0,,,,,,
140,Central African Republic,maiz,199.9,21.47,0.1074,0.0016,0.0616,0.014,0.0,0.009,0.0001,0.0211,0.0,,,,,,
140,Central African Republic,oilp,5.5,0.02,0.0038,0.0,0.0036,0.0,0.0,0.0002,0.0,0.0,0.0,,,,,,
140,Central African Republic,pigs,17.8,179.86,10.1218,,,,,,,,,1.5725,8.5492,0.0,0.06,0.0036,10.1253
140,Central African Republic,poul,5.3,17.51,3.2785,,,,,,,,,0.0,0.5848,2.6936,0.02,0.0039,3.2824
140,Central African Republic,rice,46.6,23.54,0.505,0.0001,0.0708,0.0056,0.4117,0.0059,0.0,0.0108,0.0,,,,,,
140,Central African Republic,shee,1.1,29.71,26.0579,,,,,,,,,16.4974,0.7149,8.8456,0.0,0.0022,26.0601
140,Central African Republic,sorg,21.0,9.47,0.4518,0.0016,0.2326,0.0428,0.0,0.0941,0.0003,0.0804,0.0,,,,,,
140,Central African Republic,sugc,122.5,2.18,0.0178,0.0004,0.0101,0.0039,0.0,0.0026,0.0,0.0008,0.0,,,,,,
144,Sri Lanka,bcat,19.3,612.01,31.7266,,,,,,,,,26.9706,2.2074,2.5486,5.57,0.2889,32.0155
144,Sri Lanka,buff,83.8,546.52,6.5256,,,,,,,,,5.3828,0.5386,0.6041,8.01,0.0956,6.6212
144,Sri Lanka,dcat,397.3,626.26,1.5761,,,,,,,,,1.2436,0.1279,0.2046,13.4,0.0337,1.6098
144,Sri Lanka,goat,15.6,68.55,4.3972,,,,,,,,,2.5847,0.145,1.6675,1.26,0.0807,4.4779
144,Sri Lanka,grou,37.1,41.52,1.12,0.1551,0.0185,0.0223,0.0,0.8945,0.0257,0.004,0.0,,,,,,
144,Sri Lanka,maiz,308.9,107.03,0.3465,0.2224,0.0036,0.0112,0.0,0.0707,0.0369,0.0017,0.0,,,,,,
144,Sri Lanka,pigs,1.4,16.9,12.5215,,,,,,,,,1.6304,10.8911,0.0,0.47,0.3496,12.8711
144,Sri Lanka,pota,64.2,9.64,0.1501,0.1091,0.0021,0.004,0.0,0.0164,0.0182,0.0002,0.0,,,,,,
144,Sri Lanka,poul,314.8,70.3,0.2233,,,,,,,,,0.0,0.0778,0.1455,69.2,0.2198,0.4431
144,Sri Lanka,rice,4880.9,4599.36,0.9423,0.0812,0.004,0.0087,0.7571,0.0562,0.0333,0.0019,0.0,,,,,,
144,Sri Lanka,soyb,7.7,1.59,0.2057,0.077,0.0037,0.0116,0.0,0.1,0.0123,0.001,0.0,,,,,,
144,Sri Lanka,sugc,848.1,27.92,0.0329,0.0245,0.0002,0.0039,0.0,0.0,0.0041,0.0002,0.0,,,,,,
148,Chad,bcat,476.9,39464.55,82.754,,,,,,,,,54.6558,2.0194,26.0788,5.39,0.0113,82.7653
148,Chad,cott,168.1,101.04,0.6011,0.006,0.2183,0.0244,0.0,0.3002,0.0016,0.0505,0.0001,,,,,,
148,Chad,dcat,264.9,2254.58,8.5117,,,,,,,,,5.8215,0.1646,2.5255,0.32,0.0012,8.5129
148,Chad,goat,251.7,9572.49,38.0283,,,,,,,,,22.1242,1.0251,14.8791,0.73,0.0029,38.0312
148,Chad,grou,855.6,255.64,0.2988,0.0009,0.1114,0.0245,0.0,0.1408,0.0001,0.021,0.0,,,,,,
148,Chad,maiz,427.3,219.11,0.5128,0.0027,0.1213,0.0113,0.0,0.344,0.0005,0.0329,0.0,,,,,,
148,Chad,oilp,93.8,4.83,0.0515,0.0001,0.0017,0.0,0.0,0.0497,0.0,0.0,0.0,,,,,,
148,Chad,olvs,39.0,14846.47,380.4836,,,,,,,,,295.4033,19.4024,65.6779,0.07,0.0018,380.4854
148,Chad,pigs,3.3,27.1,8.2884,,,,,,,,,1.2884,7.0,0.0,0.03,0.0099,8.2983
148,Chad,pota,38.1,2.57,0.0675,0.0001,0.0188,0.0011,0.0,0.0472,0.0,0.0003,0.0,,,,,,
148,Chad,poul,8.7,19.07,2.1951,,,,,,,,,0.0,0.3795,1.8155,0.09,0.0108,2.2059
148,Chad,rice,298.7,482.63,1.6157,0.0021,0.0773,0.0129,1.0555,0.4295,0.0006,0.0378,0.0,,,,,,
148,Chad,shee,237.4,8282.22,34.8813,,,,,,,,,22.0364,1.0323,11.8127,0.88,0.0037,34.8851
148,Chad,sorg,999.4,584.04,0.5844,0.0008,0.1296,0.0169,0.0,0.3795,0.0001,0.0574,0.0,,,,,,
148,Chad,soyb,2.0,0.27,0.1345,0.0015,0.0041,0.0046,0.0,0.1157,0.0,0.0081,0.0005,,,,,,
148,Chad,sugc,347.9,3.51,0.0101,0.0018,0.0017,0.0036,0.0,0.0017,0.0002,0.0011,0.0,,,,,,
148,Chad,whea,1.8,0.15,0.0798,0.0055,0.0508,0.0131,0.0,0.0,0.0005,0.0098,0.0,,,,,,
152,Chile,barl,191.1,74.58,0.3903,0.1042,0.0252,0.0156,0.0,0.2059,0.0232,0.0107,0.0055,,,,,,
152,Chile,bcat,219.0,5088.62,23.2389,,,,,,,,,17.9948,0.3316,4.9125,75.05,0.3427,23.5816
152,Chile,dcat,2297.7,1199.31,0.522,,,,,,,,,0.4506,0.0105,0.0608,91.87,0.04,0.5619
152,Chile,goat,11.6,90.6,7.8102,,,,,,,,,4.6017,0.1147,3.0938,1.23,0.1064,7.9165
152,Chile,maiz,592.8,166.57,0.281,0.1302,0.0091,0.0093,0.0,0.0549,0.0498,0.0109,0.0168,,,,,,
152,Chile,olvs,7.3,193.22,26.3966,,,,,,,,,16.9254,1.0536,8.4176,0.5,0.0683,26.4649
152,Chile,pigs,568.8,349.62,0.6147,,,,,,,,,0.1276,0.4871,0.0,218.64,0.3844,0.9991
152,Chile,pota,1277.1,114.06,0.0893,0.0228,0.0042,0.0025,0.0,0.0519,0.0052,0.0008,0.0019,,,,,,
152,Chile,poul,977.0,413.0,0.4227,,,,,,,,,0.0,0.111,0.3117,267.71,0.274,0.6967
152,Chile,rape,152.3,126.62,0.8316,0.3621,0.0233,0.0135,0.0,0.3346,0.0736,0.0204,0.0042,,,,,,
152,Chile,rice,169.6,142.01,0.8373,0.0425,0.0022,0.0059,0.731,0.0179,0.021,0.0114,0.0055,,,,,,
152,Chile,shee,6.6,266.72,40.4127,,,,,,,,,25.8747,0.5264,14.0117,1.01,0.1527,40.5655
152,Chile,whea,1221.9,634.38,0.5192,0.2144,0.02,0.0125,0.0,0.1934,0.0526,0.0172,0.0091,,,,,,
156,China; mainland,barl,988.0,408.61,0.4136,0.1286,0.0686,0.0343,0.0,0.1611,0.0167,0.0018,0.0025,,,,,,
156,China; mainland,bcat,6018.0,90144.85,14.9792,,,,,,,,,11.2769,1.8363,1.866,4405.52,0.7321,15.7113
156,China; mainland,buff,3693.6,55092.54,14.9156,,,,,,,,,11.453,1.5932,1.8694,900.63,0.2438,15.1594
156,China; mainland,cott,19431.6,4732.08,0.2435,0.1036,0.0089,0.0269,0.0,0.0849,0.0186,0.0007,0.0001,,,,,,
156,China; mainland,dcat,34268.0,30632.46,0.8939,,,,,,,,,0.7066,0.1308,0.0565,2921.46,0.0853,0.9792
156,China; mainland,goat,2611.8,30027.65,11.497,,,,,,,,,6.8464,0.2322,4.4183,511.14,0.1957,11.6927
156,China; mainland,grou,17692.7,3554.03,0.2009,0.0718,0.0411,0.0257,0.0,0.0507,0.0086,0.0014,0.0015,,,,,,
156,China; mainland,maiz,259608.5,56089.09,0.2161,0.0672,0.0183,0.0089,0.0,0.1099,0.0102,0.0012,0.0004,,,,,,
156,China; mainland,oilp,498.4,25.36,0.0509,0.0,0.0075,0.0,0.0,0.0434,0.0,0.0,0.0,,,,,,
156,China; mainland,olvs,255.6,3894.22,15.235,,,,,,,,,10.0723,0.662,4.5008,34.34,0.1343,15.3693
156,China; mainland,pigs,40876.6,43111.06,1.0547,,,,,,,,,0.2668,0.7878,0.0,33934.82,0.8302,1.8848
156,China; mainland,pota,92515.2,4327.77,0.0468,0.0211,0.0071,0.0033,0.0,0.0124,0.0024,0.0001,0.0004,,,,,,
156,China; mainland,poul,57591.1,19055.31,0.3309,,,,,,,,,0.0,0.0889,0.242,33945.2,0.5894,0.9203
156,China; mainland,rape,14012.6,9864.19,0.704,0.2087,0.0911,0.0214,0.0,0.3601,0.0181,0.0022,0.0024,,,,,,
156,China; mainland,rice,210622.3,273862.53,1.3003,0.047,0.0183,0.0097,1.0288,0.1869,0.0079,0.0014,0.0002,,,,,,
156,China; mainland,shee,3701.8,34961.9,9.4447,,,,,,,,,6.2893,0.3289,2.8265,902.36,0.2438,9.6885
156,China; mainland,sorg,2956.6,636.46,0.2153,0.0452,0.0192,0.0126,0.0,0.1289,0.0065,0.0023,0.0005,,,,,,
156,China; mainland,soyb,19461.0,27351.87,1.4055,0.0466,0.0353,0.0188,0.0,1.2887,0.0065,0.0087,0.0008,,,,,,
156,China; mainland,sugc,105106.2,4006.86,0.0381,0.0276,0.0023,0.0041,0.0,0.002,0.0019,0.0001,0.0001,,,,,,
156,China; mainland,whea,133751.1,23234.83,0.1737,0.0885,0.0203,0.0132,0.0,0.0367,0.0138,0.0009,0.0003,,,,,,
170,Colombia,barl,5.9,2.08,0.3496,0.1897,0.1094,0.0269,0.0,0.0,0.0151,0.0,0.0084,,,,,,
170,Colombia,bcat,737.6,47324.67,64.1595,,,,,,,,,49.6815,0.9154,13.5626,66.42,0.09,64.2495
170,Colombia,buff,5.7,595.83,104.5323,,,,,,,,,78.7961,1.4804,24.2558,0.21,0.0373,104.5695
170,Colombia,cott,18.8,12.93,0.6886,0.274,0.1419,0.0596,0.0,0.1686,0.0234,0.016,0.0052,,,,,,
170,Colombia,dcat,7015.9,7823.93,1.1152,,,,,,,,,0.9628,0.0224,0.13,73.66,0.0105,1.1257
170,Colombia,goat,2.8,103.23,37.2686,,,,,,,,,21.8047,0.7982,14.6657,0.01,0.0036,37.2722
170,Colombia,grou,2.8,4.12,1.4935,0.2888,0.1272,0.0562,0.0,0.9808,0.0239,0.0036,0.013,,,,,,
170,Colombia,maiz,1382.7,431.27,0.3119,0.1056,0.0686,0.0113,0.0,0.1106,0.0089,0.0046,0.0024,,,,,,
170,Colombia,oilp,7011.6,871.88,0.1243,0.0541,0.0081,0.0,0.0,0.0576,0.0045,0.0,0.0,,,,,,
170,Colombia,olvs,3.1,788.42,255.1521,,,,,,,,,160.5032,14.8977,79.7511,0.09,0.0281,255.1802
170,Colombia,pigs,437.6,770.35,1.7606,,,,,,,,,0.3654,1.3951,0.0,44.49,0.1017,1.8622
170,Colombia,pota,2639.7,155.59,0.0589,0.0389,0.0114,0.004,0.0,0.0001,0.0032,0.0,0.0012,,,,,,
170,Colombia,poul,2582.5,598.27,0.2317,,,,,,,,,0.0,0.0854,0.1463,185.9,0.072,0.3037
170,Colombia,rice,3027.8,2451.8,0.8098,0.0697,0.0155,0.01,0.6034,0.0952,0.0129,0.0026,0.0003,,,,,,
170,Colombia,sorg,5.4,2.13,0.3921,0.2171,0.1013,0.0188,0.0,0.0118,0.0217,0.0119,0.0096,,,,,,
170,Colombia,soyb,119.4,25.51,0.2137,0.0406,0.0805,0.021,0.0,0.0659,0.0034,0.0022,0.0002,,,,,,
170,Colombia,sugc,36350.2,636.34,0.0175,0.0083,0.0037,0.0033,0.0,0.0013,0.0007,0.0001,0.0001,,,,,,
170,Colombia,whea,6.2,2.81,0.454,0.2523,0.1603,0.0156,0.0,0.0,0.0211,0.001,0.0037,,,,,,
174,Comoros,dcat,5.6,7.55,1.3562,,,,,,,,,0.928,0.0266,0.4016,0.0,0.0,1.3562
178,Congo,bcat,4.6,354.84,76.8058,,,,,,,,,50.731,1.8721,24.2028,30.45,6.5914,83.3972
178,Congo,dcat,3.8,5.38,1.4281,,,,,,,,,0.978,0.0284,0.4218,2.84,0.7545,2.1826
178,Congo,grou,28.6,55.55,1.9443,0.0151,0.0306,0.0662,0.0,1.579,0.0005,0.2529,0.0,,,,,,
178,Congo,maiz,21.9,45.32,2.0676,0.0439,0.0152,0.0216,0.0,1.863,0.003,0.1208,0.0,,,,,,
178,Congo,oilp,151.7,14.87,0.0981,0.0002,0.0014,0.0,0.0,0.0965,0.0,0.0,0.0,,,,,,
178,Congo,pota,6.8,0.98,0.1448,0.0178,0.0009,0.0018,0.0,0.1192,0.0,0.0052,0.0,,,,,,
178,Congo,poul,7.1,10.67,1.4992,,,,,,,,,0.0,0.2621,1.2371,35.9,5.0426,6.5418
178,Congo,rice,3.3,16.46,5.0198,0.0329,0.0064,0.029,0.0802,4.6695,0.003,0.1988,0.0,,,,,,
178,Congo,sugc,671.1,23.04,0.0343,0.005,0.0004,0.0039,0.0,0.0196,0.0003,0.0051,0.0,,,,,,
180,Democratic Republic of the Congo,bcat,17.1,1438.44,84.1191,,,,,,,,,55.5582,2.0526,26.5082,33.52,1.9604,86.0795
180,Democratic Republic of the Congo,cott,29.1,15.63,0.5362,0.0413,0.0162,0.0415,0.0,0.308,0.004,0.1252,0.0,,,,,,
180,Democratic Republic of the Congo,dcat,26.7,79.82,2.9884,,,,,,,,,2.0437,0.0583,0.8865,1.72,0.0644,3.0528
180,Democratic Republic of the Congo,goat,14.6,705.85,48.4784,,,,,,,,,28.3671,1.0348,19.0764,8.75,0.6008,49.0792
180,Democratic Republic of the Congo,grou,464.1,165.48,0.3566,0.0102,0.0047,0.0456,0.0,0.2049,0.0011,0.09,0.0,,,,,,
180,Democratic Republic of the Congo,maiz,2143.5,1051.56,0.4906,0.0344,0.0065,0.0255,0.0,0.3346,0.0043,0.0853,0.0,,,,,,
180,Democratic Republic of the Congo,oilp,1926.4,68.18,0.0354,0.0002,0.0008,0.0,0.0,0.0344,0.0,0.0,0.0,,,,,,
180,Democratic Republic of the Congo,pigs,20.4,145.17,7.1195,,,,,,,,,1.1071,6.0124,0.0,51.01,2.5019,9.6214
180,Democratic Republic of the Congo,pota,107.1,4.25,0.0397,0.0154,0.0021,0.0076,0.0,0.0106,0.0017,0.0024,0.0,,,,,,
180,Democratic Republic of the Congo,poul,16.0,55.6,3.4838,,,,,,,,,0.0,0.6143,2.8695,27.22,1.7057,5.1896
180,Democratic Republic of the Congo,rice,1435.4,931.91,0.6493,0.0237,0.0025,0.0309,0.2732,0.2337,0.0034,0.0819,0.0,,,,,,
180,Democratic Republic of the Congo,sorg,6.4,1.3,0.203,0.0023,0.0487,0.0288,0.0,0.0397,0.0,0.0835,0.0,,,,,,
180,Democratic Republic of the Congo,soyb,23.0,14.24,0.6199,0.0222,0.0093,0.0552,0.0,0.3317,0.0007,0.2009,0.0,,,,,,
180,Democratic Republic of the Congo,sugc,2716.8,22.06,0.0081,0.0013,0.0001,0.0033,0.0,0.0017,0.0002,0.0015,0.0,,,,,,
180,Democratic Republic of the Congo,whea,7.3,0.79,0.1081,0.0187,0.0041,0.0202,0.0,0.0304,0.0011,0.0336,0.0,,,,,,
188,Costa Rica,bcat,87.3,1170.36,13.4124,,,,,,,,,10.3858,0.1915,2.8351,2.52,0.0288,13.4412
188,Costa Rica,dcat,1151.5,1809.4,1.5714,,,,,,,,,1.3566,0.0316,0.1832,3.93,0.0034,1.5748
188,Costa Rica,goat,15.0,14.72,0.9838,,,,,,,,,0.5752,0.0215,0.3871,0.12,0.0079,0.9917
188,Costa Rica,maiz,14.6,5.48,0.3748,0.1639,0.0742,0.0113,0.0,0.0808,0.0181,0.0163,0.0103,,,,,,
188,Costa Rica,oilp,934.7,64.64,0.0692,0.0327,0.004,0.0,0.0,0.0297,0.0027,0.0,0.0,,,,,,
188,Costa Rica,pigs,66.3,52.54,0.7925,,,,,,,,,0.1643,0.6282,0.0,2.15,0.0324,0.8249
188,Costa Rica,pota,46.4,5.55,0.1195,0.0853,0.0107,0.0068,0.0,0.0014,0.0071,0.0012,0.007,,,,,,
188,Costa Rica,poul,212.6,69.96,0.329,,,,,,,,,0.0,0.1243,0.2047,4.78,0.0225,0.3515
188,Costa Rica,rice,132.3,166.54,1.2591,0.096,0.0055,0.0091,1.0346,0.0712,0.0228,0.0181,0.0017,,,,,,
188,Costa Rica,sugc,3977.0,87.79,0.0221,0.0096,0.0016,0.0042,0.0,0.0032,0.0008,0.0016,0.0012,,,,,,
191,Croatia,barl,328.2,43.3,0.1319,0.0282,0.0199,0.0134,0.0,0.0309,0.0044,0.0012,0.0339,,,,,,
191,Croatia,bcat,44.8,676.41,15.1119,,,,,,,,,11.6451,2.1999,1.2669,55.44,1.2386,16.3506
191,Croatia,dcat,653.5,521.73,0.7984,,,,,,,,,0.5923,0.1652,0.0409,88.89,0.136,0.9344
191,Croatia,goat,9.0,20.56,2.2868,,,,,,,,,1.2558,0.0476,0.9833,3.27,0.364,2.6508
191,Croatia,maiz,2524.6,333.33,0.132,0.0528,0.0125,0.0067,0.0,0.0312,0.0091,0.0005,0.0192,,,,,,
191,Croatia,pigs,110.2,253.89,2.3033,,,,,,,,,0.3953,1.908,0.0,159.8,1.4497,3.753
191,Croatia,pota,207.2,14.74,0.0711,0.0237,0.0076,0.003,0.0,0.0258,0.0028,0.0003,0.0079,,,,,,
191,Croatia,poul,73.0,40.12,0.5494,,,,,,,,,0.0,0.5305,0.0189,57.93,0.7934,1.3428
191,Croatia,rape,118.6,34.1,0.2874,0.1333,0.0301,0.0125,0.0,0.0535,0.0251,0.001,0.0319,,,,,,
191,Croatia,shee,11.9,203.51,17.0586,,,,,,,,,12.0268,0.5785,4.4532,5.1,0.4272,17.4858
191,Croatia,soyb,253.2,33.27,0.1314,0.0362,0.0247,0.0128,0.0,0.0214,0.0074,0.0012,0.0277,,,,,,
191,Croatia,whea,866.5,171.66,0.1981,0.0832,0.02,0.0112,0.0,0.0391,0.0131,0.003,0.0286,,,,,,
192,Cuba,bcat,57.9,6259.36,108.1251,,,,,,,,,83.7262,1.5425,22.8564,97.42,1.6829,109.808
192,Cuba,dcat,424.4,654.49,1.542,,,,,,,,,1.3295,0.033,0.1795,83.21,0.196,1.7381
192,Cuba,goat,11.5,150.85,13.0609,,,,,,,,,7.6388,0.2855,5.1365,5.27,0.4564,13.5173
192,Cuba,maiz,247.8,408.02,1.6468,0.1038,0.055,0.0127,0.0,1.3486,0.012,0.0496,0.0651,,,,,,
192,Cuba,pigs,126.0,141.48,1.1232,,,,,,,,,0.2277,0.8955,0.0,235.9,1.8728,2.996
192,Cuba,pota,106.0,19.47,0.1836,0.027,0.0113,0.0033,0.0,0.1226,0.0034,0.003,0.0131,,,,,,
192,Cuba,poul,119.1,81.52,0.6845,,,,,,,,,0.0,0.2513,0.4332,160.02,1.3437,2.0282
192,Cuba,rice,261.1,723.11,2.7695,0.0399,0.0309,0.0102,1.6047,0.9473,0.0113,0.054,0.0711,,,,,,
192,Cuba,shee,11.0,285.19,25.974,,,,,,,,,16.5162,0.5152,8.9425,6.21,0.5656,26.5395
192,Cuba,sorg,1.5,5.13,3.4891,0.1789,0.1061,0.0218,0.0,2.8755,0.0088,0.1517,0.1463,,,,,,
192,Cuba,sugc,13446.9,1428.46,0.1062,0.0064,0.0032,0.0039,0.0,0.0681,0.0007,0.0041,0.0198,,,,,,
196,Cyprus,barl,24.9,4.6,0.1846,0.0946,0.0484,0.0243,0.0,0.0,0.0158,0.0014,0.0,,,,,,
196,Cyprus,bcat,4.0,50.4,12.4442,,,,,,,,,7.8612,0.3188,4.2642,0.18,0.0445,12.4887
196,Cyprus,dcat,240.4,67.33,0.2801,,,,,,,,,0.1782,0.0089,0.0929,1.25,0.0052,0.2852
196,Cyprus,goat,30.2,50.0,1.6552,,,,,,,,,0.9661,0.0329,0.6562,0.38,0.0125,1.6677
196,Cyprus,pigs,40.5,72.31,1.7841,,,,,,,,,0.2288,1.5553,0.0,1.86,0.046,1.8301
196,Cyprus,pota,83.0,5.39,0.065,0.0507,0.0037,0.003,0.0,0.0,0.0074,0.0001,0.0,,,,,,
196,Cyprus,poul,24.0,15.5,0.6448,,,,,,,,,0.0,0.1364,0.5084,0.83,0.0345,0.6793
196,Cyprus,shee,34.5,59.18,1.7135,,,,,,,,,1.0903,0.0327,0.5905,0.52,0.0151,1.7286
196,Cyprus,whea,32.2,5.61,0.1744,0.1122,0.0301,0.0123,0.0,0.0,0.0186,0.0012,0.0,,,,,,
203,Czechia,barl,1867.3,261.44,0.14,0.0685,0.0149,0.0138,0.0,0.0047,0.0114,0.0004,0.0263,,,,,,
203,Czechia,bcat,80.3,1981.81,24.6801,,,,,,,,,19.6936,3.6411,1.3453,61.97,0.7717,25.4518
203,Czechia,dcat,3382.7,1251.97,0.3701,,,,,,,,,0.2983,0.0567,0.0151,317.98,0.094,0.4641
203,Czechia,maiz,886.8,78.37,0.0884,0.0496,0.0085,0.0064,0.0,0.0007,0.0104,0.0002,0.0126,,,,,,
203,Czechia,pigs,225.6,251.33,1.114,,,,,,,,,0.2813,0.8327,0.0,208.54,0.9243,2.0382
203,Czechia,pota,731.0,23.95,0.0328,0.0183,0.0031,0.0026,0.0,0.0008,0.0029,0.0,0.005,,,,,,
203,Czechia,poul,176.7,86.11,0.4873,,,,,,,,,0.0,0.4813,0.006,108.58,0.6144,1.1017
203,Czechia,rape,1268.7,342.33,0.2698,0.1702,0.024,0.013,0.0,0.0075,0.0288,0.0008,0.0256,,,,,,
203,Czechia,shee,3.5,59.54,16.8181,,,,,,,,,12.0444,0.7941,3.9797,0.95,0.2678,17.0859
203,Czechia,soyb,35.1,7.85,0.2239,0.104,0.0411,0.018,0.0,0.0041,0.0192,0.0005,0.0372,,,,,,
203,Czechia,whea,4959.1,781.77,0.1576,0.0915,0.0142,0.0109,0.0,0.0044,0.0146,0.0006,0.0215,,,,,,
204,Benin,bcat,32.5,1887.65,58.01,,,,,,,,,38.3133,1.4159,18.2808,0.41,0.0125,58.0225
204,Benin,cott,707.1,330.03,0.4668,0.3573,0.0325,0.0294,0.0,0.0156,0.0167,0.0152,0.0,,,,,,
204,Benin,dcat,95.7,837.63,8.7545,,,,,,,,,5.9875,0.1694,2.5976,0.14,0.0014,8.7559
204,Benin,goat,39.4,687.54,17.4282,,,,,,,,,10.1391,0.4702,6.8189,0.13,0.0034,17.4316
204,Benin,grou,174.0,34.71,0.1994,0.0084,0.0249,0.0467,0.0,0.1041,0.0003,0.0151,0.0,,,,,,
204,Benin,maiz,1598.5,413.47,0.2587,0.0332,0.024,0.0174,0.0,0.1706,0.0015,0.012,0.0,,,,,,
204,Benin,oilp,634.2,29.91,0.0472,0.0043,0.0016,0.0,0.0,0.0411,0.0002,0.0,0.0,,,,,,
204,Benin,pigs,9.3,140.37,15.0939,,,,,,,,,2.1687,12.9252,0.0,0.13,0.0135,15.1074
204,Benin,pota,8.3,0.1,0.0114,0.0008,0.0067,0.0037,0.0,0.0,0.0,0.0001,0.0,,,,,,
204,Benin,poul,25.0,76.44,3.0552,,,,,,,,,0.0,0.4444,2.6108,0.23,0.0093,3.0645
204,Benin,rice,426.1,251.37,0.59,0.0052,0.0073,0.0112,0.5365,0.0244,0.0005,0.0049,0.0,,,,,,
204,Benin,shee,16.5,500.6,30.2846,,,,,,,,,19.1323,0.8961,10.2562,0.07,0.0042,30.2887
204,Benin,sorg,161.7,15.5,0.0958,0.0147,0.0366,0.0232,0.0,0.0027,0.0007,0.0178,0.0,,,,,,
204,Benin,soyb,248.3,27.11,0.1092,0.0208,0.0288,0.029,0.0,0.0192,0.0009,0.0104,0.0,,,,,,
204,Benin,sugc,84.6,1.28,0.0151,0.0051,0.0027,0.0039,0.0,0.003,0.0002,0.0003,0.0,,,,,,
208,Denmark,barl,3632.2,2305.22,0.6347,0.0933,0.0761,0.0166,0.0,0.4287,0.0015,0.0001,0.0184,,,,,,
208,Denmark,bcat,110.5,1668.58,15.1016,,,,,,,,,11.742,2.0747,1.2849,238.1,2.1549,17.2565
208,Denmark,dcat,5074.5,2145.92,0.4229,,,,,,,,,0.3161,0.0849,0.0219,1288.91,0.254,0.6769
208,Denmark,maiz,29.5,21.81,0.7401,0.0634,0.0951,0.0108,0.0,0.5575,0.0006,0.0,0.0126,,,,,,
208,Denmark,pigs,1378.8,2714.85,1.969,,,,,,,,,0.3387,1.6302,0.0,3526.07,2.5573,4.5262
208,Denmark,pota,2699.7,540.3,0.2001,0.0268,0.0167,0.0032,0.0,0.1494,0.0004,0.0,0.0036,,,,,,
208,Denmark,poul,224.9,59.79,0.2659,,,,,,,,,0.0,0.2576,0.0083,398.39,1.7717,2.0376
208,Denmark,rape,488.2,590.14,1.2089,0.3225,0.1353,0.0191,0.0,0.7052,0.0058,0.0002,0.0208,,,,,,
208,Denmark,whea,3580.6,2475.9,0.6915,0.175,0.0706,0.0146,0.0,0.4121,0.0029,0.0001,0.0162,,,,,,
212,Dominica,dcat,4.5,10.86,2.4078,,,,,,,,,2.0776,0.0486,0.2816,0.0,0.0,2.4078
212,Dominica,sugc,3.1,0.05,0.017,0.0016,0.0022,0.0045,0.0,0.0,0.0,0.0,0.0087,,,,,,
214,Dominican Republic,bcat,61.4,4461.57,72.6168,,,,,,,,,56.2305,1.036,15.3502,3.53,0.0575,72.6743
214,Dominican Republic,dcat,810.9,1154.8,1.4241,,,,,,,,,1.2295,0.0285,0.166,5.53,0.0068,1.4309
214,Dominican Republic,goat,1.3,42.95,33.5516,,,,,,,,,19.6273,0.7172,13.207,0.01,0.0096,33.5611
214,Dominican Republic,grou,6.3,3.12,0.4955,0.2556,0.1308,0.0479,0.0,0.0022,0.0436,0.0154,0.0,,,,,,
214,Dominican Republic,maiz,48.5,28.67,0.5914,0.3407,0.1643,0.0153,0.0,0.0019,0.0594,0.0098,0.0,,,,,,
214,Dominican Republic,oilp,255.2,53.86,0.211,0.1627,0.0226,0.0,0.0,0.0003,0.0254,0.0,0.0,,,,,,
214,Dominican Republic,pigs,73.0,126.53,1.7326,,,,,,,,,0.3597,1.3729,0.0,4.87,0.0667,1.7993
214,Dominican Republic,pota,88.0,13.5,0.1534,0.1163,0.0166,0.0031,0.0,0.0,0.0174,0.0,0.0,,,,,,
214,Dominican Republic,poul,446.9,429.45,0.9609,,,,,,,,,0.0,0.3659,0.595,20.93,0.0468,1.0078
214,Dominican Republic,rice,910.9,688.84,0.7563,0.1439,0.0194,0.0083,0.5199,0.0008,0.0591,0.0048,0.0,,,,,,
214,Dominican Republic,sugc,4793.5,157.56,0.0329,0.0181,0.0073,0.0036,0.0,0.0001,0.0031,0.0008,0.0,,,,,,
218,Ecuador,barl,14.0,5.2,0.3728,0.0335,0.2741,0.0226,0.0,0.0,0.0039,0.0016,0.0372,,,,,,
218,Ecuador,bcat,228.8,6389.26,27.9288,,,,,,,,,21.6265,0.3985,5.9038,45.39,0.1984,28.1272
218,Ecuador,cott,3.4,2.28,0.6634,0.3372,0.0459,0.0238,0.0,0.1907,0.0503,0.0073,0.0081,,,,,,
218,Ecuador,dcat,2236.6,2094.54,0.9365,,,,,,,,,0.8085,0.0188,0.1092,51.73,0.0231,0.9596
218,Ecuador,grou,5.2,5.44,1.0487,0.2961,0.2166,0.0963,0.0,0.3123,0.0387,0.0245,0.0642,,,,,,
218,Ecuador,maiz,1270.4,481.13,0.3787,0.1967,0.0296,0.0108,0.0,0.1115,0.0232,0.0026,0.0045,,,,,,
218,Ecuador,oilp,2364.1,492.88,0.2085,0.0378,0.003,0.0,0.0,0.1639,0.0038,0.0,0.0,,,,,,
218,Ecuador,pigs,135.7,136.65,1.0066,,,,,,,,,0.209,0.7976,0.0,29.92,0.2204,1.2271
218,Ecuador,pota,389.5,47.3,0.1214,0.0757,0.0186,0.0038,0.0,0.0063,0.0086,0.0001,0.0085,,,,,,
218,Ecuador,poul,615.5,450.91,0.7325,,,,,,,,,0.0,0.2789,0.4536,95.28,0.1548,0.8873
218,Ecuador,rice,1029.6,830.95,0.8071,0.118,0.0263,0.0117,0.4751,0.1511,0.02,0.0026,0.0023,,,,,,
218,Ecuador,shee,10.1,103.82,10.2991,,,,,,,,,6.5528,0.197,3.5493,0.66,0.0652,10.3643
218,Ecuador,sorg,13.5,4.18,0.3096,0.0846,0.1014,0.0134,0.0,0.0764,0.0126,0.0044,0.0168,,,,,,
218,Ecuador,soyb,26.3,16.93,0.6428,0.0397,0.0496,0.0304,0.0,0.5066,0.0041,0.008,0.0044,,,,,,
218,Ecuador,sugc,10828.0,465.9,0.043,0.0042,0.0018,0.0038,0.0,0.0324,0.0005,0.0001,0.0002,,,,,,
218,Ecuador,whea,14.9,2.75,0.1843,0.0238,0.0926,0.0131,0.0,0.0,0.0032,0.0011,0.0506,,,,,,
222,El Salvador,bcat,17.6,743.37,42.3332,,,,,,,,,32.7815,0.6032,8.9485,9.14,0.5204,42.8536
222,El Salvador,dcat,369.7,723.36,1.9565,,,,,,,,,1.6891,0.0393,0.2281,23.38,0.0632,2.0197
222,El Salvador,maiz,691.5,179.95,0.2602,0.164,0.0273,0.0132,0.0,0.0393,0.0103,0.0041,0.0019,,,,,,
222,El Salvador,pigs,6.3,29.86,4.7693,,,,,,,,,0.9904,3.7789,0.0,3.81,0.6092,5.3785
222,El Salvador,pota,8.4,0.07,0.008,0.0043,0.0015,0.002,0.0,0.0,0.0001,0.0,0.0,,,,,,
222,El Salvador,poul,187.7,51.88,0.2763,,,,,,,,,0.0,0.101,0.1754,77.22,0.4113,0.6877
222,El Salvador,rice,23.2,26.47,1.1434,0.0382,0.0145,0.0086,1.061,0.0133,0.0045,0.0028,0.0005,,,,,,
222,El Salvador,sorg,88.7,16.42,0.1851,0.0545,0.0458,0.0237,0.0,0.046,0.0033,0.0088,0.0029,,,,,,
222,El Salvador,soyb,4.8,0.68,0.1423,0.0118,0.036,0.0223,0.0,0.0629,0.0,0.0074,0.0019,,,,,,
222,El Salvador,sugc,6697.1,103.26,0.0154,0.0082,0.001,0.0043,0.0,0.0008,0.0005,0.0004,0.0003,,,,,,
226,Equatorial Guinea,grou,5.2,0.23,0.0432,0.0046,0.004,0.0306,0.0,0.0,0.0006,0.0034,0.0,,,,,,
226,Equatorial Guinea,maiz,4.3,0.25,0.0578,0.0275,0.0061,0.0182,0.0,0.0,0.0035,0.0026,0.0,,,,,,
226,Equatorial Guinea,oilp,38.2,0.44,0.0115,0.0033,0.002,0.0,0.0,0.006,0.0002,0.0,0.0,,,,,,
231,Ethiopia,barl,2621.3,273.01,0.1042,0.0553,0.0217,0.0161,0.0,0.0074,0.0029,0.0007,0.0,,,,,,
231,Ethiopia,bcat,442.7,79263.24,179.0329,,,,,,,,,118.2443,4.3689,56.4197,91.05,0.2057,179.2386
231,Ethiopia,cott,160.8,96.22,0.5982,0.113,0.0399,0.0282,0.0,0.4063,0.0042,0.0066,0.0,,,,,,
231,Ethiopia,dcat,3462.7,13855.32,4.0013,,,,,,,,,2.7366,0.0774,1.1872,82.6,0.0239,4.0251
231,Ethiopia,goat,211.0,12021.79,56.9672,,,,,,,,,33.3344,1.2146,22.4182,11.24,0.0533,57.0205
231,Ethiopia,grou,205.6,44.13,0.2146,0.0413,0.0615,0.0246,0.0,0.083,0.0019,0.0022,0.0,,,,,,
231,Ethiopia,maiz,10894.2,902.46,0.0828,0.036,0.0208,0.0085,0.0,0.0153,0.0014,0.0008,0.0,,,,,,
231,Ethiopia,olvs,285.7,7784.97,27.2478,,,,,,,,,18.1011,1.4762,7.6705,9.5,0.0332,27.2811
231,Ethiopia,pota,3844.6,83.48,0.0217,0.016,0.0033,0.001,0.0,0.0008,0.0006,0.0,0.0,,,,,,
231,Ethiopia,poul,114.8,223.82,1.9499,,,,,,,,,0.0,0.3393,1.6106,19.39,0.1689,2.1188
231,Ethiopia,rape,48.8,12.06,0.2471,0.1727,0.0329,0.014,0.0,0.0206,0.0066,0.0003,0.0,,,,,,
231,Ethiopia,rice,267.5,116.25,0.4346,0.0594,0.0682,0.0081,0.0943,0.1967,0.0026,0.0053,0.0,,,,,,
231,Ethiopia,shee,191.3,9017.43,47.15,,,,,,,,,29.9744,1.1076,16.068,12.91,0.0675,47.2175
231,Ethiopia,sorg,5553.2,428.59,0.0772,0.0141,0.0235,0.0103,0.0,0.0266,0.0008,0.002,0.0,,,,,,
231,Ethiopia,soyb,207.6,18.54,0.0893,0.0397,0.0241,0.0137,0.0,0.0077,0.0014,0.0026,0.0,,,,,,
231,Ethiopia,sugc,1344.4,45.83,0.0341,0.0193,0.0022,0.004,0.0,0.008,0.0006,0.0001,0.0,,,,,,
231,Ethiopia,whea,5810.4,652.13,0.1122,0.0642,0.0236,0.0106,0.0,0.0089,0.004,0.0009,0.0,,,,,,
232,Eritrea,barl,63.2,6.35,0.1005,0.0159,0.0632,0.0165,0.0,0.0,0.0031,0.0018,0.0,,,,,,
232,Eritrea,bcat,23.0,1794.83,78.0699,,,,,,,,,51.5623,1.9053,24.6023,0.05,0.0023,78.0721
232,Eritrea,dcat,118.3,1263.45,10.6764,,,,,,,,,7.3019,0.2067,3.1678,0.03,0.0003,10.6767
232,Eritrea,goat,16.2,447.74,27.5532,,,,,,,,,16.041,0.7247,10.7875,0.01,0.0006,27.5537
232,Eritrea,grou,2.1,0.33,0.154,0.0123,0.1009,0.0327,0.0,0.0,0.0,0.0081,0.0,,,,,,
232,Eritrea,maiz,22.7,3.91,0.1719,0.0367,0.1122,0.0124,0.0,0.0,0.006,0.0045,0.0,,,,,,
232,Eritrea,olvs,11.5,22.54,1.9614,,,,,,,,,1.575,0.0894,0.297,0.01,0.0005,1.9619
232,Eritrea,poul,2.9,5.1,1.741,,,,,,,,,0.0,0.2809,1.4601,0.01,0.002,1.743
232,Eritrea,shee,12.8,522.59,40.732,,,,,,,,,25.7437,1.1879,13.8003,0.01,0.0007,40.7327
232,Eritrea,sorg,155.3,22.98,0.148,0.014,0.097,0.0236,0.0,0.0,0.0025,0.0109,0.0,,,,,,
232,Eritrea,whea,24.7,3.52,0.1424,0.0345,0.0871,0.014,0.0,0.0,0.0067,0.0001,0.0,,,,,,
233,Estonia,barl,552.7,914.52,1.6548,0.1083,0.0134,0.0174,0.0,1.515,0.0005,0.0001,0.0,,,,,,
233,Estonia,bcat,9.5,329.45,34.7158,,,,,,,,,26.9947,4.769,2.9521,114.76,12.0931,46.8089
233,Estonia,dcat,833.1,351.89,0.4224,,,,,,,,,0.3158,0.0847,0.0218,1185.59,1.4231,1.8455
233,Estonia,pigs,44.6,73.66,1.6523,,,,,,,,,0.2848,1.3675,0.0,611.49,13.7168,15.3691
233,Estonia,pota,89.6,23.16,0.2585,0.0018,0.0023,0.0032,0.0,0.2512,0.0,0.0001,0.0,,,,,,
233,Estonia,poul,32.8,6.34,0.1935,,,,,,,,,0.0,0.188,0.0055,309.55,9.4519,9.6454
233,Estonia,rape,203.0,533.64,2.6285,0.2673,0.0225,0.0204,0.0,2.3167,0.0013,0.0003,0.0,,,,,,
233,Estonia,whea,841.9,1339.63,1.5912,0.1696,0.0124,0.0141,0.0,1.3941,0.0008,0.0002,0.0,,,,,,
234,Faroe Islands,dcat,5.9,3.76,0.642,,,,,,,,,0.48,0.1295,0.0324,0.0,0.0,0.642
242,Fiji,bcat,2.0,109.54,55.6036,,,,,,,,,39.2061,2.602,13.7954,0.34,0.1716,55.7752
242,Fiji,dcat,9.7,99.94,10.2715,,,,,,,,,6.4008,2.1975,1.6732,0.19,0.02,10.2916
242,Fiji,maiz,1.6,0.28,0.1687,0.1129,0.0086,0.0104,0.0,0.0368,0.0,0.0,0.0,,,,,,
242,Fiji,pigs,1.3,20.79,16.1178,,,,,,,,,0.9899,15.1279,0.0,0.3,0.2348,16.3527
242,Fiji,poul,27.7,7.04,0.2539,,,,,,,,,0.0,0.2323,0.0216,3.67,0.1325,0.3864
242,Fiji,rice,1.4,0.29,0.2096,0.0059,0.0007,0.0059,0.1882,0.0088,0.0,0.0,0.0,,,,,,
242,Fiji,sugc,1337.1,20.77,0.0155,0.0082,0.0021,0.0042,0.0,0.0009,0.0,0.0,0.0,,,,,,
246,Finland,barl,1337.9,3516.55,2.6284,0.2005,0.0217,0.0228,0.0,2.3377,0.0204,0.0001,0.0252,,,,,,
246,Finland,bcat,83.8,1102.7,13.1587,,,,,,,,,10.2317,1.8077,1.1193,523.23,6.2438,19.4025
246,Finland,dcat,2331.1,1046.81,0.4491,,,,,,,,,0.3357,0.0901,0.0232,1686.4,0.7234,1.1725
246,Finland,pigs,161.5,239.69,1.4837,,,,,,,,,0.2553,1.2284,0.0,1191.77,7.3771,8.8608
246,Finland,pota,609.4,156.07,0.2561,0.0199,0.0105,0.0035,0.0,0.2159,0.002,0.0,0.0042,,,,,,
246,Finland,poul,198.2,36.51,0.1842,,,,,,,,,0.0,0.1783,0.0058,1062.72,5.3608,5.5449
246,Finland,rape,29.6,212.63,7.1931,0.8795,0.0667,0.0454,0.0,6.0798,0.089,0.0001,0.0326,,,,,,
246,Finland,whea,661.4,2177.51,3.2921,0.3217,0.0224,0.0192,0.0,2.8757,0.033,0.0001,0.02,,,,,,
250,France,barl,10213.3,2529.5,0.2477,0.1156,0.0427,0.021,0.0,0.0545,0.0117,0.0002,0.002,,,,,,
250,France,bcat,1420.9,28391.03,19.9805,,,,,,,,,15.4199,2.8732,1.6874,1488.41,1.0475,21.0279
250,France,dcat,25016.5,14357.13,0.5739,,,,,,,,,0.426,0.1184,0.0295,3054.52,0.1221,0.696
250,France,goat,710.7,344.0,0.484,,,,,,,,,0.2661,0.0099,0.208,198.0,0.2786,0.7626
250,France,maiz,13449.6,1814.82,0.1349,0.0565,0.0285,0.0094,0.0,0.0318,0.0061,0.0004,0.0022,,,,,,
250,France,pigs,2123.5,3061.44,1.4417,,,,,,,,,0.2464,1.1953,0.0,2588.19,1.2188,2.6605
250,France,pota,8693.9,235.74,0.0271,0.0052,0.0055,0.0032,0.0,0.0119,0.0005,0.0,0.0007,,,,,,
250,France,poul,1612.1,813.05,0.5043,,,,,,,,,0.0,0.4845,0.0199,1364.98,0.8467,1.351
250,France,rape,3256.9,1698.3,0.5214,0.2994,0.0766,0.0194,0.0,0.0925,0.0313,0.0003,0.0019,,,,,,
250,France,rice,73.0,16.68,0.2284,0.0163,0.0122,0.0026,0.186,0.007,0.0031,0.0011,0.0,,,,,,
250,France,shee,422.8,2143.09,5.0682,,,,,,,,,3.5729,0.1716,1.3237,146.79,0.3471,5.4153
250,France,sorg,430.0,81.99,0.1907,0.1048,0.0327,0.0154,0.0,0.0233,0.0125,0.0009,0.001,,,,,,
250,France,soyb,405.2,170.72,0.4214,0.2579,0.0792,0.0226,0.0,0.0347,0.0246,0.0017,0.0007,,,,,,
250,France,whea,29821.1,8914.45,0.2989,0.1689,0.0534,0.0166,0.0,0.0422,0.0163,0.0004,0.0012,,,,,,
262,Djibouti,bcat,5.9,352.37,59.9269,,,,,,,,,39.5791,1.4639,18.8838,0.0,0.0,59.9269
262,Djibouti,dcat,9.3,48.48,5.1906,,,,,,,,,3.5488,0.1012,1.5406,0.0,0.0,5.1906
262,Djibouti,goat,2.5,126.87,49.9472,,,,,,,,,29.0803,1.3154,19.5516,0.0,0.0,49.9472
262,Djibouti,shee,2.4,99.68,41.3598,,,,,,,,,26.1386,1.2116,14.0095,0.0,0.0,41.3598
266,Gabon,dcat,10.0,14.07,1.4117,,,,,,,,,0.967,0.025,0.4198,0.67,0.0668,1.4786
266,Gabon,grou,32.3,6.08,0.1883,0.0074,0.0379,0.0507,0.0,0.027,0.0,0.0654,0.0,,,,,,
266,Gabon,maiz,46.2,6.42,0.139,0.0628,0.0192,0.0165,0.0,0.0121,0.0019,0.0265,0.0,,,,,,
266,Gabon,oilp,290.2,0.71,0.0024,0.0014,0.0004,0.0,0.0,0.0006,0.0,0.0,0.0,,,,,,
266,Gabon,pigs,2.0,24.53,12.3281,,,,,,,,,1.9166,10.4116,0.0,2.19,1.1021,13.4302
266,Gabon,poul,6.4,13.34,2.0912,,,,,,,,,0.0,0.3638,1.7274,2.86,0.4487,2.5399
266,Gabon,rice,1.8,3.5,1.9581,0.0134,0.0034,0.0089,1.8609,0.0073,0.0011,0.0631,0.0,,,,,,
266,Gabon,soyb,3.5,0.58,0.1688,0.0107,0.0127,0.0434,0.0,0.0191,0.0,0.0829,0.0,,,,,,
266,Gabon,sugc,271.2,2.25,0.0083,0.0015,0.0002,0.0044,0.0,0.0002,0.0,0.0019,0.0,,,,,,
268,Georgia,barl,49.9,23.53,0.4711,0.0942,0.0989,0.0212,0.0,0.0,0.0008,0.0323,0.2237,,,,,,
268,Georgia,bcat,21.4,567.63,26.4876,,,,,,,,,16.7792,0.7173,8.9911,7.19,0.3356,26.8232
268,Georgia,dcat,586.6,856.12,1.4595,,,,,,,,,0.931,0.0476,0.481,24.02,0.0409,1.5005
268,Georgia,goat,3.1,11.3,3.6682,,,,,,,,,2.1513,0.051,1.4659,0.33,0.1066,3.7747
268,Georgia,maiz,256.2,160.11,0.6249,0.2735,0.0774,0.0094,0.0,0.0447,0.0008,0.0142,0.2049,,,,,,
268,Georgia,pigs,19.2,23.69,1.2314,,,,,,,,,0.2133,1.0181,0.0,8.03,0.4173,1.6487
268,Georgia,pota,209.4,24.12,0.1152,0.0533,0.0091,0.0034,0.0,0.0001,0.0003,0.002,0.047,,,,,,
268,Georgia,poul,68.8,39.74,0.5776,,,,,,,,,0.0,0.0805,0.4972,19.7,0.2863,0.864
268,Georgia,shee,12.2,182.43,14.9041,,,,,,,,,9.5927,0.2132,5.0981,1.44,0.1176,15.0217
268,Georgia,soyb,3.8,1.42,0.373,0.0278,0.0407,0.0081,0.0,0.0152,0.0,0.0215,0.2596,,,,,,
268,Georgia,whea,116.6,35.79,0.3068,0.1083,0.0425,0.0145,0.0,0.0,0.001,0.0394,0.1012,,,,,,
270,Gambia,bcat,3.5,316.12,89.3003,,,,,,,,,58.9774,2.1816,28.1412,0.17,0.0472,89.3475
270,Gambia,cott,1.9,4.73,2.5053,0.0365,0.0487,0.0206,0.0,2.3444,0.0132,0.0349,0.0069,,,,,,
270,Gambia,dcat,43.7,81.95,1.8762,,,,,,,,,1.2834,0.0362,0.5566,0.4,0.0092,1.8854
270,Gambia,goat,1.0,78.48,75.4615,,,,,,,,,43.9038,2.0288,29.5288,0.02,0.0176,75.4791
270,Gambia,grou,104.9,109.29,1.0421,0.0014,0.021,0.0161,0.0,0.9731,0.0005,0.0216,0.0086,,,,,,
270,Gambia,maiz,38.7,103.91,2.6872,0.0108,0.0342,0.0114,0.0,2.5881,0.0041,0.0286,0.01,,,,,,
270,Gambia,oilp,39.5,11.4,0.2884,0.0,0.0034,0.0,0.0,0.2849,0.0,0.0,0.0,,,,,,
270,Gambia,pota,24.3,0.2,0.0083,0.0038,0.0008,0.0017,0.0,0.0,0.0015,0.0005,0.0,,,,,,
270,Gambia,poul,2.5,4.99,1.9553,,,,,,,,,0.0,0.338,1.6173,0.11,0.0436,1.9989
270,Gambia,rice,44.3,361.04,8.1555,0.0103,0.0412,0.0186,1.9091,6.0693,0.005,0.0782,0.0237,,,,,,
270,Gambia,sorg,15.1,15.2,1.006,0.0017,0.0353,0.0146,0.0,0.9101,0.0005,0.033,0.0109,,,,,,
275,Palestine,barl,16.7,0.18,0.0108,0.0029,0.0054,0.0011,0.0,0.0,0.0011,0.0002,0.0,,,,,,
275,Palestine,bcat,13.2,39.72,3.0048,,,,,,,,,1.8978,0.0775,1.0295,0.24,0.0182,3.0229
275,Palestine,dcat,137.1,31.95,0.233,,,,,,,,,0.1484,0.0074,0.0773,0.24,0.0017,0.2348
275,Palestine,goat,24.7,46.57,1.8826,,,,,,,,,1.099,0.0374,0.7462,0.19,0.0078,1.8903
275,Palestine,maiz,2.5,0.24,0.0929,0.0267,0.0412,0.0067,0.0,0.0,0.0067,0.0118,0.0,,,,,,
275,Palestine,pota,124.7,1.93,0.0155,0.0103,0.0005,0.0011,0.0,0.0,0.0035,0.0,0.0,,,,,,
275,Palestine,poul,119.4,40.4,0.3383,,,,,,,,,0.0,0.0681,0.2702,1.71,0.0143,0.3526
275,Palestine,shee,59.6,149.89,2.5133,,,,,,,,,1.5992,0.048,0.8661,0.6,0.0101,2.5233
275,Palestine,sorg,4.0,0.13,0.0331,0.0111,0.0096,0.0052,0.0,0.0,0.0035,0.0037,0.0,,,,,,
275,Palestine,whea,43.8,2.11,0.0482,0.013,0.027,0.0027,0.0,0.0,0.0045,0.0011,0.0,,,,,,
276,Germany,barl,10646.5,4184.03,0.393,0.109,0.0454,0.0177,0.0,0.2051,0.0065,0.0001,0.0092,,,,,,
276,Germany,bcat,1092.7,14590.95,13.3532,,,,,,,,,10.3828,1.835,1.1354,1041.06,0.9528,14.306
276,Germany,buff,3.3,5.43,1.6672,,,,,,,,,1.2641,0.4031,0.0,0.32,0.0975,1.7647
276,Germany,dcat,33124.0,16545.95,0.4995,,,,,,,,,0.3734,0.1002,0.0258,3688.65,0.1114,0.6109
276,Germany,goat,27.6,39.67,1.4385,,,,,,,,,0.7898,0.0309,0.6179,4.14,0.1501,1.5886
276,Germany,maiz,4214.3,869.39,0.2063,0.0552,0.0288,0.0095,0.0,0.1046,0.0032,0.0001,0.0049,,,,,,
276,Germany,pigs,5120.9,6186.86,1.2081,,,,,,,,,0.2079,1.0003,0.0,5529.68,1.0798,2.288
276,Germany,pota,11997.6,1141.46,0.0951,0.0169,0.0102,0.0031,0.0,0.0624,0.0009,0.0,0.0016,,,,,,
276,Germany,poul,2547.7,561.23,0.2203,,,,,,,,,0.0,0.2126,0.0077,1936.94,0.7603,0.9806
276,Germany,rape,3462.4,2359.7,0.6815,0.2024,0.0615,0.015,0.0,0.3809,0.0144,0.0002,0.0071,,,,,,
276,Germany,shee,46.9,456.62,9.7257,,,,,,,,,6.8567,0.3297,2.5394,14.84,0.3161,10.0418
276,Germany,soyb,93.2,46.79,0.5019,0.1098,0.0981,0.0212,0.0,0.2565,0.005,0.0,0.0113,,,,,,
276,Germany,whea,21915.6,9096.66,0.4151,0.1398,0.0414,0.0133,0.0,0.2051,0.0085,0.0001,0.0069,,,,,,
288,Ghana,bcat,27.8,2125.34,76.4511,,,,,,,,,50.4933,1.8656,24.0921,36.94,1.3286,77.7797
288,Ghana,cott,28.7,8.28,0.2889,0.1744,0.016,0.0295,0.0,0.0,0.0143,0.0546,0.0,,,,,,
288,Ghana,dcat,46.3,636.9,13.7679,,,,,,,,,9.4163,0.2662,4.0855,7.1,0.1536,13.9215
288,Ghana,goat,31.1,1877.16,60.3784,,,,,,,,,35.1262,1.6288,23.6234,10.84,0.3485,60.7269
288,Ghana,grou,545.0,43.45,0.0797,0.0092,0.0211,0.023,0.0,0.0,0.0009,0.0255,0.0,,,,,,
288,Ghana,maiz,3010.2,251.64,0.0836,0.0359,0.0112,0.0115,0.0,0.0,0.003,0.0221,0.0,,,,,,
288,Ghana,oilp,2673.6,10.71,0.004,0.0007,0.0033,0.0,0.0,0.0,0.0001,0.0,0.0,,,,,,
288,Ghana,pigs,30.8,165.68,5.3792,,,,,,,,,0.8067,4.5725,0.0,45.88,1.4897,6.869
288,Ghana,poul,114.6,328.14,2.8639,,,,,,,,,0.0,0.4921,2.3718,118.8,1.0368,3.9007
288,Ghana,rice,971.6,485.72,0.4999,0.0128,0.011,0.0124,0.4341,0.0,0.0024,0.0272,0.0,,,,,,
288,Ghana,shee,24.1,1150.37,47.7133,,,,,,,,,30.1421,1.4135,16.1577,10.59,0.4393,48.1526
288,Ghana,sorg,346.8,38.44,0.1109,0.0223,0.0322,0.0192,0.0,0.0,0.0027,0.0344,0.0,,,,,,
288,Ghana,soyb,215.0,16.68,0.0776,0.0215,0.0145,0.0155,0.0,0.0,0.002,0.0241,0.0,,,,,,
288,Ghana,sugc,152.0,3.5,0.023,0.0153,0.001,0.0038,0.0,0.0,0.0011,0.0019,0.0,,,,,,
300,Greece,barl,384.9,79.48,0.2065,0.0528,0.0182,0.0177,0.0,0.0317,0.0097,0.002,0.0744,,,,,,
300,Greece,bcat,32.2,1008.69,31.3258,,,,,,,,,23.6978,4.9848,2.6432,26.61,0.8263,32.1521
300,Greece,cott,789.2,416.18,0.5273,0.2101,0.0116,0.0346,0.0,0.0597,0.0371,0.0077,0.1666,,,,,,
300,Greece,dcat,651.5,394.02,0.6048,,,,,,,,,0.4322,0.1397,0.0329,61.07,0.0937,0.6985
300,Greece,goat,326.0,657.12,2.0159,,,,,,,,,1.1082,0.0415,0.8663,78.34,0.2403,2.2562
300,Greece,maiz,1087.6,230.42,0.2119,0.0757,0.0069,0.0086,0.0,0.0305,0.0129,0.0012,0.0761,,,,,,
300,Greece,pigs,73.6,194.37,2.6394,,,,,,,,,0.3724,2.267,0.0,70.21,0.9534,3.5929
300,Greece,pota,390.3,23.76,0.0609,0.0141,0.004,0.0027,0.0,0.0111,0.0025,0.0002,0.0262,,,,,,
300,Greece,poul,214.2,2.34,0.0109,,,,,,,,,0.0,0.01,0.0009,146.7,0.6848,0.6957
300,Greece,rape,12.5,3.8,0.3042,0.0781,0.0135,0.0204,0.0,0.0404,0.0151,0.0018,0.1349,,,,,,
300,Greece,rice,303.7,269.97,0.8891,0.0449,0.0052,0.0082,0.7303,0.0277,0.0098,0.0013,0.0618,,,,,,
300,Greece,shee,868.3,2051.2,2.3622,,,,,,,,,1.665,0.0799,0.6173,256.84,0.2958,2.658
300,Greece,sorg,6.3,4.56,0.7268,0.0872,0.0278,0.0134,0.0,0.152,0.0139,0.0021,0.4305,,,,,,
300,Greece,soyb,1.3,0.51,0.393,0.0651,0.0233,0.0217,0.0,0.1364,0.0132,0.0016,0.1318,,,,,,
300,Greece,whea,1033.4,206.25,0.1996,0.0563,0.018,0.0144,0.0,0.0348,0.0106,0.0027,0.0628,,,,,,
308,Grenada,poul,3.5,1.3,0.3727,,,,,,,,,0.0,0.1296,0.2431,0.1,0.0294,0.4021
308,Grenada,sugc,3.3,0.03,0.0101,0.004,0.0015,0.004,0.0,0.0,0.0006,0.0,0.0,,,,,,
320,Guatemala,bcat,205.9,6326.64,30.7282,,,,,,,,,23.7942,0.4384,6.4956,64.49,0.3132,31.0414
320,Guatemala,cott,2.6,1.12,0.4329,0.1066,0.0295,0.0376,0.0,0.2372,0.0128,0.0093,0.0,,,,,,
320,Guatemala,dcat,567.9,1547.1,2.7244,,,,,,,,,2.3522,0.0546,0.3176,19.88,0.035,2.7595
320,Guatemala,goat,2.4,22.82,9.468,,,,,,,,,5.539,0.1992,3.7299,0.23,0.0946,9.5626
320,Guatemala,grou,9.5,1.13,0.1193,0.0418,0.0072,0.0211,0.0,0.0247,0.004,0.0205,0.0,,,,,,
320,Guatemala,maiz,1971.8,685.85,0.3478,0.2174,0.0455,0.0134,0.0,0.0393,0.0244,0.0078,0.0,,,,,,
320,Guatemala,oilp,3317.0,140.66,0.0424,0.0227,0.0008,0.0,0.0,0.0164,0.0026,0.0,0.0,,,,,,
320,Guatemala,olvs,2.0,110.89,56.0061,,,,,,,,,35.252,3.2687,17.4854,0.12,0.0612,56.0673
320,Guatemala,pigs,39.8,362.21,9.1077,,,,,,,,,1.8908,7.2168,0.0,13.92,0.35,9.4576
320,Guatemala,pota,598.6,24.81,0.0414,0.0232,0.009,0.0037,0.0,0.0026,0.0026,0.0002,0.0,,,,,,
320,Guatemala,poul,673.3,133.65,0.1985,,,,,,,,,0.0,0.0725,0.126,169.79,0.2522,0.4507
320,Guatemala,rice,23.9,16.5,0.6896,0.101,0.0338,0.0141,0.4043,0.1136,0.016,0.0066,0.0,,,,,,
320,Guatemala,shee,1.9,116.34,62.5505,,,,,,,,,39.8032,1.1935,21.5538,0.2,0.1087,62.6592
320,Guatemala,sorg,58.8,20.09,0.3419,0.1792,0.0502,0.0175,0.0,0.0587,0.0201,0.0163,0.0,,,,,,
320,Guatemala,soyb,39.4,6.9,0.175,0.0269,0.0135,0.0164,0.0,0.0844,0.0029,0.0309,0.0,,,,,,
320,Guatemala,sugc,23399.1,333.62,0.0143,0.0033,0.001,0.0045,0.0,0.0049,0.0004,0.0003,0.0,,,,,,
324,Guinea,bcat,64.9,9526.22,146.8284,,,,,,,,,96.9745,3.583,46.2708,163.86,2.5256,149.354
324,Guinea,cott,43.8,39.96,0.9131,0.0174,0.0766,0.0382,0.0,0.7648,0.0016,0.0146,0.0,,,,,,
324,Guinea,dcat,217.0,1641.69,7.5661,,,,,,,,,5.1747,0.1465,2.2449,62.61,0.2886,7.8547
324,Guinea,goat,50.9,867.34,17.0467,,,,,,,,,9.9534,0.3996,6.6938,34.64,0.6808,17.7275
324,Guinea,grou,792.7,513.5,0.6478,0.0026,0.0664,0.0479,0.0,0.5195,0.0001,0.0113,0.0,,,,,,
324,Guinea,maiz,807.5,224.58,0.2781,0.0233,0.0488,0.0177,0.0,0.18,0.0013,0.0069,0.0,,,,,,
324,Guinea,oilp,780.7,1012.01,1.2964,0.0001,0.0126,0.0,0.0,1.2836,0.0,0.0,0.0,,,,,,
324,Guinea,pigs,1.0,10.11,9.8175,,,,,,,,,1.5204,8.2971,0.0,8.06,7.8275,17.645
324,Guinea,pota,260.4,140.61,0.54,0.0018,0.0037,0.0047,0.0,0.5294,0.0001,0.0004,0.0,,,,,,
324,Guinea,poul,42.5,139.35,3.2765,,,,,,,,,0.0,0.5632,2.7134,85.22,2.0037,5.2802
324,Guinea,rice,2425.7,1764.61,0.7275,0.0097,0.0423,0.025,0.3322,0.3036,0.0007,0.014,0.0,,,,,,
324,Guinea,shee,26.2,665.83,25.4326,,,,,,,,,16.1306,0.6553,8.6466,22.01,0.8407,26.2733
324,Guinea,sorg,69.0,59.0,0.8548,0.004,0.0514,0.0238,0.0,0.7647,0.0005,0.0104,0.0,,,,,,
324,Guinea,sugc,310.7,6.24,0.0201,0.0003,0.0014,0.0041,0.0,0.0138,0.0,0.0004,0.0,,,,,,
328,Guyana,bcat,1.9,76.43,40.0168,,,,,,,,,30.9853,0.5733,8.4581,3.06,1.6,41.6168
328,Guyana,dcat,20.9,84.52,4.0439,,,,,,,,,3.4501,0.128,0.4658,2.56,0.1224,4.1663
328,Guyana,maiz,4.5,22.7,5.102,0.2443,0.0679,0.0164,0.0,4.7088,0.0319,0.0321,0.0007,,,,,,
328,Guyana,poul,42.3,70.62,1.6711,,,,,,,,,0.0,0.6416,1.0295,38.32,0.9067,2.5778
328,Guyana,rice,903.2,1142.06,1.2645,0.0444,0.0067,0.0063,0.4828,0.6962,0.0132,0.0139,0.0009,,,,,,
328,Guyana,soyb,1.6,0.18,0.1106,0.0419,0.0319,0.0181,0.0,0.0,0.0044,0.0144,0.0,,,,,,
328,Guyana,sugc,1029.8,210.13,0.2041,0.0073,0.0014,0.0042,0.0,0.1877,0.001,0.0019,0.0007,,,,,,
332,Haiti,bcat,43.8,2365.63,54.0097,,,,,,,,,41.822,0.7708,11.4169,3.56,0.0814,54.0911
332,Haiti,dcat,44.9,392.12,8.7372,,,,,,,,,7.5432,0.1754,1.0186,0.4,0.0089,8.7461
332,Haiti,goat,47.7,342.15,7.1759,,,,,,,,,4.1991,0.1527,2.8241,1.07,0.0224,7.1984
332,Haiti,grou,12.1,3.74,0.3099,0.0047,0.1635,0.12,0.0,0.0018,0.0006,0.0194,0.0,,,,,,
332,Haiti,maiz,113.8,17.68,0.1553,0.0217,0.082,0.0367,0.0,0.0053,0.0037,0.0059,0.0,,,,,,
332,Haiti,olvs,4.4,454.2,103.6989,,,,,,,,,65.2922,6.0477,32.3589,0.06,0.0138,103.7127
332,Haiti,pigs,29.6,118.92,4.0174,,,,,,,,,0.8341,3.1833,0.0,2.65,0.0895,4.1069
332,Haiti,pota,34.6,0.51,0.0146,0.0043,0.0061,0.0031,0.0,0.0,0.0011,0.0001,0.0,,,,,,
332,Haiti,poul,14.6,18.76,1.2868,,,,,,,,,0.0,0.4674,0.8194,0.84,0.0574,1.3442
332,Haiti,rice,128.1,422.52,3.2989,0.0014,0.0127,0.0126,3.2677,0.0016,0.0006,0.0023,0.0,,,,,,
332,Haiti,shee,1.5,51.34,34.6892,,,,,,,,,22.0784,0.6622,11.9486,0.04,0.028,34.7172
332,Haiti,sorg,8.3,1.53,0.1834,0.0143,0.1066,0.0475,0.0,0.005,0.002,0.0079,0.0,,,,,,
332,Haiti,sugc,1354.0,9.06,0.0067,0.0011,0.0012,0.004,0.0,0.0,0.0002,0.0002,0.0,,,,,,
340,Honduras,bcat,64.2,4502.79,70.1916,,,,,,,,,54.3523,1.0016,14.8377,46.95,0.7319,70.9235
340,Honduras,cott,3.0,3.81,1.2668,0.0,0.0,0.0319,0.0,1.1854,0.0,0.0495,0.0,,,,,,
340,Honduras,dcat,667.4,1110.86,1.6644,,,,,,,,,1.437,0.0334,0.194,57.79,0.0866,1.751
340,Honduras,maiz,642.6,587.06,0.9136,0.2085,0.0536,0.0132,0.0,0.5941,0.026,0.0184,0.0,,,,,,
340,Honduras,oilp,2286.1,673.55,0.2946,0.0693,0.0042,0.0,0.0,0.2125,0.0087,0.0,0.0,,,,,,
340,Honduras,pigs,8.4,59.84,7.1408,,,,,,,,,1.4821,5.6587,0.0,6.96,0.8307,7.9715
340,Honduras,pota,26.9,6.45,0.2391,0.0904,0.003,0.004,0.0,0.1289,0.0112,0.0016,0.0,,,,,,
340,Honduras,poul,234.1,122.46,0.5231,,,,,,,,,0.0,0.1985,0.3246,137.86,0.5889,1.112
340,Honduras,rice,61.7,119.53,1.9379,0.0972,0.0136,0.0085,1.3782,0.4011,0.0235,0.0157,0.0,,,,,,
340,Honduras,sorg,19.7,15.13,0.7676,0.1731,0.0976,0.0225,0.0,0.4167,0.0214,0.0364,0.0,,,,,,
340,Honduras,soyb,2.0,0.71,0.353,0.0158,0.0347,0.0084,0.0,0.2782,0.0005,0.0153,0.0,,,,,,
340,Honduras,sugc,4880.1,181.43,0.0372,0.0127,0.0011,0.004,0.0,0.0161,0.0016,0.0017,0.0,,,,,,
340,Honduras,whea,1.0,0.83,0.7971,0.3635,0.2885,0.0433,0.0,0.0,0.0519,0.05,0.0,,,,,,
348,Hungary,barl,1422.2,340.8,0.2396,0.0555,0.0101,0.014,0.0,0.1515,0.0073,0.0003,0.0009,,,,,,
348,Hungary,bcat,29.3,1308.8,44.6232,,,,,,,,,35.6393,6.6016,2.3823,54.48,1.8576,46.4809
348,Hungary,dcat,1961.5,808.04,0.412,,,,,,,,,0.3325,0.063,0.0165,439.25,0.2239,0.6359
348,Hungary,goat,3.2,10.65,3.2978,,,,,,,,,1.8362,0.0842,1.3774,1.57,0.4845,3.7824
348,Hungary,maiz,8108.1,1484.63,0.1831,0.0443,0.0072,0.0066,0.0,0.1182,0.0058,0.0003,0.0007,,,,,,
348,Hungary,pigs,442.5,446.2,1.0083,,,,,,,,,0.2548,0.7536,0.0,965.36,2.1816,3.1899
348,Hungary,pota,298.1,23.86,0.08,0.0235,0.0042,0.003,0.0,0.0418,0.0029,0.0,0.0045,,,,,,
348,Hungary,poul,480.3,175.98,0.3664,,,,,,,,,0.0,0.3616,0.0048,745.53,1.5524,1.9188
348,Hungary,rape,842.8,403.9,0.4793,0.1274,0.0183,0.0139,0.0,0.3014,0.017,0.0006,0.0006,,,,,,
348,Hungary,rice,10.9,4.21,0.3849,0.0806,0.0141,0.0091,0.0589,0.2087,0.0116,0.0,0.0019,,,,,,
348,Hungary,shee,3.2,236.04,74.6968,,,,,,,,,53.5158,3.5528,17.6282,1.65,0.5225,75.2193
348,Hungary,sorg,104.8,27.17,0.2592,0.0617,0.0128,0.0118,0.0,0.1632,0.0079,0.0005,0.0013,,,,,,
348,Hungary,soyb,173.8,100.95,0.5809,0.0803,0.0202,0.0154,0.0,0.4513,0.0109,0.0006,0.0022,,,,,,
348,Hungary,whea,4927.0,1293.72,0.2626,0.0672,0.0107,0.0111,0.0,0.1638,0.0089,0.0005,0.0004,,,,,,
352,Iceland,bcat,3.7,86.11,23.5273,,,,,,,,,18.2915,3.2314,2.0044,1.96,0.5347,24.062
352,Iceland,dcat,145.3,101.75,0.7003,,,,,,,,,0.5236,0.1405,0.0362,7.63,0.0525,0.7528
352,Iceland,pigs,6.5,6.06,0.9369,,,,,,,,,0.1606,0.7764,0.0,3.25,0.502,1.4389
352,Iceland,poul,12.9,1.41,0.1096,,,,,,,,,0.0,0.1081,0.0016,4.59,0.3566,0.4663
352,Iceland,shee,8.8,113.48,12.8667,,,,,,,,,9.0703,0.4356,3.3608,1.33,0.1507,13.0173
356,India,barl,1710.7,182.07,0.1064,0.0573,0.0175,0.0178,0.0,0.0009,0.0121,0.0008,0.0,,,,,,
356,India,bcat,21.1,2846.6,134.5911,,,,,,,,,114.2878,9.4357,10.8677,0.0,0.0,134.5911
356,India,buff,99385.3,198309.91,1.9954,,,,,,,,,1.646,0.1646,0.1848,15052.14,0.1515,2.1468
356,India,cott,17645.6,17687.83,1.0024,0.7581,0.0282,0.0269,0.0,0.0064,0.1802,0.0026,0.0,,,,,,
356,India,dcat,107512.5,112617.16,1.0475,,,,,,,,,0.8356,0.0745,0.1375,5754.7,0.0535,1.101
356,India,goat,7398.3,34268.65,4.632,,,,,,,,,2.7361,0.1301,1.7658,907.75,0.1227,4.7547
356,India,grou,9994.4,2483.02,0.2484,0.1488,0.0261,0.0231,0.0,0.0076,0.0422,0.0007,0.0,,,,,,
356,India,maiz,31233.1,10378.4,0.3323,0.2388,0.0199,0.0096,0.0,0.0087,0.0547,0.0005,0.0,,,,,,
356,India,olvs,16.5,161.85,9.7792,,,,,,,,,6.4373,0.6027,2.7392,0.53,0.0323,9.8115
356,India,pigs,366.9,1577.33,4.2995,,,,,,,,,0.6293,3.6702,0.0,196.06,0.5344,4.834
356,India,pota,48045.5,4483.48,0.0933,0.0667,0.0043,0.0034,0.0,0.0076,0.0113,0.0001,0.0,,,,,,
356,India,poul,11099.2,2958.17,0.2665,,,,,,,,,0.0,0.0877,0.1788,4091.4,0.3686,0.6351
356,India,rape,9096.8,2828.2,0.3109,0.1579,0.0426,0.0203,0.0,0.0594,0.0297,0.001,0.0,,,,,,
356,India,rice,182282.8,156048.46,0.8561,0.1464,0.0161,0.0095,0.6079,0.0299,0.0449,0.0014,0.0,,,,,,
356,India,shee,878.3,15230.37,17.3401,,,,,,,,,11.4579,0.7329,5.1494,134.08,0.1526,17.4928
356,India,sorg,5053.9,3608.4,0.714,0.508,0.0381,0.0186,0.0,0.0021,0.1456,0.0013,0.0002,,,,,,
356,India,soyb,12575.8,4669.94,0.3713,0.2644,0.0248,0.0272,0.0,0.0014,0.0512,0.0024,0.0,,,,,,
356,India,sugc,369532.1,10146.12,0.0275,0.0184,0.0008,0.0039,0.0,0.0003,0.0041,0.0001,0.0,,,,,,
356,India,whea,108250.1,19727.28,0.1822,0.1274,0.0121,0.0129,0.0,0.0022,0.0252,0.0025,0.0,,,,,,
360,Indonesia,bcat,409.6,25726.78,62.8141,,,,,,,,,47.2861,7.7015,7.8265,318.81,0.7784,63.5925
360,Indonesia,buff,100.2,2066.67,20.6172,,,,,,,,,15.6131,2.4555,2.5486,25.73,0.2566,20.8739
360,Indonesia,dcat,859.8,1454.82,1.692,,,,,,,,,1.1033,0.5005,0.0882,77.68,0.0903,1.7823
360,Indonesia,goat,389.7,3965.25,10.1751,,,,,,,,,5.9939,0.313,3.8682,78.95,0.2026,10.3777
360,Indonesia,grou,601.6,306.12,0.5088,0.0856,0.1493,0.0261,0.0,0.2335,0.0116,0.0027,0.0,,,,,,
360,Indonesia,maiz,12007.1,12830.79,1.0686,0.2781,0.0411,0.0166,0.0,0.6931,0.0379,0.0018,0.0,,,,,,
360,Indonesia,oilp,214667.5,137418.01,0.6401,0.024,0.0022,0.0,0.0,0.6106,0.0033,0.0,0.0,,,,,,
360,Indonesia,pigs,245.8,1430.31,5.818,,,,,,,,,0.7317,5.0864,0.0,223.87,0.9107,6.7287
360,Indonesia,pota,1222.3,169.65,0.1388,0.0522,0.0138,0.0039,0.0,0.062,0.0068,0.0001,0.0,,,,,,
360,Indonesia,poul,8751.4,9601.63,1.0972,,,,,,,,,0.0,0.3924,0.7048,5157.99,0.5894,1.6865
360,Indonesia,rice,50725.3,65402.53,1.2893,0.1035,0.0348,0.0094,0.8491,0.2595,0.0313,0.0017,0.0,,,,,,
360,Indonesia,shee,208.7,3481.41,16.6846,,,,,,,,,10.9909,0.754,4.9396,50.45,0.2418,16.9264
360,Indonesia,soyb,261.2,372.23,1.425,0.3405,0.2484,0.0286,0.0,0.7564,0.0458,0.0053,0.0,,,,,,
360,Indonesia,sugc,27061.8,1401.84,0.0518,0.0255,0.0047,0.0042,0.0,0.0137,0.0035,0.0002,0.0,,,,,,
364,Iran (Islamic Republic of),barl,3852.3,854.66,0.2219,0.0985,0.0495,0.0206,0.0,0.0051,0.0438,0.0005,0.0039,,,,,,
364,Iran (Islamic Republic of),bcat,250.3,2847.88,11.3774,,,,,,,,,9.6118,0.7852,0.9804,69.09,0.276,11.6534
364,Iran (Islamic Republic of),buff,106.0,293.51,2.77,,,,,,,,,2.2847,0.2283,0.257,10.39,0.0981,2.868
364,Iran (Islamic Republic of),cott,114.7,55.03,0.4799,0.2964,0.0278,0.0374,0.0,0.0009,0.1138,0.0024,0.0012,,,,,,
364,Iran (Islamic Republic of),dcat,7496.3,4043.75,0.5394,,,,,,,,,0.4289,0.0383,0.0722,242.29,0.0323,0.5718
364,Iran (Islamic Republic of),goat,379.6,3794.89,9.9973,,,,,,,,,5.9112,0.2706,3.8156,28.14,0.0741,10.0715
364,Iran (Islamic Republic of),grou,9.3,0.83,0.0894,0.0234,0.0058,0.0167,0.0,0.0281,0.0048,0.0001,0.0105,,,,,,
364,Iran (Islamic Republic of),maiz,555.7,130.83,0.2354,0.1517,0.0089,0.011,0.0,0.0012,0.0617,0.0006,0.0004,,,,,,
364,Iran (Islamic Republic of),pota,3381.9,172.38,0.051,0.0318,0.0025,0.0026,0.0,0.0005,0.0129,0.0,0.0006,,,,,,
364,Iran (Islamic Republic of),poul,3191.1,2741.7,0.8592,,,,,,,,,0.0,0.31,0.5492,707.49,0.2217,1.0809
364,Iran (Islamic Republic of),rape,289.2,57.82,0.1999,0.0912,0.0325,0.0167,0.0,0.0163,0.0401,0.0015,0.0016,,,,,,
364,Iran (Islamic Republic of),rice,4550.5,2691.23,0.5914,0.0483,0.0104,0.004,0.3611,0.1422,0.024,0.0004,0.001,,,,,,
364,Iran (Islamic Republic of),shee,534.0,9514.26,17.8183,,,,,,,,,11.7838,0.7292,5.3053,48.68,0.0912,17.9095
364,Iran (Islamic Republic of),soyb,176.6,17.28,0.0979,0.0204,0.0307,0.0158,0.0,0.018,0.0094,0.0019,0.0016,,,,,,
364,Iran (Islamic Republic of),sugc,8135.8,129.69,0.0159,0.007,0.0005,0.0035,0.0,0.002,0.0028,0.0001,0.0001,,,,,,
364,Iran (Islamic Republic of),whea,13375.3,2024.67,0.1514,0.0671,0.035,0.0151,0.0,0.0018,0.0295,0.0006,0.0022,,,,,,
368,Iraq,barl,1786.0,109.39,0.0613,0.0276,0.0116,0.0133,0.0,0.0,0.0073,0.0012,0.0001,,,,,,
368,Iraq,bcat,33.0,2049.66,62.0734,,,,,,,,,39.2518,1.6044,21.2173,22.34,0.6764,62.7499
368,Iraq,buff,44.7,422.87,9.4708,,,,,,,,,7.697,0.7935,0.9804,9.88,0.2212,9.692
368,Iraq,cott,2.4,0.46,0.1917,0.1025,0.0075,0.0238,0.0,0.0,0.0383,0.0121,0.0075,,,,,,
368,Iraq,dcat,253.1,809.83,3.1995,,,,,,,,,2.0431,0.1031,1.0533,17.47,0.069,3.2685
368,Iraq,goat,28.9,303.36,10.4898,,,,,,,,,6.1255,0.2103,4.1539,5.21,0.1801,10.6698
368,Iraq,grou,5.5,0.43,0.0782,0.028,0.0236,0.0199,0.0,0.0,0.0036,0.0022,0.0009,,,,,,
368,Iraq,maiz,438.3,34.41,0.0785,0.045,0.0138,0.0086,0.0,0.0,0.0105,0.0005,0.0,,,,,,
368,Iraq,olvs,1.7,102.38,61.306,,,,,,,,,40.3527,3.2844,17.6689,0.24,0.1422,61.4482
368,Iraq,pota,690.5,9.22,0.0134,0.0076,0.0019,0.002,0.0,0.0,0.0018,0.0,0.0,,,,,,
368,Iraq,poul,220.0,285.23,1.2967,,,,,,,,,0.0,0.2862,1.0105,114.07,0.5186,1.8152
368,Iraq,rape,1.3,0.27,0.2045,0.1076,0.025,0.0235,0.0,0.0,0.047,0.0015,0.0,,,,,,
368,Iraq,rice,471.9,175.05,0.3709,0.0265,0.0232,0.008,0.303,0.0,0.0079,0.0023,0.0,,,,,,
368,Iraq,shee,110.8,1446.31,13.051,,,,,,,,,8.3115,0.2548,4.4847,23.43,0.2115,13.2624
368,Iraq,sorg,3.5,0.29,0.0841,0.0413,0.0202,0.0139,0.0,0.0,0.0087,0.0,0.0,,,,,,
368,Iraq,sugc,64.4,0.84,0.0131,0.0063,0.0004,0.0039,0.0,0.0,0.0024,0.0,0.0,,,,,,
368,Iraq,whea,6325.5,336.7,0.0532,0.0267,0.0093,0.0103,0.0,0.0,0.0063,0.0006,0.0,,,,,,
372,Ireland,barl,1298.4,1166.45,0.8984,0.1543,0.1178,0.0209,0.0,0.5999,0.0055,0.0,0.0,,,,,,
372,Ireland,bcat,600.1,9516.39,15.8588,,,,,,,,,12.3307,2.1787,1.3494,491.4,0.8189,16.6777
372,Ireland,dcat,8124.1,5824.36,0.7169,,,,,,,,,0.5359,0.1439,0.0371,774.93,0.0954,0.8123
372,Ireland,pigs,302.4,373.17,1.2339,,,,,,,,,0.2123,1.0216,0.0,281.48,0.9307,2.1646
372,Ireland,pota,269.1,52.86,0.1964,0.0306,0.0226,0.0044,0.0,0.1378,0.0011,0.0,0.0,,,,,,
372,Ireland,poul,138.0,38.56,0.2794,,,,,,,,,0.0,0.2693,0.01,102.84,0.7451,1.0245
372,Ireland,rape,41.6,63.99,1.5379,0.3884,0.1619,0.0183,0.0,0.9555,0.0138,0.0,0.0,,,,,,
372,Ireland,shee,60.7,1101.16,18.1291,,,,,,,,,12.7803,0.6135,4.7353,17.13,0.282,18.4111
372,Ireland,whea,365.5,519.42,1.421,0.3117,0.1614,0.023,0.0,0.9131,0.0109,0.0,0.0009,,,,,,
376,Israel,barl,15.5,2.27,0.1469,0.0302,0.0744,0.0134,0.0,0.0,0.0103,0.0014,0.0172,,,,,,
376,Israel,bcat,110.2,414.88,3.7651,,,,,,,,,2.3782,0.0968,1.2902,4.22,0.0383,3.8034
376,Israel,cott,12.5,5.51,0.4399,0.1562,0.2105,0.0238,0.0,0.0,0.0435,0.0058,0.0,,,,,,
376,Israel,dcat,1264.0,201.54,0.1595,,,,,,,,,0.1015,0.0051,0.0529,5.71,0.0045,0.164
376,Israel,goat,24.3,25.92,1.0689,,,,,,,,,0.6239,0.021,0.424,0.23,0.0096,1.0785
376,Israel,grou,13.9,1.2,0.0864,0.0263,0.03,0.0197,0.0,0.0,0.0075,0.0022,0.0006,,,,,,
376,Israel,maiz,61.9,4.3,0.0694,0.03,0.0221,0.0063,0.0,0.0,0.0102,0.0009,0.0,,,,,,
376,Israel,pigs,12.2,31.52,2.5769,,,,,,,,,0.3307,2.2462,0.0,0.52,0.0424,2.6193
376,Israel,pota,461.2,9.8,0.0212,0.0133,0.0016,0.0017,0.0,0.0,0.0046,0.0001,0.0,,,,,,
376,Israel,poul,690.9,202.78,0.2935,,,,,,,,,0.0,0.0564,0.2371,19.81,0.0287,0.3222
376,Israel,rice,27.5,2.64,0.096,0.0545,0.0013,0.0049,0.0,0.0,0.0352,0.0,0.0,,,,,,
376,Israel,shee,55.1,107.2,1.9458,,,,,,,,,1.2382,0.0371,0.6705,0.59,0.0107,1.9566
376,Israel,sorg,33.9,0.99,0.0291,0.0096,0.0107,0.005,0.0,0.0,0.0028,0.0009,0.0,,,,,,
376,Israel,whea,100.6,23.68,0.2354,0.0555,0.1471,0.0119,0.0,0.0,0.0183,0.002,0.0006,,,,,,
380,Italy,barl,1098.1,253.22,0.2306,0.0635,0.048,0.0181,0.0,0.013,0.0122,0.0025,0.0733,,,,,,
380,Italy,bcat,723.7,9013.54,12.4548,,,,,,,,,9.5208,1.8921,1.0419,263.22,0.3637,12.8185
380,Italy,buff,247.0,786.11,3.183,,,,,,,,,2.3813,0.8017,0.0,30.41,0.1231,3.3062
380,Italy,dcat,12568.5,8042.57,0.6399,,,,,,,,,0.465,0.1427,0.0322,533.1,0.0424,0.6823
380,Italy,goat,60.3,244.55,4.0535,,,,,,,,,2.2279,0.0833,1.7423,6.07,0.1006,4.1541
380,Italy,maiz,6750.3,1676.59,0.2484,0.1084,0.0367,0.0086,0.0,0.0276,0.017,0.0005,0.0496,,,,,,
380,Italy,pigs,1279.4,2234.95,1.7468,,,,,,,,,0.2689,1.4779,0.0,524.16,0.4097,2.1565
380,Italy,pota,1368.1,60.89,0.0445,0.0101,0.0054,0.0029,0.0,0.005,0.0022,0.0005,0.0184,,,,,,
380,Italy,poul,2055.9,503.28,0.2448,,,,,,,,,0.0,0.2363,0.0085,600.09,0.2919,0.5367
380,Italy,rape,48.0,23.51,0.4902,0.1632,0.1326,0.0185,0.0,0.0548,0.0259,0.0008,0.0944,,,,,,
380,Italy,rice,1506.3,2487.67,1.6515,0.0934,0.0632,0.0091,1.3808,0.009,0.027,0.0008,0.0682,,,,,,
380,Italy,shee,488.5,2062.29,4.2218,,,,,,,,,2.9762,0.1429,1.1027,61.25,0.1254,4.3471
380,Italy,sorg,368.6,78.53,0.213,0.075,0.0331,0.011,0.0,0.0337,0.015,0.0007,0.0445,,,,,,
380,Italy,soyb,998.0,372.64,0.3734,0.0749,0.1102,0.0175,0.0,0.0717,0.0109,0.0007,0.0875,,,,,,
380,Italy,whea,6570.6,1557.97,0.2371,0.0991,0.037,0.0143,0.0,0.0099,0.0204,0.0074,0.0491,,,,,,
384,Côte d'Ivoire,bcat,21.8,1804.8,82.7133,,,,,,,,,54.6296,2.0182,26.0654,9.01,0.4128,83.1261
384,Côte d'Ivoire,cott,488.9,53.65,0.1097,0.0218,0.0126,0.0352,0.0,0.0165,0.0031,0.0206,0.0,,,,,,
384,Côte d'Ivoire,dcat,35.8,583.68,16.3039,,,,,,,,,11.1508,0.3154,4.8377,1.63,0.0456,16.3495
384,Côte d'Ivoire,goat,8.5,787.77,92.7876,,,,,,,,,53.9809,2.5022,36.3045,0.9,0.1058,92.8934
384,Côte d'Ivoire,grou,230.2,17.35,0.0754,0.0027,0.009,0.0323,0.0,0.0172,0.0001,0.014,0.0,,,,,,
384,Côte d'Ivoire,maiz,1217.7,53.02,0.0435,0.0071,0.0071,0.0129,0.0,0.0069,0.001,0.0086,0.0,,,,,,
384,Côte d'Ivoire,oilp,2354.3,35.11,0.0149,0.0012,0.0024,0.0,0.0,0.0111,0.0002,0.0,0.0,,,,,,
384,Côte d'Ivoire,pigs,10.8,75.38,6.9473,,,,,,,,,1.0762,5.8711,0.0,4.73,0.4363,7.3835
384,Côte d'Ivoire,pota,1.1,0.05,0.0451,0.0336,0.0044,0.0027,0.0,0.0,0.0035,0.0009,0.0,,,,,,
384,Côte d'Ivoire,poul,149.4,340.07,2.277,,,,,,,,,0.0,0.4109,1.866,48.58,0.3253,2.6023
384,Côte d'Ivoire,rice,1471.1,209.49,0.1424,0.0048,0.0056,0.0162,0.0961,0.0065,0.0009,0.0123,0.0,,,,,,
384,Côte d'Ivoire,shee,9.7,471.6,48.4686,,,,,,,,,30.6197,1.4345,16.4143,1.32,0.1356,48.6041
384,Côte d'Ivoire,sorg,79.7,10.8,0.1355,0.0134,0.0213,0.0339,0.0,0.035,0.0009,0.031,0.0,,,,,,
384,Côte d'Ivoire,sugc,1969.0,12.11,0.0062,0.0008,0.0001,0.0045,0.0,0.0002,0.0001,0.0005,0.0,,,,,,
388,Jamaica,bcat,5.1,261.3,50.9349,,,,,,,,,39.439,0.7275,10.7684,0.22,0.0438,50.9787
388,Jamaica,dcat,10.6,10.82,1.0215,,,,,,,,,0.8784,0.0248,0.1183,0.05,0.0051,1.0266
388,Jamaica,goat,162.0,112.17,0.6924,,,,,,,,,0.4044,0.016,0.272,1.92,0.0119,0.7043
388,Jamaica,grou,1.5,2.02,1.3897,0.1152,0.28,0.04,0.0,0.5366,0.0041,0.0724,0.3414,,,,,,
388,Jamaica,maiz,1.5,1.91,1.2669,0.2113,0.2748,0.0192,0.0,0.5325,0.0093,0.057,0.1629,,,,,,
388,Jamaica,pigs,5.7,25.61,4.5324,,,,,,,,,0.8823,3.6501,0.0,0.29,0.0505,4.5829
388,Jamaica,pota,11.8,1.35,0.1146,0.0437,0.0236,0.0053,0.0,0.016,0.002,0.0016,0.0222,,,,,,
388,Jamaica,poul,105.1,28.95,0.2755,,,,,,,,,0.0,0.1051,0.1704,4.08,0.0389,0.3144
388,Jamaica,sugc,365.5,19.51,0.0534,0.0055,0.0049,0.0044,0.0,0.0146,0.0002,0.0026,0.021,,,,,,
392,Japan,barl,198.7,90.89,0.4574,0.1465,0.0621,0.0209,0.0,0.1937,0.0118,0.0041,0.0182,,,,,,
392,Japan,bcat,440.6,4771.98,10.8304,,,,,,,,,8.153,1.3279,1.3495,0.0,0.0,10.8304
392,Japan,dcat,6863.0,1817.54,0.2648,,,,,,,,,0.2071,0.0412,0.0166,0.0,0.0,0.2648
392,Japan,grou,11.1,8.32,0.7489,0.1456,0.0612,0.0325,0.0,0.477,0.0117,0.0139,0.0069,,,,,,
392,Japan,olvs,2.3,7.85,3.356,,,,,,,,,1.809,0.1829,1.3641,0.0,0.0,3.356
392,Japan,pigs,1193.6,1014.66,0.8501,,,,,,,,,0.2865,0.5636,0.0,0.0,0.0,0.8501
392,Japan,pota,2032.8,417.94,0.2056,0.0338,0.0067,0.0034,0.0,0.1565,0.0027,0.0001,0.0023,,,,,,
392,Japan,poul,4589.0,1092.61,0.2381,,,,,,,,,0.0,0.1054,0.1327,0.0,0.0,0.2381
392,Japan,rape,2.7,6.36,2.3375,0.6107,0.057,0.0169,0.0,1.5952,0.0511,0.0,0.0066,,,,,,
392,Japan,rice,9570.8,8071.95,0.8434,0.0304,0.0271,0.0095,0.5067,0.2498,0.0058,0.0035,0.0105,,,,,,
392,Japan,soyb,205.0,467.8,2.2815,0.1126,0.2467,0.0266,0.0,1.8648,0.009,0.0116,0.01,,,,,,
392,Japan,sugc,815.3,43.32,0.0531,0.0221,0.0225,0.0035,0.0,0.0,0.0019,0.0002,0.0029,,,,,,
392,Japan,whea,899.2,1207.79,1.3431,0.3709,0.0332,0.0159,0.0,0.8788,0.0301,0.0027,0.0116,,,,,,
398,Kazakhstan,barl,3733.2,319.7,0.0856,0.0051,0.0206,0.0193,0.0,0.0342,0.0001,0.0063,0.0001,,,,,,
398,Kazakhstan,bcat,390.3,8871.03,22.7305,,,,,,,,,17.1195,2.7913,2.8196,199.86,0.5121,23.2426
398,Kazakhstan,cott,368.4,52.45,0.1424,0.0571,0.0435,0.0273,0.0,0.0045,0.0051,0.0049,0.0,,,,,,
398,Kazakhstan,dcat,3303.1,3023.38,0.9153,,,,,,,,,0.7235,0.1345,0.0573,191.43,0.058,0.9733
398,Kazakhstan,goat,4.1,91.97,22.6517,,,,,,,,,13.4823,0.4606,8.7089,2.5,0.6166,23.2683
398,Kazakhstan,maiz,972.9,24.73,0.0254,0.0055,0.0077,0.0074,0.0,0.0016,0.0004,0.0026,0.0002,,,,,,
398,Kazakhstan,olvs,164.7,2678.95,16.2676,,,,,,,,,10.8907,0.6917,4.6853,14.53,0.0882,16.3559
398,Kazakhstan,pigs,53.6,51.49,0.961,,,,,,,,,0.2439,0.7172,0.0,37.64,0.7026,1.6636
398,Kazakhstan,pota,2271.4,33.15,0.0146,0.0011,0.0058,0.0044,0.0,0.0027,0.0,0.0006,0.0001,,,,,,
398,Kazakhstan,poul,495.3,141.71,0.2861,,,,,,,,,0.0,0.0817,0.2044,205.07,0.414,0.7001
398,Kazakhstan,rape,155.8,25.58,0.1642,0.0111,0.0135,0.0303,0.0,0.0808,0.0002,0.0284,0.0,,,,,,
398,Kazakhstan,rice,546.9,387.48,0.7085,0.0021,0.0033,0.0057,0.6911,0.0009,0.0001,0.0054,0.0,,,,,,
398,Kazakhstan,shee,122.3,3116.96,25.4924,,,,,,,,,16.9829,0.8896,7.6199,23.04,0.1884,25.6808
398,Kazakhstan,sorg,3.7,1.66,0.45,0.0151,0.0759,0.0354,0.0,0.2951,0.0005,0.0278,0.0,,,,,,
398,Kazakhstan,soyb,261.3,17.26,0.066,0.0006,0.0362,0.0148,0.0,0.0051,0.0,0.0094,0.0,,,,,,
398,Kazakhstan,whea,14556.7,1220.35,0.0838,0.0075,0.0102,0.0157,0.0,0.0435,0.0002,0.0068,0.0,,,,,,
400,Jordan,barl,96.8,11.52,0.119,0.0041,0.0958,0.0169,0.0,0.0,0.0005,0.0002,0.0016,,,,,,
400,Jordan,bcat,49.6,65.05,1.3117,,,,,,,,,0.8286,0.0337,0.4494,1.61,0.0324,1.3441
400,Jordan,cott,1.0,0.36,0.3423,0.149,0.1115,0.0231,0.0,0.0,0.0385,0.0067,0.0135,,,,,,
400,Jordan,dcat,353.4,94.46,0.2673,,,,,,,,,0.1701,0.0085,0.0886,1.23,0.0035,0.2707
400,Jordan,goat,16.1,176.06,10.9625,,,,,,,,,6.3987,0.2176,4.3461,0.13,0.0078,10.9703
400,Jordan,maiz,9.2,0.59,0.0638,0.03,0.0155,0.009,0.0,0.0,0.0062,0.0012,0.002,,,,,,
400,Jordan,pota,148.9,4.6,0.0309,0.0226,0.0034,0.0028,0.0,0.0,0.002,0.0001,0.0,,,,,,
400,Jordan,poul,307.3,132.65,0.4316,,,,,,,,,0.0,0.093,0.3386,8.18,0.0266,0.4582
400,Jordan,shee,121.5,582.22,4.7903,,,,,,,,,3.0483,0.0915,1.6506,1.51,0.0124,4.8028
400,Jordan,sorg,3.5,0.12,0.033,0.0112,0.0138,0.0057,0.0,0.0,0.0017,0.0006,0.0,,,,,,
400,Jordan,whea,33.9,5.37,0.1585,0.0338,0.0959,0.0135,0.0,0.0,0.0048,0.0017,0.0087,,,,,,
404,Kenya,barl,34.4,10.13,0.2942,0.0857,0.1446,0.0234,0.0,0.0261,0.0094,0.0049,0.0,,,,,,
404,Kenya,bcat,242.4,27102.25,111.8264,,,,,,,,,73.8571,2.7288,35.2405,30.82,0.1272,111.9536
404,Kenya,cott,6.8,6.52,0.9531,0.5304,0.1206,0.0351,0.0,0.1727,0.0528,0.0415,0.0,,,,,,
404,Kenya,dcat,4114.0,9200.95,2.2365,,,,,,,,,1.5296,0.0433,0.6636,61.38,0.0149,2.2514
404,Kenya,goat,344.2,8226.67,23.9002,,,,,,,,,13.9855,0.5091,9.4056,11.71,0.034,23.9342
404,Kenya,grou,15.7,7.2,0.4583,0.2138,0.1331,0.0461,0.0,0.0474,0.0157,0.0022,0.0,,,,,,
404,Kenya,maiz,3776.5,960.31,0.2543,0.0696,0.0542,0.012,0.0,0.1098,0.0069,0.0018,0.0,,,,,,
404,Kenya,olvs,1120.3,6993.5,6.2425,,,,,,,,,5.1164,0.2173,0.9087,23.88,0.0213,6.2638
404,Kenya,pigs,26.3,118.6,4.5163,,,,,,,,,0.7018,3.8145,0.0,3.69,0.1404,4.6567
404,Kenya,pota,1869.1,185.72,0.0994,0.0682,0.0081,0.0041,0.0,0.0122,0.0066,0.0002,0.0,,,,,,
404,Kenya,poul,176.2,241.52,1.371,,,,,,,,,0.0,0.2273,1.1437,18.13,0.1029,1.4739
404,Kenya,rice,181.2,228.96,1.2634,0.0393,0.0044,0.0093,1.1592,0.0433,0.007,0.0007,0.0,,,,,,
404,Kenya,shee,175.8,5345.96,30.4041,,,,,,,,,19.3293,0.7131,10.3617,7.43,0.0422,30.4464
404,Kenya,sorg,317.0,86.0,0.2713,0.1504,0.0502,0.0143,0.0,0.0372,0.0169,0.0024,0.0,,,,,,
404,Kenya,soyb,2.5,0.6,0.2393,0.0409,0.1294,0.0278,0.0,0.0385,0.002,0.0008,0.0,,,,,,
404,Kenya,sugc,6732.0,80.28,0.0119,0.0047,0.0011,0.0035,0.0,0.0021,0.0004,0.0001,0.0,,,,,,
404,Kenya,whea,405.1,64.29,0.1587,0.0755,0.0362,0.0099,0.0,0.0264,0.0094,0.0014,0.0,,,,,,
408,Democratic People's Republic of Korea,barl,52.2,35.62,0.6825,0.0166,0.0407,0.0327,0.0,0.5827,0.0029,0.007,0.0,,,,,,
408,Democratic People's Republic of Korea,bcat,24.2,951.64,39.389,,,,,,,,,29.6517,4.8292,4.9082,2.93,0.1214,39.5104
408,Democratic People's Republic of Korea,cott,31.0,7.37,0.2378,0.1385,0.0309,0.0401,0.0,0.0,0.0261,0.002,0.0001,,,,,,
408,Democratic People's Republic of Korea,dcat,108.8,94.76,0.8711,,,,,,,,,0.6883,0.1279,0.0549,1.4,0.0128,0.8839
408,Democratic People's Republic of Korea,goat,14.0,817.94,58.592,,,,,,,,,34.8908,1.1834,22.5178,0.52,0.0372,58.6292
408,Democratic People's Republic of Korea,grou,1.6,0.56,0.3551,0.143,0.1348,0.0373,0.0,0.0,0.0253,0.0139,0.0006,,,,,,
408,Democratic People's Republic of Korea,maiz,2147.6,103.21,0.0481,0.02,0.011,0.0119,0.0,0.0,0.0037,0.0015,0.0,,,,,,
408,Democratic People's Republic of Korea,pigs,121.5,248.64,2.0466,,,,,,,,,0.5179,1.5287,0.0,17.48,0.1439,2.1905
408,Democratic People's Republic of Korea,pota,619.9,100.45,0.162,0.0312,0.0126,0.0088,0.0,0.1023,0.0059,0.0011,0.0001,,,,,,
408,Democratic People's Republic of Korea,poul,192.5,94.33,0.49,,,,,,,,,0.0,0.1275,0.3625,19.46,0.1011,0.5912
408,Democratic People's Republic of Korea,rice,1919.6,1819.84,0.948,0.0091,0.0118,0.0101,0.9117,0.0,0.0031,0.0015,0.0006,,,,,,
408,Democratic People's Republic of Korea,sorg,35.3,4.49,0.1271,0.0547,0.0316,0.026,0.0,0.0,0.0103,0.0044,0.0,,,,,,
408,Democratic People's Republic of Korea,soyb,218.0,22.46,0.103,0.0239,0.0398,0.0301,0.0,0.0,0.0041,0.0052,0.0,,,,,,
408,Democratic People's Republic of Korea,whea,78.4,23.02,0.2937,0.1056,0.0491,0.0239,0.0,0.0898,0.0214,0.0039,0.0,,,,,,
410,Republic of Korea,barl,90.9,52.32,0.5759,0.2775,0.2509,0.0212,0.0,0.0,0.0173,0.0035,0.0055,,,,,,
410,Republic of Korea,bcat,276.8,5778.35,20.8733,,,,,,,,,15.7133,2.5592,2.6008,11.54,0.0417,20.915
410,Republic of Korea,dcat,1987.4,452.39,0.2276,,,,,,,,,0.1779,0.0355,0.0142,9.67,0.0049,0.2325
410,Republic of Korea,goat,9.6,67.96,7.0867,,,,,,,,,4.2193,0.145,2.7223,0.11,0.0117,7.0983
410,Republic of Korea,grou,8.8,6.08,0.6926,0.1714,0.4737,0.0218,0.0,0.0,0.0103,0.0071,0.0084,,,,,,
410,Republic of Korea,maiz,85.5,42.03,0.4917,0.3463,0.1103,0.0083,0.0,0.0,0.0214,0.0025,0.0029,,,,,,
410,Republic of Korea,pigs,1319.1,1111.26,0.8424,,,,,,,,,0.2132,0.6292,0.0,63.08,0.0478,0.8903
410,Republic of Korea,pota,494.8,37.89,0.0766,0.044,0.024,0.0034,0.0,0.0,0.0027,0.0003,0.0021,,,,,,
410,Republic of Korea,poul,1718.0,509.29,0.2964,,,,,,,,,0.0,0.0822,0.2143,57.57,0.0335,0.33
410,Republic of Korea,rice,4179.1,3576.97,0.8559,0.0458,0.0559,0.0093,0.7236,0.0,0.0068,0.002,0.0125,,,,,,
410,Republic of Korea,sorg,2.4,2.9,1.2288,0.6127,0.553,0.0102,0.0,0.0,0.0403,0.0089,0.0038,,,,,,
410,Republic of Korea,soyb,77.5,92.51,1.1941,0.406,0.7262,0.0233,0.0,0.0,0.0252,0.0111,0.0022,,,,,,
410,Republic of Korea,whea,15.4,10.12,0.656,0.4119,0.1907,0.0156,0.0,0.0,0.0252,0.0047,0.008,,,,,,
414,Kuwait,barl,3.0,0.52,0.1753,0.0344,0.113,0.013,0.0,0.0,0.0144,0.0003,0.0,,,,,,
414,Kuwait,bcat,2.0,28.39,14.5564,,,,,,,,,9.1928,0.3779,4.9856,0.02,0.0108,14.5672
414,Kuwait,dcat,56.6,18.21,0.3216,,,,,,,,,0.2047,0.0103,0.1066,0.06,0.0011,0.3227
414,Kuwait,goat,6.5,45.15,6.9037,,,,,,,,,4.0229,0.1479,2.7329,0.02,0.0031,6.9068
414,Kuwait,maiz,21.7,1.05,0.0484,0.013,0.0254,0.0049,0.0,0.0,0.005,0.0001,0.0,,,,,,
414,Kuwait,olvs,2.2,27.12,12.2733,,,,,,,,,9.9163,0.4683,1.8887,0.0,0.0017,12.275
414,Kuwait,pota,28.8,1.36,0.0472,0.0134,0.0253,0.0035,0.0,0.0,0.0049,0.0,0.0,,,,,,
414,Kuwait,poul,143.4,194.46,1.3558,,,,,,,,,0.0,0.2895,1.0664,1.18,0.0082,1.364
414,Kuwait,shee,46.8,149.47,3.1911,,,,,,,,,2.0272,0.0664,1.0976,0.18,0.0038,3.1949
417,Kyrgyzstan,barl,482.2,40.92,0.0849,0.0117,0.043,0.0144,0.0,0.0,0.0024,0.001,0.0124,,,,,,
417,Kyrgyzstan,bcat,133.3,1689.9,12.6726,,,,,,,,,9.54,1.5537,1.5789,26.35,0.1976,12.8703
417,Kyrgyzstan,cott,74.2,24.44,0.3294,0.1536,0.1069,0.0287,0.0,0.0,0.0211,0.0009,0.0182,,,,,,
417,Kyrgyzstan,dcat,1811.5,2170.25,1.198,,,,,,,,,0.9447,0.1778,0.0755,44.8,0.0247,1.2228
417,Kyrgyzstan,goat,10.7,174.81,16.3217,,,,,,,,,9.7188,0.3292,6.2737,0.64,0.06,16.3816
417,Kyrgyzstan,maiz,653.2,33.79,0.0517,0.0175,0.0173,0.007,0.0,0.0,0.0034,0.0005,0.0061,,,,,,
417,Kyrgyzstan,olvs,26.1,416.77,15.9864,,,,,,,,,10.3452,0.7158,4.9254,1.01,0.0387,16.0251
417,Kyrgyzstan,pigs,12.2,2.99,0.246,,,,,,,,,0.0625,0.1835,0.0,3.4,0.2799,0.5258
417,Kyrgyzstan,pota,1257.6,24.16,0.0192,0.004,0.0077,0.0037,0.0,0.0,0.0008,0.0,0.0031,,,,,,
417,Kyrgyzstan,poul,47.2,20.65,0.4375,,,,,,,,,0.0,0.1156,0.3219,7.57,0.1604,0.5978
417,Kyrgyzstan,rice,41.0,17.4,0.4246,0.027,0.0378,0.008,0.3363,0.0,0.0057,0.0003,0.0094,,,,,,
417,Kyrgyzstan,shee,70.6,1160.8,16.4512,,,,,,,,,10.9549,0.573,4.9234,5.14,0.0729,16.5241
417,Kyrgyzstan,soyb,3.2,1.31,0.4116,0.0696,0.2897,0.0213,0.0,0.0,0.0082,0.0003,0.0226,,,,,,
417,Kyrgyzstan,whea,687.3,81.49,0.1186,0.0413,0.0494,0.0112,0.0,0.0,0.0069,0.001,0.0088,,,,,,
418,Lao People's Democratic Republic,bcat,39.0,3584.4,92.0022,,,,,,,,,69.258,11.2805,11.4637,14.98,0.3845,92.3867
418,Lao People's Democratic Republic,buff,22.5,2428.02,108.1041,,,,,,,,,81.8726,12.8668,13.3647,2.74,0.122,108.2261
418,Lao People's Democratic Republic,cott,2.0,0.51,0.2595,0.0421,0.1108,0.0769,0.0,0.0067,0.0051,0.0179,0.0,,,,,,
418,Lao People's Democratic Republic,dcat,26.6,126.71,4.7565,,,,,,,,,3.2065,1.2939,0.2561,0.39,0.0145,4.771
418,Lao People's Democratic Republic,goat,1.7,98.63,58.0188,,,,,,,,,34.3076,1.5735,22.1376,0.28,0.1672,58.1861
418,Lao People's Democratic Republic,grou,40.1,6.84,0.1705,0.015,0.1091,0.0302,0.0,0.0043,0.0013,0.0107,0.0,,,,,,
418,Lao People's Democratic Republic,maiz,776.9,119.11,0.1533,0.0689,0.0546,0.0124,0.0,0.001,0.0092,0.0072,0.0,,,,,,
418,Lao People's Democratic Republic,oilp,11.1,0.67,0.0599,0.0497,0.0026,0.0,0.0,0.0,0.0076,0.0,0.0,,,,,,
418,Lao People's Democratic Republic,pigs,110.3,797.92,7.234,,,,,,,,,1.0383,6.1957,0.0,43.78,0.3969,7.631
418,Lao People's Democratic Republic,pota,7.1,0.78,0.1094,0.0773,0.0175,0.0059,0.0,0.0,0.0074,0.0013,0.0,,,,,,
418,Lao People's Democratic Republic,poul,82.9,149.36,1.8023,,,,,,,,,0.0,0.6323,1.1701,18.79,0.2267,2.0291
418,Lao People's Democratic Republic,rice,3429.2,4854.46,1.4156,0.0276,0.0459,0.0109,1.3134,0.0024,0.009,0.0065,0.0,,,,,,
418,Lao People's Democratic Republic,soyb,7.2,3.42,0.4738,0.092,0.2934,0.0432,0.0,0.0014,0.0094,0.0345,0.0,,,,,,
418,Lao People's Democratic Republic,sugc,1845.9,28.18,0.0153,0.0065,0.0017,0.0055,0.0,0.0001,0.0008,0.0007,0.0,,,,,,
422,Lebanon,barl,34.6,6.24,0.1803,0.0405,0.0999,0.0181,0.0,0.0,0.0098,0.0046,0.0074,,,,,,
422,Lebanon,bcat,49.1,54.46,1.1098,,,,,,,,,0.7009,0.0286,0.3804,1.53,0.0312,1.141
422,Lebanon,dcat,287.9,132.74,0.461,,,,,,,,,0.2935,0.0146,0.1529,0.9,0.0031,0.4642
422,Lebanon,goat,35.7,119.02,3.3312,,,,,,,,,1.9531,0.0509,1.3271,0.3,0.0084,3.3396
422,Lebanon,grou,9.6,1.04,0.1082,0.0199,0.0538,0.0156,0.0,0.0,0.0046,0.0074,0.0069,,,,,,
422,Lebanon,maiz,3.3,0.51,0.1529,0.0447,0.0556,0.0106,0.0,0.0,0.0103,0.0066,0.0251,,,,,,
422,Lebanon,pota,623.5,16.82,0.027,0.0142,0.0064,0.0027,0.0,0.0,0.0032,0.0003,0.0001,,,,,,
422,Lebanon,poul,189.0,213.88,1.1317,,,,,,,,,0.0,0.1993,0.9324,4.19,0.0222,1.1539
422,Lebanon,shee,30.6,105.06,3.4301,,,,,,,,,2.1908,0.053,1.1863,0.28,0.0092,3.4393
422,Lebanon,sorg,4.2,0.07,0.0178,0.0048,0.012,0.0,0.0,0.0,0.0,0.0005,0.0005,,,,,,
422,Lebanon,whea,152.5,22.68,0.1488,0.0486,0.07,0.0103,0.0,0.0,0.0118,0.0048,0.0033,,,,,,
426,Lesotho,bcat,5.6,295.36,52.5557,,,,,,,,,35.3205,0.3817,16.8536,0.38,0.0678,52.6235
426,Lesotho,dcat,138.7,214.93,1.5499,,,,,,,,,1.0601,0.03,0.4598,3.61,0.0261,1.576
426,Lesotho,maiz,88.4,22.0,0.2489,0.0611,0.0739,0.011,0.0,0.0,0.0246,0.0058,0.0724,,,,,,
426,Lesotho,pota,131.8,4.72,0.0358,0.0098,0.0081,0.0018,0.0,0.0,0.0032,0.0,0.0128,,,,,,
426,Lesotho,poul,3.6,2.33,0.639,,,,,,,,,0.0,0.0753,0.5637,0.36,0.0982,0.7372
426,Lesotho,shee,1.4,141.23,101.6014,,,,,,,,,64.9468,1.8424,34.8122,0.05,0.0388,101.6402
426,Lesotho,sorg,4.5,6.71,1.478,0.1121,0.5767,0.0656,0.0,0.0,0.037,0.0084,0.6782,,,,,,
426,Lesotho,soyb,9.2,0.26,0.0287,0.0061,0.0071,0.0091,0.0,0.0,0.0034,0.0004,0.0026,,,,,,
426,Lesotho,whea,11.5,1.29,0.1117,0.0167,0.0524,0.011,0.0,0.0,0.0077,0.0041,0.0199,,,,,,
428,Latvia,barl,313.7,463.02,1.476,0.0814,0.0151,0.0179,0.0,1.3588,0.0025,0.0003,0.0001,,,,,,
428,Latvia,bcat,16.7,519.73,31.14,,,,,,,,,24.2227,4.2836,2.6336,214.67,12.862,44.0019
428,Latvia,dcat,983.9,575.15,0.5846,,,,,,,,,0.4375,0.1169,0.0302,1543.91,1.5693,2.1538
428,Latvia,goat,1.6,2.28,1.4314,,,,,,,,,0.7855,0.0346,0.6113,6.96,4.3796,5.8111
428,Latvia,pigs,38.1,72.56,1.9044,,,,,,,,,0.3292,1.5752,0.0,565.5,14.8425,16.7469
428,Latvia,pota,179.5,50.06,0.2789,0.0119,0.0031,0.0034,0.0,0.2602,0.0003,0.0,0.0001,,,,,,
428,Latvia,poul,37.7,24.54,0.6515,,,,,,,,,0.0,0.6353,0.0163,376.46,9.9964,10.6479
428,Latvia,rape,456.5,843.8,1.8485,0.1647,0.018,0.0174,0.0,1.6432,0.0046,0.0004,0.0001,,,,,,
428,Latvia,whea,2649.7,2974.26,1.1225,0.1083,0.0107,0.0132,0.0,0.987,0.003,0.0003,0.0,,,,,,
430,Liberia,dcat,7.7,11.95,1.5513,,,,,,,,,1.0605,0.0292,0.4616,0.03,0.0035,1.5548
430,Liberia,grou,6.7,3.02,0.4528,0.041,0.0731,0.0653,0.0,0.2425,0.0009,0.0301,0.0,,,,,,
430,Liberia,maiz,4.9,0.6,0.1213,0.018,0.0174,0.0172,0.0,0.046,0.0012,0.0215,0.0,,,,,,
430,Liberia,oilp,179.3,10.2,0.0569,0.0004,0.001,0.0,0.0,0.0554,0.0,0.0,0.0,,,,,,
430,Liberia,pigs,9.1,47.99,5.2446,,,,,,,,,0.815,4.4296,0.0,0.31,0.0335,5.2781
430,Liberia,poul,19.4,34.14,1.7552,,,,,,,,,0.0,0.3002,1.455,0.45,0.0233,1.7785
430,Liberia,rice,274.5,167.11,0.6088,0.0791,0.0281,0.032,0.1047,0.3393,0.0077,0.018,0.0,,,,,,
430,Liberia,soyb,3.1,3.23,1.0466,0.1039,0.1495,0.0861,0.0,0.6531,0.0003,0.0537,0.0,,,,,,
430,Liberia,sugc,265.4,19.89,0.0749,0.0251,0.0019,0.0042,0.0,0.0412,0.0021,0.0005,0.0,,,,,,
434,Libya,barl,67.4,29.57,0.4385,0.0758,0.2888,0.039,0.0,0.0,0.0348,0.0002,0.0,,,,,,
434,Libya,bcat,6.2,101.31,16.2621,,,,,,,,,10.7398,0.3965,5.1258,1.08,0.1734,16.4355
434,Libya,dcat,136.7,218.57,1.5986,,,,,,,,,1.0933,0.0309,0.4744,2.62,0.0191,1.6177
434,Libya,goat,29.5,544.93,18.4783,,,,,,,,,10.8129,0.3933,7.2721,1.32,0.0446,18.523
434,Libya,grou,16.3,1.49,0.0912,0.0213,0.0347,0.0261,0.0,0.0,0.0091,0.0,0.0,,,,,,
434,Libya,maiz,3.0,0.26,0.086,0.0227,0.0478,0.006,0.0,0.0,0.0094,0.0,0.0,,,,,,
434,Libya,olvs,5.1,93.09,18.3613,,,,,,,,,13.2347,0.8665,4.2602,0.17,0.0333,18.3947
434,Libya,pota,359.0,3.89,0.0108,0.0032,0.0036,0.0026,0.0,0.0,0.0014,0.0,0.0,,,,,,
434,Libya,poul,187.7,141.06,0.7516,,,,,,,,,0.0,0.128,0.6236,24.87,0.1325,0.8841
434,Libya,shee,85.9,1487.85,17.3228,,,,,,,,,11.0131,0.4061,5.9036,4.7,0.0547,17.3774
434,Libya,whea,125.3,34.5,0.2753,0.0655,0.1578,0.0227,0.0,0.0,0.0291,0.0001,0.0,,,,,,
438,,dcat,18.5,10.93,0.5909,,,,,,,,,0.4418,0.1186,0.0306,0.0,0.0,0.5909
438,,whea,2.1,0.27,0.1301,0.0895,0.0254,0.0134,0.0,0.0,0.0019,0.0,0.0,,,,,,
440,Lithuania,barl,685.7,521.79,0.761,0.0155,0.0107,0.0152,0.0,0.7148,0.0042,0.0004,0.0001,,,,,,
440,Lithuania,bcat,42.7,775.51,18.1745,,,,,,,,,14.1391,2.5007,1.5347,288.69,6.7657,24.9402
440,Lithuania,dcat,1464.6,964.08,0.6582,,,,,,,,,0.4927,0.1316,0.034,1154.5,0.7883,1.4465
440,Lithuania,goat,3.6,3.45,0.9667,,,,,,,,,0.5311,0.0185,0.4171,6.63,1.8579,2.8245
440,Lithuania,maiz,134.2,45.67,0.3403,0.0127,0.0026,0.0053,0.0,0.3149,0.0048,0.0001,0.0,,,,,,
440,Lithuania,pigs,78.2,132.07,1.688,,,,,,,,,0.2922,1.3958,0.0,605.75,7.7423,9.4302
440,Lithuania,pota,292.2,62.71,0.2146,0.0099,0.0027,0.0032,0.0,0.195,0.0036,0.0,0.0001,,,,,,
440,Lithuania,poul,93.4,30.65,0.3281,,,,,,,,,0.0,0.3175,0.0106,516.39,5.5276,5.8557
440,Lithuania,rape,944.9,890.93,0.9429,0.0253,0.0132,0.0143,0.0,0.8832,0.0061,0.0007,0.0001,,,,,,
440,Lithuania,soyb,2.3,4.89,2.1082,0.0211,0.0272,0.0224,0.0,2.0306,0.0052,0.0017,0.0,,,,,,
440,Lithuania,whea,4690.0,2877.9,0.6136,0.0115,0.0084,0.0115,0.0,0.5798,0.0018,0.0005,0.0001,,,,,,
442,Luxembourg,barl,43.8,16.08,0.3669,0.2597,0.049,0.021,0.0,0.0288,0.0044,0.0001,0.0039,,,,,,
442,Luxembourg,bcat,9.2,215.01,23.3956,,,,,,,,,18.1913,3.2133,1.9911,4.83,0.5259,23.9215
442,Luxembourg,dcat,369.4,188.55,0.5104,,,,,,,,,0.3816,0.1024,0.0264,24.39,0.066,0.5764
442,Luxembourg,maiz,2.1,0.55,0.2625,0.1466,0.0389,0.012,0.0,0.0567,0.0034,0.0,0.0048,,,,,,
442,Luxembourg,pigs,12.0,17.92,1.4947,,,,,,,,,0.257,1.2377,0.0,6.62,0.5518,2.0466
442,Luxembourg,pota,20.8,1.4,0.0672,0.0467,0.0102,0.0036,0.0,0.0056,0.0007,0.0,0.0005,,,,,,
442,Luxembourg,poul,2.0,0.64,0.3247,,,,,,,,,0.0,0.3136,0.0111,0.82,0.4123,0.737
442,Luxembourg,rape,12.6,7.12,0.5676,0.4229,0.072,0.0182,0.0,0.0406,0.0094,0.0002,0.0044,,,,,,
442,Luxembourg,whea,57.7,33.95,0.5879,0.4972,0.0582,0.0175,0.0,0.0123,0.0027,0.0,0.0,,,,,,
450,Madagascar,bcat,30.5,7907.29,259.0006,,,,,,,,,171.0599,6.3201,81.6206,20.19,0.6613,259.6619
450,Madagascar,cott,12.4,16.21,1.3103,0.1255,0.0891,0.0353,0.0,1.02,0.0153,0.0203,0.0049,,,,,,
450,Madagascar,dcat,447.3,2698.69,6.0333,,,,,,,,,4.1264,0.1168,1.7902,34.26,0.0766,6.1099
450,Madagascar,goat,2.6,275.68,107.2669,,,,,,,,,62.7704,2.2805,42.216,0.62,0.24,107.507
450,Madagascar,grou,55.1,57.77,1.0487,0.0405,0.261,0.0571,0.0,0.6387,0.0043,0.0375,0.0096,,,,,,
450,Madagascar,maiz,220.0,123.02,0.5592,0.0482,0.0847,0.0137,0.0,0.3918,0.006,0.0106,0.0042,,,,,,
450,Madagascar,oilp,19.7,8.91,0.4529,0.0,0.0038,0.0,0.0,0.4491,0.0,0.0,0.0,,,,,,
450,Madagascar,pigs,26.1,316.53,12.123,,,,,,,,,1.8841,10.239,0.0,20.23,0.7748,12.8978
450,Madagascar,pota,248.3,18.99,0.0765,0.019,0.0342,0.0069,0.0,0.0095,0.0019,0.0004,0.0045,,,,,,
450,Madagascar,poul,106.7,230.83,2.1642,,,,,,,,,0.0,0.3276,1.8366,56.17,0.5266,2.6908
450,Madagascar,rice,4162.2,12175.63,2.9253,0.001,0.0126,0.0136,1.8403,1.0504,0.0003,0.0062,0.001,,,,,,
450,Madagascar,sugc,3067.4,412.11,0.1344,0.0082,0.002,0.0039,0.0,0.1187,0.0009,0.0006,0.0001,,,,,,
454,Malawi,bcat,56.3,2294.96,40.7848,,,,,,,,,26.9366,0.9954,12.8528,41.97,0.7458,41.5306
454,Malawi,cott,53.3,44.92,0.8422,0.4562,0.0897,0.0315,0.0,0.1406,0.101,0.0232,0.0,,,,,,
454,Malawi,dcat,70.6,283.67,4.0191,,,,,,,,,2.7489,0.0776,1.1925,5.49,0.0778,4.0968
454,Malawi,goat,179.9,2434.56,13.5321,,,,,,,,,7.9186,0.288,5.3254,36.4,0.2023,13.7344
454,Malawi,grou,413.5,137.38,0.3322,0.1768,0.0366,0.0249,0.0,0.0371,0.0537,0.0033,0.0,,,,,,
454,Malawi,maiz,3625.5,814.95,0.2248,0.1103,0.0177,0.0091,0.0,0.0555,0.0305,0.0016,0.0,,,,,,
454,Malawi,pigs,341.4,1315.85,3.8548,,,,,,,,,0.5991,3.2558,0.0,292.92,0.8581,4.713
454,Malawi,pota,1359.3,70.95,0.0522,0.0366,0.0017,0.0023,0.0,0.0,0.0115,0.0001,0.0,,,,,,
454,Malawi,poul,141.9,79.89,0.5629,,,,,,,,,0.0,0.0956,0.4673,85.76,0.6043,1.1671
454,Malawi,rice,158.7,152.34,0.9601,0.2692,0.0176,0.0127,0.419,0.146,0.0919,0.0036,0.0,,,,,,
454,Malawi,shee,8.3,79.89,9.5785,,,,,,,,,6.0903,0.223,3.2652,2.09,0.2511,9.8296
454,Malawi,sorg,140.0,69.81,0.4986,0.1671,0.0255,0.0188,0.0,0.2378,0.0345,0.0148,0.0,,,,,,
454,Malawi,soyb,263.3,152.22,0.5781,0.0562,0.0299,0.0152,0.0,0.4509,0.0213,0.0045,0.0,,,,,,
454,Malawi,sugc,2548.7,33.9,0.0133,0.0071,0.0003,0.0039,0.0,0.0008,0.001,0.0002,0.0,,,,,,
458,Malaysia,bcat,32.0,1027.18,32.0692,,,,,,,,,24.1412,3.932,3.9961,1.01,0.0317,32.1009
458,Malaysia,buff,11.0,114.17,10.3792,,,,,,,,,7.8586,1.2372,1.2834,0.12,0.0108,10.39
458,Malaysia,dcat,40.1,102.1,2.5455,,,,,,,,,1.6508,0.7627,0.1321,0.14,0.0035,2.549
458,Malaysia,maiz,2.6,0.42,0.1598,0.1227,0.0027,0.0106,0.0,0.0053,0.0186,0.0,0.0,,,,,,
458,Malaysia,oilp,91196.3,2610.29,0.0286,0.0221,0.0024,0.0,0.0,0.0002,0.004,0.0,0.0,,,,,,
458,Malaysia,pigs,185.7,338.47,1.823,,,,,,,,,0.2293,1.5937,0.0,7.28,0.0392,1.8622
458,Malaysia,poul,2267.8,847.38,0.3737,,,,,,,,,0.0,0.1281,0.2456,58.1,0.0256,0.3993
458,Malaysia,rice,2078.3,3526.44,1.6968,0.0658,0.0235,0.0109,1.5587,0.0018,0.0247,0.0069,0.0044,,,,,,
458,Malaysia,shee,1.3,15.94,12.1672,,,,,,,,,8.0038,0.5687,3.5947,0.02,0.0155,12.1827
458,Malaysia,sugc,457.2,14.58,0.0319,0.0139,0.001,0.0051,0.0,0.0093,0.0022,0.0003,0.0001,,,,,,
466,Mali,bcat,71.7,13093.33,182.5873,,,,,,,,,120.5919,4.4557,57.5397,0.6,0.0084,182.5957
466,Mali,cott,153.2,141.44,0.9234,0.5174,0.0987,0.0892,0.0,0.0,0.1493,0.0689,0.0,,,,,,
466,Mali,dcat,287.0,3613.22,12.5888,,,,,,,,,8.6099,0.2436,3.7352,0.28,0.001,12.5897
466,Mali,goat,268.5,6419.45,23.9104,,,,,,,,,13.9102,0.6452,9.355,0.61,0.0023,23.9126
466,Mali,grou,493.2,110.6,0.2242,0.0316,0.033,0.0279,0.0,0.0862,0.0127,0.0329,0.0,,,,,,
466,Mali,maiz,3456.6,357.61,0.1035,0.0578,0.0119,0.0092,0.0,0.0011,0.0171,0.0063,0.0,,,,,,
466,Mali,olvs,271.9,2874.72,10.5739,,,,,,,,,7.877,0.5916,2.1052,0.39,0.0014,10.5753
466,Mali,pota,226.7,8.44,0.0372,0.0142,0.003,0.0024,0.0,0.0117,0.0052,0.0007,0.0,,,,,,
466,Mali,poul,61.3,199.58,3.2547,,,,,,,,,0.0,0.5766,2.678,0.42,0.0068,3.2615
466,Mali,rice,2999.9,4401.74,1.4673,0.024,0.0188,0.0094,1.2958,0.1047,0.012,0.0027,0.0,,,,,,
466,Mali,shee,191.8,4279.63,22.3118,,,,,,,,,14.0953,0.6606,7.5559,0.54,0.0028,22.3146
466,Mali,sorg,1819.5,249.72,0.1372,0.0183,0.0279,0.0152,0.0,0.0393,0.0077,0.0289,0.0,,,,,,
466,Mali,soyb,13.8,9.19,0.6649,0.0636,0.0628,0.0289,0.0,0.4489,0.0252,0.0355,0.0,,,,,,
466,Mali,sugc,939.1,13.09,0.0139,0.0076,0.0003,0.0039,0.0,0.0,0.002,0.0001,0.0,,,,,,
466,Mali,whea,37.1,1.13,0.0304,0.0125,0.0048,0.0066,0.0,0.0,0.005,0.0015,0.0,,,,,,
470,Malta,dcat,20.4,14.3,0.7008,,,,,,,,,0.4545,0.2145,0.0317,0.0,0.0001,0.7009
470,Malta,pigs,3.8,12.69,3.3144,,,,,,,,,0.3561,2.9582,0.0,0.0,0.0007,3.3151
470,Malta,pota,8.0,0.6,0.0751,0.0089,0.0622,0.0016,0.0,0.0,0.0024,0.0,0.0,,,,,,
470,Malta,poul,3.4,2.55,0.7589,,,,,,,,,0.0,0.7393,0.0196,0.0,0.0005,0.7594
470,Malta,shee,1.4,2.82,1.9734,,,,,,,,,1.3713,0.0881,0.514,0.0,0.0002,1.9737
478,Mauritania,barl,1.1,0.08,0.0726,0.0,0.0664,0.0035,0.0,0.0,0.0,0.0009,0.0018,,,,,,
478,Mauritania,bcat,29.6,1905.31,64.3036,,,,,,,,,42.4703,1.569,20.2643,0.72,0.0244,64.328
478,Mauritania,dcat,146.8,768.64,5.2371,,,,,,,,,3.5819,0.1013,1.5539,0.42,0.0028,5.2399
478,Mauritania,goat,117.9,1675.51,14.2173,,,,,,,,,8.2711,0.3837,5.5625,0.78,0.0066,14.2239
478,Mauritania,grou,2.3,0.64,0.2803,0.0114,0.1786,0.0345,0.0,0.0,0.0048,0.0502,0.0009,,,,,,
478,Mauritania,maiz,17.5,4.68,0.2667,0.0144,0.214,0.0161,0.0,0.0,0.0047,0.0124,0.0051,,,,,,
478,Mauritania,olvs,52.6,2290.62,43.5727,,,,,,,,,34.61,2.099,6.8637,0.22,0.0041,43.5769
478,Mauritania,pota,2.5,0.13,0.0543,0.0053,0.0445,0.0016,0.0,0.0,0.0012,0.0016,0.0,,,,,,
478,Mauritania,poul,9.6,18.97,1.978,,,,,,,,,0.0,0.3291,1.6489,0.2,0.021,1.999
478,Mauritania,rice,337.8,583.92,1.7283,0.0235,0.0037,0.0091,1.6844,0.0,0.0067,0.0008,0.0,,,,,,
478,Mauritania,shee,117.7,2254.79,19.1604,,,,,,,,,12.1044,0.5675,6.4885,0.96,0.0082,19.1685
478,Mauritania,sorg,88.4,27.87,0.3152,0.0057,0.2752,0.0221,0.0,0.0,0.0018,0.0094,0.001,,,,,,
478,Mauritania,sugc,155.7,0.92,0.0059,0.0014,0.0002,0.0039,0.0,0.0,0.0004,0.0001,0.0,,,,,,
478,Mauritania,whea,6.2,1.82,0.2926,0.0103,0.27,0.0103,0.0,0.0,0.0011,0.0008,0.0,,,,,,
480,Mauritius,bcat,1.7,1.95,1.1765,,,,,,,,,0.7759,0.0253,0.3753,0.06,0.0375,1.214
480,Mauritius,dcat,2.3,5.09,2.2329,,,,,,,,,1.5228,0.0443,0.6658,0.01,0.0044,2.2373
480,Mauritius,pota,14.2,1.53,0.108,0.0632,0.028,0.0036,0.0,0.0,0.0056,0.0,0.0077,,,,,,
480,Mauritius,poul,55.2,58.27,1.055,,,,,,,,,0.0,0.1889,0.8661,1.63,0.0295,1.0845
480,Mauritius,sugc,2472.1,89.45,0.0362,0.0133,0.0064,0.0048,0.0,0.0,0.0012,0.0,0.0105,,,,,,
484,Mexico,barl,864.1,71.69,0.083,0.0286,0.021,0.0188,0.0,0.0004,0.0055,0.0033,0.0053,,,,,,
484,Mexico,bcat,2059.3,63669.95,30.9181,,,,,,,,,23.9395,0.444,6.5346,621.26,0.3017,31.2198
484,Mexico,cott,660.6,42.71,0.0647,0.0188,0.0075,0.0255,0.0,0.0005,0.0043,0.0048,0.0032,,,,,,
484,Mexico,dcat,12820.6,5828.61,0.4546,,,,,,,,,0.3919,0.01,0.0527,450.66,0.0352,0.4898
484,Mexico,goat,204.7,2000.83,9.773,,,,,,,,,5.7192,0.2081,3.8456,16.6,0.0811,9.8541
484,Mexico,grou,98.9,14.19,0.1435,0.0155,0.0494,0.0238,0.0,0.0264,0.0022,0.0179,0.0082,,,,,,
484,Mexico,maiz,27163.1,5510.39,0.2029,0.0742,0.0219,0.0087,0.0,0.0784,0.0101,0.0062,0.0033,,,,,,
484,Mexico,oilp,1405.9,303.23,0.2157,0.0327,0.0047,0.0,0.0,0.1761,0.0022,0.0,0.0,,,,,,
484,Mexico,olvs,65.9,7123.75,108.165,,,,,,,,,68.155,6.3016,33.7084,3.59,0.0545,108.2195
484,Mexico,pigs,1635.2,2423.26,1.4819,,,,,,,,,0.3076,1.1743,0.0,559.0,0.3418,1.8238
484,Mexico,pota,1945.9,21.48,0.011,0.0043,0.0019,0.0023,0.0,0.0008,0.0009,0.0002,0.0007,,,,,,
484,Mexico,poul,6562.2,1755.22,0.2675,,,,,,,,,0.0,0.0971,0.1703,1578.89,0.2406,0.5081
484,Mexico,rape,2.0,0.38,0.192,0.02,0.0825,0.0515,0.0,0.0,0.0035,0.0315,0.003,,,,,,
484,Mexico,rice,291.4,345.44,1.1853,0.0566,0.0058,0.0066,0.8968,0.1959,0.0068,0.0165,0.0004,,,,,,
484,Mexico,shee,58.1,1672.5,28.7718,,,,,,,,,18.315,0.5499,9.9069,6.44,0.1108,28.8826
484,Mexico,sorg,4606.8,649.14,0.1409,0.0201,0.0122,0.012,0.0,0.0846,0.0027,0.0079,0.0013,,,,,,
484,Mexico,soyb,243.5,179.02,0.7353,0.0006,0.0261,0.0234,0.0,0.641,0.0,0.0431,0.0011,,,,,,
484,Mexico,sugc,53305.4,1150.75,0.0216,0.0081,0.0009,0.0041,0.0,0.0057,0.0009,0.0017,0.0001,,,,,,
484,Mexico,whea,2979.4,281.19,0.0944,0.0422,0.0142,0.0102,0.0,0.0112,0.0097,0.0042,0.0027,,,,,,
496,Mongolia,barl,4.2,6.18,1.4858,0.1063,0.1767,0.0337,0.0,1.1673,0.0,0.0019,0.0,,,,,,
496,Mongolia,bcat,157.4,5780.28,36.7188,,,,,,,,,27.6459,4.5045,4.5684,67.95,0.4317,37.1505
496,Mongolia,buff,2.8,0.0,0.0,,,,,,,,,0.0,0.0,0.0,1.67,0.6009,0.6009
496,Mongolia,dcat,156.4,2807.37,17.9476,,,,,,,,,14.1887,2.6269,1.132,6.3,0.0403,17.9879
496,Mongolia,goat,171.0,6225.76,36.4037,,,,,,,,,21.6773,0.7357,13.9907,19.43,0.1136,36.5173
496,Mongolia,olvs,121.6,3672.66,30.2003,,,,,,,,,20.5407,1.2504,8.4092,8.88,0.073,30.2734
496,Mongolia,pota,253.3,13.45,0.0531,0.0258,0.0056,0.0021,0.0,0.0194,0.0001,0.0001,0.0,,,,,,
496,Mongolia,poul,8.4,2.97,0.3536,,,,,,,,,0.0,0.0949,0.2588,3.09,0.3688,0.7225
496,Mongolia,rape,22.0,136.14,6.1996,0.4199,0.4773,0.0604,0.0,5.227,0.001,0.014,0.0,,,,,,
496,Mongolia,shee,235.5,6051.19,25.6983,,,,,,,,,17.1146,0.8953,7.6885,33.48,0.1422,25.8405
496,Mongolia,whea,415.6,770.7,1.8544,0.1676,0.0748,0.015,0.0,1.5923,0.0005,0.0043,0.0,,,,,,
498,Republic of Moldova,barl,128.0,42.51,0.3322,0.2039,0.012,0.0218,0.0,0.0458,0.0452,0.0035,0.0,,,,,,
498,Republic of Moldova,bcat,4.2,87.28,20.8801,,,,,,,,,16.6813,3.0933,1.1055,3.93,0.9393,21.8195
498,Republic of Moldova,dcat,326.0,262.05,0.8039,,,,,,,,,0.6517,0.1201,0.032,53.24,0.1633,0.9672
498,Republic of Moldova,goat,9.8,35.13,3.5851,,,,,,,,,1.9941,0.097,1.494,2.96,0.3016,3.8867
498,Republic of Moldova,maiz,909.8,116.14,0.1277,0.0298,0.0136,0.0157,0.0,0.0583,0.0065,0.0037,0.0,,,,,,
498,Republic of Moldova,pigs,23.2,56.14,2.4187,,,,,,,,,0.6186,1.8001,0.0,36.73,1.5827,4.0014
498,Republic of Moldova,pota,208.7,8.27,0.0396,0.0247,0.003,0.0035,0.0,0.0019,0.0053,0.0006,0.0006,,,,,,
498,Republic of Moldova,poul,83.9,94.93,1.1309,,,,,,,,,0.0,1.1101,0.0208,94.81,1.1295,2.2604
498,Republic of Moldova,rape,54.1,20.76,0.384,0.2234,0.0164,0.0207,0.0,0.0684,0.0493,0.0059,0.0,,,,,,
498,Republic of Moldova,shee,25.8,150.89,5.8551,,,,,,,,,4.1952,0.2784,1.3815,13.07,0.5073,6.3624
498,Republic of Moldova,sorg,12.7,2.7,0.2129,0.0983,0.0127,0.0222,0.0,0.0513,0.0217,0.0067,0.0,,,,,,
498,Republic of Moldova,soyb,37.5,7.82,0.2086,0.0625,0.0203,0.0247,0.0,0.0801,0.0138,0.0074,0.0,,,,,,
498,Republic of Moldova,whea,665.3,100.41,0.1509,0.0451,0.0133,0.0186,0.0,0.0593,0.0098,0.0048,0.0,,,,,,
499,Montenegro,barl,1.1,0.37,0.3333,0.1378,0.0216,0.0171,0.0,0.1171,0.0045,0.0171,0.018,,,,,,
499,Montenegro,bcat,5.9,47.2,8.0129,,,,,,,,,6.2299,1.1029,0.6801,0.99,0.1672,8.1801
499,Montenegro,dcat,167.5,224.49,1.3406,,,,,,,,,1.001,0.2703,0.0693,3.26,0.0195,1.3601
499,Montenegro,goat,5.2,7.7,1.4842,,,,,,,,,0.8135,0.0326,0.6382,0.22,0.0415,1.5257
499,Montenegro,maiz,6.6,4.12,0.6277,0.0848,0.0196,0.0088,0.0,0.488,0.0058,0.0134,0.0073,,,,,,
499,Montenegro,pigs,4.1,7.28,1.7807,,,,,,,,,0.3027,1.478,0.0,0.74,0.1818,1.9624
499,Montenegro,pota,34.0,2.7,0.0793,0.0257,0.0016,0.0025,0.0,0.0445,0.001,0.0011,0.0029,,,,,,
499,Montenegro,poul,7.6,3.89,0.5102,,,,,,,,,0.0,0.498,0.0122,0.91,0.1193,0.6295
499,Montenegro,shee,10.7,53.64,4.9941,,,,,,,,,3.5199,0.1694,1.3048,0.61,0.057,5.0511
499,Montenegro,whea,8.3,8.36,1.0088,0.2557,0.0255,0.0133,0.0,0.6633,0.0193,0.0216,0.0101,,,,,,
504,Morocco,barl,631.9,161.23,0.2552,0.0189,0.1549,0.0494,0.0,0.0,0.0041,0.0003,0.0275,,,,,,
504,Morocco,bcat,273.3,1704.62,6.236,,,,,,,,,4.1186,0.1523,1.9652,55.97,0.2048,6.4408
504,Morocco,dcat,2550.0,3136.1,1.2298,,,,,,,,,0.8411,0.0238,0.3649,60.82,0.0238,1.2537
504,Morocco,goat,74.9,1332.16,17.7882,,,,,,,,,10.4092,0.3787,7.0003,4.06,0.0542,17.8424
504,Morocco,grou,35.2,7.85,0.2229,0.0811,0.083,0.0193,0.0,0.0,0.0166,0.0002,0.0226,,,,,,
504,Morocco,maiz,28.1,24.24,0.864,0.4768,0.2294,0.0334,0.0,0.0,0.1033,0.0001,0.021,,,,,,
504,Morocco,olvs,12.8,693.96,54.0892,,,,,,,,,34.9699,3.0452,16.074,0.47,0.0366,54.1258
504,Morocco,pota,1668.7,37.33,0.0224,0.0102,0.0049,0.0022,0.0,0.0,0.0021,0.0,0.003,,,,,,
504,Morocco,poul,1023.1,1029.58,1.0064,,,,,,,,,0.0,0.1573,0.8491,166.72,0.163,1.1693
504,Morocco,rape,1.2,0.22,0.1882,0.0933,0.0529,0.0118,0.0,0.0,0.0202,0.0,0.0101,,,,,,
504,Morocco,rice,64.0,15.45,0.2415,0.0274,0.0179,0.0044,0.1711,0.0,0.0069,0.0,0.0138,,,,,,
504,Morocco,shee,211.6,4588.86,21.6875,,,,,,,,,13.7879,0.5085,7.3911,14.27,0.0674,21.755
504,Morocco,sorg,1.6,1.09,0.6801,0.4155,0.1466,0.0,0.0,0.0,0.095,0.0,0.023,,,,,,
504,Morocco,sugc,772.6,9.4,0.0122,0.0051,0.002,0.0023,0.0,0.0,0.001,0.0,0.0018,,,,,,
504,Morocco,whea,2521.6,515.79,0.2045,0.0865,0.0695,0.0226,0.0,0.0,0.019,0.0003,0.0066,,,,,,
508,Mozambique,bcat,18.5,2459.35,132.6512,,,,,,,,,87.6099,3.2378,41.8036,21.83,1.1774,133.8285
508,Mozambique,cott,86.9,13.94,0.1604,0.0534,0.0089,0.0302,0.0,0.0275,0.0155,0.0248,0.0001,,,,,,
508,Mozambique,dcat,9.6,28.95,3.0066,,,,,,,,,2.0559,0.0579,0.8928,0.48,0.0499,3.0566
508,Mozambique,goat,22.1,714.08,32.326,,,,,,,,,18.9168,0.6876,12.7216,7.94,0.3593,32.6853
508,Mozambique,grou,108.6,189.2,1.7427,0.0808,0.0588,0.1842,0.0,1.3185,0.0212,0.0792,0.0001,,,,,,
508,Mozambique,maiz,1674.0,893.14,0.5335,0.0744,0.0144,0.021,0.0,0.3968,0.0166,0.0103,0.0001,,,,,,
508,Mozambique,pigs,132.3,300.17,2.268,,,,,,,,,0.3526,1.9154,0.0,215.75,1.6302,3.8981
508,Mozambique,pota,417.6,8.51,0.0204,0.0101,0.001,0.0018,0.0,0.0054,0.0021,0.0001,0.0,,,,,,
508,Mozambique,poul,136.0,103.62,0.7618,,,,,,,,,0.0,0.1241,0.6377,156.41,1.1499,1.9117
508,Mozambique,rice,180.7,535.79,2.9646,0.0845,0.0148,0.0524,1.2137,1.5368,0.023,0.0394,0.0,,,,,,
508,Mozambique,sorg,141.3,61.33,0.4342,0.0223,0.0271,0.0349,0.0,0.31,0.0054,0.0344,0.0001,,,,,,
508,Mozambique,soyb,118.2,30.41,0.2572,0.0192,0.0048,0.0161,0.0,0.2094,0.0036,0.0041,0.0,,,,,,
508,Mozambique,sugc,2767.2,304.62,0.1101,0.0023,0.0002,0.0043,0.0,0.1022,0.0006,0.0004,0.0,,,,,,
508,Mozambique,whea,13.6,5.01,0.3691,0.0559,0.0229,0.0148,0.0,0.2637,0.0043,0.0069,0.0005,,,,,,
512,Oman,barl,3.1,0.5,0.1623,0.0713,0.0435,0.0116,0.0,0.0,0.0358,0.0,0.0,,,,,,
512,Oman,bcat,14.8,349.65,23.5611,,,,,,,,,14.8809,0.6065,8.0738,0.52,0.035,23.5961
512,Oman,dcat,203.8,239.13,1.1733,,,,,,,,,0.7368,0.0527,0.3838,0.85,0.0042,1.1775
512,Oman,goat,125.3,542.06,4.3274,,,,,,,,,2.5112,0.1105,1.7058,1.16,0.0092,4.3367
512,Oman,maiz,26.0,1.97,0.076,0.0354,0.0184,0.0038,0.0,0.0,0.0185,0.0,0.0,,,,,,
512,Oman,olvs,13.0,62.36,4.8045,,,,,,,,,3.8095,0.2287,0.7664,0.09,0.0072,4.8117
512,Oman,pota,16.6,0.58,0.0347,0.0169,0.0066,0.0028,0.0,0.0,0.0083,0.0,0.0,,,,,,
512,Oman,poul,33.9,20.73,0.6118,,,,,,,,,0.0,0.1266,0.4852,0.89,0.0262,0.638
512,Oman,shee,51.5,143.71,2.7905,,,,,,,,,1.7645,0.0706,0.9554,0.61,0.0118,2.8023
512,Oman,sorg,135.7,2.25,0.0166,0.0045,0.0038,0.006,0.0,0.0,0.0023,0.0,0.0,,,,,,
512,Oman,whea,2.1,0.16,0.079,0.0268,0.0263,0.0102,0.0,0.0,0.0156,0.0,0.0,,,,,,
516,Namibia,bcat,21.0,2454.93,116.7348,,,,,,,,,77.0984,2.8488,36.7875,3.28,0.1561,116.8908
516,Namibia,dcat,95.7,380.78,3.9772,,,,,,,,,2.7203,0.0769,1.18,1.56,0.0163,3.9935
516,Namibia,goat,1.3,158.02,119.7152,,,,,,,,,70.0545,2.5492,47.1114,0.11,0.0846,119.7998
516,Namibia,maiz,53.7,12.39,0.2308,0.0112,0.0477,0.0098,0.0,0.1343,0.0012,0.0041,0.0224,,,,,,
516,Namibia,pigs,4.8,12.55,2.6359,,,,,,,,,0.4099,2.2261,0.0,1.21,0.2547,2.8906
516,Namibia,pota,11.8,0.9,0.0764,0.0022,0.0105,0.0021,0.0,0.0589,0.0,0.0002,0.0025,,,,,,
516,Namibia,poul,13.0,15.17,1.1671,,,,,,,,,0.0,0.2015,0.9656,1.64,0.1262,1.2932
516,Namibia,shee,5.5,212.37,38.8951,,,,,,,,,24.7284,0.9082,13.2584,0.31,0.0568,38.9518
516,Namibia,sorg,6.1,4.08,0.6678,0.0159,0.1391,0.0267,0.0,0.4218,0.0,0.0085,0.0558,,,,,,
516,Namibia,whea,8.7,0.72,0.0827,0.0001,0.0183,0.0074,0.0,0.0369,0.0,0.0007,0.0193,,,,,,
524,Nepal,barl,30.8,13.66,0.4431,0.249,0.0795,0.0268,0.0,0.0472,0.0373,0.0032,0.0,,,,,,
524,Nepal,bcat,1.3,63.1,49.6866,,,,,,,,,40.7858,4.2488,4.652,0.0,0.0,49.6866
524,Nepal,buff,1745.0,9378.67,5.3745,,,,,,,,,4.4971,0.3726,0.5048,161.27,0.0924,5.4669
524,Nepal,dcat,1067.9,2363.45,2.2132,,,,,,,,,1.7654,0.1577,0.29,33.09,0.031,2.2442
524,Nepal,goat,216.4,2853.65,13.1869,,,,,,,,,7.8508,0.2695,5.0665,17.03,0.0787,13.2656
524,Nepal,maiz,2661.6,357.45,0.1343,0.0244,0.0377,0.0104,0.0,0.0571,0.0035,0.0012,0.0,,,,,,
524,Nepal,pigs,29.9,191.73,6.4187,,,,,,,,,1.3643,5.0544,0.0,10.3,0.3448,6.7635
524,Nepal,pota,3268.4,294.67,0.0902,0.0626,0.009,0.0034,0.0,0.0061,0.0089,0.0001,0.0,,,,,,
524,Nepal,poul,344.5,209.57,0.6083,,,,,,,,,0.0,0.1753,0.4331,82.98,0.2409,0.8492
524,Nepal,rape,2.9,4.27,1.4819,0.8691,0.1924,0.0597,0.0,0.225,0.1243,0.0115,0.0,,,,,,
524,Nepal,rice,5372.7,2887.69,0.5375,0.0209,0.0293,0.0089,0.4469,0.0241,0.0061,0.0012,0.0,,,,,,
524,Nepal,shee,20.2,161.33,7.9945,,,,,,,,,5.3234,0.2796,2.3915,2.12,0.1053,8.0998
524,Nepal,soyb,34.0,13.71,0.4034,0.1461,0.1265,0.0212,0.0,0.083,0.021,0.0056,0.0,,,,,,
524,Nepal,sugc,4121.3,131.28,0.0319,0.0218,0.002,0.0039,0.0,0.0008,0.0032,0.0001,0.0,,,,,,
524,Nepal,whea,2047.1,301.09,0.1471,0.0812,0.0244,0.0141,0.0,0.0138,0.0116,0.0019,0.0,,,,,,
528,Netherlands (Kingdom of the),barl,219.2,327.7,1.4947,0.0869,0.1289,0.0187,0.0,1.2508,0.0036,0.0001,0.0057,,,,,,
528,Netherlands (Kingdom of the),bcat,403.6,3983.18,9.8686,,,,,,,,,7.6732,1.3557,0.8397,117.62,0.2914,10.1601
528,Netherlands (Kingdom of the),dcat,13357.7,6116.39,0.4579,,,,,,,,,0.3423,0.0919,0.0237,460.4,0.0345,0.4924
528,Netherlands (Kingdom of the),goat,376.9,124.9,0.3314,,,,,,,,,0.1821,0.0068,0.1424,29.68,0.0787,0.4101
528,Netherlands (Kingdom of the),maiz,192.8,131.14,0.6803,0.0546,0.1742,0.0092,0.0,0.4359,0.0023,0.0002,0.0039,,,,,,
528,Netherlands (Kingdom of the),pigs,1635.3,2633.58,1.6105,,,,,,,,,0.2771,1.3334,0.0,511.75,0.3129,1.9234
528,Netherlands (Kingdom of the),pota,5955.4,1501.57,0.2521,0.0246,0.0193,0.0032,0.0,0.2033,0.001,0.0,0.0007,,,,,,
528,Netherlands (Kingdom of the),poul,961.8,389.06,0.4045,,,,,,,,,0.0,0.3936,0.0109,216.47,0.2251,0.6296
528,Netherlands (Kingdom of the),rape,6.4,22.7,3.5244,0.5755,0.4304,0.0216,0.0,2.4601,0.0244,0.0002,0.0123,,,,,,
528,Netherlands (Kingdom of the),shee,14.3,193.51,13.5038,,,,,,,,,9.5202,0.4567,3.5269,1.44,0.1007,13.6045
528,Netherlands (Kingdom of the),whea,836.6,1285.56,1.5367,0.1967,0.1375,0.0152,0.0,1.1751,0.008,0.0002,0.0041,,,,,,
540,New Caledonia,bcat,2.5,154.36,63.0049,,,,,,,,,44.4224,2.9457,15.6367,0.1,0.042,63.0469
540,New Caledonia,maiz,7.2,0.31,0.0423,0.0201,0.0015,0.0074,0.0,0.0,0.0019,0.0113,0.0,,,,,,
540,New Caledonia,pigs,1.7,9.35,5.6307,,,,,,,,,0.3464,5.2843,0.0,0.11,0.0688,5.6995
540,New Caledonia,pota,1.9,0.07,0.0339,0.0208,0.001,0.0052,0.0,0.0,0.0021,0.0047,0.0,,,,,,
540,New Caledonia,poul,2.8,0.68,0.241,,,,,,,,,0.0,0.2198,0.0212,0.1,0.0356,0.2766
548,Vanuatu,bcat,1.0,103.98,103.982,,,,,,,,,73.316,4.862,25.804,0.18,0.1754,104.1574
548,Vanuatu,dcat,1.3,22.33,16.9159,,,,,,,,,10.5379,3.6197,2.7583,0.03,0.0206,16.9365
548,Vanuatu,grou,1.7,0.19,0.1107,0.0,0.0202,0.0673,0.0,0.0,0.0,0.0,0.0232,,,,,,
548,Vanuatu,pigs,1.7,19.93,11.8649,,,,,,,,,0.7286,11.1363,0.0,0.35,0.2065,12.0714
554,New Zealand,barl,333.9,204.16,0.6114,0.1898,0.0566,0.0169,0.0,0.3049,0.0391,0.0042,0.0,,,,,,
554,New Zealand,bcat,697.2,11430.54,16.3945,,,,,,,,,11.6967,0.5811,4.1166,42.59,0.0611,16.4555
554,New Zealand,dcat,20988.3,17264.96,0.8226,,,,,,,,,0.5374,0.1448,0.1404,149.57,0.0071,0.8297
554,New Zealand,maiz,189.2,49.01,0.2591,0.1363,0.0076,0.0087,0.0,0.069,0.0351,0.0024,0.0,,,,,,
554,New Zealand,pigs,43.5,88.37,2.0311,,,,,,,,,0.209,1.8221,0.0,3.02,0.0694,2.1005
554,New Zealand,pota,543.5,33.94,0.0624,0.0086,0.0025,0.0028,0.0,0.047,0.0012,0.0003,0.0001,,,,,,
554,New Zealand,poul,278.4,37.26,0.1338,,,,,,,,,0.0,0.123,0.0108,13.56,0.0487,0.1826
554,New Zealand,rape,2.1,1.59,0.7474,0.5047,0.0808,0.0183,0.0,0.0,0.1272,0.0164,0.0,,,,,,
554,New Zealand,shee,447.7,8710.02,19.4533,,,,,,,,,12.2355,0.2906,6.9271,8.98,0.0201,19.4733
554,New Zealand,whea,453.2,14.98,0.033,0.0053,0.0018,0.0119,0.0,0.0108,0.0008,0.0025,0.0,,,,,,
558,Nicaragua,bcat,152.7,8187.16,53.623,,,,,,,,,41.5227,0.7651,11.3352,27.31,0.1789,53.8019
558,Nicaragua,cott,7.1,1.79,0.253,0.0714,0.0165,0.03,0.0,0.1087,0.0123,0.0141,0.0,,,,,,
558,Nicaragua,dcat,1405.1,2352.95,1.6746,,,,,,,,,1.4392,0.0412,0.1943,29.17,0.0208,1.6954
558,Nicaragua,grou,181.1,24.56,0.1356,0.0057,0.0117,0.0231,0.0,0.0888,0.001,0.0053,0.0,,,,,,
558,Nicaragua,maiz,380.8,251.53,0.6605,0.2473,0.0366,0.0184,0.0,0.3057,0.0439,0.0088,0.0,,,,,,
558,Nicaragua,oilp,517.2,51.71,0.1,0.0346,0.0018,0.0,0.0,0.0577,0.006,0.0,0.0,,,,,,
558,Nicaragua,olvs,1.5,191.23,129.2115,,,,,,,,,80.6885,8.4345,40.0885,0.05,0.0366,129.2481
558,Nicaragua,pigs,13.3,84.27,6.331,,,,,,,,,1.2162,5.1147,0.0,2.67,0.2008,6.5317
558,Nicaragua,pota,69.0,3.71,0.0537,0.0246,0.0023,0.0036,0.0,0.0186,0.0043,0.0003,0.0,,,,,,
558,Nicaragua,poul,175.5,72.0,0.4103,,,,,,,,,0.0,0.1538,0.2565,25.45,0.145,0.5554
558,Nicaragua,rice,478.4,463.64,0.9692,0.0219,0.0051,0.0091,0.8294,0.0938,0.0065,0.0034,0.0,,,,,,
558,Nicaragua,sorg,56.1,30.77,0.5481,0.194,0.0364,0.0202,0.0,0.2515,0.0347,0.0113,0.0,,,,,,
558,Nicaragua,soyb,9.8,2.23,0.2266,0.0198,0.0187,0.018,0.0,0.16,0.0036,0.0066,0.0,,,,,,
558,Nicaragua,sugc,7133.3,136.16,0.0191,0.005,0.0004,0.0043,0.0,0.008,0.0009,0.0005,0.0,,,,,,
562,Niger,bcat,67.0,17101.26,255.3952,,,,,,,,,168.679,6.2321,80.4841,9.93,0.1482,255.5434
562,Niger,cott,6.6,0.65,0.0994,0.0131,0.0489,0.0242,0.0,0.0,0.0055,0.0078,0.0,,,,,,
562,Niger,dcat,803.6,4335.29,5.3946,,,,,,,,,3.6895,0.1044,1.6007,15.03,0.0187,5.4133
562,Niger,goat,429.7,4447.1,10.35,,,,,,,,,6.0213,0.2793,4.0495,18.33,0.0427,10.3927
562,Niger,grou,591.8,56.79,0.096,0.0014,0.0404,0.0481,0.0,0.0,0.0001,0.0059,0.0,,,,,,
562,Niger,maiz,47.0,3.03,0.0646,0.0083,0.0332,0.0138,0.0,0.0,0.0033,0.0059,0.0,,,,,,
562,Niger,oilp,2.9,0.12,0.0406,0.0,0.0406,0.0,0.0,0.0,0.0,0.0,0.0,,,,,,
562,Niger,olvs,120.9,3657.33,30.2458,,,,,,,,,22.882,1.637,5.7269,3.26,0.027,30.2728
562,Niger,pota,224.0,1.49,0.0067,0.0001,0.0043,0.0023,0.0,0.0,0.0,0.0,0.0,,,,,,
562,Niger,poul,33.5,82.85,2.4753,,,,,,,,,0.0,0.4286,2.0468,3.84,0.1146,2.5899
562,Niger,rice,134.4,43.52,0.3238,0.0019,0.0142,0.0066,0.2995,0.0,0.0009,0.0007,0.0,,,,,,
562,Niger,shee,185.0,2978.35,16.1,,,,,,,,,10.171,0.4768,5.4522,9.83,0.0531,16.1532
562,Niger,sorg,2137.5,138.04,0.0646,0.0011,0.0382,0.0237,0.0,0.0,0.0001,0.0015,0.0,,,,,,
562,Niger,soyb,5.8,0.45,0.0783,0.0149,0.0366,0.0172,0.0,0.0,0.0076,0.0021,0.0,,,,,,
562,Niger,sugc,425.4,2.28,0.0054,0.0001,0.0026,0.0026,0.0,0.0,0.0,0.0,0.0,,,,,,
562,Niger,whea,5.2,0.21,0.0406,0.0046,0.0267,0.0064,0.0,0.0,0.0021,0.0008,0.0,,,,,,
566,Nigeria,bcat,322.8,23372.12,72.3976,,,,,,,,,47.8158,1.7667,22.8151,244.27,0.7567,73.1543
566,Nigeria,cott,248.6,47.92,0.1927,0.0532,0.0757,0.026,0.0,0.0041,0.0133,0.0205,0.0,,,,,,
566,Nigeria,dcat,532.9,4032.98,7.5673,,,,,,,,,5.1755,0.1464,2.2453,45.52,0.0854,7.6527
566,Nigeria,goat,291.8,19393.73,66.4533,,,,,,,,,38.6605,1.7927,26.0001,56.8,0.1946,66.6479
566,Nigeria,grou,4231.4,398.37,0.0941,0.0103,0.0234,0.0371,0.0,0.0021,0.0022,0.0191,0.0,,,,,,
566,Nigeria,maiz,12224.6,754.7,0.0617,0.0138,0.011,0.0119,0.0,0.0135,0.0026,0.0091,0.0,,,,,,
566,Nigeria,oilp,9792.3,913.65,0.0933,0.0,0.0068,0.0,0.0,0.0865,0.0,0.0,0.0,,,,,,
566,Nigeria,olvs,2.9,120.18,41.4417,,,,,,,,,30.3903,2.3948,8.6566,0.0,0.0,41.4417
566,Nigeria,pigs,334.1,1547.92,4.6328,,,,,,,,,0.72,3.9128,0.0,285.75,0.8552,5.488
566,Nigeria,pota,1243.5,48.44,0.039,0.0046,0.0164,0.0086,0.0,0.0042,0.0007,0.0044,0.0,,,,,,
566,Nigeria,poul,945.5,1018.75,1.0775,,,,,,,,,0.0,0.1701,0.9074,575.29,0.6085,1.686
566,Nigeria,rice,8092.9,5149.48,0.6363,0.0086,0.0135,0.0138,0.5678,0.0163,0.0025,0.0137,0.0,,,,,,
566,Nigeria,shee,157.1,10156.45,64.6414,,,,,,,,,40.837,1.9135,21.8909,38.62,0.2458,64.8872
566,Nigeria,sorg,6583.0,484.73,0.0736,0.0115,0.0199,0.0181,0.0,0.0018,0.0026,0.0197,0.0,,,,,,
566,Nigeria,soyb,1245.4,127.22,0.1021,0.0281,0.0188,0.0225,0.0,0.0077,0.0051,0.02,0.0,,,,,,
566,Nigeria,sugc,1564.5,47.46,0.0303,0.0143,0.0072,0.003,0.0,0.0004,0.0048,0.0007,0.0,,,,,,
566,Nigeria,whea,54.6,17.43,0.3192,0.1333,0.1175,0.024,0.0,0.0,0.0315,0.0129,0.0,,,,,,
578,Norway,barl,619.7,2955.86,4.7699,0.2018,0.059,0.0203,0.0,4.4756,0.0,0.0,0.0132,,,,,,
578,Norway,bcat,79.5,1236.44,15.5586,,,,,,,,,12.0972,2.1376,1.3238,567.93,7.1465,22.7051
578,Norway,dcat,1458.6,850.14,0.5828,,,,,,,,,0.4357,0.117,0.0302,1201.76,0.8239,1.4067
578,Norway,goat,18.4,13.89,0.7548,,,,,,,,,0.4161,0.0141,0.3245,38.7,2.102,2.8567
578,Norway,pigs,126.3,174.42,1.381,,,,,,,,,0.2377,1.1433,0.0,988.83,7.8292,9.2102
578,Norway,pota,346.6,223.72,0.6454,0.047,0.0085,0.0036,0.0,0.5812,0.0,0.0,0.005,,,,,,
578,Norway,poul,176.3,44.64,0.2531,,,,,,,,,0.0,0.2448,0.0083,959.37,5.4408,5.6939
578,Norway,rape,7.0,56.23,7.9753,0.2723,0.0435,0.0279,0.0,7.6157,0.0,0.0004,0.0153,,,,,,
578,Norway,shee,20.9,598.44,28.6611,,,,,,,,,20.2047,0.9702,7.4862,54.51,2.6108,31.2719
578,Norway,whea,307.6,1540.23,5.0074,0.3527,0.0591,0.0167,0.0,4.56,0.0001,0.0001,0.0187,,,,,,
586,Pakistan,barl,54.0,32.17,0.5954,0.2281,0.2539,0.0251,0.0,0.0003,0.0873,0.0007,0.0,,,,,,
586,Pakistan,bcat,1166.2,29771.23,25.5284,,,,,,,,,21.7013,1.7767,2.0505,241.52,0.2071,25.7355
586,Pakistan,buff,35913.1,72937.8,2.031,,,,,,,,,1.6753,0.1676,0.188,2493.11,0.0694,2.1004
586,Pakistan,cott,3453.5,2543.25,0.7364,0.439,0.0834,0.0212,0.0,0.0002,0.1898,0.0027,0.0,,,,,,
586,Pakistan,dcat,21267.0,28643.03,1.3468,,,,,,,,,1.0744,0.0957,0.1768,511.03,0.024,1.3709
586,Pakistan,goat,1477.4,17817.92,12.0601,,,,,,,,,7.1309,0.3272,4.602,80.25,0.0543,12.1144
586,Pakistan,grou,123.2,64.67,0.525,0.1687,0.258,0.0305,0.0,0.0,0.0663,0.0015,0.0,,,,,,
586,Pakistan,maiz,8738.8,1629.17,0.1864,0.1153,0.0248,0.0068,0.0,0.0,0.0389,0.0005,0.0,,,,,,
586,Pakistan,olvs,904.7,4262.4,4.7114,,,,,,,,,3.3334,0.2501,1.128,31.62,0.035,4.7464
586,Pakistan,pota,4279.4,239.4,0.0559,0.0341,0.0062,0.0026,0.0,0.0,0.0128,0.0001,0.0,,,,,,
586,Pakistan,poul,2620.6,3894.95,1.4863,,,,,,,,,0.0,0.5363,0.95,431.04,0.1645,1.6508
586,Pakistan,rape,547.0,226.92,0.4148,0.1992,0.1325,0.0141,0.0,0.012,0.0552,0.002,0.0,,,,,,
586,Pakistan,rice,12552.7,12931.39,1.0302,0.1186,0.0353,0.0085,0.8185,0.0004,0.0478,0.0013,0.0,,,,,,
586,Pakistan,shee,286.9,6359.08,22.1663,,,,,,,,,14.6633,0.913,6.59,19.46,0.0678,22.2342
586,Pakistan,sorg,93.9,76.38,0.8132,0.3799,0.2743,0.0217,0.0,0.0001,0.1348,0.0024,0.0,,,,,,
586,Pakistan,soyb,3.5,0.24,0.0691,0.0122,0.0244,0.0263,0.0,0.0,0.0062,0.0,0.0,,,,,,
586,Pakistan,sugc,80615.2,1894.37,0.0235,0.0131,0.0024,0.0029,0.0,0.0,0.0051,0.0001,0.0,,,,,,
586,Pakistan,whea,25016.3,8432.75,0.3371,0.1951,0.054,0.0113,0.0,0.0003,0.0755,0.001,0.0,,,,,,
591,Panama,bcat,67.5,2528.59,37.4551,,,,,,,,,29.003,0.5345,7.9176,14.51,0.2149,37.6699
591,Panama,dcat,208.5,316.23,1.5167,,,,,,,,,1.3069,0.0334,0.1765,5.08,0.0244,1.541
591,Panama,maiz,129.5,72.28,0.5581,0.3108,0.0623,0.0135,0.0,0.1069,0.0554,0.0082,0.001,,,,,,
591,Panama,oilp,361.5,25.48,0.0705,0.0263,0.0081,0.0,0.0,0.0322,0.0038,0.0,0.0,,,,,,
591,Panama,pigs,26.8,47.86,1.7866,,,,,,,,,0.3583,1.4283,0.0,6.32,0.2361,2.0226
591,Panama,pota,33.0,3.88,0.1175,0.0766,0.0021,0.0032,0.0,0.0215,0.0135,0.0002,0.0005,,,,,,
591,Panama,poul,220.8,68.28,0.3092,,,,,,,,,0.0,0.1165,0.1927,36.75,0.1664,0.4757
591,Panama,rice,378.6,195.55,0.5165,0.1433,0.0139,0.0132,0.2564,0.0464,0.0382,0.004,0.0012,,,,,,
591,Panama,sorg,3.4,1.44,0.4264,0.2223,0.0549,0.019,0.0,0.0789,0.0395,0.0113,0.0006,,,,,,
591,Panama,sugc,2399.8,67.81,0.0283,0.0101,0.0018,0.0044,0.0,0.0089,0.0018,0.0007,0.0005,,,,,,
598,Papua New Guinea,bcat,1.5,135.71,89.2829,,,,,,,,,62.9454,4.1816,22.1559,2.64,1.7354,91.0183
598,Papua New Guinea,maiz,11.0,5.56,0.5047,0.0292,0.0554,0.001,0.0,0.4095,0.0,0.0096,0.0,,,,,,
598,Papua New Guinea,oilp,2977.6,245.98,0.0826,0.0124,0.0032,0.0,0.0,0.0665,0.0005,0.0,0.0,,,,,,
598,Papua New Guinea,pigs,75.4,871.49,11.5566,,,,,,,,,0.7098,10.8469,0.0,95.91,1.2718,12.8285
598,Papua New Guinea,pota,1.2,0.13,0.1118,0.0689,0.0017,0.0034,0.0,0.0378,0.0,0.0,0.0,,,,,,
598,Papua New Guinea,poul,11.4,6.91,0.6052,,,,,,,,,0.0,0.5514,0.0538,10.68,0.935,1.5402
598,Papua New Guinea,rice,1.3,3.58,2.7992,0.0719,0.0016,0.0141,0.0891,2.6047,0.018,0.0,0.0,,,,,,
598,Papua New Guinea,sorg,4.5,2.54,0.5694,0.0139,0.0497,0.0098,0.0,0.4694,0.0,0.0266,0.0,,,,,,
598,Papua New Guinea,sugc,341.9,26.48,0.0774,0.0133,0.0015,0.004,0.0,0.0565,0.0005,0.0016,0.0,,,,,,
600,Paraguay,bcat,512.2,26714.85,52.152,,,,,,,,,40.3836,0.7441,11.0243,791.44,1.545,53.697
600,Paraguay,cott,28.6,4.98,0.1739,0.0634,0.0064,0.027,0.0,0.0707,0.0013,0.0051,0.0,,,,,,
600,Paraguay,dcat,566.9,500.4,0.8827,,,,,,,,,0.7621,0.0177,0.1029,96.89,0.1709,1.0536
600,Paraguay,grou,24.1,13.94,0.5785,0.2724,0.0295,0.0441,0.0,0.216,0.0107,0.0056,0.0,,,,,,
600,Paraguay,maiz,6129.5,545.88,0.0891,0.0388,0.004,0.0078,0.0,0.0348,0.0022,0.0014,0.0,,,,,,
600,Paraguay,oilp,138.1,65.38,0.4733,0.2528,0.0023,0.0,0.0,0.211,0.0072,0.0,0.0,,,,,,
600,Paraguay,pigs,76.4,181.75,2.3783,,,,,,,,,0.4938,1.8845,0.0,111.1,1.4538,3.8321
600,Paraguay,pota,2.9,0.02,0.0055,0.0,0.0,0.0,0.0,0.0055,0.0,0.0,0.0,,,,,,
600,Paraguay,poul,201.5,82.85,0.4111,,,,,,,,,0.0,0.1476,0.2635,234.39,1.1631,1.5742
600,Paraguay,rape,66.0,20.64,0.3127,0.0933,0.0199,0.024,0.0,0.1656,0.003,0.007,0.0,,,,,,
600,Paraguay,rice,1176.6,745.07,0.6332,0.0188,0.002,0.0086,0.5823,0.0173,0.0015,0.0028,0.0,,,,,,
600,Paraguay,sorg,107.9,43.57,0.4039,0.2908,0.0058,0.0133,0.0,0.0779,0.0126,0.0034,0.0,,,,,,
600,Paraguay,soyb,11086.1,1007.34,0.0909,0.0044,0.0068,0.014,0.0,0.0624,0.0002,0.0031,0.0,,,,,,
600,Paraguay,sugc,7477.6,82.07,0.011,0.0057,0.0002,0.0039,0.0,0.0007,0.0002,0.0003,0.0,,,,,,
600,Paraguay,whea,1294.7,188.1,0.1453,0.0448,0.0085,0.0139,0.0,0.0727,0.0019,0.0035,0.0,,,,,,
604,Peru,barl,203.1,61.9,0.3049,0.0992,0.0906,0.0233,0.0,0.067,0.0238,0.0009,0.0,,,,,,
604,Peru,bcat,181.2,9096.3,50.2031,,,,,,,,,38.8744,0.7162,10.6124,38.84,0.2144,50.4175
604,Peru,cott,18.8,3.6,0.1918,0.0931,0.031,0.0363,0.0,0.0,0.0287,0.0028,0.0,,,,,,
604,Peru,dcat,2121.4,2025.54,0.9548,,,,,,,,,0.8244,0.0191,0.1113,52.67,0.0248,0.9797
604,Peru,goat,23.8,386.82,16.2665,,,,,,,,,9.519,0.3462,6.4013,1.44,0.0605,16.327
604,Peru,grou,3.8,25.69,6.7259,0.2571,0.0246,0.0374,0.0,6.345,0.0272,0.0346,0.0,,,,,,
604,Peru,maiz,1392.8,429.97,0.3087,0.1017,0.0224,0.0099,0.0,0.1521,0.0205,0.0022,0.0,,,,,,
604,Peru,oilp,897.2,602.38,0.6714,0.0623,0.0029,0.0,0.0,0.6002,0.006,0.0,0.0,,,,,,
604,Peru,pigs,164.5,411.26,2.5001,,,,,,,,,0.5191,1.981,0.0,40.64,0.247,2.7471
604,Peru,pota,5210.2,296.66,0.0569,0.033,0.0056,0.0034,0.0,0.0063,0.0086,0.0001,0.0,,,,,,
604,Peru,poul,2079.0,438.88,0.2111,,,,,,,,,0.0,0.0792,0.1319,375.19,0.1805,0.3916
604,Peru,rice,3290.0,2250.61,0.6841,0.0361,0.0049,0.0072,0.3814,0.2437,0.0081,0.0026,0.0,,,,,,
604,Peru,shee,31.3,2264.07,72.3806,,,,,,,,,46.0592,1.3816,24.9398,2.28,0.0728,72.4534
604,Peru,soyb,1.3,0.38,0.2992,0.0722,0.0063,0.0167,0.0,0.1857,0.0167,0.0016,0.0,,,,,,
604,Peru,sugc,12367.9,61.1,0.0049,0.0015,0.0005,0.0024,0.0,0.0,0.0004,0.0001,0.0,,,,,,
604,Peru,whea,186.2,50.1,0.2691,0.0971,0.111,0.0162,0.0,0.02,0.024,0.0009,0.0,,,,,,
608,Philippines,bcat,97.6,3632.12,37.2258,,,,,,,,,28.0232,4.5642,4.6383,35.88,0.3677,37.5935
608,Philippines,buff,53.8,5023.59,93.4447,,,,,,,,,70.7637,11.1294,11.5515,6.28,0.1169,93.5616
608,Philippines,dcat,23.1,28.48,1.2349,,,,,,,,,0.8022,0.368,0.0647,1.01,0.0436,1.2785
608,Philippines,goat,26.3,727.8,27.6311,,,,,,,,,16.2617,0.8746,10.4948,2.64,0.1001,27.7311
608,Philippines,grou,22.9,9.3,0.4056,0.062,0.1905,0.0505,0.0,0.0771,0.0055,0.0065,0.0134,,,,,,
608,Philippines,maiz,7481.0,1792.85,0.2397,0.1857,0.0135,0.0123,0.0,0.0074,0.0179,0.0018,0.0012,,,,,,
608,Philippines,oilp,478.9,64.5,0.1347,0.0992,0.0049,0.0,0.0,0.0211,0.0095,0.0,0.0,,,,,,
608,Philippines,pigs,1328.7,2433.86,1.8317,,,,,,,,,0.2304,1.6014,0.0,532.34,0.4006,2.2324
608,Philippines,pota,97.4,5.13,0.0526,0.025,0.013,0.004,0.0,0.0039,0.0022,0.0002,0.0044,,,,,,
608,Philippines,poul,1856.0,589.33,0.3175,,,,,,,,,0.0,0.104,0.2135,519.68,0.28,0.5975
608,Philippines,rice,17473.8,28348.12,1.6223,0.0691,0.0275,0.009,1.4712,0.0229,0.0174,0.0025,0.0026,,,,,,
608,Philippines,sugc,19314.1,487.84,0.0253,0.0137,0.0022,0.004,0.0,0.0031,0.0013,0.0002,0.0007,,,,,,
616,Poland,barl,2941.7,796.81,0.2709,0.0527,0.0205,0.0145,0.0,0.1571,0.0107,0.0002,0.0153,,,,,,
616,Poland,bcat,554.3,8084.88,14.586,,,,,,,,,11.6529,2.1589,0.7742,478.2,0.8627,15.4487
616,Poland,dcat,14710.6,6961.91,0.4733,,,,,,,,,0.3836,0.0708,0.0189,1478.06,0.1005,0.5737
616,Poland,goat,5.9,7.65,1.2939,,,,,,,,,0.7215,0.0311,0.5413,1.94,0.3282,1.6221
616,Poland,maiz,6636.9,1008.03,0.1519,0.0355,0.0137,0.0058,0.0,0.0814,0.0077,0.0001,0.0077,,,,,,
616,Poland,pigs,1979.9,1855.3,0.9371,,,,,,,,,0.2394,0.6977,0.0,1923.04,0.9713,1.9084
616,Poland,pota,7792.7,268.78,0.0345,0.0053,0.0032,0.0022,0.0,0.0199,0.001,0.0,0.0028,,,,,,
616,Poland,poul,2640.5,907.32,0.3436,,,,,,,,,0.0,0.339,0.0046,1826.17,0.6916,1.0352
616,Poland,rape,2935.4,1038.05,0.3536,0.1021,0.0222,0.0125,0.0,0.1848,0.0202,0.0003,0.0116,,,,,,
616,Poland,soyb,15.4,5.45,0.3536,0.0645,0.0319,0.0166,0.0,0.2117,0.0109,0.0002,0.0178,,,,,,
616,Poland,whea,12382.0,2394.76,0.1934,0.0373,0.0161,0.0096,0.0,0.1114,0.0075,0.0002,0.0114,,,,,,
620,Portugal,barl,127.0,26.54,0.209,0.0946,0.0231,0.0169,0.0,0.0332,0.0251,0.0008,0.0152,,,,,,
620,Portugal,bcat,98.3,3007.36,30.5875,,,,,,,,,22.5406,5.5803,2.4666,35.1,0.357,30.9445
620,Portugal,dcat,1966.0,1049.03,0.5336,,,,,,,,,0.368,0.1401,0.0255,83.49,0.0425,0.576
620,Portugal,goat,32.4,89.14,2.7478,,,,,,,,,1.4987,0.0768,1.1724,3.09,0.0953,2.8431
620,Portugal,maiz,662.2,174.12,0.2629,0.1274,0.0229,0.0092,0.0,0.0576,0.0263,0.0013,0.0184,,,,,,
620,Portugal,pigs,376.5,712.45,1.8921,,,,,,,,,0.2413,1.6508,0.0,154.31,0.4098,2.3019
620,Portugal,pota,399.7,31.52,0.0789,0.0437,0.0077,0.0035,0.0,0.0093,0.0089,0.0002,0.0056,,,,,,
620,Portugal,poul,497.5,127.99,0.2573,,,,,,,,,0.0,0.2469,0.0103,143.71,0.2889,0.5461
620,Portugal,rape,2.0,0.29,0.1482,0.1,0.0062,0.0149,0.0,0.0,0.0185,0.0,0.0087,,,,,,
620,Portugal,rice,133.1,237.68,1.7854,0.1433,0.0501,0.0107,1.3381,0.1603,0.0501,0.002,0.031,,,,,,
620,Portugal,shee,88.8,707.0,7.9635,,,,,,,,,5.5715,0.3278,2.0642,10.64,0.1198,8.0833
620,Portugal,whea,132.4,38.12,0.2879,0.1267,0.0487,0.0142,0.0,0.0505,0.0311,0.002,0.0147,,,,,,
624,Guinea-Bissau,bcat,9.3,803.73,86.423,,,,,,,,,57.0805,2.1078,27.2346,12.65,1.3599,87.783
624,Guinea-Bissau,cott,6.8,22.01,3.2412,0.0641,0.106,0.0267,0.0,3.0019,0.0069,0.0356,0.0,,,,,,
624,Guinea-Bissau,dcat,21.2,215.55,10.1578,,,,,,,,,6.947,0.1968,3.014,3.26,0.1537,10.3115
624,Guinea-Bissau,goat,14.3,185.16,12.9211,,,,,,,,,7.5175,0.3477,5.0558,6.3,0.4394,13.3605
624,Guinea-Bissau,grou,123.8,437.13,3.5295,0.0229,0.0626,0.034,0.0,3.3879,0.002,0.0201,0.0,,,,,,
624,Guinea-Bissau,maiz,46.4,62.92,1.3549,0.0505,0.0526,0.0118,0.0,1.2205,0.0054,0.0141,0.0,,,,,,
624,Guinea-Bissau,oilp,80.4,40.27,0.5007,0.0005,0.0115,0.0,0.0,0.4886,0.0,0.0,0.0,,,,,,
624,Guinea-Bissau,pigs,13.3,81.61,6.1359,,,,,,,,,0.9138,5.222,0.0,23.17,1.7423,7.8781
624,Guinea-Bissau,poul,4.8,9.36,1.9345,,,,,,,,,0.0,0.3401,1.5944,5.33,1.1019,3.0364
624,Guinea-Bissau,rice,247.1,840.01,3.3992,0.0362,0.0381,0.0169,1.1619,2.1219,0.0069,0.0174,0.0,,,,,,
624,Guinea-Bissau,shee,7.5,103.43,13.7718,,,,,,,,,8.7017,0.4061,4.6639,4.11,0.5477,14.3194
624,Guinea-Bissau,sorg,28.8,193.35,6.7204,0.0112,0.0283,0.0218,0.0,6.6148,0.0011,0.0432,0.0,,,,,,
624,Guinea-Bissau,sugc,6.3,1.24,0.1964,0.0087,0.0063,0.0025,0.0,0.1784,0.0003,0.0002,0.0,,,,,,
626,Timor-Leste,bcat,2.3,396.47,170.8935,,,,,,,,,128.6435,20.9539,21.2961,0.34,0.1468,171.0404
626,Timor-Leste,dcat,2.5,10.96,4.4735,,,,,,,,,2.951,1.2865,0.2359,0.0,0.0,4.4735
626,Timor-Leste,goat,5.6,38.11,6.7819,,,,,,,,,4.01,0.1843,2.5875,0.43,0.0758,6.8577
626,Timor-Leste,grou,3.5,1.04,0.2994,0.0095,0.1942,0.038,0.0,0.0478,0.0012,0.0086,0.0,,,,,,
626,Timor-Leste,maiz,77.9,21.17,0.2718,0.058,0.0918,0.0128,0.0,0.0976,0.0079,0.0037,0.0,,,,,,
626,Timor-Leste,pigs,10.1,73.15,7.2209,,,,,,,,,0.9422,6.2788,0.0,2.85,0.2811,7.502
626,Timor-Leste,pota,1.2,0.23,0.1974,0.0137,0.1085,0.0444,0.0,0.0231,0.0017,0.006,0.0,,,,,,
626,Timor-Leste,poul,3.1,3.79,1.2102,,,,,,,,,0.0,0.4313,0.7789,0.39,0.1259,1.3361
626,Timor-Leste,rice,65.0,138.62,2.1313,0.0277,0.045,0.0118,1.9325,0.1019,0.0082,0.0041,0.0,,,,,,
630,Puerto Rico,bcat,4.6,320.05,69.4241,,,,,,,,,53.7584,0.9883,14.6774,0.0,0.0,69.4241
630,Puerto Rico,dcat,230.4,139.68,0.6063,,,,,,,,,0.5221,0.0137,0.0705,0.0,0.0,0.6063
630,Puerto Rico,pigs,7.5,5.84,0.7739,,,,,,,,,0.1535,0.6204,0.0,0.0,0.0,0.7739
630,Puerto Rico,poul,37.6,19.69,0.5237,,,,,,,,,0.0,0.1968,0.3269,0.0,0.0,0.5237
630,Puerto Rico,rice,2.3,0.02,0.0092,0.0057,0.0013,0.0004,0.0,0.0,0.0004,0.0013,0.0,,,,,,
634,Qatar,bcat,1.3,43.61,34.3417,,,,,,,,,21.6898,0.8787,11.7732,0.01,0.0087,34.3504
634,Qatar,dcat,6.7,8.96,1.3456,,,,,,,,,0.8432,0.0617,0.4407,0.01,0.001,1.3466
634,Qatar,goat,9.8,92.26,9.4045,,,,,,,,,5.4577,0.2402,3.7066,0.02,0.0023,9.4067
634,Qatar,olvs,18.3,174.91,9.5317,,,,,,,,,7.6338,0.4423,1.4555,0.02,0.0013,9.533
634,Qatar,poul,37.4,87.64,2.3453,,,,,,,,,0.0,0.5193,1.826,0.26,0.0069,2.3522
634,Qatar,shee,20.2,187.56,9.3082,,,,,,,,,5.8856,0.2354,3.1872,0.06,0.0028,9.311
642,Romania,barl,1158.2,397.17,0.3429,0.0496,0.0131,0.0214,0.0,0.2459,0.0082,0.0046,0.0001,,,,,,
642,Romania,bcat,88.2,1492.09,16.9132,,,,,,,,,13.5116,2.5032,0.8984,177.64,2.0136,18.9268
642,Romania,buff,15.5,34.48,2.2304,,,,,,,,,1.8174,0.2492,0.1638,10.9,0.7048,2.9352
642,Romania,dcat,3700.9,3690.13,0.9971,,,,,,,,,0.8081,0.1491,0.0398,871.62,0.2355,1.2326
642,Romania,goat,241.4,385.85,1.5982,,,,,,,,,0.8888,0.0434,0.6661,132.58,0.5492,2.1474
642,Romania,maiz,10160.7,1478.48,0.1455,0.0471,0.0104,0.0103,0.0,0.0663,0.0078,0.0034,0.0001,,,,,,
642,Romania,pigs,393.0,604.89,1.5391,,,,,,,,,0.3923,1.1468,0.0,893.22,2.2727,3.8117
642,Romania,pota,1604.7,85.34,0.0532,0.0137,0.0029,0.0034,0.0,0.0305,0.0022,0.0004,0.0,,,,,,
642,Romania,poul,13.3,32.2,2.4189,,,,,,,,,0.0,2.393,0.0259,0.0,0.0,2.4189
642,Romania,rape,777.2,304.13,0.3913,0.1066,0.0178,0.019,0.0,0.2234,0.0174,0.0071,0.0,,,,,,
642,Romania,rice,24.2,5.42,0.224,0.0664,0.0116,0.0086,0.0615,0.0605,0.0134,0.002,0.0001,,,,,,
642,Romania,shee,470.6,3064.84,6.513,,,,,,,,,4.6667,0.3101,1.5362,322.54,0.6854,7.1985
642,Romania,sorg,36.8,8.98,0.244,0.074,0.011,0.014,0.0,0.1281,0.012,0.005,0.0,,,,,,
642,Romania,soyb,345.4,53.48,0.1548,0.0608,0.0146,0.0187,0.0,0.0416,0.0095,0.0093,0.0002,,,,,,
642,Romania,whea,6456.8,1621.42,0.2511,0.0603,0.0132,0.0154,0.0,0.147,0.0101,0.0051,0.0001,,,,,,
643,Russian Federation,barl,20913.7,9911.76,0.4739,0.0741,0.0107,0.0158,0.0,0.3587,0.0061,0.0085,0.0,,,,,,
643,Russian Federation,bcat,1576.3,21914.99,13.903,,,,,,,,,11.1035,2.0555,0.744,2903.38,1.8419,15.7449
643,Russian Federation,dcat,31663.9,21477.26,0.6783,,,,,,,,,0.5497,0.1013,0.0272,6626.3,0.2093,0.8876
643,Russian Federation,goat,226.0,418.35,1.8508,,,,,,,,,1.0301,0.054,0.7667,129.37,0.5723,2.4231
643,Russian Federation,grou,1.3,3.34,2.6307,0.052,0.0047,0.0165,0.0,2.4929,0.0071,0.0575,0.0,,,,,,
643,Russian Federation,maiz,14127.9,2466.91,0.1746,0.0361,0.0062,0.0073,0.0,0.116,0.0034,0.0056,0.0,,,,,,
643,Russian Federation,olvs,3.8,83.95,22.2101,,,,,,,,,14.2585,1.3235,6.628,14.31,3.7867,25.9967
643,Russian Federation,pigs,4133.1,3849.44,0.9314,,,,,,,,,0.2381,0.6933,0.0,8623.53,2.0865,3.0179
643,Russian Federation,pota,19597.2,2497.15,0.1274,0.0067,0.0024,0.0028,0.0,0.114,0.0005,0.001,0.0,,,,,,
643,Russian Federation,poul,6979.4,2237.02,0.3205,,,,,,,,,0.0,0.3167,0.0038,10087.42,1.4453,1.7658
643,Russian Federation,rape,2597.9,3318.81,1.2775,0.1167,0.019,0.0188,0.0,1.0792,0.0089,0.0348,0.0001,,,,,,
643,Russian Federation,rice,1291.8,1339.35,1.0368,0.0225,0.0039,0.0056,0.546,0.4381,0.003,0.0178,0.0,,,,,,
643,Russian Federation,shee,153.8,4764.57,30.973,,,,,,,,,22.1774,1.4704,7.3252,119.13,0.7745,31.7474
643,Russian Federation,sorg,43.8,40.33,0.921,0.0613,0.0199,0.0243,0.0,0.7793,0.002,0.0343,0.0,,,,,,
643,Russian Federation,soyb,4326.2,4230.77,0.9779,0.0276,0.016,0.0192,0.0,0.875,0.0026,0.0375,0.0,,,,,,
643,Russian Federation,whea,85508.0,29646.64,0.3467,0.0174,0.0084,0.0104,0.0,0.2984,0.0016,0.0105,0.0,,,,,,
646,Rwanda,bcat,39.6,1529.7,38.6189,,,,,,,,,25.5066,0.9422,12.1701,11.7,0.2954,38.9143
646,Rwanda,dcat,198.3,698.81,3.5244,,,,,,,,,2.4105,0.0682,1.0457,6.45,0.0325,3.5569
646,Rwanda,goat,60.0,427.86,7.1286,,,,,,,,,4.1714,0.1519,2.8054,4.91,0.0818,7.2104
646,Rwanda,grou,11.6,59.38,5.119,0.048,0.067,0.0873,0.0,4.9115,0.0022,0.0029,0.0,,,,,,
646,Rwanda,maiz,420.5,276.49,0.6575,0.0413,0.0246,0.0145,0.0,0.5747,0.0016,0.0008,0.0,,,,,,
646,Rwanda,oilp,8.8,4.11,0.4672,0.0003,0.0026,0.0,0.0,0.4642,0.0,0.0,0.0,,,,,,
646,Rwanda,pigs,10.5,212.36,20.1294,,,,,,,,,3.1281,17.0013,0.0,2.81,0.2666,20.396
646,Rwanda,pota,804.0,65.48,0.0814,0.0232,0.0072,0.0058,0.0,0.0442,0.0008,0.0002,0.0,,,,,,
646,Rwanda,poul,22.6,17.75,0.7847,,,,,,,,,0.0,0.1323,0.6524,5.48,0.2421,1.0268
646,Rwanda,rice,147.1,154.59,1.0507,0.0064,0.0049,0.0107,0.7448,0.283,0.0006,0.0003,0.0,,,,,,
646,Rwanda,shee,9.2,90.12,9.8379,,,,,,,,,6.2552,0.2302,3.3524,0.94,0.1023,9.9401
646,Rwanda,sorg,155.4,184.63,1.1883,0.0134,0.0391,0.0241,0.0,1.1094,0.0005,0.0018,0.0,,,,,,
646,Rwanda,soyb,22.0,35.04,1.5943,0.0571,0.0758,0.0532,0.0,1.4051,0.0019,0.0012,0.0,,,,,,
646,Rwanda,sugc,74.1,7.37,0.0995,0.011,0.0031,0.0033,0.0,0.0817,0.0004,0.0,0.0,,,,,,
646,Rwanda,whea,11.6,9.22,0.7925,0.0771,0.0614,0.0244,0.0,0.6266,0.0024,0.0006,0.0,,,,,,
678,Sao Tome and Principe,oilp,23.0,0.05,0.0022,0.0,0.0022,0.0,0.0,0.0,0.0,0.0,0.0,,,,,,
682,Saudi Arabia,barl,437.7,77.88,0.1779,0.1047,0.0108,0.0123,0.0,0.0,0.0362,0.0,0.0138,,,,,,
682,Saudi Arabia,bcat,37.0,589.11,15.9393,,,,,,,,,10.0675,0.41,5.4617,2.77,0.0749,16.0142
682,Saudi Arabia,dcat,2535.8,434.46,0.1713,,,,,,,,,0.1091,0.0054,0.0568,20.95,0.0083,0.1796
682,Saudi Arabia,goat,140.9,1385.75,9.8371,,,,,,,,,5.738,0.2011,3.8979,2.66,0.0189,9.856
682,Saudi Arabia,maiz,52.8,13.88,0.2629,0.1588,0.0388,0.0061,0.0,0.0,0.0517,0.0001,0.0074,,,,,,
682,Saudi Arabia,olvs,191.9,2136.41,11.1306,,,,,,,,,9.0554,0.3995,1.6757,2.27,0.0118,11.1424
682,Saudi Arabia,pota,538.9,28.65,0.0532,0.0324,0.0044,0.0021,0.0,0.0,0.0111,0.0,0.0031,,,,,,
682,Saudi Arabia,poul,1230.9,741.45,0.6023,,,,,,,,,0.0,0.1288,0.4735,69.24,0.0563,0.6586
682,Saudi Arabia,shee,258.2,3663.75,14.1885,,,,,,,,,9.0227,0.2803,4.8855,6.05,0.0234,14.2119
682,Saudi Arabia,sorg,113.8,40.72,0.3579,0.2368,0.0135,0.0145,0.0,0.0,0.0738,0.0004,0.0188,,,,,,
682,Saudi Arabia,whea,552.3,58.17,0.1053,0.0526,0.0126,0.0089,0.0,0.0,0.018,0.0003,0.0129,,,,,,
686,Senegal,bcat,82.2,3457.81,42.0453,,,,,,,,,27.7694,1.026,13.2499,37.97,0.4617,42.5071
686,Senegal,cott,16.5,3.92,0.2376,0.0565,0.0354,0.0202,0.0,0.0683,0.0183,0.0385,0.0004,,,,,,
686,Senegal,dcat,217.4,1400.51,6.443,,,,,,,,,4.4066,0.1246,1.9118,11.17,0.0514,6.4944
686,Senegal,goat,32.1,1475.54,45.9384,,,,,,,,,26.7258,1.239,17.9736,3.72,0.1158,46.0542
686,Senegal,grou,1700.3,462.08,0.2718,0.0025,0.0254,0.0158,0.0,0.2151,0.0009,0.0118,0.0003,,,,,,
686,Senegal,maiz,684.4,191.49,0.2798,0.0189,0.0195,0.0071,0.0,0.2188,0.0055,0.0098,0.0002,,,,,,
686,Senegal,oilp,120.1,45.73,0.3808,0.0002,0.0085,0.0,0.0,0.3721,0.0,0.0,0.0,,,,,,
686,Senegal,olvs,7.5,619.07,82.3233,,,,,,,,,51.5003,6.1556,24.6674,0.55,0.0728,82.396
686,Senegal,pigs,17.0,84.74,4.9818,,,,,,,,,0.6726,4.3092,0.0,9.12,0.5364,5.5181
686,Senegal,pota,123.7,1.38,0.0111,0.0034,0.0008,0.0018,0.0,0.0034,0.0013,0.0004,0.0,,,,,,
686,Senegal,poul,169.6,322.78,1.9038,,,,,,,,,0.0,0.3299,1.5739,62.98,0.3714,2.2752
686,Senegal,rice,1219.1,2633.95,2.1606,0.026,0.0104,0.0079,1.704,0.3944,0.0086,0.0089,0.0004,,,,,,
686,Senegal,shee,49.8,1601.08,32.1244,,,,,,,,,20.2944,0.9512,10.8788,7.36,0.1477,32.2721
686,Senegal,sorg,350.0,63.12,0.1803,0.0025,0.0356,0.0112,0.0,0.1048,0.0008,0.0252,0.0002,,,,,,
686,Senegal,sugc,1144.7,6.74,0.0059,0.0013,0.0002,0.004,0.0,0.0,0.0003,0.0001,0.0,,,,,,
688,Serbia,barl,500.3,36.77,0.0735,0.0334,0.0145,0.0138,0.0,0.0,0.0052,0.0032,0.0034,,,,,,
688,Serbia,bcat,67.2,936.09,13.9402,,,,,,,,,10.8132,1.9506,1.1765,40.91,0.6092,14.5495
688,Serbia,dcat,1578.5,1824.41,1.1558,,,,,,,,,0.8622,0.234,0.0595,109.78,0.0695,1.2253
688,Serbia,goat,38.3,51.48,1.3454,,,,,,,,,0.7399,0.0275,0.578,6.14,0.1605,1.5059
688,Serbia,maiz,7842.2,325.96,0.0416,0.0205,0.0076,0.0063,0.0,0.0,0.0033,0.0021,0.0018,,,,,,
688,Serbia,pigs,300.9,691.94,2.2998,,,,,,,,,0.397,1.9028,0.0,210.28,0.6989,2.9987
688,Serbia,pota,663.7,12.32,0.0186,0.0098,0.0039,0.0027,0.0,0.0,0.0015,0.0004,0.0003,,,,,,
688,Serbia,poul,200.3,66.26,0.3308,,,,,,,,,0.0,0.3224,0.0085,97.44,0.4865,0.8173
688,Serbia,rape,85.4,10.03,0.1174,0.0628,0.0177,0.0154,0.0,0.0,0.0105,0.0057,0.0054,,,,,,
688,Serbia,shee,42.7,535.81,12.5424,,,,,,,,,8.8456,0.4284,3.2684,7.97,0.1865,12.7289
688,Serbia,sorg,9.2,0.69,0.0753,0.0352,0.0172,0.0112,0.0,0.0,0.0049,0.0046,0.0023,,,,,,
688,Serbia,soyb,747.2,32.95,0.0441,0.0073,0.0136,0.0125,0.0,0.0,0.0012,0.0046,0.0049,,,,,,
688,Serbia,whea,2877.1,354.87,0.1233,0.0795,0.013,0.011,0.0,0.0,0.0125,0.0045,0.0027,,,,,,
694,Sierra Leone,bcat,9.7,642.33,66.2883,,,,,,,,,43.7825,1.6164,20.8895,45.74,4.7204,71.0088
694,Sierra Leone,dcat,136.7,198.33,1.4513,,,,,,,,,0.9926,0.0281,0.4306,75.75,0.5543,2.0056
694,Sierra Leone,goat,2.0,188.13,96.4774,,,,,,,,,56.1344,2.5877,37.7554,2.37,1.2164,97.6938
694,Sierra Leone,grou,59.6,255.93,4.2977,0.0366,0.0538,0.0567,0.0,4.1226,0.0065,0.0214,0.0,,,,,,
694,Sierra Leone,maiz,27.4,43.28,1.5771,0.0558,0.0341,0.0155,0.0,1.4488,0.0096,0.0134,0.0,,,,,,
694,Sierra Leone,oilp,345.1,223.11,0.6466,0.0007,0.0036,0.0,0.0,0.6421,0.0001,0.0,0.0,,,,,,
694,Sierra Leone,pigs,1.2,32.35,26.9583,,,,,,,,,4.1875,22.7708,0.0,7.72,6.4293,33.3876
694,Sierra Leone,poul,30.5,109.05,3.5731,,,,,,,,,0.0,0.5999,2.9732,114.01,3.7357,7.3088
694,Sierra Leone,rice,1037.4,2487.86,2.3982,0.0634,0.0229,0.024,0.6351,1.6158,0.0161,0.0208,0.0,,,,,,
694,Sierra Leone,shee,1.7,173.09,100.0497,,,,,,,,,63.2173,2.948,33.8844,2.83,1.6363,101.686
694,Sierra Leone,sorg,49.9,195.65,3.9231,0.0284,0.043,0.0297,0.0,3.7837,0.0051,0.0332,0.0,,,,,,
694,Sierra Leone,sugc,86.9,13.87,0.1596,0.0052,0.0001,0.0042,0.0,0.1487,0.0009,0.0005,0.0,,,,,,
702,Singapore,oilp,82.2,2.27,0.0276,0.02,0.004,0.0,0.0,0.0,0.0036,0.0,0.0,,,,,,
702,Singapore,poul,66.2,7.54,0.1138,,,,,,,,,0.0,0.0366,0.0772,0.0,0.0,0.1138
703,Slovakia,barl,675.0,104.62,0.155,0.0659,0.0109,0.0147,0.0,0.0509,0.0117,0.0002,0.0008,,,,,,
703,Slovakia,bcat,12.7,639.62,50.5232,,,,,,,,,40.3596,7.475,2.6886,18.91,1.4936,52.0168
703,Slovakia,dcat,945.6,416.48,0.4404,,,,,,,,,0.3568,0.066,0.0176,185.39,0.196,0.6365
703,Slovakia,maiz,1673.6,178.25,0.1065,0.0427,0.0068,0.0074,0.0,0.0406,0.0086,0.0001,0.0003,,,,,,
703,Slovakia,pigs,71.3,85.69,1.2025,,,,,,,,,0.3068,0.8956,0.0,138.31,1.9409,3.1434
703,Slovakia,pota,210.4,10.67,0.0507,0.0257,0.0023,0.0031,0.0,0.0153,0.0041,0.0,0.0002,,,,,,
703,Slovakia,poul,7.7,9.87,1.2886,,,,,,,,,0.0,1.2731,0.0155,0.0,0.0,1.2886
703,Slovakia,rape,444.1,143.02,0.322,0.1629,0.0186,0.0155,0.0,0.0948,0.0292,0.0003,0.0007,,,,,,
703,Slovakia,shee,11.3,88.66,7.8737,,,,,,,,,5.6426,0.3739,1.8572,6.82,0.6054,8.4791
703,Slovakia,sorg,8.2,2.46,0.3013,0.083,0.014,0.0141,0.0,0.1738,0.016,0.0004,0.0001,,,,,,
703,Slovakia,soyb,132.4,28.73,0.217,0.0693,0.0198,0.0177,0.0,0.0945,0.0142,0.0008,0.0006,,,,,,
703,Slovakia,whea,2152.6,369.39,0.1716,0.0817,0.0105,0.0118,0.0,0.0534,0.0131,0.0003,0.0007,,,,,,
704,Viet Nam,bcat,233.0,9550.5,40.9875,,,,,,,,,30.8551,5.0254,5.107,70.27,0.3016,41.2891
704,Viet Nam,buff,95.8,4549.32,47.4976,,,,,,,,,35.9789,5.6455,5.8733,9.01,0.094,47.5917
704,Viet Nam,dcat,1034.1,879.13,0.8501,,,,,,,,,0.568,0.2368,0.0454,36.48,0.0353,0.8854
704,Viet Nam,goat,20.3,577.0,28.3959,,,,,,,,,16.7901,0.7696,10.8362,1.64,0.0809,28.4768
704,Viet Nam,grou,405.9,91.72,0.2259,0.107,0.0528,0.027,0.0,0.019,0.0126,0.0075,0.0,,,,,,
704,Viet Nam,maiz,4363.7,1683.77,0.3859,0.2992,0.0378,0.0097,0.0,0.0009,0.0357,0.0026,0.0,,,,,,
704,Viet Nam,oilp,34.0,3.38,0.0995,0.0561,0.0079,0.0,0.0,0.0304,0.0051,0.0,0.0,,,,,,
704,Viet Nam,olvs,1.0,26.68,26.4158,,,,,,,,,16.7703,1.6485,7.997,0.07,0.0687,26.4846
704,Viet Nam,pigs,2802.0,4221.34,1.5065,,,,,,,,,0.2038,1.3027,0.0,960.69,0.3429,1.8494
704,Viet Nam,pota,277.6,17.87,0.0644,0.0425,0.0129,0.0038,0.0,0.0,0.005,0.0001,0.0,,,,,,
704,Viet Nam,poul,1750.4,1567.77,0.8957,,,,,,,,,0.0,0.299,0.5966,414.96,0.2371,1.1327
704,Viet Nam,rice,41279.3,58768.73,1.4237,0.0746,0.017,0.0082,1.2904,0.0061,0.022,0.0054,0.0,,,,,,
704,Viet Nam,soyb,62.7,30.77,0.4909,0.2929,0.0863,0.0277,0.0,0.0348,0.0344,0.0147,0.0001,,,,,,
704,Viet Nam,sugc,11172.8,492.76,0.0441,0.0323,0.0025,0.0044,0.0,0.0006,0.0038,0.0006,0.0,,,,,,
705,Slovenia,barl,117.5,50.68,0.4314,0.1566,0.0458,0.018,0.0,0.1702,0.0093,0.0003,0.0312,,,,,,
705,Slovenia,bcat,35.2,723.83,20.5458,,,,,,,,,15.9743,2.8248,1.7467,21.31,0.6048,21.1506
705,Slovenia,dcat,609.5,402.93,0.6611,,,,,,,,,0.4942,0.1327,0.0342,42.95,0.0705,0.7316
705,Slovenia,goat,2.5,6.11,2.4456,,,,,,,,,1.3488,0.0452,1.0516,0.38,0.1507,2.5963
705,Slovenia,maiz,456.8,118.57,0.2596,0.1367,0.0298,0.0093,0.0,0.0598,0.0078,0.0002,0.016,,,,,,
705,Slovenia,pigs,41.2,68.85,1.6723,,,,,,,,,0.2882,1.384,0.0,19.15,0.4652,2.1375
705,Slovenia,pota,87.2,10.94,0.1255,0.0446,0.0084,0.0029,0.0,0.0616,0.0025,0.0,0.0054,,,,,,
705,Slovenia,poul,65.2,15.33,0.235,,,,,,,,,0.0,0.2275,0.0075,34.06,0.5221,0.7571
705,Slovenia,rape,9.6,7.34,0.7647,0.4055,0.0802,0.0181,0.0,0.2038,0.0266,0.0004,0.0301,,,,,,
705,Slovenia,shee,2.1,34.16,16.3455,,,,,,,,,11.5244,0.5574,4.2636,0.37,0.176,16.5214
705,Slovenia,sorg,1.0,0.46,0.462,0.267,0.094,0.02,0.0,0.041,0.013,0.0,0.027,,,,,,
705,Slovenia,soyb,9.4,4.21,0.4489,0.1472,0.101,0.0206,0.0,0.1385,0.0086,0.0005,0.0324,,,,,,
705,Slovenia,whea,165.4,92.35,0.5583,0.246,0.0487,0.0146,0.0,0.2094,0.0139,0.0004,0.0252,,,,,,
706,Somalia,bcat,53.5,4512.02,84.3527,,,,,,,,,55.7119,2.0581,26.5827,0.02,0.0004,84.3531
706,Somalia,cott,6.9,1.88,0.2736,0.0165,0.2118,0.0228,0.0,0.0,0.0044,0.0025,0.0157,,,,,,
706,Somalia,dcat,455.1,2122.11,4.6626,,,,,,,,,3.1889,0.0902,1.3835,0.02,0.0,4.6627
706,Somalia,goat,415.0,2732.36,6.5834,,,,,,,,,3.8309,0.1761,2.5764,0.04,0.0001,6.5835
706,Somalia,grou,8.0,1.37,0.1702,0.0004,0.1279,0.0239,0.0,0.0,0.0,0.0042,0.0138,,,,,,
706,Somalia,maiz,111.7,10.08,0.0902,0.0145,0.04,0.0138,0.0,0.0,0.003,0.0039,0.0151,,,,,,
706,Somalia,olvs,1004.9,11251.24,11.1968,,,,,,,,,9.0716,0.5108,1.6144,0.07,0.0001,11.1969
706,Somalia,poul,3.9,9.52,2.4099,,,,,,,,,0.0,0.4129,1.997,0.0,0.0005,2.4104
706,Somalia,rice,2.0,4.97,2.4244,0.0049,0.0059,0.0083,2.3883,0.0,0.0,0.0015,0.0156,,,,,,
706,Somalia,shee,419.3,2418.24,5.768,,,,,,,,,3.6448,0.1694,1.9538,0.06,0.0001,5.7681
706,Somalia,sorg,126.7,20.24,0.1597,0.0058,0.1015,0.0302,0.0,0.0,0.0013,0.0025,0.0185,,,,,,
706,Somalia,sugc,212.1,1.34,0.0063,0.0007,0.0012,0.0024,0.0,0.0,0.0002,0.0001,0.0018,,,,,,
706,Somalia,whea,1.0,0.88,0.8637,0.0373,0.75,0.0314,0.0,0.0,0.0069,0.0,0.0382,,,,,,
710,South Africa,barl,587.0,56.1,0.0956,0.029,0.0027,0.0082,0.0,0.0312,0.0158,0.0082,0.0004,,,,,,
710,South Africa,bcat,1029.5,14201.31,13.7942,,,,,,,,,9.1108,0.3362,4.3472,314.45,0.3054,14.0997
710,South Africa,cott,71.7,16.55,0.2308,0.0676,0.0112,0.0299,0.0,0.0612,0.0343,0.0254,0.0013,,,,,,
710,South Africa,dcat,3811.0,1824.01,0.4786,,,,,,,,,0.3273,0.0093,0.142,135.74,0.0356,0.5142
710,South Africa,goat,7.7,784.8,101.6576,,,,,,,,,59.4908,2.1605,40.0063,0.94,0.1219,101.7796
710,South Africa,grou,50.0,4.71,0.0944,0.0122,0.0129,0.0149,0.0,0.0375,0.0062,0.0055,0.0052,,,,,,
710,South Africa,maiz,15753.3,1741.73,0.1106,0.0565,0.0067,0.0052,0.0,0.0064,0.0299,0.0038,0.0021,,,,,,
710,South Africa,pigs,288.4,232.63,0.8065,,,,,,,,,0.1254,0.6811,0.0,100.42,0.3481,1.1546
710,South Africa,pota,2663.0,105.98,0.0398,0.0182,0.0043,0.0018,0.0,0.0033,0.0092,0.0006,0.0024,,,,,,
710,South Africa,poul,2477.8,716.17,0.289,,,,,,,,,0.0,0.0486,0.2405,601.08,0.2426,0.5316
710,South Africa,rape,165.0,33.38,0.2024,0.0357,0.0068,0.0099,0.0,0.1014,0.0196,0.0288,0.0002,,,,,,
710,South Africa,rice,2.5,1.72,0.6772,0.1012,0.0102,0.0035,0.2469,0.248,0.0587,0.0087,0.0,,,,,,
710,South Africa,shee,158.5,4523.67,28.5423,,,,,,,,,18.1462,0.6688,9.7273,16.21,0.1022,28.6445
710,South Africa,sorg,157.9,15.88,0.1006,0.0422,0.0107,0.008,0.0,0.0061,0.0223,0.0076,0.0037,,,,,,
710,South Africa,soyb,1230.6,155.61,0.1264,0.0182,0.0197,0.0095,0.0,0.0587,0.0091,0.0085,0.0027,,,,,,
710,South Africa,sugc,17794.7,472.36,0.0265,0.0077,0.0009,0.0027,0.0,0.0112,0.003,0.0008,0.0002,,,,,,
710,South Africa,whea,2109.4,200.0,0.0948,0.0303,0.0057,0.0078,0.0,0.0249,0.0163,0.0083,0.0015,,,,,,
716,Zimbabwe,barl,57.7,3.53,0.0612,0.0291,0.0041,0.0155,0.0,0.0,0.0018,0.0013,0.0094,,,,,,
716,Zimbabwe,bcat,624.3,5409.89,8.6648,,,,,,,,,5.7228,0.2115,2.7306,26.55,0.0425,8.7074
716,Zimbabwe,cott,142.8,12.58,0.0881,0.01,0.0389,0.019,0.0,0.0,0.0011,0.0044,0.0147,,,,,,
716,Zimbabwe,dcat,410.5,1701.75,4.1455,,,,,,,,,2.8353,0.0802,1.23,2.02,0.0049,4.1505
716,Zimbabwe,goat,28.5,1318.95,46.2143,,,,,,,,,27.0436,0.9837,18.187,0.32,0.0114,46.2256
716,Zimbabwe,grou,76.7,21.57,0.2812,0.0502,0.1271,0.0535,0.0,0.0,0.0068,0.0063,0.0372,,,,,,
716,Zimbabwe,maiz,1207.6,140.36,0.1162,0.0464,0.0414,0.0106,0.0,0.0,0.0062,0.0037,0.0078,,,,,,
716,Zimbabwe,pigs,9.6,43.81,4.5585,,,,,,,,,0.7085,3.8499,0.0,0.49,0.0505,4.609
716,Zimbabwe,pota,588.5,0.45,0.0008,0.0004,0.0001,0.0001,0.0,0.0,0.0,0.0,0.0001,,,,,,
716,Zimbabwe,poul,145.8,73.62,0.5049,,,,,,,,,0.0,0.0816,0.4233,4.93,0.0338,0.5387
716,Zimbabwe,sorg,145.0,28.33,0.1954,0.0762,0.0748,0.0168,0.0,0.0,0.0104,0.0054,0.0118,,,,,,
716,Zimbabwe,soyb,59.6,3.57,0.06,0.0075,0.0313,0.0104,0.0,0.0,0.0002,0.0023,0.0082,,,,,,
716,Zimbabwe,sugc,5825.6,19.09,0.0033,0.0,0.0001,0.0017,0.0,0.0,0.0,0.0001,0.0013,,,,,,
716,Zimbabwe,whea,211.1,10.9,0.0516,0.0252,0.0045,0.0099,0.0,0.0,0.0029,0.0017,0.0074,,,,,,
724,Spain,barl,11340.2,1680.64,0.1482,0.063,0.029,0.0143,0.0,0.0001,0.0089,0.0003,0.0327,,,,,,
724,Spain,bcat,661.2,11583.3,17.5191,,,,,,,,,13.2578,2.8095,1.4519,225.32,0.3408,17.8599
724,Spain,cott,187.3,102.52,0.5473,0.3636,0.0241,0.0368,0.0,0.0,0.0514,0.0064,0.065,,,,,,
724,Spain,dcat,7447.4,3498.71,0.4698,,,,,,,,,0.3374,0.1088,0.0236,295.01,0.0396,0.5094
724,Spain,goat,513.8,631.37,1.2288,,,,,,,,,0.6756,0.0253,0.5278,47.35,0.0921,1.3209
724,Spain,maiz,4164.8,503.83,0.121,0.0496,0.0279,0.0087,0.0,0.0009,0.0065,0.0002,0.0272,,,,,,
724,Spain,olvs,6.7,1.65,0.245,,,,,,,,,0.164,0.0142,0.0668,0.53,0.0788,0.3238
724,Spain,pigs,4952.2,8757.14,1.7683,,,,,,,,,0.2654,1.5029,0.0,1885.18,0.3807,2.149
724,Spain,pota,2012.9,110.81,0.055,0.0275,0.0089,0.0031,0.0,0.0016,0.0028,0.0001,0.0111,,,,,,
724,Spain,poul,2448.4,603.56,0.2465,,,,,,,,,0.0,0.2377,0.0089,666.22,0.2721,0.5186
724,Spain,rape,192.6,54.94,0.2853,0.1519,0.0599,0.0169,0.0,0.0,0.0205,0.0007,0.0354,,,,,,
724,Spain,rice,714.5,899.95,1.2596,0.0845,0.0311,0.0084,1.0832,0.0008,0.0134,0.0009,0.0374,,,,,,
724,Spain,shee,663.5,4677.98,7.0506,,,,,,,,,4.9701,0.2389,1.8416,74.4,0.1121,7.1627
724,Spain,sorg,19.8,4.42,0.2228,0.1071,0.0497,0.0117,0.0,0.0002,0.0156,0.0005,0.038,,,,,,
724,Spain,soyb,3.2,0.37,0.1142,0.0074,0.0554,0.0111,0.0,0.0,0.0,0.0,0.0402,,,,,,
724,Spain,whea,8026.4,1643.15,0.2047,0.1087,0.0405,0.0118,0.0,0.0041,0.0137,0.0009,0.025,,,,,,
728,South Sudan,bcat,134.4,7003.27,52.1038,,,,,,,,,34.4125,1.2716,16.4197,0.59,0.0044,52.1082
728,South Sudan,dcat,2429.7,15079.6,6.2063,,,,,,,,,4.2447,0.1201,1.8415,1.26,0.0005,6.2068
728,South Sudan,goat,564.2,4093.41,7.2558,,,,,,,,,4.2215,0.1952,2.8391,0.67,0.0012,7.2569
728,South Sudan,grou,168.3,320.01,1.9012,0.0003,0.2321,0.0358,0.0,1.4779,0.0001,0.1551,0.0,,,,,,
728,South Sudan,maiz,176.5,276.18,1.5647,0.0005,0.2025,0.0129,0.0,1.2686,0.0001,0.0802,0.0,,,,,,
728,South Sudan,olvs,3.4,109.55,31.9394,,,,,,,,,21.6735,2.084,8.1819,0.0,0.0,31.9394
728,South Sudan,poul,33.5,140.44,4.1883,,,,,,,,,0.0,0.7028,3.4856,0.12,0.0037,4.192
728,South Sudan,rice,25.3,188.16,7.437,0.0006,0.3207,0.0129,5.5096,1.4784,0.0002,0.1146,0.0,,,,,,
728,South Sudan,shee,158.4,3253.8,20.5443,,,,,,,,,12.9794,0.6072,6.9576,0.23,0.0014,20.5457
728,South Sudan,sorg,611.6,835.25,1.3656,0.0006,0.1448,0.0145,0.0,1.094,0.0002,0.1117,0.0,,,,,,
728,South Sudan,sugc,4.0,0.18,0.0448,0.0007,0.002,0.0037,0.0,0.0379,0.0,0.0005,0.0,,,,,,
729,Sudan,barl,2.1,0.84,0.4,0.037,0.0289,0.0161,0.0,0.3076,0.0033,0.0071,0.0,,,,,,
729,Sudan,bcat,385.7,29519.37,76.5325,,,,,,,,,50.5468,1.8676,24.1182,0.46,0.0012,76.5337
729,Sudan,cott,444.1,82.93,0.1867,0.1213,0.0245,0.0171,0.0,0.0028,0.0183,0.0021,0.0005,,,,,,
729,Sudan,dcat,2998.3,14930.26,4.9796,,,,,,,,,3.4058,0.0963,1.4775,0.41,0.0001,4.9798
729,Sudan,goat,1273.0,7443.28,5.847,,,,,,,,,3.4016,0.1577,2.2877,0.4,0.0003,5.8474
729,Sudan,grou,2771.2,338.73,0.1222,0.0047,0.0646,0.0336,0.0,0.0019,0.001,0.016,0.0004,,,,,,
729,Sudan,maiz,31.4,6.17,0.1964,0.0128,0.0667,0.0156,0.0,0.0794,0.0017,0.0202,0.0,,,,,,
729,Sudan,olvs,204.2,10960.11,53.6708,,,,,,,,,39.8717,3.0208,10.7783,0.04,0.0002,53.671
729,Sudan,pota,493.9,6.52,0.0132,0.0018,0.0073,0.0037,0.0,0.0,0.0004,0.0,0.0,,,,,,
729,Sudan,poul,152.5,203.09,1.3318,,,,,,,,,0.0,0.231,1.1009,0.15,0.001,1.3328
729,Sudan,rice,53.6,10.94,0.2039,0.005,0.0164,0.0056,0.1692,0.0024,0.0016,0.0035,0.0001,,,,,,
729,Sudan,shee,669.7,8620.35,12.8722,,,,,,,,,8.1318,0.3812,4.3591,0.27,0.0004,12.8726
729,Sudan,sorg,3062.4,602.42,0.1967,0.0274,0.0938,0.029,0.0,0.0096,0.0057,0.0298,0.0013,,,,,,
729,Sudan,sugc,5136.9,35.26,0.0069,0.002,0.0006,0.0036,0.0,0.0,0.0003,0.0001,0.0003,,,,,,
729,Sudan,whea,717.0,119.72,0.167,0.1133,0.0226,0.013,0.0,0.0,0.0167,0.0011,0.0003,,,,,,
740,Suriname,dcat,2.7,2.45,0.9123,,,,,,,,,0.7807,0.0253,0.1063,0.64,0.2396,1.1518
740,Suriname,oilp,1.1,16.41,15.1898,0.737,0.1435,0.0,0.0,14.2463,0.063,0.0,0.0,,,,,,
740,Suriname,pigs,1.3,3.39,2.5504,,,,,,,,,0.4391,2.1113,0.0,4.42,3.3197,5.8701
740,Suriname,poul,15.1,16.61,1.0987,,,,,,,,,0.0,0.4073,0.6913,22.67,1.4992,2.5978
740,Suriname,rice,220.3,1739.21,7.8958,0.1536,0.018,0.0088,1.3762,6.2747,0.03,0.0345,0.0001,,,,,,
740,Suriname,sugc,65.8,45.63,0.694,0.0315,0.0014,0.0042,0.0,0.6497,0.0027,0.0045,0.0,,,,,,
748,Eswatini,bcat,15.6,527.18,33.7938,,,,,,,,,22.319,0.8247,10.6501,2.42,0.155,33.9488
748,Eswatini,cott,2.0,0.71,0.3471,0.1539,0.0887,0.0235,0.0,0.0,0.0471,0.0162,0.0176,,,,,,
748,Eswatini,dcat,42.3,214.26,5.0676,,,,,,,,,3.4662,0.0979,1.5035,0.72,0.0171,5.0847
748,Eswatini,goat,3.0,113.72,38.2879,,,,,,,,,22.4088,0.8128,15.0663,0.14,0.0475,38.3354
748,Eswatini,grou,2.1,0.66,0.3117,0.0131,0.1315,0.0657,0.0,0.0,0.0023,0.0319,0.0671,,,,,,
748,Eswatini,maiz,81.1,12.87,0.1588,0.0393,0.0643,0.013,0.0,0.0,0.0143,0.0123,0.0155,,,,,,
748,Eswatini,pigs,2.0,8.72,4.3383,,,,,,,,,0.6731,3.6652,0.0,0.38,0.19,4.5284
748,Eswatini,pota,7.8,1.17,0.1496,0.0557,0.0381,0.0109,0.0,0.0,0.017,0.0047,0.0232,,,,,,
748,Eswatini,poul,5.2,8.07,1.5399,,,,,,,,,0.0,0.2758,1.2641,0.55,0.1059,1.6458
748,Eswatini,sorg,1.1,0.2,0.1835,0.033,0.0734,0.0174,0.0,0.0,0.011,0.0202,0.0284,,,,,,
748,Eswatini,sugc,5396.6,29.44,0.0055,0.0014,0.0003,0.0028,0.0,0.0,0.0004,0.0003,0.0002,,,,,,
748,Eswatini,whea,1.2,0.13,0.1119,0.039,0.0305,0.0068,0.0,0.0,0.0127,0.011,0.0119,,,,,,
752,Sweden,barl,1432.1,1517.32,1.0595,0.1494,0.0193,0.0179,0.0,0.8404,0.0002,0.0001,0.0322,,,,,,
752,Sweden,bcat,133.5,2013.52,15.0803,,,,,,,,,11.7254,2.0718,1.2831,581.05,4.3517,19.432
752,Sweden,dcat,2619.1,1215.51,0.4641,,,,,,,,,0.3469,0.0931,0.024,1318.83,0.5035,0.9676
752,Sweden,maiz,11.7,7.86,0.6742,0.1902,0.0389,0.01,0.0,0.402,0.0,0.0001,0.033,,,,,,
752,Sweden,pigs,229.0,302.46,1.3207,,,,,,,,,0.2273,1.0934,0.0,1144.83,4.9988,6.3195
752,Sweden,pota,809.2,151.24,0.1869,0.032,0.0122,0.0032,0.0,0.1215,0.0,0.0,0.0179,,,,,,
752,Sweden,poul,288.8,0.66,0.0023,,,,,,,,,0.0,0.0022,0.0001,1045.69,3.6208,3.6231
752,Sweden,rape,317.5,547.0,1.723,0.3546,0.0432,0.0194,0.0,1.2626,0.0005,0.0001,0.0426,,,,,,
752,Sweden,shee,2.3,52.5,22.53,,,,,,,,,15.8811,0.7639,5.885,7.18,3.0796,25.6096
752,Sweden,whea,3079.4,2750.25,0.8931,0.1365,0.011,0.0147,0.0,0.7105,0.0002,0.0,0.0201,,,,,,
756,Switzerland,barl,194.8,68.37,0.351,0.1236,0.0326,0.0199,0.0,0.1654,0.0052,0.0001,0.0042,,,,,,
756,Switzerland,bcat,140.0,1878.33,13.4195,,,,,,,,,10.4324,1.8455,1.1416,31.1,0.2222,13.6417
756,Switzerland,dcat,3636.8,2193.8,0.6032,,,,,,,,,0.4509,0.1211,0.0312,95.02,0.0261,0.6294
756,Switzerland,goat,22.4,19.03,0.8496,,,,,,,,,0.4673,0.0167,0.3656,1.34,0.0597,0.9093
756,Switzerland,maiz,229.5,36.5,0.1591,0.0579,0.0153,0.0079,0.0,0.0737,0.0026,0.0001,0.0016,,,,,,
756,Switzerland,pigs,215.4,304.94,1.4155,,,,,,,,,0.2435,1.172,0.0,54.71,0.254,1.6695
756,Switzerland,pota,474.2,25.67,0.0541,0.0272,0.0037,0.0031,0.0,0.0184,0.0011,0.0,0.0005,,,,,,
756,Switzerland,poul,161.9,35.07,0.2166,,,,,,,,,0.0,0.2097,0.0068,29.62,0.1829,0.3995
756,Switzerland,rape,87.9,61.99,0.7052,0.3367,0.0528,0.0185,0.0,0.2789,0.0141,0.0002,0.0039,,,,,,
756,Switzerland,shee,11.2,101.15,9.0715,,,,,,,,,6.3949,0.3072,2.3694,0.81,0.0731,9.1446
756,Switzerland,soyb,5.6,3.14,0.5629,0.1253,0.0593,0.0242,0.0,0.3428,0.0052,0.0,0.0061,,,,,,
756,Switzerland,whea,541.8,228.19,0.4211,0.1624,0.0473,0.0149,0.0,0.1866,0.0069,0.0001,0.0029,,,,,,
760,Syrian Arab Republic,barl,2228.3,150.23,0.0674,0.0047,0.0203,0.0202,0.0,0.0,0.0015,0.0018,0.0189,,,,,,
760,Syrian Arab Republic,bcat,66.9,501.02,7.4935,,,,,,,,,4.7333,0.1925,2.5677,13.5,0.202,7.6955
760,Syrian Arab Republic,buff,6.2,11.45,1.8463,,,,,,,,,1.4994,0.1555,0.1915,0.52,0.0842,1.9305
760,Syrian Arab Republic,cott,145.8,25.09,0.1721,0.0765,0.0119,0.0269,0.0,0.0,0.0225,0.0084,0.0259,,,,,,
760,Syrian Arab Republic,dcat,1301.0,984.04,0.7564,,,,,,,,,0.4815,0.024,0.2508,32.05,0.0246,0.781
760,Syrian Arab Republic,goat,145.1,474.27,3.2679,,,,,,,,,1.9081,0.0636,1.2963,8.02,0.0553,3.3232
760,Syrian Arab Republic,grou,21.4,2.28,0.1069,0.0184,0.0127,0.0215,0.0,0.0,0.0059,0.0067,0.0416,,,,,,
760,Syrian Arab Republic,maiz,334.6,25.04,0.0749,0.0355,0.0078,0.0088,0.0,0.0,0.0104,0.0018,0.0105,,,,,,
760,Syrian Arab Republic,pota,632.3,4.76,0.0075,0.0006,0.0009,0.0025,0.0,0.0,0.0002,0.0001,0.0033,,,,,,
760,Syrian Arab Republic,poul,222.7,79.26,0.3559,,,,,,,,,0.0,0.0673,0.2886,41.42,0.186,0.5418
760,Syrian Arab Republic,rice,1.9,0.51,0.2653,0.0679,0.0088,0.0104,0.1539,0.0,0.0212,0.0031,0.0,,,,,,
760,Syrian Arab Republic,shee,860.1,3475.55,4.0409,,,,,,,,,2.5717,0.0767,1.3925,59.69,0.0694,4.1103
760,Syrian Arab Republic,soyb,6.6,0.56,0.0847,0.0178,0.0132,0.0117,0.0,0.0,0.0056,0.0114,0.025,,,,,,
760,Syrian Arab Republic,whea,2881.5,174.24,0.0605,0.0095,0.0129,0.0143,0.0,0.0,0.0029,0.0037,0.0171,,,,,,
762,Tajikistan,barl,148.9,23.9,0.1605,0.0339,0.0953,0.0218,0.0,0.0,0.0091,0.0002,0.0002,,,,,,
762,Tajikistan,bcat,260.7,1958.55,7.5141,,,,,,,,,5.6621,0.9183,0.9337,88.17,0.3383,7.8524
762,Tajikistan,cott,401.7,150.18,0.3739,0.2127,0.0735,0.0357,0.0,0.0,0.0512,0.0006,0.0003,,,,,,
762,Tajikistan,dcat,1101.6,2877.24,2.6119,,,,,,,,,2.0628,0.38,0.1691,38.89,0.0353,2.6472
762,Tajikistan,goat,50.6,433.66,8.5788,,,,,,,,,5.1087,0.1734,3.2968,4.66,0.0921,8.6709
762,Tajikistan,grou,14.2,1.08,0.076,0.0092,0.041,0.0232,0.0,0.0,0.0024,0.0001,0.0002,,,,,,
762,Tajikistan,maiz,177.6,9.52,0.0536,0.0235,0.0151,0.0087,0.0,0.0,0.0062,0.0001,0.0001,,,,,,
762,Tajikistan,pota,1006.2,22.24,0.0221,0.0083,0.0086,0.0031,0.0,0.0,0.002,0.0,0.0,,,,,,
762,Tajikistan,poul,69.0,29.3,0.4243,,,,,,,,,0.0,0.1188,0.3056,16.56,0.2399,0.6642
762,Tajikistan,rice,162.7,62.72,0.3856,0.0191,0.0109,0.0053,0.3445,0.0,0.0058,0.0001,0.0001,,,,,,
762,Tajikistan,shee,77.5,775.85,10.0058,,,,,,,,,6.663,0.3484,2.9944,8.71,0.1123,10.1181
762,Tajikistan,whea,903.7,96.6,0.1069,0.0226,0.0657,0.0137,0.0,0.0,0.0047,0.0002,0.0001,,,,,,
764,Thailand,barl,155.6,54.45,0.3499,0.2627,0.0157,0.025,0.0,0.0005,0.0421,0.0038,0.0001,,,,,,
764,Thailand,bcat,121.7,7297.24,59.9707,,,,,,,,,45.1456,7.353,7.4722,30.56,0.2512,60.2219
764,Thailand,buff,23.5,2047.08,87.0726,,,,,,,,,65.9383,10.37,10.7643,1.99,0.0845,87.1571
764,Thailand,cott,3.7,1.95,0.5284,0.3954,0.0216,0.0384,0.0,0.0016,0.0627,0.0086,0.0,,,,,,
764,Thailand,dcat,1282.5,765.15,0.5966,,,,,,,,,0.3824,0.1837,0.0306,37.97,0.0296,0.6262
764,Thailand,grou,32.1,4.73,0.1475,0.0608,0.0309,0.0361,0.0,0.0028,0.0095,0.0072,0.0002,,,,,,
764,Thailand,maiz,4789.7,494.69,0.1033,0.0676,0.0079,0.0111,0.0,0.003,0.0104,0.0033,0.0,,,,,,
764,Thailand,oilp,15078.4,644.49,0.0427,0.0321,0.001,0.0,0.0,0.0047,0.005,0.0,0.0,,,,,,
764,Thailand,pigs,921.2,1744.0,1.8932,,,,,,,,,0.2279,1.6653,0.0,261.4,0.2838,2.177
764,Thailand,pota,121.5,7.43,0.0612,0.0487,0.0004,0.0044,0.0,0.0,0.0075,0.0002,0.0,,,,,,
764,Thailand,poul,2820.6,897.77,0.3183,,,,,,,,,0.0,0.1086,0.2097,566.38,0.2008,0.5191
764,Thailand,rice,30880.8,78704.84,2.5487,0.1026,0.0173,0.0113,2.3516,0.0167,0.0409,0.0082,0.0001,,,,,,
764,Thailand,sorg,48.5,19.74,0.4072,0.3075,0.0216,0.021,0.0,0.0006,0.0488,0.0076,0.0001,,,,,,
764,Thailand,soyb,22.4,2.91,0.13,0.0046,0.0642,0.038,0.0,0.0058,0.0005,0.0167,0.0001,,,,,,
764,Thailand,sugc,71535.6,1600.87,0.0224,0.0124,0.0013,0.0052,0.0,0.0011,0.0019,0.0005,0.0,,,,,,
764,Thailand,whea,1.1,1.31,1.2252,1.0028,0.0393,0.028,0.0,0.0,0.1533,0.0019,0.0,,,,,,
768,Togo,bcat,6.6,545.08,82.2148,,,,,,,,,54.3011,2.005,25.9087,0.25,0.0377,82.2525
768,Togo,cott,85.8,24.45,0.285,0.0989,0.0814,0.0505,0.0,0.0,0.0068,0.0474,0.0,,,,,,
768,Togo,dcat,13.4,140.78,10.4669,,,,,,,,,7.1582,0.2032,3.1055,0.06,0.0044,10.4713
768,Togo,goat,6.2,1037.17,167.5551,,,,,,,,,97.4787,4.5208,65.5556,0.05,0.0082,167.5633
768,Togo,grou,57.8,9.33,0.1615,0.0034,0.0571,0.0455,0.0,0.0036,0.0002,0.0518,0.0,,,,,,
768,Togo,maiz,910.4,109.35,0.1201,0.0058,0.0264,0.0177,0.0,0.0435,0.0005,0.0262,0.0,,,,,,
768,Togo,oilp,139.2,2.28,0.0164,0.0024,0.0138,0.0,0.0,0.0,0.0002,0.0,0.0,,,,,,
768,Togo,pigs,16.0,184.76,11.5548,,,,,,,,,1.7894,9.7654,0.0,0.74,0.0463,11.601
768,Togo,poul,43.2,110.19,2.5494,,,,,,,,,0.0,0.4481,2.1013,1.5,0.0347,2.5841
768,Togo,rice,158.2,161.45,1.0206,0.0034,0.0259,0.0145,0.9303,0.015,0.0006,0.031,0.0,,,,,,
768,Togo,shee,5.9,390.06,65.9995,,,,,,,,,41.6958,1.9536,22.3501,0.07,0.0122,66.0117
768,Togo,sorg,266.6,30.59,0.1147,0.0034,0.044,0.0273,0.0,0.0037,0.0003,0.036,0.0,,,,,,
768,Togo,soyb,151.5,1.83,0.0121,0.0029,0.0034,0.0028,0.0,0.0001,0.0002,0.0027,0.0,,,,,,
768,Togo,sugc,2.2,0.05,0.0249,0.0166,0.0014,0.0037,0.0,0.0,0.0018,0.0014,0.0,,,,,,
780,Trinidad and Tobago,dcat,2.0,15.02,7.6254,,,,,,,,,6.499,0.2442,0.8822,0.03,0.0138,7.6392
780,Trinidad and Tobago,pigs,1.5,4.76,3.1085,,,,,,,,,0.5346,2.5739,0.0,0.21,0.1368,3.2453
780,Trinidad and Tobago,poul,49.1,96.83,1.9704,,,,,,,,,0.0,0.7544,1.216,4.47,0.0909,2.0614
784,United Arab Emirates,bcat,14.3,63.21,4.411,,,,,,,,,2.7865,0.1128,1.5117,0.14,0.01,4.421
784,United Arab Emirates,dcat,45.1,69.73,1.5467,,,,,,,,,0.9711,0.0696,0.506,0.05,0.0011,1.5479
784,United Arab Emirates,goat,116.8,460.49,3.9422,,,,,,,,,2.2875,0.1006,1.554,0.3,0.0026,3.9447
784,United Arab Emirates,maiz,22.3,1.64,0.0734,0.0372,0.0148,0.006,0.0,0.0,0.0153,0.0002,0.0,,,,,,
784,United Arab Emirates,olvs,105.9,626.86,5.9222,,,,,,,,,4.787,0.2682,0.867,0.16,0.0015,5.9237
784,United Arab Emirates,poul,90.1,75.75,0.8405,,,,,,,,,0.0,0.1783,0.6622,0.68,0.0076,0.8481
784,United Arab Emirates,shee,31.6,349.38,11.0493,,,,,,,,,6.9869,0.2794,3.7829,0.1,0.0032,11.0525
788,Tunisia,barl,468.9,68.0,0.145,0.0057,0.048,0.0277,0.0,0.0,0.0002,0.001,0.0624,,,,,,
788,Tunisia,bcat,47.3,218.74,4.6274,,,,,,,,,3.056,0.1132,1.4582,10.33,0.2186,4.846
788,Tunisia,cott,6.3,0.86,0.1367,0.0797,0.0226,0.0049,0.0,0.0,0.0006,0.0005,0.0282,,,,,,
788,Tunisia,dcat,1313.6,745.19,0.5673,,,,,,,,,0.388,0.011,0.1683,33.66,0.0256,0.5929
788,Tunisia,goat,24.7,280.74,11.3477,,,,,,,,,6.6403,0.2414,4.4659,1.22,0.0492,11.3969
788,Tunisia,olvs,2.6,317.06,121.0134,,,,,,,,,88.4542,5.5359,27.0233,0.11,0.0415,121.0549
788,Tunisia,pota,459.1,26.91,0.0586,0.0159,0.0078,0.0028,0.0,0.0,0.0006,0.0001,0.0314,,,,,,
788,Tunisia,poul,331.8,590.26,1.7789,,,,,,,,,0.0,0.2489,1.53,57.43,0.1731,1.952
788,Tunisia,rape,4.8,1.09,0.2291,0.0652,0.0658,0.0222,0.0,0.0,0.0008,0.0008,0.0742,,,,,,
788,Tunisia,shee,81.3,1366.74,16.8173,,,,,,,,,10.6917,0.3942,5.7314,5.35,0.0658,16.8831
788,Tunisia,whea,1042.8,125.03,0.1199,0.0291,0.0289,0.0133,0.0,0.0,0.0012,0.0021,0.0453,,,,,,
792,Türkiye,barl,8223.3,1378.37,0.1676,0.0774,0.0312,0.0157,0.0,0.0067,0.023,0.0006,0.0131,,,,,,
792,Türkiye,bcat,1323.4,13634.74,10.303,,,,,,,,,6.5086,0.2654,3.529,724.65,0.5476,10.8506
792,Türkiye,buff,68.4,327.0,4.7834,,,,,,,,,3.9455,0.3351,0.5029,13.0,0.1902,4.9736
792,Türkiye,cott,1716.9,526.24,0.3065,0.1747,0.0175,0.029,0.0,0.0131,0.0507,0.0085,0.0129,,,,,,
792,Türkiye,dcat,21460.2,14520.39,0.6766,,,,,,,,,0.4308,0.0215,0.2243,1370.71,0.0639,0.7405
792,Türkiye,goat,665.0,2690.82,4.0464,,,,,,,,,2.3782,0.0525,1.6157,97.96,0.1473,4.1937
792,Türkiye,grou,205.6,34.88,0.1696,0.082,0.0215,0.0185,0.0,0.0088,0.0229,0.0017,0.0143,,,,,,
792,Türkiye,maiz,6323.8,862.54,0.1364,0.0865,0.0085,0.0071,0.0,0.0041,0.0249,0.001,0.0043,,,,,,
792,Türkiye,pota,5166.2,231.47,0.0448,0.0289,0.0026,0.0024,0.0,0.0004,0.0084,0.0,0.0022,,,,,,
792,Türkiye,poul,3335.9,1405.72,0.4214,,,,,,,,,0.0,0.0607,0.3607,1485.7,0.4454,0.8668
792,Türkiye,rape,115.0,19.66,0.171,0.0873,0.0288,0.0148,0.0,0.0026,0.0266,0.0017,0.0093,,,,,,
792,Türkiye,rice,910.7,506.0,0.5556,0.0646,0.009,0.0069,0.4467,0.0,0.022,0.001,0.0054,,,,,,
792,Türkiye,shee,1424.5,8732.01,6.1297,,,,,,,,,3.9259,0.0791,2.1248,260.5,0.1829,6.3126
792,Türkiye,soyb,149.0,15.92,0.1068,0.044,0.016,0.0132,0.0,0.0142,0.0124,0.003,0.004,,,,,,
792,Türkiye,whea,20109.9,3607.88,0.1794,0.0958,0.0276,0.0117,0.0,0.0056,0.0287,0.0013,0.0088,,,,,,
795,Turkmenistan,barl,21.8,9.73,0.4455,0.2224,0.1125,0.0272,0.0,0.0,0.0812,0.0005,0.0019,,,,,,
795,Turkmenistan,bcat,183.4,2347.7,12.8003,,,,,,,,,9.6387,1.568,1.5936,231.18,1.2604,14.0607
795,Turkmenistan,cott,1292.6,1298.46,1.0045,0.7284,0.0294,0.0286,0.0,0.0,0.2134,0.0008,0.0039,,,,,,
795,Turkmenistan,dcat,2502.0,2860.12,1.1431,,,,,,,,,0.8738,0.1991,0.0702,371.82,0.1486,1.2917
795,Turkmenistan,goat,24.7,1022.51,41.3135,,,,,,,,,24.5991,0.8398,15.8746,8.78,0.3546,41.6681
795,Turkmenistan,maiz,23.4,4.54,0.1938,0.1272,0.0287,0.0096,0.0,0.0,0.0278,0.0,0.0005,,,,,,
795,Turkmenistan,olvs,23.5,234.31,9.9496,,,,,,,,,8.0121,0.2873,1.6502,5.4,0.2293,10.1789
795,Turkmenistan,pota,480.3,28.38,0.0591,0.0303,0.0158,0.0037,0.0,0.0,0.009,0.0,0.0003,,,,,,
795,Turkmenistan,poul,116.6,65.14,0.5588,,,,,,,,,0.0,0.1557,0.4031,118.85,1.0196,1.5784
795,Turkmenistan,rice,86.1,42.67,0.4956,0.0871,0.1332,0.0085,0.2335,0.0,0.0317,0.0013,0.0004,,,,,,
795,Turkmenistan,shee,126.2,2804.69,22.2206,,,,,,,,,14.7945,0.7772,6.649,55.31,0.4382,22.6588
795,Turkmenistan,whea,1528.6,380.37,0.2488,0.1547,0.0271,0.015,0.0,0.0,0.0488,0.0005,0.0026,,,,,,
800,Uganda,bcat,213.1,13845.65,64.9695,,,,,,,,,42.9099,1.5855,20.4742,78.17,0.3668,65.3363
800,Uganda,cott,128.2,127.39,0.9941,0.0059,0.0525,0.0274,0.0,0.8828,0.0005,0.0249,0.0,,,,,,
800,Uganda,dcat,2741.8,6967.29,2.5411,,,,,,,,,1.738,0.0492,0.754,117.41,0.0428,2.5839
800,Uganda,goat,38.5,3851.01,100.0002,,,,,,,,,58.5161,2.1305,39.3535,3.34,0.0868,100.087
800,Uganda,grou,180.0,362.54,2.0141,0.0067,0.1356,0.0698,0.0,1.7549,0.0007,0.0464,0.0,,,,,,
800,Uganda,maiz,3537.4,686.47,0.1941,0.0058,0.022,0.0105,0.0,0.1482,0.0007,0.0068,0.0,,,,,,
800,Uganda,olvs,3.3,20.58,6.1988,,,,,,,,,5.0723,0.2169,0.9096,0.0,0.0,6.1988
800,Uganda,pigs,125.7,754.77,6.005,,,,,,,,,0.9333,5.0717,0.0,53.79,0.428,6.433
800,Uganda,pota,285.0,20.23,0.071,0.0059,0.0088,0.005,0.0,0.0485,0.0004,0.0023,0.0,,,,,,
800,Uganda,poul,124.8,175.29,1.4044,,,,,,,,,0.0,0.2447,1.1598,36.65,0.2937,1.6981
800,Uganda,rice,274.9,488.73,1.7777,0.0037,0.017,0.0107,1.6776,0.0586,0.0008,0.0093,0.0,,,,,,
800,Uganda,shee,5.1,902.61,177.3301,,,,,,,,,112.7383,4.1574,60.4344,0.62,0.1213,177.4513
800,Uganda,sorg,159.0,99.52,0.6261,0.0021,0.1073,0.0207,0.0,0.4236,0.0002,0.0722,0.0,,,,,,
800,Uganda,soyb,137.1,61.11,0.4456,0.0012,0.0207,0.0156,0.0,0.4028,0.0001,0.0052,0.0,,,,,,
800,Uganda,sugc,5361.6,77.13,0.0144,0.0006,0.001,0.0039,0.0,0.0078,0.0001,0.001,0.0,,,,,,
800,Uganda,whea,25.6,8.73,0.3405,0.0102,0.0424,0.0169,0.0,0.258,0.0004,0.0126,0.0,,,,,,
804,Ukraine,barl,7590.8,1442.76,0.1901,0.0257,0.0061,0.0153,0.0,0.1325,0.005,0.0054,0.0,,,,,,
804,Ukraine,bcat,342.9,2638.43,7.6951,,,,,,,,,6.1479,1.1391,0.4081,779.13,2.2724,9.9675
804,Ukraine,dcat,8985.2,5773.99,0.6426,,,,,,,,,0.5209,0.096,0.0256,2383.77,0.2653,0.9079
804,Ukraine,goat,189.6,130.0,0.6858,,,,,,,,,0.3813,0.0187,0.2858,117.96,0.6223,1.3081
804,Ukraine,maiz,30081.5,3807.04,0.1266,0.0362,0.0032,0.0073,0.0,0.0689,0.0072,0.0038,0.0,,,,,,
804,Ukraine,olvs,5.1,126.17,24.9356,,,,,,,,,15.8644,1.5947,7.4765,2.78,0.5498,25.4854
804,Ukraine,pigs,713.1,919.34,1.2892,,,,,,,,,0.3296,0.9596,0.0,1782.4,2.4995,3.7887
804,Ukraine,pota,20704.3,1586.15,0.0766,0.0217,0.0015,0.0026,0.0,0.0462,0.0042,0.0005,0.0,,,,,,
804,Ukraine,poul,2342.4,1233.45,0.5266,,,,,,,,,0.0,0.522,0.0046,4229.11,1.8054,2.332
804,Ukraine,rape,2542.5,977.52,0.3845,0.1127,0.0087,0.0148,0.0,0.2163,0.0222,0.0097,0.0001,,,,,,
804,Ukraine,rice,54.9,26.31,0.4791,0.0378,0.0015,0.0054,0.4141,0.0079,0.0094,0.003,0.0,,,,,,
804,Ukraine,shee,17.6,165.49,9.4082,,,,,,,,,6.7404,0.4489,2.2189,15.87,0.902,10.3102
804,Ukraine,sorg,105.8,22.24,0.2103,0.025,0.0072,0.0156,0.0,0.1462,0.0051,0.0112,0.0,,,,,,
804,Ukraine,soyb,2778.7,667.26,0.2401,0.0372,0.0095,0.0166,0.0,0.1591,0.0073,0.0104,0.0,,,,,,
804,Ukraine,whea,24887.9,5153.52,0.2071,0.0553,0.0053,0.0112,0.0,0.1178,0.0108,0.0067,0.0,,,,,,
807,North Macedonia,barl,141.5,25.53,0.1804,0.0399,0.0176,0.0173,0.0,0.0,0.0041,0.0107,0.0908,,,,,,
807,North Macedonia,bcat,4.4,210.66,47.5528,,,,,,,,,36.9354,6.5923,4.0251,1.06,0.2398,47.7926
807,North Macedonia,cott,3.4,2.04,0.5962,0.3012,0.0155,0.036,0.0,0.0,0.0538,0.0061,0.1836,,,,,,
807,North Macedonia,dcat,400.6,452.05,1.1285,,,,,,,,,0.8426,0.2276,0.0583,13.31,0.0332,1.1617
807,North Macedonia,goat,17.3,26.82,1.5538,,,,,,,,,0.8547,0.0316,0.6674,1.17,0.0677,1.6215
807,North Macedonia,maiz,140.5,15.82,0.1125,0.0306,0.014,0.0084,0.0,0.0,0.0032,0.0085,0.0478,,,,,,
807,North Macedonia,pigs,14.3,36.82,2.5731,,,,,,,,,0.4438,2.1293,0.0,4.62,0.3232,2.8963
807,North Macedonia,pota,183.1,6.94,0.0379,0.0112,0.0041,0.0031,0.0,0.0,0.0011,0.0011,0.0173,,,,,,
807,North Macedonia,poul,10.9,7.97,0.7323,,,,,,,,,0.0,0.7149,0.0174,2.29,0.2102,0.9425
807,North Macedonia,rice,17.1,7.14,0.4183,0.0212,0.0114,0.0083,0.3088,0.0,0.0025,0.0104,0.0557,,,,,,
807,North Macedonia,shee,33.1,199.73,6.034,,,,,,,,,4.2543,0.2048,1.5749,2.82,0.0851,6.1191
807,North Macedonia,whea,241.3,49.87,0.2067,0.0903,0.0159,0.0128,0.0,0.0,0.0093,0.0134,0.0651,,,,,,
818,Egypt,barl,106.5,14.93,0.1403,0.0799,0.01,0.0122,0.0,0.0001,0.0379,0.0002,0.0,,,,,,
818,Egypt,bcat,397.0,1427.45,3.5958,,,,,,,,,2.3749,0.0877,1.1331,83.55,0.2105,3.8062
818,Egypt,buff,1436.3,2626.82,1.8288,,,,,,,,,1.3824,0.0338,0.4126,100.31,0.0698,1.8987
818,Egypt,cott,154.9,88.25,0.5696,0.3468,0.0383,0.0294,0.0,0.0074,0.1449,0.0028,0.0,,,,,,
818,Egypt,dcat,4233.2,2881.15,0.6806,,,,,,,,,0.4655,0.0132,0.202,103.8,0.0245,0.7051
818,Egypt,goat,23.7,206.44,8.7104,,,,,,,,,5.0974,0.1854,3.4276,1.36,0.0573,8.7677
818,Egypt,grou,211.9,26.43,0.1247,0.0663,0.0144,0.0147,0.0,0.0002,0.0288,0.0004,0.0,,,,,,
818,Egypt,maiz,7513.3,1084.88,0.1444,0.0862,0.0119,0.0057,0.0,0.0003,0.0401,0.0002,0.0,,,,,,
818,Egypt,olvs,10.3,619.35,60.2477,,,,,,,,,40.0132,3.2582,16.9763,0.39,0.0381,60.2857
818,Egypt,pota,6721.0,278.57,0.0414,0.0257,0.0021,0.0019,0.0,0.0,0.0116,0.0,0.0,,,,,,
818,Egypt,poul,2700.4,1086.27,0.4023,,,,,,,,,0.0,0.0674,0.3349,452.77,0.1677,0.5699
818,Egypt,rice,4530.7,1841.98,0.4066,0.0526,0.0041,0.0052,0.3151,0.0007,0.0287,0.0003,0.0,,,,,,
818,Egypt,shee,75.2,399.75,5.3165,,,,,,,,,3.3799,0.1247,1.8119,5.37,0.0714,5.3879
818,Egypt,sorg,675.1,95.92,0.1421,0.085,0.0086,0.0094,0.0,0.0,0.0388,0.0002,0.0,,,,,,
818,Egypt,soyb,33.3,5.09,0.1527,0.084,0.0184,0.0122,0.0,0.0,0.0379,0.0003,0.0,,,,,,
818,Egypt,sugc,15127.5,200.5,0.0133,0.0073,0.0004,0.0021,0.0,0.0,0.0035,0.0,0.0,,,,,,
818,Egypt,whea,9012.0,892.61,0.099,0.0554,0.0091,0.0081,0.0,0.0004,0.0256,0.0004,0.0,,,,,,
826,United Kingdom of Great Britain and Northern Ireland,barl,7901.6,3230.2,0.4088,0.1053,0.0505,0.0175,0.0,0.2162,0.0035,0.0001,0.0157,,,,,,
826,United Kingdom of Great Britain and Northern Ireland,bcat,891.1,14676.05,16.47,,,,,,,,,12.8059,2.2627,1.4013,1060.27,1.1899,17.6598
826,United Kingdom of Great Britain and Northern Ireland,dcat,14960.2,7512.6,0.5022,,,,,,,,,0.3754,0.1008,0.026,2081.88,0.1392,0.6413
826,United Kingdom of Great Britain and Northern Ireland,olvs,3.7,398.12,106.1664,,,,,,,,,69.6165,6.4731,30.0768,1.02,0.2715,106.4379
826,United Kingdom of Great Britain and Northern Ireland,pigs,946.6,1145.07,1.2097,,,,,,,,,0.2081,1.0015,0.0,1268.68,1.3402,2.5499
826,United Kingdom of Great Britain and Northern Ireland,pota,5376.6,512.58,0.0953,0.0228,0.0196,0.0031,0.0,0.0435,0.0008,0.0,0.0056,,,,,,
826,United Kingdom of Great Britain and Northern Ireland,poul,2676.4,533.64,0.1994,,,,,,,,,0.0,0.1929,0.0065,2528.48,0.9447,1.1441
826,United Kingdom of Great Britain and Northern Ireland,rape,1016.1,927.55,0.9129,0.4506,0.1194,0.0224,0.0,0.2806,0.0164,0.0002,0.0232,,,,,,
826,United Kingdom of Great Britain and Northern Ireland,shee,281.5,9508.11,33.7778,,,,,,,,,23.812,1.1434,8.8224,112.25,0.3988,34.1765
826,United Kingdom of Great Britain and Northern Ireland,whea,9426.4,7319.39,0.7765,0.2761,0.0879,0.0195,0.0,0.3724,0.008,0.0001,0.0126,,,,,,
834,United Republic of Tanzania,barl,17.5,2.68,0.1535,0.0417,0.0678,0.0195,0.0,0.0069,0.0131,0.0045,0.0,,,,,,
834,United Republic of Tanzania,bcat,506.7,32181.79,63.5125,,,,,,,,,41.9475,1.5499,20.0151,205.71,0.406,63.9185
834,United Republic of Tanzania,cott,348.2,94.18,0.2705,0.0533,0.0658,0.0152,0.0,0.1124,0.0175,0.0063,0.0,,,,,,
834,United Republic of Tanzania,dcat,3201.7,14779.13,4.6161,,,,,,,,,3.1571,0.0893,1.3696,150.81,0.0471,4.6632
834,United Republic of Tanzania,goat,302.0,5396.9,17.8687,,,,,,,,,10.4562,0.3804,7.0322,33.8,0.1119,17.9807
834,United Republic of Tanzania,grou,691.3,371.39,0.5372,0.0099,0.0608,0.0398,0.0,0.4141,0.0024,0.0103,0.0,,,,,,
834,United Republic of Tanzania,maiz,6736.7,1295.37,0.1923,0.0348,0.0241,0.0117,0.0,0.1108,0.0065,0.0044,0.0,,,,,,
834,United Republic of Tanzania,oilp,79.4,11.73,0.1477,0.0002,0.0032,0.0,0.0,0.1443,0.0,0.0,0.0,,,,,,
834,United Republic of Tanzania,olvs,2.8,22.45,8.0748,,,,,,,,,6.6104,0.2824,1.182,0.0,0.0,8.0748
834,United Republic of Tanzania,pigs,41.3,99.49,2.4071,,,,,,,,,0.3743,2.0329,0.0,19.02,0.4601,2.8673
834,United Republic of Tanzania,pota,834.9,44.67,0.0535,0.0153,0.0072,0.0046,0.0,0.0214,0.004,0.001,0.0,,,,,,
834,United Republic of Tanzania,poul,282.0,190.28,0.6746,,,,,,,,,0.0,0.1036,0.571,94.64,0.3355,1.0102
834,United Republic of Tanzania,rice,4430.0,1990.22,0.4493,0.0049,0.0083,0.0059,0.379,0.0461,0.0017,0.0033,0.0,,,,,,
834,United Republic of Tanzania,shee,28.5,1579.99,55.3799,,,,,,,,,35.2086,1.2985,18.8728,4.13,0.1449,55.5248
834,United Republic of Tanzania,sorg,762.4,252.73,0.3315,0.015,0.0535,0.0194,0.0,0.2271,0.0042,0.0123,0.0,,,,,,
834,United Republic of Tanzania,soyb,44.5,6.37,0.1432,0.0165,0.0074,0.0136,0.0,0.0999,0.0021,0.0037,0.0,,,,,,
834,United Republic of Tanzania,sugc,4033.2,40.72,0.0101,0.0034,0.0005,0.0043,0.0,0.0012,0.0004,0.0004,0.0,,,,,,
834,United Republic of Tanzania,whea,73.5,6.83,0.093,0.0433,0.0166,0.0196,0.0,0.0054,0.0055,0.0026,0.0,,,,,,
840,United States of America,barl,3710.0,421.27,0.1135,0.0554,0.009,0.0126,0.0,0.0229,0.0126,0.001,0.0001,,,,,,
840,United States of America,bcat,12358.7,161117.45,13.0368,,,,,,,,,9.7611,0.7301,2.5457,7775.81,0.6292,13.666
840,United States of America,cott,9183.1,3654.12,0.3979,0.2124,0.034,0.0413,0.0,0.0782,0.0244,0.0076,0.0,,,,,,
840,United States of America,dcat,101103.0,47393.49,0.4688,,,,,,,,,0.3188,0.1399,0.0101,7417.3,0.0734,0.5421
840,United States of America,goat,11.4,151.31,13.296,,,,,,,,,10.2149,0.3493,2.7319,5.96,0.5233,13.8193
840,United States of America,grou,2783.9,959.7,0.3447,0.053,0.022,0.027,0.0,0.2346,0.0043,0.0039,0.0001,,,,,,
840,United States of America,maiz,358288.0,43464.84,0.1213,0.0722,0.0078,0.007,0.0,0.0218,0.0121,0.0003,0.0,,,,,,
840,United States of America,pigs,12806.9,27452.45,2.1436,,,,,,,,,0.2438,1.8998,0.0,9137.38,0.7135,2.857
840,United States of America,pota,18999.9,779.06,0.041,0.022,0.0022,0.0029,0.0,0.0099,0.0037,0.0003,0.0001,,,,,,
840,United States of America,poul,27953.1,3905.48,0.1397,,,,,,,,,0.0,0.1369,0.0028,14125.03,0.5053,0.645
840,United States of America,rape,1573.1,206.51,0.1313,0.0762,0.0078,0.007,0.0,0.0196,0.0199,0.0008,0.0,,,,,,
840,United States of America,rice,10318.3,3956.54,0.3834,0.0705,0.0014,0.0061,0.266,0.0194,0.0154,0.0046,0.0,,,,,,
840,United States of America,shee,32.3,700.15,21.7033,,,,,,,,,17.7852,0.6217,3.2964,13.58,0.421,22.1243
840,United States of America,sorg,9519.3,1111.6,0.1168,0.0656,0.0232,0.0099,0.0,0.0033,0.0143,0.0003,0.0,,,,,,
840,United States of America,soyb,114698.9,13248.51,0.1155,0.0092,0.0199,0.0119,0.0,0.0721,0.0014,0.001,0.0,,,,,,
840,United States of America,sugc,32746.7,4846.06,0.148,0.0172,0.0007,0.0037,0.0,0.1231,0.0013,0.0021,0.0,,,,,,
840,United States of America,whea,49706.4,7817.95,0.1573,0.0837,0.0214,0.0117,0.0,0.022,0.0174,0.001,0.0001,,,,,,
854,Burkina Faso,bcat,122.0,7649.75,62.7183,,,,,,,,,41.4231,1.5305,19.7647,18.88,0.1548,62.8731
854,Burkina Faso,cott,689.3,90.52,0.1313,0.0515,0.0359,0.0229,0.0,0.0006,0.0113,0.0091,0.0,,,,,,
854,Burkina Faso,dcat,220.5,3017.68,13.6863,,,,,,,,,9.3605,0.2648,4.0609,3.86,0.0175,13.7038
854,Burkina Faso,goat,158.5,3045.59,19.2102,,,,,,,,,11.1758,0.5184,7.516,6.44,0.0406,19.2509
854,Burkina Faso,grou,635.9,39.78,0.0626,0.0006,0.0356,0.0214,0.0,0.0003,0.0001,0.0047,0.0,,,,,,
854,Burkina Faso,maiz,1944.6,115.87,0.0596,0.0174,0.0234,0.0096,0.0,0.0008,0.0041,0.0042,0.0,,,,,,
854,Burkina Faso,olvs,1.3,424.49,329.0605,,,,,,,,,207.7395,24.3217,96.9992,0.02,0.0167,329.0771
854,Burkina Faso,pigs,207.9,339.68,1.6335,,,,,,,,,0.2205,1.413,0.0,36.5,0.1755,1.809
854,Burkina Faso,pota,30.8,1.51,0.0492,0.0309,0.0064,0.0024,0.0,0.0015,0.0078,0.0002,0.0,,,,,,
854,Burkina Faso,poul,213.6,199.33,0.9331,,,,,,,,,0.0,0.153,0.7801,26.37,0.1234,1.0565
854,Burkina Faso,rice,473.1,327.92,0.6932,0.0058,0.0165,0.0092,0.6484,0.0053,0.0023,0.0057,0.0,,,,,,
854,Burkina Faso,shee,97.2,2077.6,21.3789,,,,,,,,,13.5059,0.633,7.2399,4.92,0.0506,21.4295
854,Burkina Faso,sorg,1855.0,138.32,0.0746,0.0103,0.038,0.0146,0.0,0.0011,0.0034,0.0072,0.0,,,,,,
854,Burkina Faso,soyb,98.9,7.14,0.0722,0.015,0.0236,0.0119,0.0,0.0002,0.0042,0.0172,0.0,,,,,,
854,Burkina Faso,sugc,229.2,1.47,0.0064,0.0013,0.0005,0.004,0.0,0.0003,0.0002,0.0001,0.0,,,,,,
858,Uruguay,barl,600.0,388.7,0.6479,0.4921,0.0134,0.0229,0.0,0.0424,0.0764,0.0006,0.0,,,,,,
858,Uruguay,bcat,509.0,20343.0,39.9674,,,,,,,,,30.9484,0.5703,8.4487,313.84,0.6166,40.584
858,Uruguay,dcat,2263.4,1679.58,0.7421,,,,,,,,,0.6407,0.0149,0.0865,163.0,0.072,0.8141
858,Uruguay,grou,1.4,1.05,0.7691,0.4691,0.061,0.1,0.0,0.061,0.0779,0.0,0.0,,,,,,
858,Uruguay,maiz,768.0,271.28,0.3532,0.2677,0.0081,0.0102,0.0,0.0231,0.0438,0.0003,0.0,,,,,,
858,Uruguay,olvs,8.2,331.97,40.3372,,,,,,,,,25.3646,2.3527,12.6198,0.85,0.1037,40.4409
858,Uruguay,pigs,10.7,20.45,1.9109,,,,,,,,,0.3969,1.514,0.0,7.34,0.6859,2.5968
858,Uruguay,pota,73.4,7.51,0.1024,0.0778,0.0023,0.0043,0.0,0.0057,0.0124,0.0,0.0,,,,,,
858,Uruguay,poul,305.6,133.14,0.4357,,,,,,,,,0.0,0.1633,0.2723,63.15,0.2067,0.6423
858,Uruguay,rape,111.9,126.99,1.1353,0.8332,0.034,0.0301,0.0,0.1074,0.129,0.0015,0.0,,,,,,
858,Uruguay,rice,1271.3,850.1,0.6687,0.0606,0.005,0.0086,0.5739,0.0008,0.0194,0.0003,0.0,,,,,,
858,Uruguay,shee,23.7,1340.94,56.5081,,,,,,,,,35.959,1.0783,19.4709,4.85,0.2043,56.7124
858,Uruguay,sorg,98.1,48.78,0.4971,0.372,0.0128,0.0182,0.0,0.0345,0.0589,0.0007,0.0,,,,,,
858,Uruguay,soyb,1997.3,275.01,0.1377,0.0143,0.0218,0.0228,0.0,0.0755,0.0021,0.0012,0.0,,,,,,
858,Uruguay,sugc,417.3,14.38,0.0345,0.0251,0.0006,0.0042,0.0,0.0,0.0044,0.0,0.0,,,,,,
858,Uruguay,whea,768.1,429.16,0.5587,0.4203,0.0138,0.0161,0.0,0.0426,0.0652,0.0008,0.0,,,,,,
860,Uzbekistan,barl,163.2,65.79,0.4032,0.1089,0.261,0.019,0.0,0.0,0.0135,0.0005,0.0003,,,,,,
860,Uzbekistan,bcat,962.9,12957.29,13.4564,,,,,,,,,10.1301,1.6498,1.6766,525.65,0.5459,14.0023
860,Uzbekistan,cott,3047.2,1429.4,0.4691,0.3246,0.0764,0.0285,0.0,0.0,0.0385,0.0009,0.0002,,,,,,
860,Uzbekistan,dcat,10536.4,11996.24,1.1386,,,,,,,,,0.8815,0.1865,0.0705,676.39,0.0642,1.2027
860,Uzbekistan,goat,2.5,88.55,36.1412,,,,,,,,,21.5237,0.7282,13.8894,0.0,0.0,36.1412
860,Uzbekistan,grou,30.7,1.21,0.0394,0.0047,0.0187,0.0156,0.0,0.0,0.0,0.0003,0.0001,,,,,,
860,Uzbekistan,maiz,525.1,68.93,0.1313,0.0904,0.0213,0.0082,0.0,0.0,0.0108,0.0002,0.0005,,,,,,
860,Uzbekistan,olvs,6.8,221.46,32.5675,,,,,,,,,21.7663,1.3894,9.4118,0.69,0.1021,32.6696
860,Uzbekistan,pigs,2.9,3.92,1.3478,,,,,,,,,0.3419,1.0058,0.0,2.46,0.844,2.1918
860,Uzbekistan,pota,3137.8,91.56,0.0292,0.0115,0.0137,0.0025,0.0,0.0,0.0014,0.0,0.0001,,,,,,
860,Uzbekistan,poul,519.9,215.86,0.4152,,,,,,,,,0.0,0.1149,0.3003,228.06,0.4387,0.8539
860,Uzbekistan,rice,305.0,233.95,0.767,0.1013,0.0347,0.0082,0.6073,0.0,0.0149,0.0003,0.0003,,,,,,
860,Uzbekistan,shee,219.4,3767.99,17.1749,,,,,,,,,11.4368,0.5982,5.1399,39.09,0.1782,17.353
860,Uzbekistan,sorg,18.1,9.87,0.5456,0.1085,0.4054,0.0183,0.0,0.0,0.013,0.0003,0.0001,,,,,,
860,Uzbekistan,soyb,6.1,3.49,0.5724,0.1535,0.3675,0.0315,0.0,0.0,0.0179,0.0016,0.0003,,,,,,
860,Uzbekistan,whea,6024.9,1345.75,0.2234,0.1407,0.0538,0.012,0.0,0.0,0.0165,0.0003,0.0,,,,,,
862,Venezuela (Bolivarian Republic of),bcat,344.1,24744.23,71.8995,,,,,,,,,55.6749,1.0259,15.1987,50.87,0.1478,72.0474
862,Venezuela (Bolivarian Republic of),buff,244.7,2.94,0.012,,,,,,,,,0.0091,0.0002,0.0028,12.15,0.0496,0.0617
862,Venezuela (Bolivarian Republic of),cott,6.1,4.38,0.715,0.1471,0.0216,0.0176,0.0,0.41,0.0253,0.0907,0.0028,,,,,,
862,Venezuela (Bolivarian Republic of),dcat,2759.6,7449.61,2.6996,,,,,,,,,2.3051,0.0833,0.3112,47.37,0.0172,2.7167
862,Venezuela (Bolivarian Republic of),goat,311.6,357.41,1.1469,,,,,,,,,0.6676,0.0304,0.449,12.88,0.0413,1.1882
862,Venezuela (Bolivarian Republic of),grou,2.9,0.56,0.1948,0.086,0.0136,0.008,0.0,0.0294,0.0273,0.0276,0.0028,,,,,,
862,Venezuela (Bolivarian Republic of),maiz,1640.2,307.35,0.1874,0.0675,0.0159,0.0069,0.0,0.061,0.0136,0.0157,0.0069,,,,,,
862,Venezuela (Bolivarian Republic of),oilp,682.2,47.82,0.0701,0.0257,0.0256,0.0,0.0,0.0156,0.0032,0.0,0.0,,,,,,
862,Venezuela (Bolivarian Republic of),pigs,124.6,472.82,3.7962,,,,,,,,,0.6606,3.1356,0.0,20.97,0.1684,3.9646
862,Venezuela (Bolivarian Republic of),pota,438.4,25.8,0.0589,0.0156,0.0241,0.0041,0.0,0.0105,0.0022,0.002,0.0004,,,,,,
862,Venezuela (Bolivarian Republic of),poul,623.1,343.61,0.5515,,,,,,,,,0.0,0.2097,0.3417,73.89,0.1186,0.67
862,Venezuela (Bolivarian Republic of),rice,708.0,1116.8,1.5774,0.0723,0.029,0.0082,1.377,0.0347,0.0227,0.0266,0.0069,,,,,,
862,Venezuela (Bolivarian Republic of),shee,1.6,76.97,49.6581,,,,,,,,,31.4348,1.2,17.0232,0.15,0.0971,49.7552
862,Venezuela (Bolivarian Republic of),sorg,53.6,30.43,0.5673,0.1082,0.0365,0.0106,0.0,0.3471,0.0185,0.0403,0.006,,,,,,
862,Venezuela (Bolivarian Republic of),soyb,6.6,1.26,0.1917,0.0437,0.0127,0.0209,0.0,0.0273,0.0047,0.0771,0.0052,,,,,,
862,Venezuela (Bolivarian Republic of),sugc,3286.8,94.56,0.0288,0.0095,0.0038,0.0035,0.0,0.0037,0.0013,0.0039,0.0032,,,,,,
887,Yemen,barl,36.3,9.09,0.2504,0.001,0.2264,0.0209,0.0,0.0,0.0003,0.0,0.0018,,,,,,
887,Yemen,bcat,72.7,1835.15,25.2462,,,,,,,,,15.9463,0.6488,8.6511,2.24,0.0309,25.2771
887,Yemen,cott,3.8,1.51,0.3914,0.0068,0.259,0.0997,0.0,0.0,0.0031,0.0,0.0229,,,,,,
887,Yemen,dcat,255.7,818.22,3.2,,,,,,,,,2.0373,0.1016,1.0611,0.87,0.0034,3.2034
887,Yemen,goat,155.9,2185.34,14.0212,,,,,,,,,8.1789,0.2862,5.5561,1.27,0.0082,14.0293
887,Yemen,grou,1.4,0.32,0.227,0.0142,0.1496,0.0504,0.0,0.0,0.0057,0.0,0.0071,,,,,,
887,Yemen,maiz,86.3,10.88,0.1261,0.0032,0.113,0.0082,0.0,0.0,0.0008,0.0,0.0009,,,,,,
887,Yemen,olvs,5.5,607.54,111.0671,,,,,,,,,81.875,5.0303,24.1618,0.03,0.0058,111.0729
887,Yemen,pota,251.7,2.89,0.0115,0.0022,0.0063,0.0024,0.0,0.0,0.0005,0.0,0.0,,,,,,
887,Yemen,poul,263.6,249.55,0.9469,,,,,,,,,0.0,0.2022,0.7447,6.47,0.0245,0.9714
887,Yemen,shee,126.3,2075.37,16.4307,,,,,,,,,10.4491,0.3238,5.6578,1.28,0.0102,16.4409
887,Yemen,sorg,163.1,92.4,0.5666,0.0638,0.4335,0.0362,0.0,0.0,0.0303,0.0,0.0028,,,,,,
887,Yemen,whea,131.6,21.13,0.1606,0.0028,0.1401,0.0144,0.0,0.0,0.0007,0.0,0.0026,,,,,,
894,Zambia,barl,10.8,0.54,0.0504,0.027,0.0038,0.0118,0.0,0.0,0.0055,0.0023,0.0,,,,,,
894,Zambia,bcat,175.4,4381.7,24.984,,,,,,,,,16.5008,0.6098,7.8734,151.46,0.8636,25.8476
894,Zambia,cott,40.7,24.04,0.5903,0.3115,0.0547,0.0263,0.0,0.0831,0.0915,0.0232,0.0,,,,,,
894,Zambia,dcat,429.8,607.93,1.4146,,,,,,,,,0.9675,0.0273,0.4197,43.39,0.101,1.5155
894,Zambia,goat,14.0,809.09,57.6689,,,,,,,,,33.7463,1.227,22.6956,3.36,0.2393,57.9082
894,Zambia,grou,131.7,168.08,1.276,0.2224,0.0758,0.0526,0.0,0.8374,0.043,0.0448,0.0,,,,,,
894,Zambia,maiz,3372.9,1176.09,0.3487,0.1534,0.0156,0.008,0.0,0.1341,0.0298,0.0079,0.0,,,,,,
894,Zambia,pigs,29.5,198.35,6.7284,,,,,,,,,1.0459,5.6825,0.0,27.1,0.9193,7.6476
894,Zambia,pota,94.2,3.93,0.0418,0.0278,0.0013,0.0018,0.0,0.0057,0.0049,0.0002,0.0,,,,,,
894,Zambia,poul,115.5,168.79,1.4614,,,,,,,,,0.0,0.2489,1.2125,78.55,0.6801,2.1414
894,Zambia,rice,42.4,181.9,4.287,0.1857,0.0181,0.0232,1.6502,2.2906,0.0495,0.0696,0.0,,,,,,
894,Zambia,sorg,19.7,16.55,0.8381,0.0589,0.1014,0.0182,0.0,0.6081,0.013,0.0385,0.0,,,,,,
894,Zambia,soyb,293.3,103.11,0.3515,0.1425,0.0356,0.0191,0.0,0.1081,0.029,0.0172,0.0,,,,,,
894,Zambia,sugc,4183.9,175.68,0.042,0.0171,0.0001,0.0043,0.0,0.0181,0.0017,0.0006,0.0,,,,,,
894,Zambia,whea,191.7,22.58,0.1177,0.0811,0.0041,0.0108,0.0,0.0006,0.0123,0.0088,0.0,,,,,,
